order_id,line_id,machine_id,product_id,start_time,end_time,units_produced,units_defective,shift_id
1,4,36,16,2026-05-16 21:10:00,2026-05-17 00:44:00,445,15,3
2,9,22,6,2026-06-11 00:24:00,2026-06-11 01:20:00,287,19,2
3,9,33,13,2026-03-08 23:03:00,2026-03-09 00:37:00,315,21,1
4,7,2,18,2026-01-03 09:25:00,2026-01-03 13:07:00,99,2,2
5,7,48,15,2026-01-13 16:54:00,2026-01-13 20:40:00,102,5,1
6,4,8,7,2026-05-14 16:44:00,2026-05-14 17:52:00,235,15,2
7,10,19,4,2026-02-28 08:50:00,2026-02-28 10:41:00,354,6,3
8,8,50,9,2026-02-07 05:57:00,2026-02-07 09:54:00,83,5,3
9,7,11,7,2026-03-24 08:58:00,2026-03-24 12:05:00,452,27,2
10,1,47,2,2026-04-20 11:37:00,2026-04-20 14:22:00,152,4,3
11,8,20,13,2026-05-23 01:00:00,2026-05-23 03:07:00,320,11,3
12,7,31,4,2026-01-02 04:05:00,2026-01-02 07:35:00,263,2,3
13,10,9,15,2026-03-16 12:33:00,2026-03-16 15:59:00,325,1,3
14,10,18,13,2026-04-22 16:28:00,2026-04-22 17:48:00,320,24,3
15,7,2,13,2026-06-20 12:54:00,2026-06-20 16:54:00,352,22,3
16,10,7,12,2026-01-26 14:09:00,2026-01-26 17:06:00,324,17,3
17,7,35,8,2026-02-22 05:04:00,2026-02-22 06:00:00,366,6,1
18,1,47,12,2026-03-26 15:53:00,2026-03-26 18:27:00,190,7,3
19,4,37,5,2026-05-06 07:09:00,2026-05-06 10:53:00,162,4,1
20,4,37,10,2026-04-02 12:08:00,2026-04-02 14:43:00,277,16,1
21,8,44,6,2026-06-12 04:55:00,2026-06-12 06:05:00,263,18,2
22,7,35,14,2026-04-23 04:15:00,2026-04-23 06:06:00,328,21,3
23,6,17,6,2026-05-23 07:37:00,2026-05-23 09:54:00,274,6,2
24,10,18,18,2026-05-03 12:20:00,2026-05-03 16:15:00,339,11,2
25,8,10,12,2026-06-04 02:35:00,2026-06-04 03:21:00,205,3,2
26,3,42,12,2026-04-02 07:19:00,2026-04-02 09:52:00,335,19,3
27,10,18,11,2026-03-29 21:27:00,2026-03-30 00:39:00,311,24,1
28,9,33,15,2026-06-24 21:14:00,2026-06-24 22:29:00,163,4,2
29,6,12,1,2026-04-25 17:32:00,2026-04-25 21:09:00,130,9,3
30,10,38,20,2026-06-24 15:37:00,2026-06-24 19:04:00,306,5,3
31,8,21,12,2026-05-13 09:33:00,2026-05-13 10:46:00,217,6,2
32,8,44,16,2026-01-02 00:41:00,2026-01-02 04:39:00,203,2,2
33,10,32,17,2026-04-01 20:31:00,2026-04-01 22:34:00,471,0,1
34,8,14,1,2026-01-15 22:06:00,2026-01-16 01:56:00,328,1,3
35,3,30,5,2026-02-10 04:29:00,2026-02-10 05:03:00,412,11,2
36,3,23,5,2026-01-13 11:21:00,2026-01-13 12:10:00,124,9,3
37,4,37,10,2026-02-21 07:08:00,2026-02-21 10:47:00,288,20,3
38,8,10,17,2026-04-22 22:32:00,2026-04-23 02:25:00,402,5,2
39,3,24,20,2026-03-16 20:46:00,2026-03-17 00:39:00,73,0,1
40,4,29,1,2026-02-03 10:25:00,2026-02-03 13:56:00,159,7,3
41,7,25,13,2026-04-04 16:43:00,2026-04-04 20:16:00,248,3,1
42,10,9,20,2026-01-13 10:01:00,2026-01-13 10:35:00,336,7,3
43,7,31,3,2026-06-05 00:58:00,2026-06-05 03:37:00,424,20,2
44,8,14,8,2026-01-07 22:33:00,2026-01-08 02:26:00,240,15,2
45,8,4,18,2026-04-07 06:43:00,2026-04-07 10:38:00,438,18,3
46,10,38,18,2026-01-28 00:10:00,2026-01-28 01:09:00,113,5,2
47,10,1,14,2026-05-21 21:34:00,2026-05-22 00:34:00,392,9,1
48,4,36,9,2026-06-06 16:21:00,2026-06-06 17:52:00,172,3,2
49,7,35,8,2026-04-18 12:20:00,2026-04-18 15:12:00,470,27,3
50,6,17,15,2026-02-22 00:50:00,2026-02-22 02:57:00,325,9,1
51,4,37,8,2026-01-03 04:09:00,2026-01-03 05:12:00,466,21,1
52,7,2,20,2026-03-12 09:58:00,2026-03-12 11:19:00,310,12,2
53,1,47,9,2026-01-10 13:15:00,2026-01-10 15:13:00,96,0,2
54,10,38,12,2026-04-07 14:41:00,2026-04-07 18:17:00,427,29,3
55,4,8,3,2026-04-10 04:16:00,2026-04-10 07:18:00,435,23,1
56,7,25,12,2026-02-10 00:08:00,2026-02-10 01:27:00,329,1,3
57,10,9,2,2026-04-04 04:12:00,2026-04-04 07:37:00,51,2,2
58,4,8,2,2026-03-03 01:00:00,2026-03-03 03:32:00,460,23,3
59,10,38,8,2026-02-18 15:52:00,2026-02-18 17:43:00,413,23,2
60,4,15,15,2026-06-03 04:14:00,2026-06-03 07:00:00,67,0,3
61,4,8,14,2026-06-07 10:25:00,2026-06-07 10:55:00,71,3,3
62,7,48,9,2026-01-30 12:35:00,2026-01-30 16:13:00,294,15,3
63,8,50,19,2026-01-29 23:43:00,2026-01-30 02:08:00,399,29,3
64,10,32,20,2026-03-23 08:07:00,2026-03-23 10:16:00,259,15,3
65,10,18,4,2026-01-28 01:36:00,2026-01-28 03:50:00,365,9,1
66,7,25,17,2026-04-28 05:20:00,2026-04-28 06:54:00,121,0,2
67,10,18,15,2026-05-18 16:17:00,2026-05-18 19:19:00,92,6,3
68,7,11,1,2026-06-01 10:50:00,2026-06-01 12:40:00,348,15,2
69,6,17,5,2026-05-20 15:47:00,2026-05-20 18:36:00,303,13,1
70,3,23,9,2026-02-24 12:02:00,2026-02-24 12:47:00,96,4,2
71,8,4,9,2026-02-11 17:05:00,2026-02-11 20:23:00,88,1,3
72,8,43,15,2026-02-05 12:19:00,2026-02-05 15:57:00,306,0,2
73,8,4,15,2026-04-15 22:34:00,2026-04-15 23:22:00,216,2,3
74,7,31,6,2026-06-10 10:03:00,2026-06-10 12:13:00,338,1,1
75,8,20,9,2026-06-18 09:43:00,2026-06-18 10:44:00,142,0,3
76,8,44,16,2026-05-28 07:24:00,2026-05-28 11:23:00,332,19,3
77,9,26,9,2026-01-21 11:07:00,2026-01-21 11:53:00,190,10,1
78,4,15,18,2026-06-06 19:00:00,2026-06-06 19:59:00,187,4,1
79,7,48,8,2026-03-15 15:30:00,2026-03-15 16:07:00,190,15,1
80,7,49,17,2026-01-21 18:23:00,2026-01-21 21:32:00,431,23,3
81,4,8,6,2026-01-24 20:37:00,2026-01-24 21:40:00,75,5,2
82,7,31,1,2026-02-14 23:01:00,2026-02-15 01:34:00,267,1,3
83,4,8,13,2026-05-01 06:24:00,2026-05-01 07:03:00,315,21,1
84,5,6,1,2026-02-16 10:30:00,2026-02-16 12:31:00,142,7,3
85,3,28,17,2026-03-25 22:31:00,2026-03-26 02:13:00,89,0,3
86,7,31,2,2026-03-19 15:51:00,2026-03-19 17:12:00,397,10,3
87,8,14,10,2026-05-07 21:15:00,2026-05-07 22:55:00,496,7,2
88,6,12,6,2026-02-13 15:05:00,2026-02-13 18:39:00,312,18,1
89,10,38,11,2026-06-11 14:40:00,2026-06-11 16:19:00,499,29,2
90,4,29,14,2026-06-21 08:41:00,2026-06-21 09:14:00,400,5,2
91,10,19,3,2026-04-24 12:45:00,2026-04-24 14:13:00,474,37,1
92,7,31,5,2026-05-05 14:05:00,2026-05-05 16:41:00,363,0,2
93,8,10,16,2026-01-27 11:58:00,2026-01-27 14:43:00,239,6,2
94,6,27,5,2026-04-27 19:18:00,2026-04-27 21:41:00,81,1,2
95,8,43,20,2026-06-09 01:45:00,2026-06-09 03:10:00,394,0,1
96,4,36,7,2026-01-08 05:14:00,2026-01-08 07:08:00,444,21,3
97,7,25,19,2026-06-28 04:40:00,2026-06-28 06:43:00,379,19,2
98,8,44,4,2026-06-09 14:31:00,2026-06-09 15:20:00,269,15,1
99,8,43,1,2026-01-16 14:37:00,2026-01-16 17:59:00,105,3,3
100,3,28,16,2026-03-10 17:00:00,2026-03-10 18:24:00,468,27,3
101,2,46,8,2026-03-21 06:07:00,2026-03-21 09:05:00,498,13,1
102,4,15,2,2026-06-15 12:55:00,2026-06-15 15:58:00,119,0,3
103,8,20,6,2026-05-04 00:53:00,2026-05-04 04:47:00,68,2,2
104,7,35,5,2026-03-09 04:28:00,2026-03-09 06:53:00,191,7,3
105,4,36,6,2026-03-18 23:57:00,2026-03-19 03:25:00,63,3,2
106,10,1,8,2026-06-14 13:56:00,2026-06-14 15:02:00,194,12,2
107,10,9,13,2026-02-13 10:19:00,2026-02-13 13:54:00,257,17,1
108,6,39,6,2026-05-03 07:46:00,2026-05-03 11:37:00,77,0,3
109,4,37,7,2026-02-20 21:03:00,2026-02-20 23:40:00,346,10,2
110,3,5,8,2026-03-17 00:50:00,2026-03-17 01:27:00,376,13,1
111,10,7,8,2026-03-08 15:36:00,2026-03-08 19:16:00,197,13,2
112,1,47,7,2026-03-30 17:52:00,2026-03-30 18:26:00,358,21,2
113,6,12,9,2026-03-01 23:06:00,2026-03-02 01:01:00,153,8,2
114,4,8,10,2026-06-13 04:54:00,2026-06-13 05:41:00,160,8,1
115,8,14,10,2026-05-29 02:51:00,2026-05-29 04:02:00,179,7,3
116,7,2,8,2026-01-26 01:59:00,2026-01-26 04:06:00,176,9,2
117,4,15,2,2026-04-24 22:58:00,2026-04-25 01:42:00,186,1,3
118,9,22,6,2026-03-06 09:24:00,2026-03-06 10:10:00,494,4,3
119,10,9,4,2026-06-26 02:55:00,2026-06-26 05:33:00,299,12,1
120,2,3,3,2026-04-13 03:42:00,2026-04-13 05:19:00,467,22,2
121,7,49,7,2026-02-28 03:30:00,2026-02-28 04:45:00,216,6,1
122,7,49,13,2026-05-29 12:32:00,2026-05-29 16:20:00,269,10,2
123,3,5,1,2026-01-28 11:48:00,2026-01-28 14:56:00,119,6,3
124,7,11,16,2026-03-24 00:59:00,2026-03-24 03:55:00,72,1,2
125,4,37,14,2026-06-17 09:50:00,2026-06-17 13:18:00,184,11,3
126,10,32,2,2026-06-26 19:18:00,2026-06-26 22:52:00,393,25,2
127,5,6,18,2026-05-29 22:13:00,2026-05-30 00:47:00,58,3,1
128,8,20,18,2026-01-27 22:32:00,2026-01-28 02:29:00,74,1,3
129,7,25,18,2026-06-27 09:54:00,2026-06-27 10:48:00,104,3,1
130,9,41,2,2026-03-31 17:16:00,2026-03-31 18:46:00,405,19,3
131,5,6,3,2026-04-13 08:42:00,2026-04-13 09:53:00,418,32,3
132,7,11,18,2026-01-29 21:59:00,2026-01-30 00:45:00,423,28,1
133,10,19,6,2026-05-24 05:54:00,2026-05-24 08:54:00,64,2,1
134,8,21,4,2026-04-04 16:57:00,2026-04-04 20:21:00,116,7,3
135,10,18,16,2026-01-13 02:36:00,2026-01-13 05:06:00,334,11,2
136,6,39,20,2026-05-29 04:27:00,2026-05-29 07:55:00,373,18,3
137,7,31,3,2026-01-20 08:50:00,2026-01-20 10:40:00,111,5,1
138,4,8,11,2026-01-13 12:41:00,2026-01-13 14:45:00,466,32,3
139,8,50,1,2026-04-06 11:36:00,2026-04-06 13:07:00,139,3,2
140,3,5,10,2026-01-12 07:04:00,2026-01-12 10:25:00,65,0,2
141,4,8,16,2026-04-02 18:38:00,2026-04-02 22:08:00,151,3,3
142,10,13,8,2026-05-17 22:30:00,2026-05-18 00:25:00,199,7,3
143,9,40,11,2026-05-25 19:10:00,2026-05-25 22:41:00,230,3,3
144,10,7,7,2026-06-07 05:18:00,2026-06-07 07:15:00,198,2,2
145,7,25,14,2026-06-26 15:32:00,2026-06-26 16:07:00,457,14,2
146,7,25,10,2026-05-28 18:51:00,2026-05-28 20:23:00,334,0,3
147,9,33,4,2026-01-15 11:47:00,2026-01-15 15:32:00,361,20,2
148,4,37,17,2026-01-30 08:10:00,2026-01-30 08:41:00,296,11,2
149,4,37,17,2026-02-08 23:33:00,2026-02-09 03:27:00,311,7,3
150,7,11,18,2026-03-19 03:09:00,2026-03-19 03:46:00,456,4,3
151,6,27,3,2026-04-09 10:38:00,2026-04-09 11:10:00,441,13,2
152,7,2,17,2026-04-23 18:25:00,2026-04-23 20:30:00,110,3,1
153,1,34,2,2026-05-10 07:40:00,2026-05-10 10:06:00,284,20,1
154,10,16,14,2026-06-10 03:55:00,2026-06-10 05:28:00,424,27,2
155,8,10,17,2026-02-17 16:53:00,2026-02-17 19:05:00,204,10,1
156,4,37,6,2026-04-27 02:42:00,2026-04-27 06:32:00,203,0,1
157,10,16,19,2026-02-07 18:30:00,2026-02-07 20:52:00,491,34,3
158,7,11,13,2026-05-24 15:57:00,2026-05-24 19:47:00,494,18,2
159,3,28,14,2026-06-17 16:34:00,2026-06-17 17:50:00,222,1,2
160,3,28,10,2026-01-28 04:53:00,2026-01-28 05:27:00,459,21,3
161,7,11,9,2026-01-17 13:35:00,2026-01-17 15:28:00,286,10,3
162,7,11,15,2026-06-26 13:35:00,2026-06-26 15:46:00,368,25,3
163,10,1,14,2026-05-15 23:02:00,2026-05-16 03:01:00,213,14,3
164,6,17,10,2026-03-16 01:46:00,2026-03-16 05:26:00,298,21,2
165,7,2,13,2026-02-11 01:57:00,2026-02-11 05:00:00,311,4,2
166,6,12,11,2026-05-31 03:45:00,2026-05-31 05:41:00,113,4,2
167,9,26,17,2026-03-19 07:39:00,2026-03-19 09:28:00,302,21,3
168,6,39,11,2026-03-01 04:42:00,2026-03-01 05:51:00,299,16,1
169,8,43,12,2026-02-18 23:46:00,2026-02-19 02:13:00,126,2,1
170,9,33,4,2026-01-29 09:56:00,2026-01-29 10:54:00,65,4,1
171,7,49,6,2026-05-23 04:55:00,2026-05-23 08:01:00,332,15,3
172,1,34,6,2026-04-10 03:41:00,2026-04-10 06:15:00,106,0,1
173,10,13,9,2026-01-02 11:10:00,2026-01-02 14:39:00,427,30,3
174,3,42,11,2026-03-21 16:25:00,2026-03-21 20:18:00,93,4,3
175,10,9,11,2026-06-20 21:28:00,2026-06-21 01:18:00,433,10,1
176,7,11,16,2026-06-03 19:41:00,2026-06-03 20:24:00,432,29,3
177,4,15,9,2026-01-04 17:40:00,2026-01-04 18:22:00,87,1,1
178,4,29,14,2026-06-15 11:35:00,2026-06-15 14:39:00,426,9,2
179,3,30,7,2026-01-24 22:12:00,2026-01-25 00:05:00,429,30,1
180,10,9,14,2026-03-24 08:00:00,2026-03-24 11:32:00,252,16,1
181,8,21,1,2026-03-22 23:32:00,2026-03-23 00:54:00,347,5,3
182,1,34,6,2026-01-01 07:54:00,2026-01-01 11:12:00,215,16,1
183,7,48,5,2026-03-08 16:23:00,2026-03-08 17:53:00,209,9,3
184,6,39,5,2026-04-24 01:01:00,2026-04-24 03:19:00,439,26,3
185,4,15,8,2026-05-08 16:52:00,2026-05-08 19:45:00,401,28,1
186,7,35,15,2026-03-02 08:39:00,2026-03-02 09:13:00,249,19,1
187,8,4,5,2026-01-21 17:35:00,2026-01-21 20:30:00,191,13,1
188,7,35,2,2026-04-06 19:24:00,2026-04-06 21:43:00,362,27,1
189,8,44,8,2026-02-13 02:37:00,2026-02-13 05:52:00,305,16,2
190,10,7,6,2026-01-28 09:59:00,2026-01-28 12:30:00,264,15,1
191,4,36,12,2026-05-15 06:06:00,2026-05-15 09:49:00,322,21,2
192,2,3,15,2026-05-31 21:08:00,2026-05-31 21:53:00,406,7,2
193,10,19,12,2026-03-31 06:52:00,2026-03-31 09:21:00,258,20,3
194,9,41,12,2026-02-04 02:33:00,2026-02-04 03:50:00,374,12,2
195,10,13,2,2026-04-26 03:09:00,2026-04-26 06:46:00,305,17,2
196,6,27,12,2026-05-08 18:13:00,2026-05-08 20:04:00,228,5,1
197,6,39,7,2026-05-27 17:34:00,2026-05-27 18:15:00,125,8,2
198,8,44,12,2026-03-12 07:18:00,2026-03-12 07:50:00,455,28,2
199,10,38,4,2026-05-24 18:03:00,2026-05-24 19:23:00,130,0,3
200,10,38,5,2026-03-09 04:02:00,2026-03-09 05:08:00,446,32,2
201,1,47,2,2026-04-20 22:21:00,2026-04-20 22:53:00,274,20,2
202,9,33,9,2026-04-12 20:36:00,2026-04-12 21:55:00,382,7,2
203,8,43,4,2026-03-20 07:44:00,2026-03-20 11:44:00,391,7,3
204,2,46,12,2026-05-19 03:43:00,2026-05-19 05:36:00,431,23,2
205,10,13,7,2026-06-01 15:45:00,2026-06-01 19:33:00,472,12,3
206,6,17,11,2026-06-17 06:22:00,2026-06-17 09:51:00,385,9,3
207,8,50,2,2026-03-10 16:47:00,2026-03-10 18:20:00,168,9,3
208,6,27,1,2026-04-29 00:58:00,2026-04-29 02:22:00,161,8,1
209,3,23,11,2026-04-20 11:46:00,2026-04-20 15:39:00,249,5,2
210,5,6,9,2026-04-09 16:18:00,2026-04-09 17:06:00,326,17,3
211,4,15,14,2026-01-28 09:00:00,2026-01-28 10:47:00,104,3,3
212,8,20,20,2026-01-02 23:30:00,2026-01-03 00:49:00,167,0,2
213,10,38,20,2026-05-23 21:25:00,2026-05-23 22:03:00,425,21,1
214,3,30,2,2026-02-26 09:17:00,2026-02-26 10:00:00,451,13,3
215,5,45,5,2026-05-29 15:48:00,2026-05-29 17:55:00,138,5,2
216,9,22,12,2026-03-22 06:35:00,2026-03-22 09:16:00,141,6,1
217,7,35,11,2026-02-06 20:18:00,2026-02-06 22:17:00,289,0,3
218,7,48,13,2026-01-25 12:59:00,2026-01-25 15:02:00,182,12,2
219,8,43,1,2026-06-23 23:45:00,2026-06-24 03:34:00,470,16,3
220,9,26,18,2026-03-03 12:19:00,2026-03-03 14:27:00,472,17,2
221,3,42,4,2026-06-03 21:16:00,2026-06-03 23:53:00,142,1,2
222,10,16,10,2026-05-22 01:52:00,2026-05-22 03:39:00,374,21,3
223,9,41,2,2026-02-15 08:12:00,2026-02-15 11:48:00,188,6,1
224,8,14,18,2026-03-28 10:54:00,2026-03-28 11:59:00,280,5,1
225,1,47,15,2026-01-30 16:19:00,2026-01-30 17:34:00,144,6,1
226,7,31,6,2026-04-30 13:50:00,2026-04-30 16:09:00,55,1,2
227,2,3,7,2026-03-11 03:06:00,2026-03-11 05:51:00,422,12,1
228,2,3,16,2026-06-24 11:37:00,2026-06-24 15:28:00,258,11,1
229,3,30,14,2026-01-21 18:16:00,2026-01-21 21:09:00,152,9,2
230,10,19,9,2026-02-07 02:00:00,2026-02-07 04:42:00,156,12,2
231,7,25,18,2026-05-05 00:16:00,2026-05-05 04:12:00,418,28,2
232,5,6,8,2026-04-02 17:40:00,2026-04-02 19:08:00,60,2,2
233,4,36,20,2026-04-30 15:55:00,2026-04-30 19:03:00,92,2,2
234,7,25,5,2026-04-18 14:29:00,2026-04-18 17:17:00,250,5,3
235,9,26,11,2026-03-24 13:55:00,2026-03-24 14:58:00,417,31,2
236,4,37,20,2026-05-10 13:59:00,2026-05-10 16:52:00,103,1,1
237,4,15,7,2026-04-17 01:55:00,2026-04-17 03:58:00,251,10,1
238,10,16,19,2026-01-29 06:18:00,2026-01-29 09:10:00,141,0,3
239,10,1,7,2026-05-07 21:22:00,2026-05-07 22:34:00,251,14,2
240,8,14,14,2026-06-20 06:17:00,2026-06-20 08:26:00,467,14,3
241,1,47,18,2026-04-03 08:56:00,2026-04-03 11:29:00,490,34,2
242,3,5,15,2026-04-09 21:25:00,2026-04-10 00:59:00,227,2,3
243,9,33,7,2026-02-18 02:22:00,2026-02-18 03:37:00,419,10,2
244,10,18,18,2026-03-13 20:29:00,2026-03-13 21:37:00,267,12,1
245,3,24,18,2026-01-28 12:49:00,2026-01-28 13:24:00,433,32,3
246,10,7,8,2026-06-18 02:13:00,2026-06-18 04:23:00,264,11,1
247,8,21,1,2026-01-18 15:26:00,2026-01-18 18:13:00,466,18,3
248,3,5,18,2026-02-08 12:19:00,2026-02-08 14:41:00,241,8,1
249,8,50,19,2026-01-01 22:23:00,2026-01-02 01:19:00,285,2,3
250,6,39,6,2026-05-17 02:23:00,2026-05-17 04:51:00,211,12,1
251,5,45,16,2026-03-29 14:58:00,2026-03-29 16:02:00,56,2,1
252,4,36,14,2026-04-11 01:35:00,2026-04-11 04:43:00,115,7,3
253,9,26,19,2026-04-25 11:25:00,2026-04-25 13:10:00,99,2,2
254,3,28,5,2026-06-11 07:36:00,2026-06-11 10:02:00,205,5,1
255,9,22,4,2026-01-25 00:01:00,2026-01-25 00:48:00,192,7,1
256,3,42,1,2026-02-05 23:29:00,2026-02-06 00:57:00,142,10,1
257,9,40,17,2026-03-12 20:38:00,2026-03-12 21:57:00,360,2,3
258,3,42,12,2026-02-27 11:43:00,2026-02-27 15:06:00,259,18,1
259,4,8,13,2026-04-13 21:18:00,2026-04-14 00:29:00,163,11,2
260,4,8,18,2026-06-08 20:57:00,2026-06-08 23:35:00,477,35,2
261,2,46,1,2026-01-16 15:40:00,2026-01-16 19:24:00,75,3,1
262,8,43,10,2026-02-28 12:17:00,2026-02-28 13:09:00,243,2,3
263,9,22,15,2026-03-01 15:26:00,2026-03-01 16:45:00,437,19,1
264,6,39,3,2026-05-23 06:02:00,2026-05-23 06:35:00,196,4,1
265,10,9,12,2026-04-16 15:53:00,2026-04-16 17:46:00,405,3,2
266,1,34,13,2026-04-13 01:28:00,2026-04-13 03:39:00,205,14,1
267,9,26,6,2026-05-28 21:29:00,2026-05-29 00:09:00,453,11,2
268,4,8,9,2026-01-16 13:39:00,2026-01-16 17:21:00,398,1,1
269,7,11,11,2026-04-10 06:49:00,2026-04-10 09:27:00,486,21,3
270,2,46,2,2026-01-05 05:10:00,2026-01-05 06:23:00,296,5,2
271,3,42,9,2026-03-09 05:49:00,2026-03-09 06:25:00,101,7,1
272,6,27,6,2026-06-25 13:08:00,2026-06-25 15:00:00,481,22,2
273,7,2,8,2026-04-03 13:31:00,2026-04-03 16:34:00,61,3,1
274,1,47,10,2026-04-10 16:10:00,2026-04-10 16:43:00,403,12,1
275,10,16,8,2026-06-04 05:09:00,2026-06-04 08:37:00,217,10,1
276,4,29,8,2026-06-03 05:36:00,2026-06-03 06:31:00,210,12,1
277,1,34,15,2026-06-14 02:32:00,2026-06-14 06:14:00,178,10,1
278,6,17,10,2026-03-13 03:36:00,2026-03-13 07:09:00,337,21,2
279,2,3,6,2026-02-13 06:27:00,2026-02-13 08:49:00,298,0,1
280,4,15,17,2026-03-25 17:19:00,2026-03-25 18:15:00,481,5,3
281,4,37,14,2026-06-15 08:42:00,2026-06-15 11:34:00,488,13,2
282,10,7,15,2026-06-18 17:23:00,2026-06-18 20:50:00,126,1,3
283,9,33,3,2026-04-11 14:15:00,2026-04-11 16:43:00,178,12,2
284,7,49,10,2026-05-28 13:09:00,2026-05-28 15:26:00,53,3,2
285,8,4,19,2026-06-27 04:52:00,2026-06-27 05:47:00,156,9,2
286,7,49,15,2026-05-05 03:53:00,2026-05-05 07:03:00,108,6,2
287,3,5,16,2026-02-05 14:24:00,2026-02-05 16:38:00,329,11,1
288,10,19,16,2026-06-05 00:45:00,2026-06-05 04:38:00,60,1,3
289,9,22,2,2026-06-03 15:50:00,2026-06-03 16:46:00,232,5,3
290,8,10,1,2026-02-28 04:56:00,2026-02-28 08:38:00,373,21,2
291,6,27,2,2026-03-26 18:24:00,2026-03-26 21:30:00,394,23,1
292,3,42,6,2026-06-19 21:57:00,2026-06-19 23:51:00,146,6,1
293,3,24,13,2026-05-21 22:26:00,2026-05-22 01:55:00,481,21,3
294,1,47,15,2026-01-14 16:45:00,2026-01-14 17:50:00,352,18,1
295,4,36,14,2026-05-05 12:58:00,2026-05-05 15:48:00,220,1,1
296,6,39,2,2026-05-14 10:01:00,2026-05-14 12:04:00,500,36,2
297,7,11,11,2026-04-14 10:19:00,2026-04-14 11:35:00,132,4,1
298,9,40,15,2026-02-03 16:45:00,2026-02-03 19:58:00,84,5,1
299,8,21,15,2026-06-29 02:03:00,2026-06-29 05:18:00,142,10,1
300,10,16,11,2026-05-06 02:26:00,2026-05-06 04:55:00,198,7,2
301,6,12,9,2026-02-21 18:46:00,2026-02-21 20:44:00,442,7,2
302,9,41,13,2026-01-09 12:07:00,2026-01-09 13:24:00,56,4,2
303,6,39,16,2026-02-16 06:14:00,2026-02-16 07:57:00,134,10,2
304,7,35,17,2026-05-27 21:05:00,2026-05-27 23:13:00,462,24,2
305,9,22,7,2026-05-07 23:08:00,2026-05-08 00:51:00,237,1,1
306,8,44,2,2026-06-22 20:51:00,2026-06-22 22:21:00,57,0,1
307,10,7,8,2026-05-08 20:19:00,2026-05-08 22:07:00,408,25,1
308,1,47,16,2026-06-12 11:27:00,2026-06-12 14:03:00,364,28,3
309,8,14,12,2026-05-09 03:34:00,2026-05-09 05:40:00,352,15,3
310,10,7,1,2026-04-27 08:14:00,2026-04-27 11:57:00,351,10,1
311,1,34,6,2026-03-07 21:54:00,2026-03-08 01:45:00,210,1,2
312,2,46,8,2026-03-16 23:05:00,2026-03-17 01:55:00,288,22,1
313,5,6,1,2026-03-06 07:26:00,2026-03-06 11:25:00,400,30,2
314,10,1,14,2026-02-11 01:34:00,2026-02-11 04:02:00,266,7,1
315,10,16,13,2026-04-15 02:09:00,2026-04-15 04:14:00,448,10,1
316,2,46,15,2026-02-14 05:15:00,2026-02-14 08:11:00,289,3,1
317,6,39,7,2026-05-24 10:09:00,2026-05-24 12:01:00,327,4,3
318,4,36,11,2026-03-02 16:03:00,2026-03-02 18:30:00,51,2,1
319,3,28,16,2026-06-17 04:23:00,2026-06-17 06:21:00,132,6,1
320,10,18,20,2026-01-19 08:00:00,2026-01-19 08:36:00,88,5,3
321,3,42,15,2026-01-09 02:47:00,2026-01-09 06:12:00,272,19,2
322,3,24,20,2026-04-04 04:36:00,2026-04-04 08:35:00,246,4,1
323,6,12,12,2026-06-07 03:29:00,2026-06-07 04:21:00,191,5,2
324,6,27,10,2026-03-04 15:46:00,2026-03-04 18:31:00,208,7,1
325,10,16,11,2026-05-08 17:03:00,2026-05-08 18:38:00,275,4,3
326,3,23,2,2026-05-07 18:52:00,2026-05-07 22:23:00,445,3,1
327,2,46,17,2026-05-22 15:21:00,2026-05-22 16:25:00,318,17,1
328,7,35,14,2026-05-06 02:56:00,2026-05-06 06:41:00,82,4,3
329,5,45,6,2026-02-28 08:46:00,2026-02-28 10:55:00,497,17,1
330,10,18,6,2026-01-20 00:32:00,2026-01-20 03:16:00,452,34,3
331,7,49,2,2026-05-24 07:24:00,2026-05-24 10:51:00,279,21,1
332,3,42,9,2026-05-25 16:10:00,2026-05-25 18:18:00,193,10,3
333,7,48,17,2026-04-16 12:42:00,2026-04-16 14:36:00,174,9,1
334,10,7,12,2026-04-04 04:00:00,2026-04-04 06:08:00,121,8,1
335,4,15,12,2026-02-21 05:13:00,2026-02-21 07:31:00,442,34,1
336,2,3,3,2026-02-20 07:34:00,2026-02-20 10:11:00,440,21,2
337,3,24,17,2026-06-14 00:52:00,2026-06-14 04:11:00,471,36,3
338,10,32,7,2026-01-25 10:51:00,2026-01-25 13:50:00,76,4,1
339,8,14,13,2026-01-24 11:22:00,2026-01-24 14:35:00,383,26,3
340,7,35,6,2026-01-23 20:14:00,2026-01-24 00:05:00,118,4,2
341,7,35,17,2026-05-03 15:52:00,2026-05-03 18:22:00,407,1,2
342,8,4,17,2026-06-06 14:57:00,2026-06-06 15:47:00,396,17,2
343,5,6,11,2026-02-22 20:19:00,2026-02-22 23:03:00,78,1,1
344,8,10,20,2026-03-07 06:16:00,2026-03-07 06:50:00,136,6,1
345,7,35,14,2026-06-15 00:21:00,2026-06-15 01:23:00,326,1,2
346,8,43,2,2026-05-29 09:03:00,2026-05-29 11:50:00,50,3,1
347,9,22,13,2026-02-23 22:51:00,2026-02-24 00:16:00,249,7,3
348,8,20,1,2026-04-14 13:20:00,2026-04-14 14:08:00,355,24,1
349,6,27,7,2026-05-23 19:11:00,2026-05-23 22:38:00,422,24,2
350,10,9,1,2026-06-14 13:44:00,2026-06-14 14:20:00,403,21,3
351,5,45,11,2026-04-19 17:08:00,2026-04-19 20:14:00,86,1,2
352,3,24,14,2026-06-22 12:41:00,2026-06-22 16:15:00,205,6,3
353,10,38,8,2026-03-27 13:55:00,2026-03-27 14:44:00,413,19,1
354,10,7,14,2026-04-01 23:30:00,2026-04-02 01:59:00,448,26,2
355,9,26,10,2026-04-30 13:06:00,2026-04-30 16:05:00,318,17,3
356,10,13,10,2026-02-01 09:05:00,2026-02-01 12:20:00,181,6,3
357,3,28,11,2026-06-17 02:35:00,2026-06-17 06:34:00,443,18,3
358,3,23,18,2026-04-25 21:06:00,2026-04-25 23:22:00,493,32,1
359,2,46,11,2026-03-11 04:02:00,2026-03-11 05:44:00,85,0,1
360,7,25,13,2026-02-19 22:10:00,2026-02-20 00:19:00,468,20,1
361,3,5,16,2026-04-28 18:55:00,2026-04-28 22:25:00,131,4,3
362,7,48,20,2026-05-03 16:38:00,2026-05-03 18:04:00,295,1,1
363,7,49,7,2026-06-28 08:03:00,2026-06-28 09:43:00,405,22,1
364,3,24,3,2026-03-19 17:39:00,2026-03-19 20:48:00,329,13,3
365,2,3,7,2026-05-04 17:30:00,2026-05-04 21:16:00,355,9,2
366,3,30,12,2026-02-20 07:29:00,2026-02-20 10:41:00,342,26,2
367,2,46,9,2026-04-11 04:36:00,2026-04-11 05:38:00,422,6,1
368,4,8,8,2026-01-23 14:53:00,2026-01-23 17:58:00,209,11,2
369,2,3,10,2026-05-20 07:09:00,2026-05-20 10:17:00,162,5,1
370,6,17,14,2026-06-20 23:37:00,2026-06-21 02:47:00,173,3,3
371,9,22,5,2026-05-15 16:30:00,2026-05-15 18:54:00,96,0,2
372,3,30,14,2026-01-22 11:46:00,2026-01-22 13:29:00,106,2,2
373,8,44,15,2026-03-19 08:53:00,2026-03-19 12:42:00,99,4,3
374,10,7,17,2026-01-29 17:36:00,2026-01-29 19:37:00,109,4,2
375,8,20,17,2026-02-28 00:14:00,2026-02-28 03:19:00,474,10,1
376,4,29,20,2026-06-15 06:02:00,2026-06-15 08:50:00,330,17,3
377,4,8,4,2026-05-15 02:18:00,2026-05-15 04:14:00,177,8,2
378,4,36,8,2026-01-28 13:49:00,2026-01-28 17:44:00,413,3,1
379,8,43,12,2026-02-17 07:57:00,2026-02-17 10:32:00,222,10,1
380,1,34,12,2026-05-18 06:12:00,2026-05-18 07:08:00,499,9,2
381,1,47,1,2026-05-18 23:28:00,2026-05-19 02:55:00,174,10,3
382,4,37,4,2026-02-04 04:55:00,2026-02-04 06:09:00,64,0,1
383,10,13,7,2026-01-10 20:49:00,2026-01-10 22:23:00,119,7,3
384,10,9,17,2026-04-22 16:22:00,2026-04-22 16:52:00,252,17,2
385,4,8,16,2026-05-25 07:14:00,2026-05-25 08:34:00,313,8,3
386,4,8,15,2026-04-25 07:54:00,2026-04-25 11:06:00,329,1,3
387,6,39,8,2026-02-22 15:22:00,2026-02-22 16:19:00,289,1,1
388,7,31,11,2026-02-26 15:52:00,2026-02-26 18:40:00,142,8,3
389,10,13,10,2026-04-29 19:20:00,2026-04-29 23:12:00,417,24,3
390,1,34,6,2026-06-04 21:06:00,2026-06-04 23:16:00,213,4,1
391,6,12,2,2026-03-14 21:53:00,2026-03-14 23:35:00,444,13,1
392,9,26,14,2026-02-13 21:32:00,2026-02-13 22:14:00,72,4,3
393,10,7,10,2026-01-18 08:37:00,2026-01-18 12:20:00,318,6,1
394,8,14,7,2026-06-23 09:27:00,2026-06-23 10:26:00,164,0,3
395,6,17,5,2026-01-15 07:34:00,2026-01-15 10:32:00,303,21,1
396,3,42,9,2026-01-14 03:40:00,2026-01-14 04:37:00,205,6,2
397,10,9,13,2026-02-16 20:46:00,2026-02-16 23:06:00,85,1,1
398,7,48,18,2026-04-24 06:35:00,2026-04-24 08:54:00,96,0,3
399,5,6,8,2026-02-07 22:48:00,2026-02-07 23:21:00,225,7,1
400,10,9,19,2026-06-01 13:46:00,2026-06-01 16:22:00,254,17,1
401,6,12,6,2026-06-11 00:32:00,2026-06-11 03:25:00,345,13,2
402,9,41,7,2026-01-09 13:08:00,2026-01-09 16:13:00,386,14,3
403,1,47,17,2026-04-09 11:08:00,2026-04-09 14:33:00,128,4,3
404,9,40,9,2026-05-12 03:43:00,2026-05-12 07:03:00,434,6,1
405,8,10,17,2026-02-16 18:15:00,2026-02-16 19:59:00,104,1,1
406,4,36,10,2026-02-15 01:05:00,2026-02-15 01:37:00,200,12,3
407,7,48,5,2026-04-14 15:06:00,2026-04-14 17:36:00,186,4,2
408,8,20,13,2026-04-02 16:27:00,2026-04-02 20:15:00,314,8,2
409,1,34,12,2026-05-10 06:14:00,2026-05-10 08:18:00,464,25,1
410,9,26,14,2026-05-28 11:38:00,2026-05-28 12:22:00,192,10,2
411,8,44,15,2026-03-04 13:28:00,2026-03-04 16:40:00,65,1,1
412,8,4,3,2026-01-10 03:04:00,2026-01-10 06:16:00,430,29,2
413,8,4,16,2026-06-08 21:56:00,2026-06-08 22:35:00,93,4,1
414,4,15,13,2026-06-29 14:21:00,2026-06-29 16:51:00,190,3,3
415,10,32,15,2026-01-21 17:59:00,2026-01-21 21:43:00,484,37,3
416,10,13,13,2026-05-28 02:41:00,2026-05-28 03:12:00,220,3,1
417,1,47,12,2026-04-17 08:59:00,2026-04-17 09:31:00,351,16,2
418,7,31,12,2026-04-20 03:31:00,2026-04-20 05:57:00,442,29,2
419,6,17,12,2026-05-27 18:20:00,2026-05-27 19:10:00,436,8,3
420,10,1,1,2026-06-05 16:20:00,2026-06-05 18:38:00,391,3,1
421,10,1,19,2026-04-10 15:03:00,2026-04-10 15:33:00,102,3,1
422,8,14,5,2026-01-30 13:48:00,2026-01-30 14:21:00,285,7,3
423,4,15,3,2026-01-19 18:48:00,2026-01-19 19:35:00,435,20,3
424,8,20,17,2026-01-23 20:35:00,2026-01-23 23:52:00,371,24,1
425,4,15,20,2026-02-23 15:06:00,2026-02-23 16:17:00,67,0,1
426,8,21,3,2026-02-22 06:36:00,2026-02-22 07:39:00,371,27,3
427,9,33,6,2026-03-25 22:08:00,2026-03-26 00:25:00,281,20,1
428,8,14,7,2026-05-28 20:36:00,2026-05-28 23:10:00,173,5,1
429,7,48,9,2026-06-22 11:03:00,2026-06-22 13:35:00,394,2,2
430,3,24,10,2026-02-22 23:49:00,2026-02-23 02:28:00,468,30,2
431,7,2,18,2026-05-18 06:18:00,2026-05-18 09:09:00,351,13,1
432,3,5,4,2026-02-21 18:44:00,2026-02-21 20:31:00,157,11,1
433,10,32,11,2026-06-29 09:29:00,2026-06-29 11:53:00,380,22,2
434,7,49,7,2026-05-05 09:42:00,2026-05-05 12:10:00,293,9,1
435,8,14,17,2026-01-07 11:23:00,2026-01-07 15:07:00,82,4,1
436,9,40,14,2026-02-28 00:48:00,2026-02-28 03:55:00,364,25,3
437,7,31,2,2026-01-19 08:09:00,2026-01-19 11:38:00,139,4,1
438,3,24,12,2026-05-01 20:48:00,2026-05-02 00:10:00,291,13,2
439,8,21,15,2026-02-22 06:51:00,2026-02-22 07:37:00,379,19,1
440,7,31,8,2026-03-14 00:18:00,2026-03-14 01:01:00,154,11,1
441,7,49,18,2026-02-12 16:24:00,2026-02-12 19:37:00,433,30,2
442,8,4,2,2026-06-05 20:41:00,2026-06-05 23:24:00,175,4,1
443,3,24,6,2026-05-06 05:56:00,2026-05-06 06:55:00,103,4,2
444,4,8,9,2026-01-27 12:29:00,2026-01-27 13:30:00,153,5,3
445,8,44,19,2026-06-20 17:47:00,2026-06-20 21:23:00,271,13,1
446,10,19,14,2026-05-10 17:24:00,2026-05-10 18:57:00,488,22,3
447,4,37,12,2026-03-09 23:50:00,2026-03-10 01:45:00,66,2,1
448,7,25,3,2026-01-08 04:50:00,2026-01-08 06:50:00,131,3,3
449,10,16,6,2026-01-18 19:16:00,2026-01-18 20:07:00,444,27,2
450,10,16,11,2026-05-20 00:54:00,2026-05-20 02:57:00,489,4,3
451,6,39,2,2026-02-12 07:42:00,2026-02-12 11:35:00,445,31,1
452,10,38,4,2026-05-31 16:26:00,2026-05-31 19:38:00,477,31,3
453,4,36,8,2026-03-07 07:40:00,2026-03-07 08:11:00,402,17,3
454,10,19,3,2026-01-14 04:50:00,2026-01-14 05:29:00,408,4,1
455,8,14,16,2026-05-05 03:23:00,2026-05-05 03:55:00,180,12,1
456,8,10,5,2026-05-05 23:54:00,2026-05-06 03:19:00,294,11,3
457,5,45,7,2026-04-15 12:51:00,2026-04-15 14:49:00,435,2,2
458,8,50,12,2026-06-18 06:39:00,2026-06-18 09:30:00,211,3,2
459,1,34,5,2026-04-21 06:12:00,2026-04-21 09:01:00,384,13,2
460,3,24,3,2026-06-19 03:43:00,2026-06-19 06:41:00,172,9,1
461,7,11,18,2026-02-17 19:57:00,2026-02-17 22:25:00,206,1,3
462,10,18,11,2026-03-31 19:04:00,2026-03-31 19:53:00,396,22,2
463,9,26,2,2026-02-20 17:52:00,2026-02-20 20:03:00,399,11,2
464,7,11,18,2026-02-02 22:43:00,2026-02-03 01:26:00,456,4,1
465,1,47,3,2026-04-21 06:33:00,2026-04-21 09:41:00,143,0,3
466,8,44,7,2026-03-03 17:39:00,2026-03-03 20:22:00,357,10,1
467,6,39,15,2026-05-13 02:08:00,2026-05-13 04:39:00,109,0,2
468,10,7,4,2026-01-18 11:44:00,2026-01-18 15:07:00,172,11,1
469,6,27,18,2026-06-21 08:46:00,2026-06-21 10:32:00,177,2,1
470,8,44,9,2026-04-22 01:50:00,2026-04-22 03:55:00,147,4,3
471,7,48,5,2026-01-15 01:49:00,2026-01-15 02:42:00,329,1,1
472,10,18,20,2026-03-13 07:24:00,2026-03-13 07:55:00,493,36,2
473,9,26,11,2026-05-18 18:35:00,2026-05-18 22:34:00,145,1,1
474,10,7,4,2026-02-01 15:38:00,2026-02-01 17:00:00,357,27,3
475,3,30,8,2026-05-24 13:58:00,2026-05-24 17:56:00,373,25,3
476,7,48,10,2026-04-28 14:08:00,2026-04-28 16:37:00,460,36,2
477,8,10,14,2026-06-27 10:58:00,2026-06-27 14:11:00,225,3,3
478,3,24,18,2026-04-30 03:43:00,2026-04-30 05:53:00,314,1,2
479,3,28,5,2026-06-11 17:51:00,2026-06-11 18:44:00,50,0,3
480,3,24,18,2026-01-03 19:36:00,2026-01-03 23:05:00,64,0,2
481,6,12,9,2026-02-25 00:23:00,2026-02-25 03:19:00,293,15,3
482,8,21,9,2026-04-26 23:24:00,2026-04-27 00:03:00,462,21,3
483,4,8,3,2026-06-09 04:06:00,2026-06-09 06:56:00,311,16,2
484,10,16,8,2026-06-26 07:23:00,2026-06-26 10:48:00,115,2,3
485,9,41,3,2026-01-21 20:56:00,2026-01-21 23:45:00,383,28,1
486,10,13,2,2026-02-12 08:38:00,2026-02-12 09:50:00,149,2,3
487,5,6,16,2026-06-27 22:08:00,2026-06-28 01:01:00,56,1,1
488,9,33,19,2026-03-08 22:09:00,2026-03-08 22:46:00,183,5,1
489,8,44,13,2026-03-28 05:00:00,2026-03-28 08:08:00,494,7,3
490,10,7,2,2026-01-07 10:44:00,2026-01-07 11:42:00,458,14,1
491,1,34,4,2026-06-29 22:20:00,2026-06-30 01:54:00,352,9,2
492,8,43,14,2026-06-20 08:17:00,2026-06-20 10:10:00,391,27,2
493,2,3,8,2026-05-09 14:33:00,2026-05-09 15:53:00,439,15,2
494,8,21,4,2026-02-16 11:03:00,2026-02-16 12:37:00,499,3,2
495,6,12,13,2026-06-14 18:46:00,2026-06-14 21:43:00,160,10,1
496,10,38,12,2026-05-24 15:28:00,2026-05-24 17:13:00,305,12,1
497,8,4,11,2026-03-23 19:19:00,2026-03-23 20:29:00,278,11,3
498,4,29,15,2026-02-08 06:09:00,2026-02-08 08:10:00,126,6,2
499,1,34,7,2026-05-13 15:24:00,2026-05-13 16:05:00,114,0,1
500,5,45,9,2026-04-19 01:01:00,2026-04-19 03:46:00,108,0,2
501,10,38,5,2026-03-03 14:54:00,2026-03-03 17:18:00,460,28,1
502,7,2,6,2026-01-07 09:15:00,2026-01-07 13:14:00,377,22,1
503,10,18,5,2026-02-24 07:00:00,2026-02-24 09:42:00,415,6,2
504,10,7,5,2026-06-24 05:43:00,2026-06-24 06:17:00,124,8,2
505,10,1,9,2026-01-20 03:12:00,2026-01-20 04:56:00,496,20,3
506,1,47,17,2026-05-07 06:45:00,2026-05-07 08:26:00,168,12,2
507,4,37,10,2026-02-21 22:12:00,2026-02-22 01:41:00,484,28,2
508,4,15,20,2026-06-14 00:56:00,2026-06-14 04:08:00,212,7,2
509,7,2,19,2026-03-07 11:39:00,2026-03-07 13:53:00,444,5,3
510,3,42,18,2026-06-22 22:56:00,2026-06-22 23:43:00,192,7,3
511,8,43,1,2026-01-25 22:19:00,2026-01-25 23:18:00,360,24,1
512,10,9,5,2026-04-12 12:33:00,2026-04-12 13:58:00,251,6,2
513,4,36,14,2026-04-15 12:31:00,2026-04-15 14:34:00,257,18,3
514,8,44,1,2026-06-09 12:15:00,2026-06-09 15:48:00,152,2,1
515,10,38,2,2026-05-18 11:59:00,2026-05-18 13:35:00,184,12,3
516,5,6,5,2026-03-31 08:46:00,2026-03-31 11:48:00,228,5,3
517,9,26,2,2026-02-16 14:25:00,2026-02-16 16:05:00,100,5,3
518,3,42,14,2026-04-04 02:03:00,2026-04-04 02:41:00,73,2,3
519,5,6,4,2026-04-25 06:14:00,2026-04-25 10:07:00,172,6,2
520,3,42,1,2026-03-15 08:20:00,2026-03-15 10:15:00,414,20,2
521,8,14,1,2026-04-22 02:12:00,2026-04-22 03:27:00,424,17,1
522,4,15,14,2026-05-12 11:47:00,2026-05-12 14:57:00,79,6,3
523,9,40,15,2026-03-27 03:02:00,2026-03-27 03:54:00,158,0,3
524,8,44,8,2026-04-29 20:49:00,2026-04-29 22:31:00,412,9,3
525,3,28,19,2026-01-11 18:46:00,2026-01-11 22:22:00,169,6,2
526,7,11,13,2026-05-02 04:27:00,2026-05-02 05:38:00,289,3,3
527,8,20,13,2026-01-21 09:44:00,2026-01-21 11:54:00,321,12,1
528,10,18,5,2026-04-30 10:53:00,2026-04-30 12:20:00,310,7,1
529,9,26,19,2026-03-22 16:32:00,2026-03-22 18:40:00,411,0,1
530,9,33,16,2026-03-24 15:32:00,2026-03-24 17:06:00,423,8,3
531,7,31,5,2026-06-24 21:27:00,2026-06-25 00:01:00,332,26,1
532,6,39,17,2026-01-13 04:59:00,2026-01-13 08:28:00,419,5,2
533,5,6,8,2026-05-08 10:15:00,2026-05-08 12:11:00,334,2,1
534,7,49,4,2026-04-25 04:05:00,2026-04-25 06:09:00,54,2,3
535,10,19,3,2026-02-14 18:48:00,2026-02-14 21:56:00,102,2,2
536,9,22,18,2026-04-24 15:13:00,2026-04-24 17:58:00,467,16,3
537,7,2,6,2026-03-25 12:24:00,2026-03-25 14:20:00,307,23,1
538,10,38,20,2026-02-08 17:06:00,2026-02-08 18:10:00,466,23,2
539,9,41,3,2026-05-07 02:44:00,2026-05-07 06:27:00,156,9,3
540,10,18,1,2026-01-20 22:14:00,2026-01-20 23:15:00,303,19,3
541,10,9,5,2026-06-20 00:15:00,2026-06-20 03:03:00,64,2,2
542,3,28,12,2026-03-02 10:43:00,2026-03-02 12:35:00,248,16,3
543,4,15,19,2026-05-14 19:45:00,2026-05-14 22:46:00,214,14,3
544,7,35,4,2026-03-20 03:44:00,2026-03-20 06:24:00,486,37,1
545,6,17,14,2026-02-19 11:11:00,2026-02-19 14:11:00,388,16,1
546,8,10,15,2026-04-10 13:05:00,2026-04-10 15:02:00,115,7,2
547,7,35,3,2026-05-17 04:22:00,2026-05-17 05:44:00,382,6,1
548,7,48,16,2026-04-09 01:39:00,2026-04-09 03:02:00,318,0,1
549,10,13,3,2026-04-24 10:52:00,2026-04-24 14:23:00,90,3,1
550,3,28,7,2026-06-07 14:13:00,2026-06-07 15:26:00,141,11,3
551,10,9,12,2026-04-07 22:50:00,2026-04-08 00:13:00,412,9,3
552,8,10,16,2026-06-07 13:02:00,2026-06-07 15:43:00,173,7,2
553,3,30,4,2026-05-01 16:56:00,2026-05-01 18:29:00,439,4,2
554,5,45,16,2026-03-07 00:49:00,2026-03-07 03:44:00,424,15,3
555,7,49,18,2026-04-09 03:52:00,2026-04-09 06:46:00,393,25,2
556,10,32,7,2026-03-14 07:47:00,2026-03-14 10:45:00,123,9,3
557,10,13,20,2026-02-11 14:46:00,2026-02-11 16:05:00,436,16,2
558,6,12,5,2026-04-23 12:46:00,2026-04-23 14:55:00,208,8,1
559,10,16,6,2026-04-09 23:50:00,2026-04-10 02:59:00,176,9,1
560,8,20,18,2026-01-21 10:00:00,2026-01-21 12:15:00,98,3,1
561,7,48,2,2026-05-07 13:39:00,2026-05-07 17:16:00,410,30,3
562,8,43,7,2026-03-20 16:31:00,2026-03-20 19:20:00,129,7,2
563,8,10,1,2026-02-05 11:47:00,2026-02-05 13:05:00,289,21,2
564,2,46,14,2026-01-28 02:54:00,2026-01-28 06:46:00,135,0,3
565,4,15,6,2026-02-08 21:30:00,2026-02-08 22:59:00,145,11,2
566,3,28,20,2026-06-08 13:53:00,2026-06-08 16:56:00,479,4,3
567,10,9,16,2026-05-07 19:54:00,2026-05-07 21:52:00,99,4,1
568,4,29,12,2026-04-30 10:23:00,2026-04-30 14:01:00,492,9,3
569,4,36,5,2026-02-20 00:06:00,2026-02-20 01:26:00,474,3,3
570,9,41,1,2026-02-04 18:16:00,2026-02-04 20:44:00,101,4,2
571,8,4,10,2026-04-14 12:24:00,2026-04-14 14:47:00,264,5,1
572,10,9,11,2026-03-31 04:38:00,2026-03-31 05:28:00,251,2,2
573,3,28,7,2026-02-16 19:26:00,2026-02-16 21:46:00,349,10,1
574,10,38,16,2026-06-01 12:52:00,2026-06-01 14:46:00,462,15,1
575,9,33,11,2026-06-05 02:03:00,2026-06-05 02:44:00,195,2,2
576,8,4,20,2026-03-07 00:32:00,2026-03-07 03:54:00,66,2,1
577,5,45,8,2026-03-09 06:17:00,2026-03-09 08:07:00,310,7,1
578,5,6,19,2026-04-26 08:24:00,2026-04-26 11:00:00,393,26,2
579,3,23,4,2026-06-17 19:54:00,2026-06-17 21:36:00,237,13,1
580,10,16,9,2026-02-28 17:45:00,2026-02-28 18:55:00,496,4,2
581,3,24,10,2026-05-16 13:36:00,2026-05-16 14:08:00,368,25,2
582,9,33,13,2026-06-07 19:49:00,2026-06-07 22:51:00,376,27,2
583,8,44,4,2026-06-20 16:07:00,2026-06-20 18:28:00,261,4,3
584,7,25,20,2026-04-18 20:30:00,2026-04-18 21:19:00,361,24,1
585,3,42,4,2026-01-10 21:19:00,2026-01-10 22:36:00,98,3,3
586,7,48,5,2026-02-02 07:17:00,2026-02-02 11:04:00,408,28,3
587,9,41,9,2026-06-25 00:30:00,2026-06-25 01:33:00,205,2,2
588,6,27,3,2026-01-21 14:49:00,2026-01-21 18:14:00,78,4,2
589,3,28,1,2026-01-24 11:12:00,2026-01-24 14:42:00,292,12,1
590,8,43,10,2026-02-11 06:08:00,2026-02-11 08:30:00,477,11,1
591,10,19,6,2026-02-10 05:45:00,2026-02-10 07:41:00,461,17,2
592,2,3,19,2026-01-05 00:03:00,2026-01-05 03:08:00,392,18,3
593,8,43,2,2026-04-10 15:00:00,2026-04-10 16:14:00,443,9,3
594,3,42,2,2026-03-12 00:56:00,2026-03-12 03:53:00,150,4,2
595,7,11,17,2026-04-18 03:13:00,2026-04-18 06:01:00,248,5,2
596,3,24,15,2026-02-09 10:50:00,2026-02-09 12:20:00,164,6,2
597,10,32,17,2026-01-19 10:59:00,2026-01-19 12:55:00,476,7,2
598,9,26,9,2026-04-25 01:18:00,2026-04-25 04:53:00,180,4,2
599,6,39,1,2026-04-30 08:38:00,2026-04-30 09:08:00,439,10,3
600,4,29,6,2026-01-01 17:29:00,2026-01-01 21:20:00,142,2,2
601,2,3,17,2026-01-10 23:14:00,2026-01-11 02:11:00,184,12,2
602,4,29,15,2026-01-07 21:57:00,2026-01-08 00:49:00,231,14,1
603,8,44,15,2026-03-12 04:05:00,2026-03-12 04:39:00,266,10,1
604,9,40,10,2026-02-13 06:54:00,2026-02-13 07:53:00,410,29,1
605,4,8,10,2026-04-17 20:13:00,2026-04-17 21:34:00,447,34,1
606,5,6,1,2026-01-10 19:49:00,2026-01-10 21:46:00,271,20,3
607,2,46,6,2026-03-16 08:38:00,2026-03-16 09:44:00,270,11,1
608,10,18,13,2026-04-07 07:50:00,2026-04-07 11:23:00,243,8,2
609,8,21,15,2026-03-06 06:13:00,2026-03-06 10:08:00,449,5,2
610,3,5,15,2026-01-17 22:57:00,2026-01-18 02:16:00,93,0,1
611,10,13,7,2026-01-12 05:47:00,2026-01-12 08:54:00,318,2,2
612,10,18,17,2026-02-12 00:33:00,2026-02-12 01:06:00,195,2,2
613,2,46,2,2026-05-26 10:03:00,2026-05-26 11:35:00,176,6,3
614,2,46,11,2026-01-15 11:41:00,2026-01-15 14:22:00,369,17,3
615,3,42,14,2026-05-21 20:36:00,2026-05-21 23:44:00,159,11,3
616,6,39,15,2026-02-08 01:19:00,2026-02-08 04:06:00,445,16,2
617,9,26,15,2026-02-06 06:54:00,2026-02-06 10:27:00,56,0,3
618,1,47,1,2026-05-08 18:39:00,2026-05-08 19:57:00,190,13,3
619,3,42,15,2026-03-25 00:07:00,2026-03-25 02:32:00,203,12,3
620,9,33,1,2026-05-24 17:32:00,2026-05-24 18:09:00,187,4,2
621,9,22,16,2026-01-14 14:08:00,2026-01-14 17:43:00,322,12,1
622,2,46,14,2026-05-21 16:19:00,2026-05-21 18:01:00,60,2,3
623,10,38,15,2026-03-02 06:44:00,2026-03-02 10:31:00,406,7,1
624,7,35,19,2026-06-11 09:37:00,2026-06-11 10:53:00,472,15,3
625,9,26,7,2026-02-07 15:53:00,2026-02-07 18:19:00,389,2,1
626,8,4,2,2026-06-10 00:55:00,2026-06-10 04:18:00,367,8,1
627,2,46,20,2026-01-23 22:20:00,2026-01-24 01:42:00,221,6,2
628,9,33,5,2026-04-12 10:47:00,2026-04-12 14:22:00,270,11,1
629,5,45,9,2026-01-14 13:20:00,2026-01-14 16:58:00,463,0,1
630,2,3,8,2026-05-12 00:31:00,2026-05-12 04:20:00,257,10,3
631,10,16,3,2026-01-04 06:47:00,2026-01-04 08:21:00,138,6,2
632,8,14,15,2026-04-03 23:40:00,2026-04-04 00:47:00,492,10,2
633,4,36,19,2026-05-13 04:11:00,2026-05-13 07:28:00,422,24,1
634,2,46,4,2026-02-27 13:39:00,2026-02-27 14:39:00,156,11,1
635,5,45,19,2026-06-12 01:41:00,2026-06-12 02:28:00,98,2,2
636,6,12,3,2026-03-22 05:45:00,2026-03-22 07:09:00,334,18,1
637,8,4,8,2026-03-27 13:34:00,2026-03-27 14:47:00,168,4,2
638,8,50,10,2026-04-18 04:44:00,2026-04-18 07:38:00,412,0,3
639,4,37,4,2026-06-22 18:44:00,2026-06-22 20:02:00,75,0,3
640,4,37,16,2026-05-21 15:41:00,2026-05-21 17:35:00,429,16,3
641,7,25,4,2026-03-16 23:57:00,2026-03-17 03:52:00,486,0,3
642,8,14,14,2026-05-04 06:45:00,2026-05-04 08:01:00,471,10,3
643,10,16,12,2026-02-17 20:24:00,2026-02-17 23:07:00,101,5,3
644,3,30,13,2026-05-01 02:27:00,2026-05-01 03:17:00,494,16,1
645,10,9,17,2026-05-29 08:48:00,2026-05-29 10:36:00,68,5,1
646,4,8,19,2026-03-05 22:59:00,2026-03-06 00:01:00,366,15,1
647,10,1,15,2026-04-24 01:50:00,2026-04-24 04:07:00,74,0,3
648,8,20,10,2026-06-15 03:13:00,2026-06-15 06:16:00,280,16,3
649,8,14,9,2026-05-01 15:32:00,2026-05-01 16:41:00,205,6,1
650,10,9,13,2026-05-24 02:44:00,2026-05-24 05:38:00,423,24,1
651,9,22,5,2026-02-25 12:57:00,2026-02-25 15:26:00,54,1,2
652,9,40,18,2026-05-08 06:19:00,2026-05-08 09:29:00,355,26,3
653,10,7,1,2026-03-19 00:42:00,2026-03-19 03:11:00,106,3,2
654,8,50,3,2026-04-25 22:21:00,2026-04-25 23:40:00,420,23,2
655,2,46,11,2026-05-17 02:04:00,2026-05-17 02:37:00,274,20,2
656,3,28,16,2026-02-20 14:09:00,2026-02-20 16:46:00,486,13,3
657,7,2,16,2026-05-13 21:51:00,2026-05-14 01:02:00,199,7,3
658,8,14,11,2026-03-03 16:22:00,2026-03-03 20:21:00,105,3,1
659,9,41,5,2026-05-05 10:58:00,2026-05-05 12:15:00,292,12,1
660,9,22,18,2026-02-22 20:21:00,2026-02-22 22:25:00,365,24,1
661,10,38,11,2026-03-06 10:47:00,2026-03-06 11:57:00,114,6,1
662,3,42,19,2026-06-19 03:44:00,2026-06-19 07:14:00,448,18,2
663,2,3,11,2026-03-26 11:29:00,2026-03-26 12:45:00,225,4,2
664,2,3,14,2026-03-16 03:44:00,2026-03-16 07:08:00,337,10,1
665,10,1,18,2026-03-29 22:10:00,2026-03-30 00:01:00,466,33,2
666,4,36,8,2026-02-05 13:16:00,2026-02-05 15:34:00,459,14,3
667,1,34,16,2026-03-13 17:53:00,2026-03-13 18:29:00,251,19,1
668,4,37,12,2026-02-24 17:04:00,2026-02-24 20:23:00,305,4,2
669,4,36,11,2026-03-13 06:28:00,2026-03-13 08:34:00,78,0,2
670,6,17,7,2026-01-09 14:46:00,2026-01-09 17:05:00,82,1,3
671,8,21,14,2026-02-12 00:35:00,2026-02-12 03:32:00,290,22,1
672,10,9,5,2026-05-31 21:04:00,2026-05-31 21:57:00,453,3,2
673,3,42,10,2026-04-16 12:34:00,2026-04-16 15:27:00,210,5,1
674,8,14,4,2026-03-11 10:35:00,2026-03-11 14:12:00,470,21,1
675,8,20,8,2026-03-11 05:18:00,2026-03-11 06:19:00,254,16,2
676,6,27,8,2026-02-20 11:09:00,2026-02-20 14:41:00,292,6,3
677,10,32,9,2026-05-06 07:50:00,2026-05-06 10:29:00,318,7,1
678,3,28,16,2026-05-22 18:19:00,2026-05-22 20:53:00,281,14,2
679,8,20,1,2026-05-08 15:59:00,2026-05-08 16:54:00,111,5,3
680,10,13,18,2026-01-19 23:42:00,2026-01-20 02:36:00,151,6,2
681,7,49,17,2026-03-15 20:53:00,2026-03-16 00:20:00,196,2,3
682,3,23,9,2026-05-21 11:06:00,2026-05-21 14:17:00,325,1,1
683,10,1,16,2026-01-15 04:33:00,2026-01-15 07:29:00,251,6,2
684,10,32,19,2026-03-22 05:40:00,2026-03-22 09:17:00,294,21,1
685,7,31,12,2026-06-28 12:27:00,2026-06-28 16:20:00,148,6,3
686,5,45,3,2026-04-13 06:58:00,2026-04-13 09:43:00,267,6,3
687,3,23,16,2026-06-02 04:00:00,2026-06-02 06:38:00,219,9,2
688,10,18,8,2026-05-29 01:12:00,2026-05-29 02:00:00,325,15,3
689,10,13,6,2026-03-05 15:36:00,2026-03-05 19:03:00,465,18,2
690,7,11,10,2026-06-16 03:16:00,2026-06-16 05:53:00,153,4,2
691,7,49,9,2026-02-27 16:01:00,2026-02-27 16:57:00,272,16,2
692,6,17,10,2026-01-21 04:34:00,2026-01-21 06:02:00,164,11,1
693,1,47,20,2026-03-29 08:16:00,2026-03-29 08:52:00,354,9,2
694,10,13,6,2026-04-14 07:09:00,2026-04-14 10:25:00,194,4,1
695,6,12,7,2026-03-29 07:38:00,2026-03-29 10:27:00,102,6,3
696,10,18,5,2026-02-27 19:44:00,2026-02-27 23:11:00,118,7,3
697,7,25,5,2026-03-11 02:17:00,2026-03-11 03:46:00,320,5,3
698,6,12,3,2026-02-02 03:29:00,2026-02-02 04:44:00,229,9,1
699,10,32,14,2026-06-13 07:15:00,2026-06-13 08:44:00,82,5,2
700,7,31,11,2026-05-08 05:00:00,2026-05-08 08:36:00,212,12,3
701,3,30,13,2026-03-13 15:01:00,2026-03-13 15:41:00,459,20,1
702,7,35,8,2026-04-22 17:51:00,2026-04-22 20:40:00,111,5,3
703,10,9,20,2026-04-01 04:59:00,2026-04-01 08:23:00,272,18,1
704,4,37,1,2026-04-11 00:55:00,2026-04-11 04:40:00,184,12,1
705,6,12,13,2026-04-17 11:29:00,2026-04-17 14:06:00,398,26,3
706,8,21,13,2026-01-27 03:32:00,2026-01-27 04:15:00,267,3,2
707,4,36,20,2026-06-14 12:58:00,2026-06-14 14:19:00,421,29,3
708,8,10,5,2026-03-18 03:16:00,2026-03-18 05:41:00,245,8,3
709,4,8,3,2026-02-11 02:01:00,2026-02-11 03:15:00,225,17,2
710,6,39,4,2026-01-12 02:34:00,2026-01-12 04:55:00,383,10,2
711,10,16,1,2026-04-23 04:22:00,2026-04-23 05:33:00,251,11,1
712,3,30,16,2026-03-19 17:53:00,2026-03-19 19:13:00,347,0,3
713,8,10,15,2026-01-31 22:21:00,2026-02-01 00:50:00,180,4,1
714,10,18,19,2026-02-25 19:42:00,2026-02-25 20:47:00,475,9,1
715,7,11,14,2026-06-07 03:46:00,2026-06-07 05:13:00,63,2,2
716,8,50,7,2026-01-13 08:20:00,2026-01-13 08:53:00,282,1,2
717,8,20,13,2026-04-30 19:28:00,2026-04-30 20:03:00,170,9,3
718,3,28,12,2026-01-04 12:49:00,2026-01-04 16:24:00,235,18,2
719,10,13,5,2026-04-26 13:39:00,2026-04-26 16:28:00,293,13,1
720,4,36,16,2026-04-10 18:45:00,2026-04-10 20:37:00,180,0,2
721,3,28,14,2026-02-14 18:59:00,2026-02-14 22:47:00,263,14,2
722,7,2,18,2026-06-20 22:43:00,2026-06-21 01:55:00,147,4,1
723,10,7,2,2026-06-16 13:04:00,2026-06-16 13:44:00,479,24,2
724,4,8,2,2026-02-02 06:20:00,2026-02-02 08:44:00,160,6,2
725,9,40,14,2026-05-14 18:54:00,2026-05-14 21:54:00,309,5,3
726,10,13,5,2026-03-16 05:51:00,2026-03-16 06:23:00,429,33,3
727,9,26,3,2026-06-02 15:52:00,2026-06-02 16:24:00,170,7,2
728,7,31,1,2026-03-18 19:59:00,2026-03-18 22:27:00,141,8,3
729,8,4,1,2026-04-23 19:20:00,2026-04-23 23:07:00,136,7,2
730,2,3,16,2026-04-25 01:00:00,2026-04-25 02:24:00,334,1,2
731,7,11,15,2026-01-14 03:55:00,2026-01-14 04:32:00,421,5,1
732,7,49,3,2026-01-14 08:01:00,2026-01-14 09:19:00,263,19,3
733,10,13,12,2026-03-23 05:43:00,2026-03-23 06:17:00,353,7,1
734,9,41,14,2026-03-24 13:28:00,2026-03-24 15:07:00,423,11,1
735,10,38,8,2026-04-07 08:16:00,2026-04-07 10:03:00,209,8,2
736,3,5,19,2026-01-15 01:20:00,2026-01-15 02:44:00,219,10,1
737,1,47,8,2026-02-23 02:37:00,2026-02-23 04:10:00,394,7,3
738,7,35,3,2026-01-29 14:14:00,2026-01-29 16:41:00,57,3,1
739,2,3,17,2026-04-11 04:18:00,2026-04-11 04:53:00,52,0,2
740,7,35,10,2026-02-27 15:15:00,2026-02-27 18:05:00,95,3,2
741,3,5,12,2026-04-05 15:21:00,2026-04-05 18:09:00,217,7,2
742,10,18,13,2026-01-06 21:14:00,2026-01-07 01:02:00,182,1,1
743,10,38,3,2026-06-16 00:14:00,2026-06-16 00:57:00,271,1,1
744,9,26,18,2026-02-23 06:52:00,2026-02-23 09:11:00,311,2,2
745,10,7,18,2026-05-24 04:58:00,2026-05-24 06:48:00,56,2,2
746,3,42,5,2026-03-25 21:06:00,2026-03-26 01:00:00,302,4,1
747,7,11,15,2026-03-11 06:41:00,2026-03-11 09:22:00,484,8,1
748,7,25,8,2026-03-10 06:16:00,2026-03-10 08:23:00,106,2,1
749,4,15,19,2026-05-26 15:30:00,2026-05-26 18:00:00,223,16,2
750,10,13,4,2026-01-05 08:36:00,2026-01-05 10:04:00,490,35,3
751,10,19,5,2026-03-14 07:28:00,2026-03-14 08:03:00,249,1,2
752,3,24,17,2026-03-25 21:56:00,2026-03-26 01:44:00,376,9,1
753,7,35,16,2026-01-09 13:33:00,2026-01-09 15:51:00,84,0,2
754,10,7,5,2026-05-25 16:29:00,2026-05-25 18:52:00,156,1,1
755,8,20,17,2026-06-06 09:49:00,2026-06-06 12:25:00,313,24,3
756,8,10,20,2026-03-12 09:39:00,2026-03-12 13:06:00,323,5,1
757,4,37,10,2026-03-18 22:22:00,2026-03-18 23:19:00,409,26,1
758,3,5,13,2026-04-21 22:51:00,2026-04-22 02:26:00,293,22,1
759,6,27,18,2026-05-21 16:31:00,2026-05-21 19:18:00,166,1,2
760,7,35,15,2026-06-12 12:31:00,2026-06-12 14:36:00,483,4,3
761,3,23,11,2026-05-17 11:33:00,2026-05-17 14:01:00,457,21,1
762,4,37,18,2026-06-22 00:00:00,2026-06-22 00:47:00,167,13,2
763,7,11,4,2026-02-03 22:07:00,2026-02-04 01:00:00,460,33,1
764,3,28,3,2026-01-06 11:49:00,2026-01-06 13:02:00,228,12,2
765,8,50,1,2026-03-06 20:57:00,2026-03-06 22:03:00,72,4,1
766,2,3,8,2026-06-14 20:40:00,2026-06-14 22:54:00,221,6,3
767,8,14,12,2026-05-20 20:02:00,2026-05-20 21:37:00,218,15,3
768,7,35,4,2026-02-20 01:37:00,2026-02-20 03:28:00,262,10,1
769,3,23,16,2026-06-21 01:20:00,2026-06-21 05:03:00,398,18,2
770,6,27,7,2026-01-15 19:17:00,2026-01-15 21:33:00,280,16,2
771,2,46,3,2026-01-22 09:40:00,2026-01-22 11:00:00,99,5,1
772,8,14,19,2026-02-01 21:39:00,2026-02-02 00:11:00,87,1,2
773,6,39,7,2026-04-08 02:27:00,2026-04-08 04:59:00,154,2,3
774,9,41,6,2026-01-08 22:27:00,2026-01-09 02:01:00,410,16,3
775,3,24,12,2026-06-14 22:16:00,2026-06-15 01:07:00,87,1,1
776,7,35,8,2026-03-07 21:29:00,2026-03-07 23:26:00,165,11,3
777,2,46,5,2026-04-03 17:02:00,2026-04-03 18:35:00,279,14,1
778,8,14,11,2026-01-07 06:33:00,2026-01-07 09:20:00,485,25,3
779,8,21,14,2026-03-26 13:41:00,2026-03-26 17:20:00,468,20,3
780,8,14,9,2026-03-15 17:26:00,2026-03-15 20:24:00,454,36,1
781,6,39,9,2026-06-08 12:20:00,2026-06-08 12:56:00,295,6,1
782,8,50,2,2026-04-20 00:47:00,2026-04-20 04:46:00,366,27,2
783,4,15,11,2026-01-03 15:10:00,2026-01-03 17:44:00,493,32,2
784,10,38,13,2026-02-25 11:34:00,2026-02-25 12:30:00,449,33,3
785,7,35,7,2026-02-04 15:27:00,2026-02-04 16:04:00,493,14,3
786,10,9,1,2026-03-08 10:19:00,2026-03-08 11:37:00,465,32,2
787,4,37,3,2026-02-25 15:18:00,2026-02-25 17:33:00,111,6,2
788,9,22,20,2026-01-15 15:20:00,2026-01-15 16:00:00,155,1,1
789,10,32,3,2026-04-18 20:32:00,2026-04-19 00:29:00,300,22,2
790,9,33,9,2026-05-18 07:37:00,2026-05-18 10:15:00,467,16,1
791,3,28,12,2026-04-19 05:52:00,2026-04-19 07:55:00,151,8,2
792,10,32,1,2026-04-16 03:27:00,2026-04-16 06:23:00,211,7,2
793,10,19,10,2026-06-12 19:41:00,2026-06-12 21:41:00,284,12,2
794,7,31,4,2026-06-21 21:50:00,2026-06-22 01:03:00,212,9,3
795,3,30,10,2026-04-20 03:08:00,2026-04-20 05:48:00,139,9,2
796,10,38,14,2026-03-23 23:49:00,2026-03-24 03:37:00,431,26,2
797,6,39,4,2026-05-12 06:14:00,2026-05-12 08:47:00,433,18,3
798,10,1,17,2026-01-27 13:24:00,2026-01-27 16:09:00,50,0,2
799,4,36,5,2026-04-29 17:50:00,2026-04-29 18:23:00,377,4,3
800,8,10,18,2026-04-22 14:10:00,2026-04-22 14:40:00,303,19,1
801,3,42,1,2026-02-08 04:52:00,2026-02-08 06:14:00,167,2,1
802,8,10,18,2026-05-07 07:57:00,2026-05-07 08:55:00,85,4,2
803,4,36,17,2026-01-17 04:46:00,2026-01-17 07:37:00,474,9,2
804,3,28,16,2026-06-08 02:00:00,2026-06-08 02:30:00,123,0,3
805,6,39,10,2026-04-01 00:37:00,2026-04-01 01:38:00,261,16,2
806,1,34,10,2026-02-02 22:00:00,2026-02-02 22:39:00,474,15,3
807,3,28,10,2026-06-16 20:50:00,2026-06-16 22:31:00,366,11,2
808,3,5,2,2026-02-18 22:14:00,2026-02-19 00:21:00,500,11,2
809,1,47,14,2026-01-05 16:04:00,2026-01-05 17:55:00,152,1,1
810,8,14,17,2026-02-06 15:34:00,2026-02-06 17:23:00,55,3,2
811,1,47,10,2026-01-29 19:50:00,2026-01-29 23:08:00,457,21,1
812,10,7,3,2026-02-26 07:51:00,2026-02-26 11:18:00,201,15,1
813,3,28,2,2026-05-13 08:29:00,2026-05-13 09:19:00,435,16,1
814,8,4,17,2026-01-18 03:31:00,2026-01-18 05:22:00,124,8,1
815,3,30,12,2026-06-01 21:27:00,2026-06-02 00:03:00,455,15,1
816,8,20,6,2026-03-01 20:15:00,2026-03-01 21:35:00,50,0,3
817,4,37,19,2026-02-10 13:47:00,2026-02-10 17:10:00,155,5,2
818,8,14,18,2026-02-07 01:02:00,2026-02-07 02:32:00,274,5,2
819,8,20,17,2026-06-15 09:47:00,2026-06-15 11:25:00,154,3,3
820,10,16,17,2026-02-08 07:00:00,2026-02-08 07:54:00,365,16,2
821,3,30,15,2026-05-14 01:20:00,2026-05-14 02:49:00,182,12,3
822,10,38,11,2026-03-22 03:31:00,2026-03-22 05:16:00,144,8,3
823,7,35,10,2026-03-17 11:25:00,2026-03-17 14:37:00,169,4,1
824,10,32,7,2026-04-04 09:55:00,2026-04-04 10:59:00,413,11,3
825,9,26,3,2026-03-12 05:21:00,2026-03-12 08:37:00,405,31,3
826,3,5,9,2026-03-07 16:54:00,2026-03-07 17:29:00,246,12,3
827,4,36,16,2026-03-22 11:02:00,2026-03-22 13:44:00,267,12,3
828,10,18,3,2026-05-02 11:44:00,2026-05-02 15:15:00,251,18,3
829,3,24,16,2026-06-26 08:13:00,2026-06-26 09:14:00,475,37,3
830,6,39,19,2026-02-27 23:28:00,2026-02-28 01:09:00,123,2,1
831,4,37,5,2026-05-30 14:21:00,2026-05-30 17:09:00,294,20,1
832,2,46,2,2026-05-27 23:43:00,2026-05-28 01:20:00,143,10,1
833,10,18,7,2026-05-18 06:16:00,2026-05-18 08:33:00,344,24,2
834,9,22,4,2026-05-17 18:05:00,2026-05-17 18:42:00,267,4,2
835,2,3,18,2026-06-10 23:04:00,2026-06-11 01:57:00,56,4,3
836,4,15,10,2026-05-23 00:22:00,2026-05-23 03:22:00,135,6,3
837,8,43,14,2026-05-02 11:10:00,2026-05-02 12:43:00,492,11,2
838,10,7,10,2026-06-22 08:12:00,2026-06-22 08:51:00,89,6,2
839,8,21,11,2026-02-13 15:10:00,2026-02-13 16:40:00,247,3,3
840,6,27,10,2026-05-06 00:00:00,2026-05-06 02:15:00,235,4,1
841,10,16,11,2026-05-27 18:56:00,2026-05-27 20:13:00,467,6,2
842,8,4,3,2026-02-16 02:37:00,2026-02-16 03:09:00,301,22,3
843,7,49,13,2026-04-29 18:18:00,2026-04-29 21:14:00,77,4,2
844,10,13,16,2026-05-19 12:57:00,2026-05-19 14:42:00,288,17,1
845,9,33,12,2026-02-19 18:54:00,2026-02-19 21:14:00,300,10,2
846,10,32,12,2026-05-23 08:14:00,2026-05-23 10:36:00,235,13,2
847,7,49,20,2026-05-07 10:48:00,2026-05-07 11:23:00,259,19,3
848,9,33,15,2026-01-13 05:01:00,2026-01-13 08:26:00,381,24,1
849,8,21,9,2026-05-22 17:59:00,2026-05-22 21:30:00,356,17,2
850,2,46,5,2026-05-01 03:33:00,2026-05-01 07:28:00,237,15,3
851,7,49,19,2026-02-12 23:00:00,2026-02-13 01:43:00,413,11,1
852,7,49,6,2026-04-02 23:55:00,2026-04-03 03:45:00,69,4,2
853,5,6,15,2026-02-10 00:01:00,2026-02-10 03:46:00,378,17,1
854,4,29,1,2026-02-25 23:32:00,2026-02-26 01:45:00,107,7,2
855,10,18,13,2026-06-03 01:34:00,2026-06-03 04:01:00,444,27,1
856,6,12,7,2026-06-16 03:14:00,2026-06-16 05:36:00,240,14,1
857,10,19,10,2026-06-24 20:17:00,2026-06-24 21:39:00,465,3,1
858,8,14,13,2026-01-26 02:18:00,2026-01-26 05:12:00,298,8,1
859,5,45,15,2026-04-17 13:33:00,2026-04-17 14:49:00,475,16,2
860,10,7,8,2026-05-03 18:18:00,2026-05-03 19:25:00,451,21,2
861,1,47,5,2026-06-10 16:49:00,2026-06-10 17:33:00,395,30,3
862,5,6,12,2026-03-31 06:23:00,2026-03-31 08:49:00,393,15,1
863,1,47,13,2026-04-08 03:09:00,2026-04-08 04:02:00,140,6,3
864,10,7,11,2026-02-20 08:09:00,2026-02-20 09:53:00,441,13,2
865,9,41,14,2026-04-06 17:50:00,2026-04-06 18:26:00,305,11,1
866,4,15,14,2026-01-11 22:39:00,2026-01-12 01:39:00,62,1,1
867,9,40,18,2026-03-13 02:12:00,2026-03-13 03:39:00,223,1,2
868,10,38,7,2026-05-21 11:21:00,2026-05-21 13:50:00,341,0,3
869,1,47,16,2026-02-24 09:31:00,2026-02-24 10:56:00,257,15,2
870,5,6,11,2026-06-05 23:31:00,2026-06-06 02:30:00,429,0,2
871,8,10,14,2026-04-12 23:48:00,2026-04-13 01:20:00,310,16,3
872,8,21,2,2026-02-06 06:58:00,2026-02-06 08:38:00,172,5,1
873,8,44,10,2026-03-12 18:50:00,2026-03-12 19:54:00,486,18,2
874,9,22,2,2026-03-18 08:08:00,2026-03-18 09:46:00,480,2,3
875,3,24,16,2026-01-02 05:40:00,2026-01-02 09:19:00,373,27,1
876,8,43,17,2026-04-25 22:23:00,2026-04-26 01:19:00,359,11,1
877,4,36,14,2026-02-11 11:15:00,2026-02-11 13:54:00,477,0,2
878,3,5,4,2026-05-16 06:22:00,2026-05-16 08:20:00,92,1,3
879,1,34,5,2026-01-12 01:12:00,2026-01-12 04:48:00,487,0,3
880,1,34,11,2026-03-01 23:33:00,2026-03-02 02:43:00,125,0,2
881,1,47,5,2026-03-08 12:23:00,2026-03-08 16:03:00,475,1,2
882,7,11,11,2026-05-19 08:27:00,2026-05-19 11:56:00,324,6,1
883,10,38,15,2026-03-11 02:00:00,2026-03-11 04:45:00,92,1,3
884,5,45,5,2026-04-28 01:24:00,2026-04-28 02:48:00,347,18,1
885,4,8,6,2026-03-14 23:47:00,2026-03-15 00:33:00,124,2,2
886,6,39,9,2026-02-26 10:48:00,2026-02-26 13:21:00,296,21,2
887,4,15,14,2026-04-27 17:52:00,2026-04-27 21:46:00,148,2,2
888,7,11,15,2026-03-29 02:28:00,2026-03-29 03:55:00,303,17,3
889,6,39,20,2026-01-14 09:24:00,2026-01-14 13:12:00,463,26,2
890,2,3,11,2026-02-16 07:01:00,2026-02-16 08:48:00,99,4,3
891,3,28,14,2026-01-07 13:31:00,2026-01-07 16:55:00,370,25,3
892,3,42,17,2026-04-10 01:40:00,2026-04-10 04:52:00,204,4,2
893,3,42,9,2026-04-17 12:58:00,2026-04-17 14:14:00,344,14,3
894,8,10,15,2026-02-22 13:41:00,2026-02-22 15:34:00,137,1,1
895,9,40,18,2026-05-25 22:23:00,2026-05-26 01:20:00,490,2,2
896,7,25,2,2026-01-13 22:14:00,2026-01-14 01:37:00,350,9,2
897,8,43,18,2026-02-05 12:33:00,2026-02-05 14:08:00,320,2,1
898,3,28,10,2026-06-22 12:36:00,2026-06-22 13:57:00,406,7,2
899,7,31,15,2026-02-05 10:51:00,2026-02-05 12:21:00,168,5,2
900,3,42,15,2026-01-08 17:58:00,2026-01-08 21:06:00,359,25,3
901,2,3,3,2026-04-03 01:22:00,2026-04-03 04:16:00,207,4,3
902,10,9,9,2026-06-10 23:53:00,2026-06-11 03:09:00,188,1,2
903,1,34,16,2026-05-15 00:11:00,2026-05-15 03:34:00,282,5,3
904,10,16,5,2026-01-20 23:33:00,2026-01-21 02:40:00,465,35,3
905,9,40,3,2026-05-06 03:28:00,2026-05-06 06:59:00,335,4,3
906,10,16,8,2026-04-19 08:53:00,2026-04-19 09:56:00,177,11,1
907,4,29,7,2026-03-15 12:23:00,2026-03-15 15:19:00,233,15,2
908,4,37,9,2026-01-05 23:56:00,2026-01-06 02:50:00,477,27,2
909,10,18,11,2026-05-16 14:33:00,2026-05-16 16:33:00,144,7,3
910,4,15,6,2026-03-20 21:05:00,2026-03-20 22:07:00,138,10,3
911,7,31,2,2026-06-08 19:38:00,2026-06-08 22:39:00,148,11,3
912,3,24,7,2026-03-11 02:07:00,2026-03-11 02:55:00,261,6,3
913,5,45,3,2026-06-04 07:21:00,2026-06-04 08:23:00,446,14,3
914,9,22,13,2026-03-27 20:45:00,2026-03-28 00:37:00,116,8,1
915,10,9,9,2026-05-22 14:59:00,2026-05-22 17:52:00,238,11,2
916,2,46,8,2026-02-13 16:39:00,2026-02-13 17:46:00,447,2,1
917,8,4,18,2026-04-14 07:02:00,2026-04-14 08:34:00,288,9,3
918,3,23,2,2026-01-31 15:59:00,2026-01-31 19:29:00,399,15,2
919,8,10,10,2026-01-14 12:27:00,2026-01-14 15:57:00,134,7,2
920,3,5,2,2026-02-07 01:56:00,2026-02-07 04:34:00,92,3,3
921,3,28,3,2026-03-26 22:14:00,2026-03-26 23:27:00,374,11,3
922,1,47,10,2026-03-25 13:26:00,2026-03-25 16:59:00,417,30,2
923,4,37,17,2026-05-31 17:43:00,2026-05-31 21:30:00,50,2,1
924,5,6,6,2026-03-16 14:01:00,2026-03-16 15:00:00,202,4,2
925,10,19,15,2026-06-28 11:49:00,2026-06-28 13:01:00,118,3,3
926,5,45,10,2026-06-10 16:59:00,2026-06-10 19:24:00,255,1,1
927,1,34,14,2026-02-06 17:18:00,2026-02-06 20:22:00,416,19,3
928,3,5,18,2026-06-23 18:43:00,2026-06-23 19:17:00,411,32,3
929,7,2,10,2026-03-17 11:12:00,2026-03-17 13:20:00,489,10,1
930,3,30,16,2026-05-31 20:37:00,2026-05-31 22:11:00,305,8,2
931,3,23,11,2026-01-06 16:30:00,2026-01-06 17:27:00,248,13,3
932,6,39,3,2026-01-19 05:18:00,2026-01-19 07:57:00,449,6,2
933,3,30,5,2026-06-04 19:56:00,2026-06-04 23:06:00,179,8,2
934,4,8,16,2026-05-20 06:23:00,2026-05-20 08:13:00,71,2,3
935,8,14,1,2026-04-28 13:43:00,2026-04-28 15:10:00,228,6,2
936,7,25,3,2026-06-15 11:42:00,2026-06-15 14:24:00,260,20,1
937,8,21,18,2026-06-04 06:36:00,2026-06-04 09:02:00,218,5,2
938,4,8,16,2026-05-03 21:45:00,2026-05-04 00:00:00,165,4,1
939,9,26,20,2026-04-15 22:46:00,2026-04-16 01:50:00,360,2,1
940,10,13,14,2026-02-23 20:29:00,2026-02-23 22:50:00,314,10,2
941,8,10,14,2026-05-22 14:08:00,2026-05-22 16:17:00,227,11,1
942,3,5,17,2026-04-26 19:17:00,2026-04-26 22:49:00,409,6,2
943,7,2,1,2026-05-20 07:28:00,2026-05-20 10:36:00,461,9,1
944,4,15,10,2026-04-26 02:12:00,2026-04-26 03:59:00,248,7,1
945,4,29,20,2026-01-25 01:03:00,2026-01-25 04:32:00,136,10,2
946,8,4,20,2026-06-18 05:13:00,2026-06-18 08:33:00,357,28,2
947,8,43,2,2026-05-31 18:17:00,2026-05-31 20:44:00,461,33,1
948,7,31,14,2026-04-28 21:59:00,2026-04-29 01:38:00,318,0,2
949,7,2,18,2026-05-07 14:00:00,2026-05-07 16:40:00,449,5,3
950,3,24,12,2026-01-02 07:04:00,2026-01-02 07:35:00,444,5,1
951,1,47,14,2026-03-12 11:18:00,2026-03-12 15:10:00,348,2,1
952,8,20,15,2026-05-20 08:45:00,2026-05-20 12:40:00,77,3,3
953,6,39,19,2026-03-23 07:49:00,2026-03-23 10:12:00,116,2,3
954,7,48,17,2026-06-17 16:49:00,2026-06-17 18:06:00,166,7,2
955,8,4,9,2026-04-16 05:39:00,2026-04-16 08:06:00,213,16,1
956,7,11,10,2026-06-09 18:55:00,2026-06-09 20:38:00,150,0,1
957,8,14,8,2026-03-18 00:16:00,2026-03-18 01:15:00,114,4,1
958,4,29,9,2026-02-25 07:02:00,2026-02-25 10:22:00,291,0,3
959,6,12,17,2026-04-17 01:14:00,2026-04-17 04:10:00,308,7,1
960,7,49,6,2026-05-25 09:11:00,2026-05-25 12:26:00,363,24,2
961,10,7,6,2026-06-06 02:39:00,2026-06-06 05:10:00,480,28,3
962,8,43,5,2026-04-15 01:55:00,2026-04-15 03:50:00,50,2,2
963,10,16,12,2026-06-23 09:19:00,2026-06-23 12:10:00,270,7,2
964,10,9,7,2026-06-11 02:01:00,2026-06-11 03:19:00,265,7,1
965,9,22,19,2026-04-11 21:07:00,2026-04-11 22:32:00,108,4,2
966,4,36,6,2026-04-19 06:56:00,2026-04-19 10:16:00,56,0,3
967,4,8,10,2026-03-18 10:36:00,2026-03-18 12:47:00,166,5,1
968,10,7,17,2026-01-19 11:28:00,2026-01-19 13:55:00,121,4,3
969,8,14,17,2026-05-16 15:35:00,2026-05-16 16:51:00,132,9,2
970,7,48,10,2026-01-17 01:04:00,2026-01-17 04:28:00,480,3,3
971,3,28,1,2026-02-28 06:20:00,2026-02-28 09:07:00,120,2,2
972,3,42,2,2026-06-20 16:33:00,2026-06-20 20:19:00,270,19,1
973,8,43,11,2026-05-02 21:42:00,2026-05-03 00:34:00,198,11,1
974,6,17,13,2026-03-31 17:08:00,2026-03-31 17:56:00,153,1,2
975,10,7,4,2026-02-17 08:13:00,2026-02-17 10:42:00,67,3,1
976,9,41,16,2026-05-06 21:23:00,2026-05-07 00:47:00,178,11,2
977,2,3,16,2026-02-07 17:52:00,2026-02-07 20:41:00,148,3,2
978,7,25,18,2026-01-26 10:09:00,2026-01-26 13:36:00,336,1,3
979,10,9,10,2026-04-07 01:04:00,2026-04-07 03:01:00,150,11,3
980,6,39,19,2026-02-17 18:13:00,2026-02-17 20:39:00,436,24,1
981,10,16,2,2026-04-17 14:48:00,2026-04-17 18:38:00,263,17,1
982,10,38,11,2026-03-30 01:39:00,2026-03-30 02:20:00,267,20,2
983,7,48,7,2026-01-19 05:03:00,2026-01-19 06:00:00,118,5,2
984,9,22,10,2026-05-06 22:25:00,2026-05-07 01:09:00,272,1,2
985,8,10,4,2026-06-11 13:06:00,2026-06-11 16:02:00,371,14,2
986,5,6,3,2026-05-07 04:14:00,2026-05-07 08:07:00,223,7,1
987,3,24,14,2026-05-09 13:16:00,2026-05-09 13:56:00,386,0,1
988,3,23,6,2026-01-03 08:22:00,2026-01-03 10:14:00,219,11,2
989,5,45,18,2026-04-18 00:19:00,2026-04-18 03:05:00,418,4,2
990,10,38,12,2026-02-05 23:30:00,2026-02-06 02:00:00,93,2,3
991,3,24,2,2026-01-30 12:09:00,2026-01-30 16:07:00,210,1,3
992,3,23,8,2026-03-03 11:14:00,2026-03-03 13:08:00,389,21,1
993,5,45,18,2026-04-05 23:56:00,2026-04-06 03:30:00,202,5,2
994,7,2,12,2026-05-10 13:36:00,2026-05-10 16:13:00,337,4,3
995,3,23,12,2026-05-12 15:51:00,2026-05-12 16:52:00,210,6,3
996,3,28,16,2026-06-24 15:34:00,2026-06-24 18:57:00,415,15,3
997,6,27,13,2026-05-30 04:00:00,2026-05-30 05:12:00,400,18,1
998,10,1,10,2026-02-15 10:16:00,2026-02-15 14:04:00,291,9,3
999,9,41,10,2026-02-18 11:48:00,2026-02-18 15:43:00,164,7,3
1000,4,15,5,2026-03-10 09:09:00,2026-03-10 11:02:00,482,15,2
1001,10,18,15,2026-05-17 21:47:00,2026-05-17 23:30:00,62,0,3
1002,6,39,9,2026-04-30 19:02:00,2026-04-30 22:40:00,71,0,1
1003,7,31,17,2026-05-03 16:16:00,2026-05-03 17:18:00,92,6,1
1004,9,26,3,2026-01-21 04:42:00,2026-01-21 07:32:00,424,33,3
1005,10,1,10,2026-03-25 12:50:00,2026-03-25 16:13:00,363,6,3
1006,3,23,20,2026-02-11 23:48:00,2026-02-12 02:22:00,246,11,1
1007,2,3,11,2026-05-02 13:42:00,2026-05-02 15:50:00,401,31,2
1008,4,29,20,2026-01-04 02:47:00,2026-01-04 04:10:00,404,15,2
1009,4,29,10,2026-06-14 14:46:00,2026-06-14 18:00:00,179,3,2
1010,2,46,17,2026-01-12 22:06:00,2026-01-12 23:11:00,150,6,2
1011,3,28,13,2026-06-07 23:15:00,2026-06-08 01:21:00,127,3,3
1012,2,3,20,2026-03-31 14:01:00,2026-03-31 15:29:00,284,1,3
1013,9,22,13,2026-05-08 12:07:00,2026-05-08 14:13:00,481,28,1
1014,8,20,15,2026-02-15 18:23:00,2026-02-15 20:02:00,416,24,2
1015,5,45,3,2026-05-11 03:53:00,2026-05-11 07:14:00,180,6,1
1016,3,42,16,2026-05-25 12:59:00,2026-05-25 13:33:00,387,14,2
1017,8,21,17,2026-05-18 14:37:00,2026-05-18 15:25:00,176,11,2
1018,3,28,15,2026-01-11 14:13:00,2026-01-11 15:51:00,427,19,3
1019,7,25,16,2026-03-15 23:02:00,2026-03-16 01:27:00,228,3,1
1020,6,27,16,2026-01-31 01:07:00,2026-01-31 03:50:00,109,3,3
1021,2,46,13,2026-02-21 20:15:00,2026-02-21 23:37:00,474,24,2
1022,10,16,2,2026-06-13 15:45:00,2026-06-13 18:31:00,428,29,2
1023,9,33,8,2026-03-08 12:25:00,2026-03-08 15:47:00,460,11,1
1024,10,18,20,2026-05-09 17:57:00,2026-05-09 19:58:00,147,2,2
1025,4,36,12,2026-03-11 15:10:00,2026-03-11 16:51:00,330,13,1
1026,4,36,8,2026-01-26 08:54:00,2026-01-26 12:31:00,339,21,3
1027,8,50,10,2026-06-02 13:56:00,2026-06-02 16:00:00,62,3,3
1028,9,41,6,2026-06-18 00:22:00,2026-06-18 01:19:00,419,0,3
1029,6,39,14,2026-02-06 01:34:00,2026-02-06 04:15:00,474,33,3
1030,6,12,18,2026-03-25 20:05:00,2026-03-25 21:04:00,402,18,2
1031,10,9,1,2026-01-26 07:17:00,2026-01-26 10:12:00,257,3,1
1032,4,29,1,2026-01-19 05:17:00,2026-01-19 08:41:00,441,25,2
1033,2,46,19,2026-01-18 17:51:00,2026-01-18 20:43:00,282,16,2
1034,8,21,3,2026-05-06 04:55:00,2026-05-06 05:57:00,353,1,1
1035,9,41,12,2026-03-06 20:58:00,2026-03-06 22:21:00,350,2,2
1036,3,28,12,2026-05-14 10:50:00,2026-05-14 11:52:00,114,6,3
1037,3,30,15,2026-02-23 03:50:00,2026-02-23 07:35:00,87,5,2
1038,10,32,6,2026-02-15 17:46:00,2026-02-15 21:34:00,476,14,3
1039,7,48,4,2026-03-30 16:44:00,2026-03-30 17:29:00,216,4,2
1040,6,12,6,2026-01-21 15:18:00,2026-01-21 16:12:00,390,10,3
1041,7,48,20,2026-03-03 11:10:00,2026-03-03 13:24:00,51,1,2
1042,6,12,3,2026-05-27 06:54:00,2026-05-27 09:59:00,209,11,2
1043,4,15,16,2026-06-24 19:59:00,2026-06-24 22:35:00,331,13,2
1044,5,45,9,2026-04-26 23:47:00,2026-04-27 01:00:00,328,8,3
1045,6,39,11,2026-02-06 10:12:00,2026-02-06 11:53:00,190,12,3
1046,7,35,5,2026-03-03 19:39:00,2026-03-03 21:14:00,364,11,3
1047,10,18,15,2026-04-24 07:17:00,2026-04-24 09:52:00,372,1,3
1048,3,28,15,2026-05-11 22:58:00,2026-05-12 02:13:00,124,6,2
1049,7,49,6,2026-02-13 02:01:00,2026-02-13 04:38:00,409,5,3
1050,8,20,19,2026-04-29 05:45:00,2026-04-29 09:29:00,196,8,3
1051,4,15,11,2026-05-22 18:12:00,2026-05-22 19:10:00,321,1,1
1052,8,21,14,2026-05-06 11:19:00,2026-05-06 12:33:00,256,18,3
1053,8,43,19,2026-02-03 22:12:00,2026-02-04 00:20:00,367,2,1
1054,9,33,1,2026-02-22 21:44:00,2026-02-22 22:26:00,104,0,3
1055,8,44,6,2026-03-18 01:22:00,2026-03-18 02:14:00,255,16,3
1056,4,15,6,2026-06-22 01:19:00,2026-06-22 03:13:00,432,32,3
1057,3,28,17,2026-02-18 17:11:00,2026-02-18 20:33:00,362,5,3
1058,10,9,16,2026-02-06 05:03:00,2026-02-06 05:41:00,375,3,3
1059,1,34,4,2026-04-07 06:06:00,2026-04-07 09:33:00,404,22,2
1060,2,46,11,2026-06-20 03:40:00,2026-06-20 04:50:00,254,12,2
1061,9,41,18,2026-01-31 22:18:00,2026-02-01 00:36:00,227,5,3
1062,1,34,17,2026-04-12 07:16:00,2026-04-12 11:12:00,304,5,1
1063,6,17,6,2026-01-18 11:27:00,2026-01-18 14:31:00,329,8,2
1064,2,3,14,2026-04-03 10:09:00,2026-04-03 11:46:00,61,0,1
1065,8,50,1,2026-01-13 01:14:00,2026-01-13 02:28:00,235,13,3
1066,8,43,3,2026-02-11 11:10:00,2026-02-11 13:05:00,248,8,1
1067,8,14,4,2026-02-08 20:47:00,2026-02-08 23:05:00,462,5,1
1068,7,49,12,2026-06-07 03:03:00,2026-06-07 06:03:00,407,27,3
1069,6,27,16,2026-06-07 00:05:00,2026-06-07 01:48:00,414,26,2
1070,9,41,16,2026-02-12 15:46:00,2026-02-12 18:05:00,414,5,3
1071,6,17,17,2026-04-22 06:11:00,2026-04-22 08:48:00,264,11,3
1072,3,5,5,2026-04-29 19:25:00,2026-04-29 20:52:00,380,8,2
1073,9,41,11,2026-01-27 06:57:00,2026-01-27 10:38:00,313,8,2
1074,10,13,20,2026-02-12 15:39:00,2026-02-12 18:10:00,131,4,3
1075,7,11,3,2026-05-24 14:52:00,2026-05-24 18:34:00,100,3,3
1076,7,2,1,2026-06-03 21:47:00,2026-06-03 22:47:00,253,8,3
1077,7,31,18,2026-03-17 18:43:00,2026-03-17 21:10:00,242,1,3
1078,2,46,18,2026-04-10 23:58:00,2026-04-11 03:17:00,53,3,3
1079,7,11,4,2026-06-26 17:30:00,2026-06-26 19:33:00,398,12,3
1080,6,17,17,2026-01-11 07:51:00,2026-01-11 10:30:00,142,6,2
1081,2,3,18,2026-05-22 09:27:00,2026-05-22 10:55:00,86,6,1
1082,6,39,3,2026-03-18 19:22:00,2026-03-18 20:03:00,283,14,3
1083,2,3,17,2026-06-18 05:43:00,2026-06-18 07:13:00,71,3,2
1084,9,26,19,2026-04-10 06:44:00,2026-04-10 10:42:00,58,3,3
1085,10,38,14,2026-06-27 23:36:00,2026-06-28 00:17:00,388,19,3
1086,8,14,1,2026-05-25 13:46:00,2026-05-25 17:18:00,352,8,3
1087,9,40,18,2026-05-01 20:59:00,2026-05-01 22:45:00,89,1,1
1088,4,36,5,2026-02-04 17:28:00,2026-02-04 20:31:00,330,9,1
1089,9,22,17,2026-01-18 08:59:00,2026-01-18 12:18:00,184,11,3
1090,10,19,7,2026-01-27 22:17:00,2026-01-28 01:57:00,452,30,2
1091,3,5,4,2026-04-06 13:43:00,2026-04-06 17:41:00,432,21,3
1092,9,22,4,2026-01-28 01:54:00,2026-01-28 02:30:00,306,6,1
1093,3,28,20,2026-03-28 03:37:00,2026-03-28 06:31:00,381,15,2
1094,9,40,9,2026-04-15 02:39:00,2026-04-15 03:16:00,274,17,1
1095,8,43,6,2026-05-17 09:21:00,2026-05-17 11:44:00,212,12,2
1096,8,4,16,2026-03-08 10:42:00,2026-03-08 13:38:00,256,11,2
1097,3,5,18,2026-03-13 19:22:00,2026-03-13 21:31:00,195,9,3
1098,9,26,2,2026-06-01 22:15:00,2026-06-01 23:55:00,381,6,1
1099,10,38,20,2026-04-02 07:32:00,2026-04-02 08:49:00,347,8,1
1100,8,44,6,2026-03-06 09:01:00,2026-03-06 10:09:00,251,12,2
1101,4,29,7,2026-06-26 00:53:00,2026-06-26 02:17:00,165,13,1
1102,10,13,18,2026-01-08 05:56:00,2026-01-08 09:10:00,470,28,3
1103,7,25,20,2026-01-09 15:06:00,2026-01-09 18:06:00,57,1,3
1104,7,49,4,2026-03-18 12:02:00,2026-03-18 13:27:00,483,25,2
1105,9,22,5,2026-03-23 00:17:00,2026-03-23 04:10:00,449,15,2
1106,10,38,1,2026-04-27 11:54:00,2026-04-27 14:07:00,497,33,3
1107,9,40,11,2026-06-21 06:15:00,2026-06-21 07:57:00,147,6,1
1108,10,19,1,2026-03-26 18:32:00,2026-03-26 21:57:00,208,7,1
1109,10,38,9,2026-02-04 14:05:00,2026-02-04 15:58:00,84,0,2
1110,9,41,17,2026-03-06 15:27:00,2026-03-06 15:59:00,285,15,1
1111,7,11,6,2026-02-27 09:30:00,2026-02-27 11:37:00,384,17,3
1112,3,23,11,2026-03-23 03:42:00,2026-03-23 07:31:00,487,31,3
1113,5,6,5,2026-06-21 12:57:00,2026-06-21 13:36:00,197,3,1
1114,7,2,15,2026-05-20 06:58:00,2026-05-20 08:47:00,413,28,1
1115,6,39,9,2026-01-25 21:04:00,2026-01-25 23:13:00,440,14,2
1116,5,6,9,2026-03-27 04:47:00,2026-03-27 07:42:00,337,20,3
1117,4,15,17,2026-05-02 23:00:00,2026-05-02 23:47:00,329,12,2
1118,3,42,4,2026-02-01 18:03:00,2026-02-01 19:26:00,420,18,1
1119,9,33,9,2026-05-14 03:53:00,2026-05-14 07:31:00,369,18,3
1120,9,33,15,2026-04-04 09:07:00,2026-04-04 12:11:00,450,21,2
1121,6,12,8,2026-01-21 09:13:00,2026-01-21 10:45:00,211,1,3
1122,4,15,8,2026-04-04 01:44:00,2026-04-04 03:19:00,325,6,1
1123,10,19,6,2026-03-29 02:01:00,2026-03-29 03:56:00,455,8,3
1124,3,5,2,2026-02-21 01:12:00,2026-02-21 02:24:00,385,0,2
1125,8,14,1,2026-04-24 17:13:00,2026-04-24 19:23:00,354,15,2
1126,6,12,14,2026-04-09 20:13:00,2026-04-09 23:52:00,281,19,1
1127,4,8,19,2026-05-03 23:15:00,2026-05-04 00:10:00,487,26,3
1128,6,12,6,2026-01-02 17:47:00,2026-01-02 20:36:00,126,7,3
1129,4,15,13,2026-02-13 14:13:00,2026-02-13 17:49:00,431,10,3
1130,3,23,14,2026-01-27 03:12:00,2026-01-27 07:07:00,187,5,1
1131,7,49,2,2026-05-15 23:55:00,2026-05-16 03:22:00,300,13,3
1132,8,4,20,2026-04-22 04:51:00,2026-04-22 08:39:00,66,1,2
1133,4,15,16,2026-01-23 15:53:00,2026-01-23 19:49:00,302,2,2
1134,10,32,4,2026-06-27 17:35:00,2026-06-27 19:19:00,344,13,2
1135,10,19,19,2026-04-26 07:27:00,2026-04-26 09:15:00,473,1,1
1136,8,20,16,2026-03-11 23:58:00,2026-03-12 00:54:00,193,5,3
1137,10,16,3,2026-01-24 08:32:00,2026-01-24 11:48:00,373,3,1
1138,3,42,8,2026-05-24 08:25:00,2026-05-24 11:54:00,334,8,3
1139,8,4,10,2026-04-29 05:26:00,2026-04-29 07:46:00,450,10,1
1140,7,35,15,2026-04-20 03:36:00,2026-04-20 06:51:00,274,18,2
1141,9,33,13,2026-06-21 15:29:00,2026-06-21 17:44:00,498,37,3
1142,7,31,6,2026-01-14 01:41:00,2026-01-14 04:48:00,486,18,1
1143,1,34,16,2026-03-19 12:04:00,2026-03-19 14:54:00,404,31,3
1144,8,20,7,2026-01-20 15:35:00,2026-01-20 19:32:00,70,0,1
1145,10,19,11,2026-06-27 20:38:00,2026-06-27 22:29:00,225,17,3
1146,3,28,17,2026-02-24 12:04:00,2026-02-24 14:29:00,205,9,1
1147,10,32,14,2026-04-30 18:18:00,2026-04-30 22:10:00,485,33,1
1148,4,37,19,2026-04-18 01:07:00,2026-04-18 04:03:00,52,0,1
1149,8,14,8,2026-04-22 19:09:00,2026-04-22 22:37:00,93,1,1
1150,4,15,14,2026-04-16 13:49:00,2026-04-16 14:54:00,82,4,3
1151,6,12,10,2026-02-24 15:39:00,2026-02-24 19:03:00,314,17,2
1152,9,22,8,2026-03-22 17:18:00,2026-03-22 19:21:00,87,6,2
1153,9,41,20,2026-02-07 22:35:00,2026-02-08 00:16:00,189,14,3
1154,7,48,18,2026-04-07 10:20:00,2026-04-07 14:06:00,375,25,1
1155,8,14,13,2026-02-28 13:32:00,2026-02-28 15:53:00,316,17,1
1156,7,2,14,2026-02-07 09:58:00,2026-02-07 13:10:00,129,0,3
1157,10,32,13,2026-06-18 11:06:00,2026-06-18 12:13:00,433,17,2
1158,3,23,9,2026-02-08 18:32:00,2026-02-08 20:48:00,475,36,3
1159,10,1,10,2026-02-12 13:06:00,2026-02-12 14:03:00,226,5,2
1160,7,35,16,2026-04-29 07:23:00,2026-04-29 10:58:00,494,36,1
1161,4,8,10,2026-03-08 03:22:00,2026-03-08 05:12:00,140,4,2
1162,10,13,15,2026-03-16 13:02:00,2026-03-16 13:48:00,397,26,3
1163,6,17,15,2026-03-15 00:15:00,2026-03-15 02:17:00,281,0,1
1164,8,10,5,2026-04-03 22:34:00,2026-04-03 23:04:00,254,2,3
1165,6,27,15,2026-05-21 00:13:00,2026-05-21 00:45:00,169,0,3
1166,7,31,18,2026-04-13 10:52:00,2026-04-13 12:17:00,276,13,3
1167,7,35,11,2026-05-27 07:05:00,2026-05-27 09:57:00,257,13,3
1168,3,23,8,2026-01-22 19:52:00,2026-01-22 21:04:00,457,21,2
1169,10,19,7,2026-03-15 22:05:00,2026-03-15 23:12:00,388,11,2
1170,8,44,14,2026-04-04 12:12:00,2026-04-04 15:43:00,242,13,3
1171,8,4,10,2026-04-14 23:30:00,2026-04-15 00:40:00,123,1,1
1172,9,41,7,2026-05-20 15:26:00,2026-05-20 17:31:00,209,14,1
1173,7,48,20,2026-05-01 06:49:00,2026-05-01 10:44:00,308,0,1
1174,10,1,7,2026-04-30 19:39:00,2026-04-30 21:36:00,205,7,1
1175,10,18,11,2026-05-28 17:37:00,2026-05-28 20:59:00,132,0,3
1176,7,31,9,2026-01-19 10:53:00,2026-01-19 12:46:00,129,2,1
1177,1,47,8,2026-02-17 18:36:00,2026-02-17 21:48:00,263,20,3
1178,7,2,1,2026-04-18 09:02:00,2026-04-18 13:01:00,192,13,1
1179,3,24,13,2026-05-29 16:31:00,2026-05-29 20:25:00,365,1,2
1180,1,47,6,2026-01-15 01:50:00,2026-01-15 02:31:00,445,17,2
1181,9,26,1,2026-05-15 22:07:00,2026-05-15 23:42:00,134,8,3
1182,4,36,17,2026-01-27 03:42:00,2026-01-27 06:44:00,133,10,3
1183,4,37,19,2026-03-20 05:22:00,2026-03-20 07:11:00,292,15,3
1184,8,50,2,2026-01-11 23:01:00,2026-01-12 01:36:00,472,17,3
1185,9,41,10,2026-05-04 09:07:00,2026-05-04 11:58:00,367,24,3
1186,9,22,2,2026-04-25 23:41:00,2026-04-26 02:54:00,273,7,2
1187,9,33,10,2026-02-20 22:01:00,2026-02-21 00:07:00,337,22,3
1188,3,42,19,2026-06-09 14:43:00,2026-06-09 18:41:00,207,0,2
1189,2,46,19,2026-02-15 16:32:00,2026-02-15 19:54:00,232,15,3
1190,3,23,13,2026-02-04 04:25:00,2026-02-04 05:41:00,156,9,1
1191,8,21,17,2026-06-09 13:09:00,2026-06-09 14:14:00,119,0,3
1192,3,5,15,2026-03-06 15:40:00,2026-03-06 16:28:00,369,23,1
1193,1,34,7,2026-01-07 14:17:00,2026-01-07 15:45:00,343,10,1
1194,10,13,4,2026-05-21 14:45:00,2026-05-21 17:55:00,199,10,3
1195,2,3,1,2026-05-05 13:14:00,2026-05-05 14:34:00,348,3,1
1196,10,1,1,2026-06-06 05:08:00,2026-06-06 08:44:00,185,8,1
1197,10,13,4,2026-02-28 02:44:00,2026-02-28 03:38:00,480,4,2
1198,8,44,6,2026-03-01 12:06:00,2026-03-01 15:23:00,114,6,1
1199,10,19,1,2026-01-16 17:27:00,2026-01-16 18:18:00,268,13,1
1200,7,11,19,2026-01-12 22:02:00,2026-01-13 01:26:00,129,0,3
1201,3,42,12,2026-01-05 02:30:00,2026-01-05 06:01:00,166,9,2
1202,4,15,8,2026-05-20 18:25:00,2026-05-20 20:28:00,133,10,1
1203,8,44,14,2026-03-27 23:20:00,2026-03-28 01:04:00,137,7,2
1204,1,47,16,2026-02-20 11:28:00,2026-02-20 15:19:00,461,6,2
1205,3,24,8,2026-06-17 18:04:00,2026-06-17 20:22:00,203,6,1
1206,1,34,11,2026-05-28 22:08:00,2026-05-28 22:43:00,288,20,2
1207,2,3,10,2026-01-31 04:45:00,2026-01-31 07:10:00,478,23,3
1208,7,48,1,2026-04-23 04:47:00,2026-04-23 06:50:00,191,14,3
1209,10,13,20,2026-01-20 19:01:00,2026-01-20 20:07:00,260,5,2
1210,1,47,11,2026-02-24 00:56:00,2026-02-24 03:42:00,161,4,1
1211,7,48,9,2026-04-16 10:44:00,2026-04-16 13:16:00,480,17,3
1212,5,45,16,2026-02-08 08:54:00,2026-02-08 10:42:00,341,21,3
1213,8,43,12,2026-04-17 18:31:00,2026-04-17 20:52:00,364,2,3
1214,5,6,12,2026-03-04 17:53:00,2026-03-04 19:44:00,419,16,3
1215,10,18,19,2026-02-28 20:13:00,2026-02-28 22:55:00,216,9,3
1216,5,6,14,2026-03-15 22:27:00,2026-03-15 22:57:00,252,12,3
1217,5,45,18,2026-02-06 11:11:00,2026-02-06 12:05:00,241,10,3
1218,5,6,19,2026-05-08 18:19:00,2026-05-08 21:13:00,339,17,1
1219,4,36,17,2026-04-25 02:33:00,2026-04-25 06:08:00,449,16,2
1220,7,25,16,2026-05-12 00:49:00,2026-05-12 04:09:00,97,4,3
1221,9,40,17,2026-03-07 21:06:00,2026-03-08 00:49:00,332,23,2
1222,10,7,15,2026-06-20 05:45:00,2026-06-20 06:55:00,412,8,1
1223,3,5,7,2026-02-02 16:06:00,2026-02-02 19:03:00,159,1,1
1224,2,46,15,2026-04-29 20:12:00,2026-04-29 23:31:00,206,9,1
1225,9,33,10,2026-01-14 12:30:00,2026-01-14 14:22:00,99,4,1
1226,4,36,16,2026-03-09 00:22:00,2026-03-09 02:20:00,467,2,2
1227,3,23,15,2026-05-19 16:59:00,2026-05-19 17:57:00,379,17,1
1228,2,46,15,2026-03-12 16:02:00,2026-03-12 18:59:00,298,10,1
1229,10,9,20,2026-06-29 03:30:00,2026-06-29 04:09:00,154,2,1
1230,7,11,12,2026-04-12 16:39:00,2026-04-12 17:53:00,403,24,3
1231,9,41,16,2026-05-04 15:34:00,2026-05-04 19:02:00,232,2,1
1232,4,36,1,2026-04-19 17:35:00,2026-04-19 18:32:00,288,21,2
1233,3,24,18,2026-01-24 01:48:00,2026-01-24 05:30:00,445,5,3
1234,7,49,14,2026-03-10 22:22:00,2026-03-11 00:53:00,345,18,2
1235,8,10,5,2026-06-13 15:34:00,2026-06-13 18:48:00,470,34,3
1236,8,50,16,2026-06-07 18:07:00,2026-06-07 20:35:00,103,6,1
1237,4,36,18,2026-05-08 14:36:00,2026-05-08 15:55:00,279,15,3
1238,8,44,18,2026-01-25 21:05:00,2026-01-26 00:57:00,60,2,1
1239,10,16,2,2026-04-06 18:18:00,2026-04-06 19:13:00,124,0,1
1240,10,9,5,2026-05-12 08:37:00,2026-05-12 11:50:00,195,9,2
1241,3,30,2,2026-06-11 22:32:00,2026-06-12 01:14:00,315,24,1
1242,10,18,20,2026-02-27 08:31:00,2026-02-27 12:22:00,425,20,2
1243,8,21,14,2026-01-22 07:17:00,2026-01-22 10:53:00,180,3,2
1244,3,42,12,2026-01-15 11:47:00,2026-01-15 13:11:00,271,21,2
1245,10,16,7,2026-02-24 23:14:00,2026-02-25 00:35:00,297,19,3
1246,7,11,14,2026-06-05 17:34:00,2026-06-05 20:10:00,272,2,1
1247,9,33,14,2026-06-17 17:39:00,2026-06-17 18:41:00,448,32,1
1248,3,23,5,2026-06-10 00:43:00,2026-06-10 03:32:00,230,5,2
1249,5,45,5,2026-06-26 02:40:00,2026-06-26 05:42:00,105,0,1
1250,5,45,15,2026-02-16 17:07:00,2026-02-16 18:14:00,481,37,3
1251,4,15,17,2026-05-13 02:41:00,2026-05-13 04:52:00,253,14,2
1252,8,43,8,2026-06-26 09:43:00,2026-06-26 10:50:00,421,23,2
1253,3,28,7,2026-04-02 16:06:00,2026-04-02 17:46:00,240,4,3
1254,2,46,18,2026-02-09 17:17:00,2026-02-09 20:03:00,348,13,3
1255,4,37,5,2026-03-28 20:31:00,2026-03-29 00:24:00,234,17,2
1256,9,22,12,2026-05-25 19:26:00,2026-05-25 21:54:00,69,0,2
1257,1,47,2,2026-01-22 15:21:00,2026-01-22 16:18:00,338,12,3
1258,10,18,5,2026-02-20 17:02:00,2026-02-20 19:09:00,498,33,1
1259,1,47,10,2026-01-21 09:03:00,2026-01-21 10:54:00,216,7,2
1260,10,19,2,2026-06-26 00:14:00,2026-06-26 01:16:00,320,20,3
1261,8,20,5,2026-03-15 16:05:00,2026-03-15 18:40:00,64,4,3
1262,10,9,1,2026-04-24 21:08:00,2026-04-24 22:37:00,471,28,1
1263,10,13,12,2026-02-04 11:13:00,2026-02-04 14:09:00,121,1,2
1264,6,17,4,2026-04-21 00:35:00,2026-04-21 03:45:00,344,6,3
1265,6,17,3,2026-04-05 17:52:00,2026-04-05 19:32:00,239,16,1
1266,6,39,10,2026-04-10 23:32:00,2026-04-11 01:43:00,249,7,3
1267,8,14,12,2026-02-13 02:48:00,2026-02-13 04:26:00,52,1,3
1268,3,42,12,2026-02-25 09:39:00,2026-02-25 10:46:00,131,7,3
1269,3,30,20,2026-04-01 09:01:00,2026-04-01 13:01:00,285,6,3
1270,4,8,3,2026-04-06 12:57:00,2026-04-06 14:30:00,233,18,3
1271,6,39,3,2026-04-07 19:10:00,2026-04-07 21:14:00,291,16,1
1272,8,50,14,2026-01-15 07:15:00,2026-01-15 11:10:00,435,10,2
1273,9,41,6,2026-06-21 06:33:00,2026-06-21 09:18:00,281,0,1
1274,2,46,16,2026-05-18 01:14:00,2026-05-18 05:11:00,204,0,3
1275,3,42,17,2026-02-02 10:43:00,2026-02-02 13:42:00,179,10,3
1276,2,3,12,2026-06-24 07:59:00,2026-06-24 11:49:00,195,1,2
1277,9,33,18,2026-02-02 22:54:00,2026-02-03 01:38:00,370,8,3
1278,3,23,18,2026-01-13 12:18:00,2026-01-13 13:21:00,413,11,1
1279,10,32,20,2026-05-22 03:40:00,2026-05-22 05:09:00,274,20,1
1280,10,1,16,2026-02-08 21:56:00,2026-02-08 22:50:00,478,15,2
1281,10,1,1,2026-03-30 16:29:00,2026-03-30 20:13:00,171,0,2
1282,9,33,19,2026-05-20 23:52:00,2026-05-21 03:00:00,412,11,1
1283,3,24,1,2026-05-22 00:20:00,2026-05-22 02:18:00,363,16,1
1284,10,7,1,2026-05-27 22:23:00,2026-05-27 23:13:00,349,24,1
1285,7,31,18,2026-05-01 18:35:00,2026-05-01 21:49:00,271,17,3
1286,4,8,1,2026-05-04 06:13:00,2026-05-04 08:45:00,225,12,1
1287,5,6,6,2026-05-26 15:11:00,2026-05-26 18:18:00,455,23,1
1288,10,32,17,2026-02-09 10:13:00,2026-02-09 11:14:00,238,4,1
1289,2,3,9,2026-02-01 14:17:00,2026-02-01 15:57:00,163,5,2
1290,8,14,10,2026-02-04 01:28:00,2026-02-04 02:00:00,431,3,2
1291,10,13,2,2026-05-23 15:39:00,2026-05-23 18:50:00,107,6,2
1292,4,15,15,2026-03-12 02:28:00,2026-03-12 03:07:00,459,20,3
1293,10,13,8,2026-04-24 09:25:00,2026-04-24 12:36:00,138,2,1
1294,4,15,2,2026-03-22 08:21:00,2026-03-22 09:34:00,348,0,1
1295,3,24,2,2026-01-20 16:27:00,2026-01-20 18:53:00,481,23,2
1296,3,24,18,2026-03-31 12:19:00,2026-03-31 16:15:00,498,39,3
1297,7,25,15,2026-01-03 21:11:00,2026-01-04 00:53:00,260,5,2
1298,8,10,17,2026-01-27 13:32:00,2026-01-27 14:59:00,274,4,3
1299,6,39,20,2026-01-05 01:44:00,2026-01-05 03:33:00,251,13,3
1300,8,21,14,2026-03-06 06:48:00,2026-03-06 10:05:00,403,8,3
1301,10,7,12,2026-03-06 05:51:00,2026-03-06 07:54:00,477,2,1
1302,9,40,4,2026-04-27 08:27:00,2026-04-27 09:13:00,87,6,2
1303,8,14,4,2026-05-05 03:58:00,2026-05-05 05:44:00,230,17,2
1304,9,41,17,2026-05-16 16:40:00,2026-05-16 20:37:00,177,3,3
1305,9,41,1,2026-03-21 02:44:00,2026-03-21 06:01:00,263,12,1
1306,9,26,2,2026-05-30 13:10:00,2026-05-30 14:36:00,141,6,3
1307,10,19,9,2026-06-14 10:29:00,2026-06-14 12:15:00,292,5,3
1308,10,19,6,2026-03-04 01:40:00,2026-03-04 04:35:00,157,0,1
1309,8,14,10,2026-01-09 13:21:00,2026-01-09 16:35:00,444,13,1
1310,8,20,16,2026-03-23 22:22:00,2026-03-24 01:13:00,414,6,1
1311,7,11,5,2026-03-07 23:31:00,2026-03-08 01:19:00,284,19,3
1312,3,23,20,2026-05-03 11:51:00,2026-05-03 12:21:00,117,8,1
1313,10,38,2,2026-04-20 15:16:00,2026-04-20 17:57:00,84,1,1
1314,7,35,2,2026-04-04 18:17:00,2026-04-04 19:21:00,468,20,1
1315,3,23,2,2026-06-18 16:36:00,2026-06-18 19:14:00,221,17,2
1316,10,1,13,2026-05-19 19:08:00,2026-05-19 21:32:00,431,16,3
1317,9,33,3,2026-04-28 09:55:00,2026-04-28 13:47:00,389,0,1
1318,7,49,17,2026-06-01 14:19:00,2026-06-01 15:50:00,370,20,1
1319,7,2,16,2026-03-09 02:23:00,2026-03-09 06:18:00,67,2,1
1320,8,50,1,2026-04-12 06:34:00,2026-04-12 08:17:00,303,21,1
1321,4,8,20,2026-06-22 03:28:00,2026-06-22 05:13:00,496,29,3
1322,10,38,8,2026-06-25 16:19:00,2026-06-25 16:56:00,430,19,2
1323,4,36,4,2026-06-27 17:26:00,2026-06-27 21:03:00,401,29,1
1324,1,34,15,2026-05-23 14:05:00,2026-05-23 15:30:00,496,13,3
1325,6,39,20,2026-04-09 15:50:00,2026-04-09 18:18:00,388,28,2
1326,9,40,8,2026-02-04 21:30:00,2026-02-04 22:02:00,271,21,3
1327,9,41,10,2026-01-14 23:20:00,2026-01-15 02:58:00,216,17,2
1328,10,32,14,2026-02-02 00:02:00,2026-02-02 00:56:00,204,14,2
1329,4,8,5,2026-02-04 00:26:00,2026-02-04 01:48:00,372,15,1
1330,7,48,8,2026-03-16 16:24:00,2026-03-16 18:29:00,111,8,3
1331,5,45,5,2026-02-16 16:47:00,2026-02-16 20:05:00,84,2,3
1332,2,3,13,2026-05-05 13:27:00,2026-05-05 16:18:00,428,21,1
1333,10,1,12,2026-05-05 01:32:00,2026-05-05 02:38:00,139,6,2
1334,10,9,18,2026-06-05 05:19:00,2026-06-05 08:19:00,75,5,3
1335,2,3,4,2026-03-19 01:13:00,2026-03-19 01:53:00,368,24,2
1336,1,34,6,2026-06-04 17:11:00,2026-06-04 17:47:00,431,23,3
1337,6,17,9,2026-04-07 10:46:00,2026-04-07 12:35:00,237,4,2
1338,8,21,15,2026-01-28 18:04:00,2026-01-28 21:45:00,414,29,2
1339,7,2,3,2026-01-09 14:42:00,2026-01-09 15:20:00,112,7,2
1340,8,50,3,2026-05-01 20:15:00,2026-05-01 21:15:00,448,9,2
1341,6,17,10,2026-03-19 00:28:00,2026-03-19 02:24:00,192,3,3
1342,8,21,11,2026-05-07 12:32:00,2026-05-07 15:14:00,93,6,2
1343,7,11,18,2026-05-25 03:39:00,2026-05-25 06:19:00,371,11,1
1344,3,28,13,2026-03-23 05:42:00,2026-03-23 07:27:00,246,11,3
1345,3,42,16,2026-02-15 21:49:00,2026-02-16 00:06:00,87,2,1
1346,6,39,10,2026-01-08 01:46:00,2026-01-08 04:19:00,410,7,3
1347,6,39,20,2026-05-22 14:26:00,2026-05-22 15:27:00,476,5,3
1348,3,24,15,2026-01-26 12:13:00,2026-01-26 13:59:00,59,4,1
1349,9,33,10,2026-03-02 20:50:00,2026-03-02 23:15:00,340,18,2
1350,10,1,17,2026-05-09 16:14:00,2026-05-09 18:04:00,119,3,2
1351,4,37,2,2026-04-20 10:17:00,2026-04-20 13:48:00,124,4,1
1352,6,27,1,2026-02-11 20:58:00,2026-02-11 22:32:00,326,20,1
1353,3,24,11,2026-05-22 03:42:00,2026-05-22 06:04:00,215,1,2
1354,7,11,4,2026-04-02 17:30:00,2026-04-02 19:04:00,332,6,1
1355,1,34,17,2026-03-22 06:17:00,2026-03-22 08:46:00,97,2,1
1356,5,6,18,2026-03-18 12:36:00,2026-03-18 13:55:00,305,13,3
1357,8,20,5,2026-03-07 12:21:00,2026-03-07 14:25:00,61,0,1
1358,9,33,5,2026-01-16 23:07:00,2026-01-17 00:20:00,239,3,3
1359,1,47,5,2026-06-15 13:15:00,2026-06-15 14:00:00,96,2,2
1360,8,14,12,2026-01-31 16:44:00,2026-01-31 20:44:00,375,2,2
1361,9,33,13,2026-04-16 12:06:00,2026-04-16 12:46:00,362,16,1
1362,4,15,15,2026-04-23 14:24:00,2026-04-23 15:47:00,347,22,3
1363,4,37,20,2026-06-23 22:22:00,2026-06-24 00:23:00,72,4,3
1364,10,19,16,2026-02-08 23:53:00,2026-02-09 03:39:00,201,13,2
1365,8,43,7,2026-01-20 12:32:00,2026-01-20 13:21:00,353,13,1
1366,1,34,14,2026-04-30 19:31:00,2026-04-30 20:56:00,446,12,2
1367,10,13,15,2026-04-25 13:59:00,2026-04-25 17:00:00,316,24,1
1368,3,30,7,2026-02-11 03:56:00,2026-02-11 07:23:00,387,25,2
1369,2,3,9,2026-03-04 10:27:00,2026-03-04 11:18:00,329,9,3
1370,3,28,3,2026-03-09 03:51:00,2026-03-09 07:06:00,79,3,1
1371,3,30,7,2026-04-29 08:04:00,2026-04-29 11:13:00,347,11,1
1372,8,50,15,2026-03-22 16:33:00,2026-03-22 18:34:00,266,12,1
1373,4,37,3,2026-04-06 01:23:00,2026-04-06 03:57:00,184,3,3
1374,8,21,7,2026-01-12 10:46:00,2026-01-12 11:45:00,227,3,3
1375,3,28,3,2026-02-07 19:06:00,2026-02-07 21:34:00,100,0,1
1376,8,21,2,2026-06-22 00:42:00,2026-06-22 03:35:00,251,2,1
1377,9,26,7,2026-05-19 16:56:00,2026-05-19 18:18:00,303,8,1
1378,9,40,15,2026-01-04 15:18:00,2026-01-04 17:53:00,207,7,1
1379,10,19,12,2026-05-20 20:17:00,2026-05-20 23:10:00,267,17,3
1380,10,18,18,2026-01-13 15:36:00,2026-01-13 18:31:00,453,20,1
1381,10,7,4,2026-01-16 05:55:00,2026-01-16 06:47:00,250,0,2
1382,4,37,3,2026-03-11 22:47:00,2026-03-12 02:47:00,459,12,1
1383,3,5,3,2026-05-07 04:23:00,2026-05-07 07:11:00,338,6,3
1384,9,41,2,2026-06-28 06:45:00,2026-06-28 08:45:00,358,4,3
1385,3,24,16,2026-01-02 12:10:00,2026-01-02 15:36:00,211,8,3
1386,9,26,11,2026-01-23 10:02:00,2026-01-23 11:40:00,327,22,1
1387,5,6,11,2026-02-01 17:18:00,2026-02-01 21:16:00,309,6,3
1388,3,24,14,2026-02-02 10:16:00,2026-02-02 13:32:00,248,16,1
1389,4,36,19,2026-01-06 17:17:00,2026-01-06 19:05:00,170,1,1
1390,3,28,8,2026-01-27 11:26:00,2026-01-27 13:39:00,461,34,2
1391,5,45,10,2026-03-21 21:30:00,2026-03-22 00:34:00,405,16,3
1392,1,34,6,2026-06-23 22:40:00,2026-06-24 00:48:00,341,19,3
1393,3,30,3,2026-03-03 03:40:00,2026-03-03 05:00:00,297,5,2
1394,9,26,14,2026-04-25 20:20:00,2026-04-25 21:42:00,186,9,1
1395,7,11,17,2026-04-22 02:46:00,2026-04-22 06:37:00,470,27,3
1396,7,2,3,2026-03-25 19:24:00,2026-03-25 22:11:00,94,5,1
1397,10,9,13,2026-03-05 18:06:00,2026-03-05 21:14:00,376,29,1
1398,8,21,6,2026-02-15 19:14:00,2026-02-15 21:23:00,55,4,3
1399,6,17,12,2026-01-30 02:31:00,2026-01-30 06:18:00,50,3,2
1400,6,27,12,2026-05-03 16:31:00,2026-05-03 17:47:00,320,10,1
1401,7,31,15,2026-01-04 17:32:00,2026-01-04 21:17:00,372,22,2
1402,10,18,10,2026-02-14 14:30:00,2026-02-14 15:41:00,159,2,3
1403,7,2,1,2026-03-30 18:47:00,2026-03-30 19:27:00,187,14,3
1404,3,42,18,2026-02-11 04:02:00,2026-02-11 07:36:00,305,10,1
1405,7,25,5,2026-05-21 16:19:00,2026-05-21 18:11:00,380,23,2
1406,4,36,9,2026-04-03 15:41:00,2026-04-03 19:25:00,71,0,2
1407,4,36,18,2026-03-28 03:42:00,2026-03-28 04:37:00,78,1,3
1408,10,1,17,2026-02-06 14:02:00,2026-02-06 15:45:00,127,1,2
1409,10,32,6,2026-05-22 16:13:00,2026-05-22 19:49:00,82,0,2
1410,10,19,13,2026-04-05 17:28:00,2026-04-05 19:43:00,126,2,2
1411,4,15,6,2026-01-31 18:43:00,2026-01-31 19:23:00,403,5,2
1412,10,7,16,2026-01-17 11:18:00,2026-01-17 14:44:00,316,15,1
1413,9,33,15,2026-03-28 11:02:00,2026-03-28 14:18:00,103,4,1
1414,7,35,9,2026-01-22 19:37:00,2026-01-22 23:04:00,59,3,2
1415,3,5,11,2026-03-18 18:10:00,2026-03-18 22:08:00,155,3,1
1416,5,6,1,2026-04-03 21:57:00,2026-04-03 23:30:00,266,2,3
1417,10,9,5,2026-01-06 18:45:00,2026-01-06 19:23:00,474,6,3
1418,3,5,13,2026-05-03 19:10:00,2026-05-03 21:09:00,337,12,1
1419,9,40,7,2026-02-14 14:25:00,2026-02-14 16:56:00,56,0,1
1420,1,34,5,2026-04-16 08:10:00,2026-04-16 11:06:00,87,3,1
1421,3,24,7,2026-01-24 21:02:00,2026-01-24 22:39:00,218,7,3
1422,10,19,12,2026-04-08 22:21:00,2026-04-09 01:37:00,60,0,3
1423,10,16,2,2026-02-06 21:48:00,2026-02-07 01:03:00,415,20,2
1424,9,22,18,2026-02-10 05:00:00,2026-02-10 07:33:00,488,9,1
1425,1,47,11,2026-02-15 19:49:00,2026-02-15 20:36:00,397,29,3
1426,4,15,1,2026-03-16 09:20:00,2026-03-16 11:06:00,246,0,2
1427,9,26,13,2026-04-20 15:10:00,2026-04-20 17:50:00,195,4,3
1428,10,16,10,2026-05-10 15:33:00,2026-05-10 18:26:00,244,14,1
1429,7,25,8,2026-01-06 04:04:00,2026-01-06 06:48:00,436,32,1
1430,5,6,18,2026-05-17 19:25:00,2026-05-17 20:18:00,490,17,1
1431,7,11,15,2026-04-03 07:30:00,2026-04-03 09:00:00,255,10,1
1432,8,14,14,2026-05-04 19:56:00,2026-05-04 22:16:00,225,11,1
1433,7,35,12,2026-02-04 16:16:00,2026-02-04 16:47:00,339,20,3
1434,10,7,20,2026-01-29 21:21:00,2026-01-30 00:32:00,220,12,3
1435,8,43,3,2026-02-28 21:32:00,2026-02-28 22:19:00,125,8,2
1436,1,34,6,2026-02-26 17:27:00,2026-02-26 19:11:00,139,6,1
1437,9,22,7,2026-04-01 15:25:00,2026-04-01 17:19:00,343,22,2
1438,9,26,1,2026-04-13 14:20:00,2026-04-13 15:51:00,290,15,1
1439,10,16,16,2026-06-26 01:11:00,2026-06-26 04:04:00,97,6,3
1440,10,13,7,2026-01-08 14:03:00,2026-01-08 15:29:00,118,4,3
1441,2,3,15,2026-04-13 03:05:00,2026-04-13 04:34:00,251,19,3
1442,2,46,20,2026-05-01 16:13:00,2026-05-01 19:22:00,463,2,2
1443,8,43,19,2026-01-05 23:43:00,2026-01-06 03:25:00,426,22,3
1444,8,4,18,2026-01-14 18:49:00,2026-01-14 21:30:00,486,38,1
1445,6,12,14,2026-06-05 17:23:00,2026-06-05 21:07:00,129,6,3
1446,10,7,13,2026-03-22 15:17:00,2026-03-22 18:12:00,76,0,2
1447,5,45,10,2026-04-20 07:43:00,2026-04-20 10:17:00,163,9,1
1448,8,4,14,2026-06-08 11:20:00,2026-06-08 12:10:00,244,11,3
1449,10,7,12,2026-04-16 20:48:00,2026-04-17 00:14:00,280,2,1
1450,8,14,16,2026-06-05 18:18:00,2026-06-05 21:31:00,64,3,1
1451,3,24,10,2026-05-08 18:45:00,2026-05-08 20:23:00,84,2,2
1452,7,25,8,2026-01-06 08:32:00,2026-01-06 09:53:00,424,21,3
1453,10,9,18,2026-01-08 14:24:00,2026-01-08 15:05:00,414,8,3
1454,4,29,3,2026-05-04 20:30:00,2026-05-04 23:23:00,345,26,1
1455,6,17,16,2026-06-29 08:34:00,2026-06-29 09:41:00,164,6,1
1456,3,5,10,2026-02-07 12:57:00,2026-02-07 14:47:00,403,31,1
1457,1,34,2,2026-02-13 01:45:00,2026-02-13 03:19:00,422,4,3
1458,4,36,16,2026-04-10 06:05:00,2026-04-10 09:33:00,241,9,1
1459,3,5,10,2026-06-17 10:13:00,2026-06-17 14:02:00,133,6,2
1460,3,5,4,2026-03-14 19:56:00,2026-03-14 21:09:00,319,7,3
1461,10,38,1,2026-06-07 20:50:00,2026-06-07 23:07:00,302,17,1
1462,8,21,11,2026-04-23 12:47:00,2026-04-23 16:26:00,309,5,2
1463,5,45,12,2026-03-06 14:36:00,2026-03-06 16:56:00,122,8,1
1464,7,35,1,2026-03-10 16:53:00,2026-03-10 19:52:00,154,2,2
1465,8,4,17,2026-03-12 02:31:00,2026-03-12 06:29:00,135,3,1
1466,10,1,17,2026-06-03 17:45:00,2026-06-03 20:37:00,260,2,2
1467,3,28,19,2026-01-07 20:07:00,2026-01-07 22:34:00,399,3,1
1468,10,38,10,2026-01-21 19:37:00,2026-01-21 22:17:00,425,1,3
1469,10,13,15,2026-05-09 00:11:00,2026-05-09 01:44:00,109,6,2
1470,8,20,15,2026-02-06 05:28:00,2026-02-06 07:27:00,161,10,1
1471,4,37,14,2026-01-21 09:13:00,2026-01-21 13:10:00,203,15,2
1472,8,44,12,2026-04-16 14:30:00,2026-04-16 15:55:00,333,10,3
1473,9,22,2,2026-02-25 23:41:00,2026-02-26 02:19:00,277,19,3
1474,5,6,11,2026-05-04 14:50:00,2026-05-04 15:58:00,173,8,1
1475,4,15,7,2026-04-25 08:09:00,2026-04-25 12:08:00,189,3,1
1476,4,36,1,2026-03-19 20:36:00,2026-03-19 21:28:00,163,12,1
1477,4,29,12,2026-03-15 04:07:00,2026-03-15 07:12:00,483,5,3
1478,10,18,9,2026-03-06 13:26:00,2026-03-06 16:42:00,103,3,3
1479,4,36,16,2026-04-23 10:56:00,2026-04-23 14:06:00,439,34,2
1480,2,46,10,2026-02-11 19:35:00,2026-02-11 22:43:00,455,13,3
1481,10,7,4,2026-06-07 06:26:00,2026-06-07 08:00:00,229,1,3
1482,3,42,13,2026-06-17 07:03:00,2026-06-17 09:27:00,167,10,3
1483,7,11,5,2026-05-23 20:26:00,2026-05-23 22:00:00,277,15,1
1484,9,33,12,2026-04-19 20:08:00,2026-04-19 23:05:00,212,12,3
1485,7,35,1,2026-05-25 14:31:00,2026-05-25 17:03:00,314,9,1
1486,8,20,13,2026-03-05 15:50:00,2026-03-05 17:02:00,303,11,1
1487,10,38,10,2026-02-25 00:43:00,2026-02-25 04:37:00,475,11,2
1488,3,5,7,2026-04-10 18:02:00,2026-04-10 20:30:00,352,21,1
1489,10,7,4,2026-06-20 21:08:00,2026-06-20 22:06:00,58,0,2
1490,10,18,15,2026-01-09 01:05:00,2026-01-09 02:48:00,145,3,3
1491,5,45,13,2026-03-29 05:13:00,2026-03-29 08:26:00,59,0,1
1492,6,27,3,2026-04-17 05:50:00,2026-04-17 08:33:00,295,19,1
1493,8,43,10,2026-05-06 23:47:00,2026-05-07 00:22:00,469,0,3
1494,10,16,12,2026-02-09 09:07:00,2026-02-09 12:12:00,241,4,1
1495,8,44,18,2026-04-27 10:47:00,2026-04-27 11:27:00,477,28,2
1496,8,4,4,2026-01-05 06:17:00,2026-01-05 08:26:00,81,0,1
1497,3,24,4,2026-02-02 07:48:00,2026-02-02 08:48:00,420,13,1
1498,9,41,6,2026-01-17 17:37:00,2026-01-17 18:07:00,436,29,2
1499,3,28,1,2026-04-24 04:36:00,2026-04-24 08:32:00,168,1,2
1500,10,38,20,2026-02-24 08:11:00,2026-02-24 09:41:00,54,2,2
1501,8,44,18,2026-04-27 11:26:00,2026-04-27 12:05:00,157,11,3
1502,8,50,6,2026-02-16 02:56:00,2026-02-16 05:50:00,310,6,3
1503,7,11,17,2026-01-07 04:10:00,2026-01-07 06:56:00,361,17,3
1504,10,13,18,2026-03-24 09:32:00,2026-03-24 10:46:00,200,3,2
1505,10,32,4,2026-04-18 20:01:00,2026-04-18 23:00:00,68,1,3
1506,10,7,16,2026-01-05 14:10:00,2026-01-05 16:32:00,150,4,2
1507,7,49,12,2026-05-30 11:52:00,2026-05-30 15:03:00,196,2,1
1508,10,38,1,2026-01-30 01:00:00,2026-01-30 02:30:00,477,17,2
1509,10,32,8,2026-05-02 03:21:00,2026-05-02 04:59:00,216,13,2
1510,10,16,8,2026-06-22 20:14:00,2026-06-22 23:20:00,124,0,2
1511,4,36,1,2026-04-20 18:24:00,2026-04-20 20:38:00,323,15,2
1512,8,43,20,2026-06-28 03:25:00,2026-06-28 04:53:00,402,23,2
1513,6,39,1,2026-04-08 06:54:00,2026-04-08 09:50:00,313,24,1
1514,7,25,11,2026-01-13 13:10:00,2026-01-13 16:46:00,285,17,1
1515,7,2,14,2026-01-30 02:20:00,2026-01-30 04:51:00,116,7,2
1516,10,18,14,2026-01-31 23:52:00,2026-02-01 03:31:00,144,8,2
1517,10,7,12,2026-06-27 16:14:00,2026-06-27 20:10:00,75,4,2
1518,4,36,6,2026-03-01 20:12:00,2026-03-02 00:01:00,500,28,1
1519,7,11,18,2026-02-18 04:48:00,2026-02-18 05:32:00,424,33,2
1520,2,3,15,2026-01-25 10:39:00,2026-01-25 11:09:00,434,32,2
1521,9,33,12,2026-02-21 17:44:00,2026-02-21 19:37:00,346,3,1
1522,6,27,12,2026-02-20 12:24:00,2026-02-20 15:29:00,426,24,2
1523,5,6,8,2026-01-19 23:08:00,2026-01-20 02:08:00,290,17,1
1524,7,35,12,2026-02-24 17:59:00,2026-02-24 18:46:00,314,4,2
1525,3,23,13,2026-05-07 02:18:00,2026-05-07 05:28:00,125,7,2
1526,8,20,16,2026-05-21 16:18:00,2026-05-21 19:57:00,261,18,2
1527,8,21,13,2026-05-30 14:59:00,2026-05-30 18:15:00,179,12,1
1528,8,21,19,2026-02-10 07:41:00,2026-02-10 11:11:00,322,11,3
1529,6,27,14,2026-04-05 08:10:00,2026-04-05 11:48:00,104,5,1
1530,3,5,19,2026-01-21 10:26:00,2026-01-21 13:43:00,399,20,3
1531,4,37,20,2026-03-14 00:00:00,2026-03-14 01:27:00,482,2,2
1532,3,30,18,2026-06-18 20:35:00,2026-06-18 23:02:00,289,20,1
1533,3,23,15,2026-03-02 05:50:00,2026-03-02 07:02:00,433,21,2
1534,3,30,10,2026-05-21 21:30:00,2026-05-21 23:41:00,339,11,1
1535,1,47,20,2026-02-06 09:46:00,2026-02-06 11:28:00,247,12,2
1536,6,39,1,2026-03-30 12:20:00,2026-03-30 13:22:00,375,28,1
1537,2,46,2,2026-01-31 03:25:00,2026-01-31 05:01:00,132,6,1
1538,6,17,3,2026-06-14 22:18:00,2026-06-15 02:07:00,331,19,3
1539,1,34,7,2026-01-10 10:36:00,2026-01-10 14:00:00,159,12,1
1540,7,49,17,2026-01-14 03:32:00,2026-01-14 04:21:00,218,2,3
1541,7,49,6,2026-03-18 19:45:00,2026-03-18 22:48:00,105,8,2
1542,3,24,19,2026-06-07 13:54:00,2026-06-07 15:28:00,350,0,2
1543,8,21,14,2026-04-13 02:33:00,2026-04-13 05:27:00,160,6,1
1544,1,34,10,2026-03-17 23:04:00,2026-03-18 02:39:00,356,2,2
1545,5,6,1,2026-04-15 10:26:00,2026-04-15 11:55:00,247,11,1
1546,7,2,7,2026-05-13 23:43:00,2026-05-14 02:08:00,454,4,2
1547,4,29,1,2026-01-22 21:51:00,2026-01-22 23:33:00,119,7,3
1548,9,26,11,2026-06-10 19:12:00,2026-06-10 22:43:00,241,10,2
1549,5,6,9,2026-06-15 07:33:00,2026-06-15 08:56:00,313,13,3
1550,8,50,13,2026-04-04 19:02:00,2026-04-04 20:02:00,59,4,2
1551,6,27,8,2026-03-29 15:01:00,2026-03-29 17:17:00,123,9,1
1552,1,34,20,2026-02-13 16:31:00,2026-02-13 19:09:00,334,22,2
1553,6,12,8,2026-05-04 14:27:00,2026-05-04 17:06:00,277,16,1
1554,9,33,15,2026-03-13 07:00:00,2026-03-13 07:31:00,170,9,1
1555,10,7,19,2026-05-31 22:16:00,2026-06-01 00:44:00,115,6,1
1556,6,17,3,2026-05-27 16:05:00,2026-05-27 17:20:00,391,4,1
1557,8,14,7,2026-05-27 07:24:00,2026-05-27 11:06:00,123,5,1
1558,8,14,5,2026-01-04 12:01:00,2026-01-04 14:09:00,382,4,2
1559,3,30,17,2026-02-01 01:57:00,2026-02-01 05:46:00,207,3,3
1560,3,28,15,2026-04-18 14:14:00,2026-04-18 17:39:00,266,0,1
1561,3,23,9,2026-03-08 07:40:00,2026-03-08 09:57:00,135,3,1
1562,2,46,15,2026-05-09 06:40:00,2026-05-09 07:40:00,464,18,3
1563,1,47,19,2026-06-04 12:44:00,2026-06-04 14:25:00,254,11,2
1564,8,50,3,2026-06-01 16:41:00,2026-06-01 17:29:00,367,26,2
1565,5,45,7,2026-05-02 04:08:00,2026-05-02 05:26:00,424,1,1
1566,10,7,5,2026-05-29 11:33:00,2026-05-29 14:40:00,403,30,2
1567,10,16,2,2026-01-17 16:00:00,2026-01-17 17:45:00,62,3,3
1568,10,19,5,2026-01-13 18:40:00,2026-01-13 22:02:00,199,8,1
1569,9,33,2,2026-05-24 23:03:00,2026-05-25 01:57:00,296,16,2
1570,10,7,12,2026-05-30 21:42:00,2026-05-30 23:46:00,410,16,1
1571,6,12,1,2026-03-19 14:48:00,2026-03-19 15:42:00,319,18,1
1572,10,1,10,2026-01-31 21:49:00,2026-01-31 22:48:00,77,4,1
1573,2,46,20,2026-05-12 08:27:00,2026-05-12 10:10:00,443,22,1
1574,9,41,13,2026-05-11 23:35:00,2026-05-12 00:21:00,457,3,2
1575,8,43,3,2026-01-12 10:54:00,2026-01-12 13:39:00,411,24,3
1576,10,32,4,2026-02-26 00:40:00,2026-02-26 01:18:00,175,4,3
1577,3,42,20,2026-05-28 06:50:00,2026-05-28 09:13:00,101,6,2
1578,1,47,12,2026-02-02 22:39:00,2026-02-02 23:54:00,115,6,1
1579,10,19,15,2026-02-03 04:49:00,2026-02-03 08:28:00,50,1,1
1580,7,25,7,2026-01-09 01:53:00,2026-01-09 04:59:00,171,5,2
1581,10,1,9,2026-03-05 13:44:00,2026-03-05 15:51:00,247,5,2
1582,8,4,8,2026-02-13 01:27:00,2026-02-13 04:45:00,101,1,1
1583,6,12,1,2026-04-11 11:19:00,2026-04-11 14:48:00,92,0,2
1584,6,12,6,2026-04-21 01:48:00,2026-04-21 05:11:00,463,10,3
1585,7,35,11,2026-05-09 22:52:00,2026-05-10 01:45:00,165,6,2
1586,9,26,13,2026-02-20 13:58:00,2026-02-20 17:07:00,333,1,2
1587,1,34,2,2026-01-07 03:29:00,2026-01-07 06:33:00,381,25,3
1588,3,5,14,2026-03-25 05:47:00,2026-03-25 08:15:00,179,9,1
1589,7,31,6,2026-03-12 17:26:00,2026-03-12 20:19:00,434,8,3
1590,3,24,13,2026-06-01 06:02:00,2026-06-01 08:23:00,209,13,1
1591,7,2,10,2026-02-25 09:01:00,2026-02-25 12:20:00,238,7,2
1592,4,29,1,2026-06-12 08:01:00,2026-06-12 09:22:00,86,1,3
1593,4,29,5,2026-05-27 23:29:00,2026-05-28 00:20:00,67,1,3
1594,3,30,11,2026-04-14 18:19:00,2026-04-14 19:11:00,276,3,3
1595,9,33,14,2026-01-08 01:59:00,2026-01-08 03:37:00,156,3,3
1596,7,31,13,2026-03-11 00:01:00,2026-03-11 02:06:00,246,2,1
1597,10,13,20,2026-04-08 20:25:00,2026-04-08 21:59:00,471,35,3
1598,8,44,8,2026-02-04 14:06:00,2026-02-04 17:13:00,372,6,1
1599,3,23,11,2026-04-02 06:38:00,2026-04-02 07:45:00,441,7,3
1600,8,10,3,2026-05-18 00:10:00,2026-05-18 03:32:00,198,11,2
1601,7,11,19,2026-01-03 14:08:00,2026-01-03 17:33:00,179,14,3
1602,7,25,8,2026-05-26 01:17:00,2026-05-26 02:58:00,128,5,1
1603,6,17,18,2026-04-22 19:58:00,2026-04-22 20:35:00,430,29,2
1604,1,47,9,2026-06-20 02:52:00,2026-06-20 06:44:00,210,7,2
1605,4,36,11,2026-05-13 12:23:00,2026-05-13 16:16:00,469,3,3
1606,2,46,14,2026-01-08 01:36:00,2026-01-08 02:34:00,203,13,3
1607,8,10,20,2026-01-14 07:49:00,2026-01-14 10:26:00,270,5,2
1608,8,21,20,2026-01-01 02:53:00,2026-01-01 04:48:00,497,32,1
1609,3,30,5,2026-05-12 06:52:00,2026-05-12 07:31:00,59,4,1
1610,6,27,13,2026-06-08 11:52:00,2026-06-08 13:16:00,352,8,2
1611,2,3,12,2026-03-21 18:52:00,2026-03-21 19:23:00,289,12,1
1612,9,40,5,2026-05-18 09:57:00,2026-05-18 13:55:00,298,0,1
1613,8,14,14,2026-03-05 07:40:00,2026-03-05 09:35:00,166,4,2
1614,4,8,11,2026-02-21 13:11:00,2026-02-21 14:13:00,487,2,1
1615,3,28,19,2026-03-21 05:21:00,2026-03-21 08:54:00,349,23,3
1616,7,25,10,2026-05-27 06:02:00,2026-05-27 07:07:00,194,6,3
1617,3,23,5,2026-04-07 20:42:00,2026-04-08 00:02:00,463,31,3
1618,9,41,2,2026-01-15 20:35:00,2026-01-15 22:36:00,312,19,2
1619,6,27,20,2026-04-20 13:18:00,2026-04-20 16:44:00,443,13,2
1620,9,33,2,2026-06-10 18:04:00,2026-06-10 19:37:00,161,1,1
1621,7,2,13,2026-04-24 00:22:00,2026-04-24 02:57:00,489,2,3
1622,10,13,12,2026-04-28 20:38:00,2026-04-28 23:21:00,311,5,3
1623,6,12,4,2026-01-24 17:01:00,2026-01-24 18:37:00,397,24,3
1624,9,22,17,2026-03-02 20:04:00,2026-03-02 21:28:00,52,2,1
1625,10,9,20,2026-05-13 10:12:00,2026-05-13 12:56:00,61,1,3
1626,3,28,1,2026-03-27 13:56:00,2026-03-27 17:09:00,391,6,3
1627,3,42,3,2026-05-27 17:57:00,2026-05-27 21:52:00,341,9,3
1628,9,22,16,2026-05-29 19:37:00,2026-05-29 20:53:00,126,1,1
1629,3,42,6,2026-06-07 04:05:00,2026-06-07 05:39:00,262,18,2
1630,2,46,19,2026-05-22 00:45:00,2026-05-22 04:13:00,349,15,2
1631,8,21,13,2026-01-08 07:36:00,2026-01-08 08:06:00,191,8,1
1632,7,31,5,2026-03-17 23:37:00,2026-03-18 01:03:00,267,18,3
1633,7,49,2,2026-03-16 20:44:00,2026-03-16 23:19:00,412,7,1
1634,6,12,6,2026-01-06 05:00:00,2026-01-06 07:45:00,193,3,1
1635,10,7,8,2026-06-06 15:15:00,2026-06-06 17:04:00,211,10,3
1636,3,23,10,2026-06-06 02:25:00,2026-06-06 06:21:00,499,26,1
1637,6,12,10,2026-06-26 16:23:00,2026-06-26 19:43:00,217,0,1
1638,3,30,14,2026-06-28 09:35:00,2026-06-28 10:22:00,286,20,3
1639,10,13,1,2026-03-17 14:16:00,2026-03-17 16:47:00,372,18,3
1640,10,19,6,2026-06-14 04:28:00,2026-06-14 05:12:00,325,12,3
1641,9,40,6,2026-06-16 18:24:00,2026-06-16 20:00:00,314,9,3
1642,1,34,18,2026-06-15 20:49:00,2026-06-15 21:47:00,490,36,1
1643,10,19,11,2026-05-17 08:04:00,2026-05-17 11:35:00,115,0,2
1644,9,41,14,2026-02-16 14:30:00,2026-02-16 18:19:00,392,26,3
1645,7,11,2,2026-02-07 05:31:00,2026-02-07 09:09:00,196,0,1
1646,1,47,8,2026-04-21 04:09:00,2026-04-21 05:41:00,103,3,2
1647,3,23,18,2026-06-19 03:56:00,2026-06-19 06:00:00,196,13,1
1648,9,41,18,2026-04-10 19:24:00,2026-04-10 22:45:00,78,1,1
1649,1,34,12,2026-06-09 04:21:00,2026-06-09 07:43:00,302,15,2
1650,9,22,1,2026-02-01 16:15:00,2026-02-01 18:42:00,242,12,2
1651,8,14,3,2026-03-14 08:06:00,2026-03-14 09:39:00,186,11,1
1652,7,31,5,2026-02-18 18:22:00,2026-02-18 21:38:00,122,4,2
1653,2,46,20,2026-03-27 12:32:00,2026-03-27 15:08:00,57,0,3
1654,8,50,11,2026-02-26 14:15:00,2026-02-26 14:53:00,388,4,3
1655,10,1,14,2026-01-09 21:07:00,2026-01-09 22:32:00,180,10,3
1656,8,4,14,2026-03-04 16:37:00,2026-03-04 17:50:00,461,30,1
1657,9,40,12,2026-05-27 21:10:00,2026-05-27 22:46:00,154,5,1
1658,8,20,16,2026-02-07 09:27:00,2026-02-07 12:48:00,202,10,1
1659,7,48,7,2026-03-21 02:49:00,2026-03-21 04:34:00,355,10,3
1660,10,13,7,2026-04-23 02:29:00,2026-04-23 04:28:00,87,4,1
1661,9,33,16,2026-04-18 12:30:00,2026-04-18 14:38:00,333,3,1
1662,1,34,8,2026-02-01 00:44:00,2026-02-01 04:37:00,81,3,3
1663,3,42,15,2026-03-14 02:20:00,2026-03-14 04:53:00,364,12,3
1664,1,47,9,2026-05-03 01:24:00,2026-05-03 03:56:00,412,16,3
1665,4,36,10,2026-05-15 02:05:00,2026-05-15 04:34:00,132,1,1
1666,8,4,9,2026-03-17 09:51:00,2026-03-17 12:50:00,158,10,3
1667,6,12,19,2026-02-19 11:02:00,2026-02-19 14:56:00,215,0,3
1668,8,44,6,2026-02-23 11:25:00,2026-02-23 14:33:00,434,8,2
1669,9,22,13,2026-06-15 02:35:00,2026-06-15 04:17:00,142,10,3
1670,9,26,11,2026-02-15 23:21:00,2026-02-16 00:09:00,163,12,3
1671,4,15,10,2026-03-25 01:23:00,2026-03-25 04:02:00,282,13,2
1672,5,6,5,2026-04-27 04:45:00,2026-04-27 06:48:00,272,4,1
1673,7,35,2,2026-05-14 11:08:00,2026-05-14 13:00:00,455,11,1
1674,9,40,17,2026-01-08 06:02:00,2026-01-08 09:36:00,241,6,3
1675,10,18,9,2026-04-24 05:22:00,2026-04-24 07:10:00,150,10,2
1676,10,13,8,2026-01-16 08:41:00,2026-01-16 12:39:00,383,9,3
1677,10,18,6,2026-06-27 09:07:00,2026-06-27 13:06:00,59,4,2
1678,10,13,5,2026-03-22 02:02:00,2026-03-22 04:58:00,273,1,1
1679,9,40,7,2026-05-07 17:14:00,2026-05-07 18:55:00,159,2,2
1680,3,28,4,2026-03-04 00:02:00,2026-03-04 01:10:00,290,1,1
1681,10,38,6,2026-01-16 15:40:00,2026-01-16 16:47:00,51,1,2
1682,7,31,8,2026-03-14 22:46:00,2026-03-14 23:25:00,213,9,2
1683,1,47,18,2026-04-26 06:28:00,2026-04-26 09:29:00,77,4,1
1684,8,43,6,2026-01-08 10:31:00,2026-01-08 13:10:00,259,16,2
1685,6,27,9,2026-01-18 04:16:00,2026-01-18 07:39:00,313,12,2
1686,3,5,18,2026-01-17 02:17:00,2026-01-17 04:43:00,346,2,2
1687,4,37,1,2026-01-22 16:19:00,2026-01-22 20:07:00,246,7,2
1688,8,14,2,2026-03-16 21:10:00,2026-03-17 00:25:00,433,17,1
1689,10,18,20,2026-02-03 08:00:00,2026-02-03 10:01:00,146,4,2
1690,4,29,12,2026-04-08 15:03:00,2026-04-08 15:55:00,392,17,1
1691,8,43,16,2026-03-27 08:56:00,2026-03-27 12:26:00,307,10,2
1692,1,47,13,2026-03-01 06:13:00,2026-03-01 08:52:00,161,10,1
1693,2,46,12,2026-02-15 01:24:00,2026-02-15 02:01:00,400,24,2
1694,10,13,12,2026-06-08 07:52:00,2026-06-08 09:08:00,310,16,1
1695,9,22,15,2026-03-22 16:54:00,2026-03-22 18:14:00,168,5,1
1696,7,11,16,2026-03-09 21:40:00,2026-03-10 01:25:00,428,10,3
1697,8,20,10,2026-03-03 20:13:00,2026-03-03 22:10:00,324,7,1
1698,4,29,8,2026-01-14 01:31:00,2026-01-14 03:48:00,333,23,3
1699,6,39,19,2026-05-09 07:50:00,2026-05-09 09:52:00,303,0,2
1700,2,3,8,2026-01-29 22:48:00,2026-01-30 02:04:00,412,31,3
1701,3,28,1,2026-04-08 20:23:00,2026-04-08 22:47:00,468,23,1
1702,8,43,8,2026-06-14 05:22:00,2026-06-14 06:27:00,270,10,1
1703,3,30,20,2026-06-04 11:50:00,2026-06-04 13:02:00,140,4,3
1704,7,25,16,2026-04-30 21:40:00,2026-04-30 22:42:00,243,9,3
1705,8,4,19,2026-03-19 23:48:00,2026-03-20 02:34:00,57,0,2
1706,3,42,10,2026-05-09 17:26:00,2026-05-09 20:34:00,254,13,3
1707,10,32,17,2026-01-11 16:04:00,2026-01-11 18:05:00,76,3,1
1708,4,29,20,2026-05-27 06:00:00,2026-05-27 07:27:00,215,6,3
1709,6,39,13,2026-06-08 22:30:00,2026-06-09 01:44:00,147,6,1
1710,3,42,11,2026-02-02 15:01:00,2026-02-02 17:47:00,134,7,2
1711,6,27,11,2026-05-14 00:05:00,2026-05-14 02:48:00,322,5,3
1712,9,33,10,2026-03-05 10:47:00,2026-03-05 11:31:00,322,2,3
1713,9,22,4,2026-01-29 14:38:00,2026-01-29 16:41:00,90,6,3
1714,8,10,1,2026-05-21 11:56:00,2026-05-21 13:09:00,500,34,2
1715,8,4,19,2026-04-28 16:15:00,2026-04-28 16:48:00,134,3,1
1716,10,18,17,2026-02-14 15:52:00,2026-02-14 19:09:00,103,2,2
1717,5,45,17,2026-01-25 09:00:00,2026-01-25 12:17:00,274,1,1
1718,10,7,15,2026-05-08 12:12:00,2026-05-08 13:13:00,162,8,1
1719,10,16,6,2026-03-25 06:38:00,2026-03-25 08:23:00,302,13,3
1720,9,40,2,2026-02-09 07:52:00,2026-02-09 11:27:00,429,9,1
1721,6,27,3,2026-05-17 01:55:00,2026-05-17 02:42:00,202,7,2
1722,8,4,12,2026-02-10 05:24:00,2026-02-10 08:19:00,150,11,1
1723,9,26,18,2026-04-28 20:14:00,2026-04-28 21:20:00,315,6,2
1724,9,26,11,2026-03-29 23:40:00,2026-03-30 01:24:00,291,6,2
1725,4,36,4,2026-02-25 05:44:00,2026-02-25 08:09:00,216,4,1
1726,8,20,13,2026-04-04 19:28:00,2026-04-04 21:33:00,238,12,3
1727,4,8,5,2026-05-04 07:53:00,2026-05-04 10:45:00,207,14,2
1728,8,14,5,2026-02-21 20:23:00,2026-02-21 23:02:00,322,10,3
1729,1,47,10,2026-06-12 18:11:00,2026-06-12 20:20:00,281,4,1
1730,1,34,8,2026-02-27 16:13:00,2026-02-27 19:46:00,117,0,1
1731,2,46,4,2026-01-16 05:29:00,2026-01-16 09:24:00,185,4,3
1732,3,5,6,2026-05-14 04:41:00,2026-05-14 05:32:00,321,11,2
1733,7,2,20,2026-03-10 14:33:00,2026-03-10 15:36:00,78,1,1
1734,4,36,4,2026-01-12 00:03:00,2026-01-12 00:50:00,359,1,2
1735,8,4,13,2026-03-23 09:19:00,2026-03-23 11:16:00,270,9,3
1736,4,29,4,2026-05-08 12:12:00,2026-05-08 14:21:00,221,8,1
1737,10,16,10,2026-04-22 16:41:00,2026-04-22 19:56:00,401,16,1
1738,5,6,2,2026-03-16 10:26:00,2026-03-16 11:47:00,460,20,1
1739,8,21,15,2026-01-13 07:37:00,2026-01-13 11:26:00,106,3,2
1740,10,19,6,2026-02-02 05:23:00,2026-02-02 06:56:00,301,5,2
1741,10,38,5,2026-04-10 09:33:00,2026-04-10 11:16:00,50,1,1
1742,6,17,18,2026-03-28 17:46:00,2026-03-28 18:43:00,424,20,2
1743,4,37,8,2026-06-11 00:55:00,2026-06-11 04:36:00,292,2,3
1744,2,46,8,2026-02-27 22:08:00,2026-02-28 01:21:00,127,3,2
1745,10,18,18,2026-04-27 13:24:00,2026-04-27 14:12:00,193,5,2
1746,7,31,16,2026-05-05 03:48:00,2026-05-05 06:11:00,350,15,2
1747,10,19,16,2026-06-29 14:44:00,2026-06-29 16:21:00,393,6,1
1748,9,26,5,2026-03-07 04:06:00,2026-03-07 06:07:00,497,17,2
1749,8,50,19,2026-04-14 12:12:00,2026-04-14 14:50:00,427,11,1
1750,7,31,11,2026-04-02 09:07:00,2026-04-02 11:45:00,463,14,3
1751,4,29,4,2026-06-07 13:44:00,2026-06-07 16:37:00,426,31,3
1752,4,37,12,2026-03-11 06:21:00,2026-03-11 09:02:00,266,8,2
1753,5,45,7,2026-05-16 04:13:00,2026-05-16 08:09:00,459,26,1
1754,3,5,3,2026-01-03 21:11:00,2026-01-03 23:21:00,123,3,1
1755,7,2,20,2026-05-19 07:57:00,2026-05-19 11:12:00,366,2,2
1756,9,22,20,2026-02-22 11:38:00,2026-02-22 15:32:00,413,23,3
1757,7,11,10,2026-06-01 21:31:00,2026-06-01 22:42:00,157,0,3
1758,7,2,12,2026-06-15 04:26:00,2026-06-15 05:15:00,471,17,2
1759,6,39,8,2026-02-14 07:25:00,2026-02-14 09:11:00,283,10,3
1760,8,20,11,2026-04-08 14:43:00,2026-04-08 18:12:00,480,7,2
1761,5,45,13,2026-04-18 20:03:00,2026-04-18 21:00:00,198,2,2
1762,4,15,11,2026-06-14 04:30:00,2026-06-14 05:35:00,204,11,2
1763,8,14,10,2026-06-01 13:28:00,2026-06-01 17:17:00,286,17,3
1764,8,44,11,2026-06-26 02:42:00,2026-06-26 04:31:00,178,11,2
1765,3,28,14,2026-01-05 23:52:00,2026-01-06 03:29:00,106,6,2
1766,1,47,18,2026-04-08 10:01:00,2026-04-08 13:03:00,279,0,1
1767,3,28,16,2026-02-26 06:44:00,2026-02-26 07:24:00,476,33,1
1768,1,47,10,2026-05-19 13:50:00,2026-05-19 15:43:00,186,3,3
1769,5,6,5,2026-05-23 02:53:00,2026-05-23 06:51:00,50,3,3
1770,10,18,10,2026-02-03 13:34:00,2026-02-03 14:21:00,128,10,3
1771,1,47,13,2026-01-25 16:18:00,2026-01-25 19:56:00,316,6,3
1772,3,42,5,2026-03-13 07:49:00,2026-03-13 08:55:00,351,19,1
1773,8,21,6,2026-03-23 11:58:00,2026-03-23 12:57:00,385,4,3
1774,3,28,18,2026-04-29 12:27:00,2026-04-29 13:18:00,293,11,3
1775,10,32,20,2026-04-01 02:46:00,2026-04-01 03:53:00,484,11,1
1776,10,7,18,2026-04-09 21:32:00,2026-04-10 00:36:00,500,0,2
1777,1,47,1,2026-05-27 08:48:00,2026-05-27 10:42:00,265,20,2
1778,7,49,13,2026-01-31 14:03:00,2026-01-31 16:56:00,189,3,3
1779,8,44,2,2026-03-30 10:52:00,2026-03-30 13:41:00,158,10,1
1780,3,42,3,2026-04-07 00:55:00,2026-04-07 02:23:00,323,10,1
1781,6,39,5,2026-02-21 14:44:00,2026-02-21 16:07:00,366,5,1
1782,8,10,15,2026-03-14 03:22:00,2026-03-14 05:17:00,191,9,1
1783,9,22,16,2026-01-02 23:08:00,2026-01-03 02:43:00,335,19,1
1784,8,50,15,2026-04-24 11:06:00,2026-04-24 11:49:00,326,0,3
1785,2,3,20,2026-03-18 23:22:00,2026-03-19 01:54:00,329,25,1
1786,7,11,19,2026-01-27 22:52:00,2026-01-28 02:22:00,341,14,3
1787,2,46,17,2026-06-07 22:10:00,2026-06-08 01:37:00,466,35,3
1788,6,39,6,2026-02-27 21:43:00,2026-02-28 00:54:00,339,16,1
1789,10,9,3,2026-05-31 12:01:00,2026-05-31 13:59:00,97,2,2
1790,7,2,14,2026-03-02 14:32:00,2026-03-02 18:18:00,319,13,1
1791,8,21,10,2026-04-11 09:14:00,2026-04-11 11:14:00,414,26,1
1792,3,24,5,2026-05-02 11:42:00,2026-05-02 14:36:00,203,9,3
1793,8,50,12,2026-01-20 01:51:00,2026-01-20 04:15:00,64,0,2
1794,8,21,16,2026-01-10 06:51:00,2026-01-10 07:36:00,220,5,2
1795,9,41,12,2026-01-27 23:10:00,2026-01-28 03:10:00,51,3,1
1796,4,29,2,2026-06-29 09:45:00,2026-06-29 11:05:00,306,11,3
1797,9,40,8,2026-05-09 08:55:00,2026-05-09 12:45:00,112,8,3
1798,10,16,12,2026-03-11 11:29:00,2026-03-11 13:05:00,431,13,2
1799,10,18,12,2026-06-21 19:07:00,2026-06-21 21:28:00,295,19,3
1800,10,19,8,2026-04-13 13:14:00,2026-04-13 16:52:00,379,7,3
1801,10,16,8,2026-01-05 19:02:00,2026-01-05 21:26:00,440,11,1
1802,8,21,5,2026-01-12 05:05:00,2026-01-12 05:58:00,258,12,2
1803,8,21,12,2026-05-28 12:36:00,2026-05-28 15:21:00,206,2,2
1804,3,5,3,2026-01-12 13:21:00,2026-01-12 16:30:00,153,2,2
1805,7,2,7,2026-02-24 00:41:00,2026-02-24 03:19:00,317,3,3
1806,10,7,7,2026-06-06 10:17:00,2026-06-06 13:22:00,268,13,3
1807,10,9,7,2026-01-14 08:57:00,2026-01-14 10:44:00,360,10,2
1808,4,8,15,2026-04-12 22:17:00,2026-04-12 23:53:00,208,0,2
1809,6,27,17,2026-03-20 03:25:00,2026-03-20 03:57:00,341,17,1
1810,8,21,11,2026-03-17 07:46:00,2026-03-17 10:05:00,243,4,1
1811,8,4,14,2026-01-29 18:01:00,2026-01-29 19:02:00,338,6,1
1812,10,13,18,2026-06-17 20:26:00,2026-06-17 22:47:00,426,22,1
1813,10,18,10,2026-06-21 09:00:00,2026-06-21 11:05:00,79,6,3
1814,4,29,18,2026-05-10 12:14:00,2026-05-10 15:06:00,138,2,1
1815,6,17,3,2026-02-20 19:41:00,2026-02-20 21:59:00,154,7,2
1816,3,30,2,2026-03-18 23:48:00,2026-03-19 03:36:00,91,4,1
1817,9,22,5,2026-05-24 02:35:00,2026-05-24 03:12:00,252,1,1
1818,7,49,20,2026-02-14 03:38:00,2026-02-14 05:52:00,205,7,2
1819,4,29,15,2026-02-01 11:12:00,2026-02-01 13:04:00,309,22,2
1820,3,30,8,2026-03-10 19:23:00,2026-03-10 23:15:00,370,19,2
1821,2,46,7,2026-03-06 05:31:00,2026-03-06 09:21:00,478,24,3
1822,6,27,13,2026-02-06 06:09:00,2026-02-06 09:54:00,336,15,3
1823,9,41,8,2026-03-17 07:09:00,2026-03-17 09:13:00,213,4,1
1824,10,16,18,2026-05-08 07:33:00,2026-05-08 08:42:00,142,11,2
1825,7,25,10,2026-03-14 07:01:00,2026-03-14 08:40:00,442,6,1
1826,9,22,6,2026-06-07 14:39:00,2026-06-07 16:46:00,300,15,2
1827,9,26,15,2026-05-08 13:25:00,2026-05-08 16:38:00,367,17,1
1828,8,21,10,2026-06-06 07:58:00,2026-06-06 10:37:00,122,2,1
1829,8,50,12,2026-05-23 04:58:00,2026-05-23 07:41:00,271,9,1
1830,6,39,5,2026-05-17 07:19:00,2026-05-17 11:06:00,175,8,3
1831,9,33,10,2026-02-23 21:17:00,2026-02-24 00:15:00,499,0,3
1832,2,3,10,2026-04-01 22:11:00,2026-04-01 22:42:00,472,3,3
1833,6,17,18,2026-03-05 16:27:00,2026-03-05 17:38:00,493,17,3
1834,10,7,4,2026-01-16 19:06:00,2026-01-16 22:16:00,367,28,1
1835,8,4,18,2026-06-04 19:30:00,2026-06-04 21:37:00,176,4,1
1836,9,22,4,2026-04-23 18:09:00,2026-04-23 18:45:00,129,5,2
1837,8,14,3,2026-02-26 22:17:00,2026-02-27 01:46:00,247,19,3
1838,2,46,4,2026-06-13 04:34:00,2026-06-13 06:38:00,86,6,1
1839,4,37,11,2026-05-01 10:17:00,2026-05-01 12:54:00,466,24,2
1840,8,44,8,2026-06-18 18:25:00,2026-06-18 21:16:00,134,5,3
1841,8,44,13,2026-06-03 15:53:00,2026-06-03 16:34:00,182,6,2
1842,3,24,2,2026-01-02 05:09:00,2026-01-02 08:30:00,447,15,3
1843,4,37,11,2026-06-18 06:06:00,2026-06-18 08:56:00,216,2,1
1844,7,11,10,2026-05-18 20:06:00,2026-05-18 22:22:00,441,1,1
1845,1,47,5,2026-06-06 00:10:00,2026-06-06 02:03:00,66,4,1
1846,5,6,18,2026-06-08 10:55:00,2026-06-08 11:46:00,332,2,3
1847,10,13,6,2026-05-19 07:10:00,2026-05-19 09:34:00,325,4,3
1848,1,47,11,2026-02-18 05:36:00,2026-02-18 07:53:00,96,3,3
1849,3,28,18,2026-04-07 02:08:00,2026-04-07 05:10:00,426,23,3
1850,9,41,4,2026-03-24 02:00:00,2026-03-24 04:18:00,321,16,3
1851,10,32,7,2026-05-17 22:32:00,2026-05-18 01:15:00,445,31,1
1852,3,28,18,2026-06-05 23:35:00,2026-06-06 00:21:00,323,7,3
1853,3,5,1,2026-03-23 06:37:00,2026-03-23 08:40:00,68,0,2
1854,10,18,3,2026-04-02 22:56:00,2026-04-03 02:12:00,229,13,2
1855,6,12,20,2026-05-19 18:09:00,2026-05-19 21:19:00,499,34,2
1856,7,2,4,2026-05-16 01:39:00,2026-05-16 03:26:00,124,9,1
1857,7,2,19,2026-05-12 15:01:00,2026-05-12 15:54:00,218,2,1
1858,9,22,16,2026-06-27 16:59:00,2026-06-27 17:38:00,401,3,3
1859,4,36,15,2026-03-08 07:07:00,2026-03-08 09:04:00,107,1,2
1860,1,47,17,2026-04-07 12:07:00,2026-04-07 13:41:00,422,12,1
1861,4,15,3,2026-02-06 00:52:00,2026-02-06 01:24:00,144,10,2
1862,6,39,1,2026-04-06 01:00:00,2026-04-06 02:55:00,455,26,1
1863,3,28,1,2026-01-09 07:29:00,2026-01-09 09:50:00,382,7,2
1864,4,37,17,2026-01-03 15:31:00,2026-01-03 16:07:00,100,2,3
1865,8,4,7,2026-02-01 22:30:00,2026-02-02 00:17:00,129,6,3
1866,4,36,1,2026-03-14 00:25:00,2026-03-14 03:02:00,155,1,3
1867,10,19,1,2026-01-09 17:40:00,2026-01-09 21:23:00,255,12,3
1868,10,1,10,2026-06-23 00:02:00,2026-06-23 03:38:00,456,19,2
1869,4,8,19,2026-02-12 16:38:00,2026-02-12 19:36:00,476,9,2
1870,3,30,11,2026-05-20 11:30:00,2026-05-20 12:19:00,460,33,1
1871,9,33,18,2026-06-05 00:15:00,2026-06-05 02:18:00,275,17,2
1872,9,41,7,2026-04-12 12:06:00,2026-04-12 14:23:00,235,12,1
1873,9,26,14,2026-02-22 08:01:00,2026-02-22 10:43:00,89,0,3
1874,8,20,12,2026-05-20 03:24:00,2026-05-20 06:33:00,457,28,2
1875,2,3,12,2026-01-27 16:25:00,2026-01-27 19:47:00,100,4,3
1876,10,13,5,2026-01-14 12:53:00,2026-01-14 15:21:00,226,12,1
1877,4,37,17,2026-01-14 22:37:00,2026-01-15 02:06:00,88,5,2
1878,7,25,18,2026-04-14 05:48:00,2026-04-14 06:35:00,273,1,2
1879,7,25,6,2026-05-10 22:10:00,2026-05-11 01:47:00,86,4,1
1880,8,21,5,2026-03-25 09:35:00,2026-03-25 13:30:00,458,18,2
1881,7,2,7,2026-03-16 11:50:00,2026-03-16 13:55:00,284,10,2
1882,5,6,10,2026-03-09 19:21:00,2026-03-09 21:02:00,415,12,2
1883,10,19,8,2026-03-29 03:43:00,2026-03-29 07:35:00,200,13,3
1884,8,10,11,2026-06-26 21:51:00,2026-06-26 23:47:00,263,4,1
1885,3,30,11,2026-04-09 22:16:00,2026-04-10 01:48:00,138,9,2
1886,6,39,3,2026-03-13 12:52:00,2026-03-13 16:09:00,300,8,1
1887,10,38,11,2026-04-06 19:14:00,2026-04-06 23:13:00,196,0,1
1888,7,48,2,2026-05-08 18:05:00,2026-05-08 20:43:00,161,7,1
1889,2,46,13,2026-04-19 16:16:00,2026-04-19 19:31:00,129,8,3
1890,10,1,1,2026-05-29 16:39:00,2026-05-29 17:55:00,347,23,3
1891,9,22,8,2026-01-12 01:07:00,2026-01-12 03:09:00,264,21,2
1892,9,26,17,2026-03-27 10:56:00,2026-03-27 11:29:00,309,6,2
1893,8,14,4,2026-04-03 06:08:00,2026-04-03 06:51:00,73,2,3
1894,4,8,12,2026-05-14 10:20:00,2026-05-14 14:12:00,445,11,1
1895,1,34,15,2026-06-10 17:19:00,2026-06-10 21:01:00,126,8,3
1896,3,24,11,2026-02-21 19:12:00,2026-02-21 23:00:00,158,2,2
1897,3,28,10,2026-03-19 13:11:00,2026-03-19 16:35:00,181,12,1
1898,3,28,12,2026-04-23 23:56:00,2026-04-24 01:23:00,362,0,3
1899,8,4,10,2026-05-03 00:21:00,2026-05-03 02:19:00,358,5,2
1900,10,7,4,2026-05-16 08:02:00,2026-05-16 09:20:00,359,11,2
1901,1,47,19,2026-01-21 18:47:00,2026-01-21 22:36:00,372,28,2
1902,3,42,1,2026-03-16 15:07:00,2026-03-16 17:46:00,71,3,2
1903,8,4,5,2026-06-02 22:28:00,2026-06-03 01:48:00,230,16,1
1904,7,11,4,2026-06-25 17:15:00,2026-06-25 17:50:00,196,12,2
1905,10,13,15,2026-04-26 19:22:00,2026-04-26 22:50:00,446,35,3
1906,7,49,15,2026-01-27 05:51:00,2026-01-27 07:30:00,425,12,3
1907,10,16,1,2026-06-04 00:53:00,2026-06-04 01:43:00,288,3,1
1908,8,21,17,2026-06-26 00:50:00,2026-06-26 04:47:00,167,10,1
1909,7,25,6,2026-05-13 02:02:00,2026-05-13 03:24:00,272,1,3
1910,9,22,8,2026-03-28 15:12:00,2026-03-28 16:16:00,201,0,1
1911,6,12,18,2026-02-12 00:14:00,2026-02-12 01:32:00,495,7,2
1912,9,22,5,2026-06-05 20:28:00,2026-06-05 22:56:00,143,9,2
1913,9,26,8,2026-04-06 16:44:00,2026-04-06 17:51:00,370,11,3
1914,4,15,7,2026-06-15 05:03:00,2026-06-15 07:13:00,399,17,2
1915,4,15,7,2026-06-13 15:18:00,2026-06-13 18:29:00,201,12,3
1916,3,28,17,2026-04-15 17:04:00,2026-04-15 18:45:00,203,12,1
1917,8,43,4,2026-03-26 06:13:00,2026-03-26 09:37:00,391,10,3
1918,10,16,19,2026-04-28 07:43:00,2026-04-28 09:45:00,75,4,1
1919,5,45,16,2026-01-08 03:34:00,2026-01-08 05:25:00,139,7,3
1920,10,19,9,2026-04-27 11:45:00,2026-04-27 14:45:00,183,3,2
1921,4,36,19,2026-02-07 09:32:00,2026-02-07 11:37:00,395,12,1
1922,7,48,9,2026-05-13 19:26:00,2026-05-13 21:38:00,225,13,1
1923,3,24,7,2026-01-31 08:20:00,2026-01-31 10:06:00,122,2,1
1924,10,19,6,2026-04-02 07:36:00,2026-04-02 09:10:00,191,14,1
1925,3,42,15,2026-03-20 07:41:00,2026-03-20 09:59:00,70,2,2
1926,6,17,5,2026-02-09 10:51:00,2026-02-09 14:45:00,102,1,3
1927,6,27,10,2026-03-31 05:19:00,2026-03-31 07:21:00,486,7,2
1928,10,32,7,2026-05-28 11:50:00,2026-05-28 15:08:00,144,0,2
1929,9,22,13,2026-02-25 19:07:00,2026-02-25 21:12:00,190,1,1
1930,7,25,12,2026-04-02 06:29:00,2026-04-02 08:15:00,351,18,1
1931,9,33,20,2026-04-28 12:37:00,2026-04-28 13:08:00,316,9,3
1932,2,3,9,2026-02-23 03:08:00,2026-02-23 07:07:00,206,6,2
1933,4,37,11,2026-06-05 20:50:00,2026-06-05 22:19:00,138,2,1
1934,10,32,18,2026-02-23 11:30:00,2026-02-23 14:57:00,421,33,3
1935,6,39,11,2026-05-30 21:01:00,2026-05-30 22:12:00,339,15,1
1936,3,28,13,2026-06-27 02:29:00,2026-06-27 05:36:00,141,0,1
1937,6,27,12,2026-05-16 22:38:00,2026-05-17 02:11:00,211,0,1
1938,3,30,7,2026-03-04 06:20:00,2026-03-04 09:04:00,146,5,1
1939,10,13,16,2026-01-12 21:42:00,2026-01-12 23:22:00,95,3,2
1940,3,5,5,2026-04-04 10:43:00,2026-04-04 12:47:00,467,3,3
1941,1,47,13,2026-05-24 13:01:00,2026-05-24 15:45:00,176,11,1
1942,4,15,11,2026-04-25 05:04:00,2026-04-25 07:56:00,53,3,2
1943,3,5,11,2026-06-25 00:25:00,2026-06-25 01:27:00,192,0,2
1944,9,22,20,2026-02-20 02:23:00,2026-02-20 04:02:00,368,2,2
1945,9,22,15,2026-04-30 12:47:00,2026-04-30 15:17:00,376,16,3
1946,6,39,2,2026-02-04 19:26:00,2026-02-04 22:24:00,153,11,2
1947,8,20,5,2026-01-11 07:53:00,2026-01-11 11:53:00,157,10,3
1948,3,5,1,2026-04-14 23:00:00,2026-04-14 23:51:00,397,26,1
1949,7,31,1,2026-04-29 19:54:00,2026-04-29 22:34:00,331,22,2
1950,1,34,3,2026-04-08 15:55:00,2026-04-08 16:59:00,196,3,1
1951,8,43,14,2026-01-11 20:33:00,2026-01-11 22:44:00,409,29,2
1952,1,34,11,2026-05-05 21:10:00,2026-05-05 23:45:00,255,4,2
1953,9,40,10,2026-04-19 20:05:00,2026-04-19 21:29:00,101,0,2
1954,9,40,20,2026-05-13 12:43:00,2026-05-13 14:26:00,318,9,2
1955,8,4,7,2026-04-18 12:46:00,2026-04-18 16:11:00,375,20,2
1956,9,26,12,2026-03-17 02:05:00,2026-03-17 05:36:00,443,5,1
1957,8,44,12,2026-02-06 14:57:00,2026-02-06 16:46:00,51,1,1
1958,8,10,11,2026-02-14 06:08:00,2026-02-14 07:21:00,284,3,1
1959,7,35,19,2026-03-19 10:44:00,2026-03-19 14:03:00,396,7,1
1960,3,5,17,2026-04-01 04:20:00,2026-04-01 07:58:00,312,20,3
1961,4,15,7,2026-04-09 22:18:00,2026-04-09 22:58:00,415,27,3
1962,3,30,6,2026-04-13 22:18:00,2026-04-13 23:40:00,319,23,1
1963,10,7,19,2026-04-07 09:12:00,2026-04-07 10:37:00,286,4,1
1964,3,23,13,2026-05-19 19:24:00,2026-05-19 21:31:00,493,23,2
1965,7,48,4,2026-06-11 23:53:00,2026-06-12 00:49:00,111,5,1
1966,5,6,5,2026-06-11 09:38:00,2026-06-11 12:48:00,406,8,3
1967,3,28,1,2026-06-10 11:15:00,2026-06-10 13:37:00,57,2,2
1968,8,20,17,2026-04-27 03:07:00,2026-04-27 03:38:00,74,3,3
1969,3,23,2,2026-01-13 18:12:00,2026-01-13 21:35:00,264,0,3
1970,8,43,4,2026-05-13 18:59:00,2026-05-13 21:56:00,377,10,1
1971,2,3,9,2026-02-14 22:52:00,2026-02-14 23:40:00,450,6,1
1972,8,4,10,2026-06-23 07:38:00,2026-06-23 10:23:00,325,17,2
1973,9,40,3,2026-02-08 23:54:00,2026-02-09 02:48:00,125,5,3
1974,8,43,6,2026-05-24 22:56:00,2026-05-25 02:30:00,396,11,3
1975,5,6,4,2026-05-20 06:53:00,2026-05-20 09:08:00,281,18,1
1976,9,26,9,2026-02-25 07:40:00,2026-02-25 11:34:00,195,5,2
1977,4,36,16,2026-04-23 00:28:00,2026-04-23 04:13:00,181,9,1
1978,5,6,13,2026-02-24 05:04:00,2026-02-24 05:47:00,345,26,1
1979,10,9,14,2026-05-07 12:32:00,2026-05-07 14:28:00,435,23,2
1980,7,2,17,2026-03-20 02:52:00,2026-03-20 04:35:00,55,0,3
1981,8,20,18,2026-06-07 08:28:00,2026-06-07 12:05:00,493,37,1
1982,4,37,18,2026-06-19 04:20:00,2026-06-19 07:43:00,250,8,2
1983,3,5,14,2026-03-31 11:40:00,2026-03-31 13:03:00,283,6,3
1984,8,21,10,2026-05-24 13:56:00,2026-05-24 16:24:00,262,18,3
1985,7,35,18,2026-02-13 12:14:00,2026-02-13 12:59:00,202,5,2
1986,4,15,8,2026-03-05 21:01:00,2026-03-05 22:42:00,165,8,2
1987,1,34,5,2026-02-07 11:20:00,2026-02-07 14:51:00,277,9,3
1988,7,2,11,2026-01-20 21:53:00,2026-01-21 00:30:00,303,7,3
1989,2,46,10,2026-05-11 10:30:00,2026-05-11 12:59:00,144,2,3
1990,6,17,18,2026-05-18 04:09:00,2026-05-18 08:00:00,171,1,1
1991,9,40,9,2026-04-24 09:51:00,2026-04-24 12:13:00,465,7,3
1992,3,23,11,2026-02-25 01:42:00,2026-02-25 03:32:00,384,18,1
1993,8,44,9,2026-01-12 02:59:00,2026-01-12 06:40:00,440,15,2
1994,8,10,11,2026-03-13 20:34:00,2026-03-13 21:14:00,439,30,2
1995,1,34,6,2026-04-17 13:58:00,2026-04-17 16:38:00,356,28,3
1996,1,34,11,2026-05-18 21:20:00,2026-05-18 23:04:00,277,2,1
1997,9,33,7,2026-03-06 13:09:00,2026-03-06 15:07:00,183,12,1
1998,9,41,14,2026-02-22 10:30:00,2026-02-22 13:02:00,282,11,1
1999,4,36,9,2026-01-04 07:09:00,2026-01-04 09:41:00,246,18,3
2000,6,27,7,2026-03-17 13:05:00,2026-03-17 13:48:00,252,18,2
2001,7,25,11,2026-06-22 23:09:00,2026-06-23 01:26:00,220,1,2
2002,10,7,13,2026-05-04 16:31:00,2026-05-04 17:19:00,436,28,1
2003,9,33,5,2026-03-14 00:27:00,2026-03-14 03:01:00,357,15,3
2004,8,14,19,2026-02-15 15:48:00,2026-02-15 19:44:00,338,6,1
2005,10,1,1,2026-05-17 12:54:00,2026-05-17 13:51:00,286,0,2
2006,10,9,19,2026-01-19 10:55:00,2026-01-19 11:47:00,474,33,1
2007,4,8,13,2026-02-13 03:11:00,2026-02-13 06:29:00,244,0,1
2008,10,1,4,2026-01-14 20:54:00,2026-01-15 00:36:00,216,9,2
2009,6,27,20,2026-02-18 05:54:00,2026-02-18 07:41:00,298,6,2
2010,3,23,8,2026-04-12 00:17:00,2026-04-12 01:10:00,213,8,1
2011,4,37,10,2026-04-19 03:03:00,2026-04-19 06:44:00,415,0,1
2012,9,33,8,2026-02-11 22:48:00,2026-02-12 01:15:00,405,13,3
2013,6,17,20,2026-03-16 15:25:00,2026-03-16 16:27:00,108,4,2
2014,9,40,18,2026-03-05 09:33:00,2026-03-05 10:41:00,130,9,1
2015,3,24,11,2026-05-24 17:33:00,2026-05-24 20:48:00,168,0,2
2016,9,26,20,2026-06-04 05:02:00,2026-06-04 06:56:00,248,11,3
2017,10,38,9,2026-03-15 10:07:00,2026-03-15 11:33:00,374,22,2
2018,10,38,8,2026-04-02 02:35:00,2026-04-02 05:04:00,80,0,2
2019,10,38,5,2026-06-27 08:17:00,2026-06-27 09:25:00,146,7,1
2020,7,31,20,2026-03-27 21:10:00,2026-03-27 22:07:00,392,8,3
2021,8,50,19,2026-06-20 16:01:00,2026-06-20 19:06:00,439,33,2
2022,9,40,13,2026-06-10 03:58:00,2026-06-10 07:02:00,492,24,2
2023,4,36,6,2026-01-31 16:08:00,2026-01-31 20:05:00,356,17,1
2024,1,47,13,2026-06-05 04:05:00,2026-06-05 05:22:00,50,3,3
2025,3,30,1,2026-06-10 07:42:00,2026-06-10 10:02:00,163,0,1
2026,6,17,17,2026-05-03 17:55:00,2026-05-03 20:38:00,158,7,1
2027,8,14,20,2026-06-11 12:22:00,2026-06-11 14:28:00,214,10,3
2028,6,12,3,2026-06-10 21:10:00,2026-06-11 00:27:00,439,16,2
2029,8,14,18,2026-04-26 01:04:00,2026-04-26 03:14:00,138,10,2
2030,10,1,11,2026-06-29 01:23:00,2026-06-29 04:05:00,484,11,1
2031,7,11,4,2026-03-12 13:28:00,2026-03-12 17:03:00,50,2,2
2032,4,37,1,2026-04-03 16:18:00,2026-04-03 19:09:00,325,6,1
2033,8,44,12,2026-03-24 19:51:00,2026-03-24 22:16:00,241,8,2
2034,2,3,6,2026-01-13 17:54:00,2026-01-13 20:25:00,385,10,2
2035,8,4,14,2026-04-22 03:04:00,2026-04-22 05:20:00,85,2,2
2036,9,40,11,2026-03-05 06:34:00,2026-03-05 10:18:00,337,20,3
2037,10,7,10,2026-05-03 16:13:00,2026-05-03 19:48:00,148,3,2
2038,10,1,8,2026-05-19 21:58:00,2026-05-20 01:32:00,218,5,2
2039,7,25,3,2026-01-05 23:03:00,2026-01-06 01:49:00,283,5,2
2040,1,34,5,2026-03-17 14:48:00,2026-03-17 18:38:00,368,18,1
2041,3,5,16,2026-03-24 13:18:00,2026-03-24 15:41:00,455,23,3
2042,2,3,19,2026-03-15 07:28:00,2026-03-15 09:18:00,250,4,2
2043,1,34,9,2026-02-11 14:48:00,2026-02-11 16:32:00,159,2,1
2044,9,33,10,2026-03-17 09:28:00,2026-03-17 12:33:00,281,22,2
2045,7,48,4,2026-03-25 07:02:00,2026-03-25 08:46:00,353,12,2
2046,7,35,17,2026-04-28 22:28:00,2026-04-29 02:27:00,313,0,3
2047,10,32,3,2026-04-04 22:35:00,2026-04-05 02:03:00,441,17,2
2048,1,47,18,2026-04-04 19:47:00,2026-04-04 22:26:00,206,4,3
2049,7,31,17,2026-03-19 21:54:00,2026-03-20 00:53:00,413,1,3
2050,1,47,5,2026-03-03 08:46:00,2026-03-03 09:55:00,250,4,3
2051,8,4,15,2026-06-25 14:34:00,2026-06-25 15:54:00,244,8,3
2052,3,24,5,2026-04-18 10:03:00,2026-04-18 11:00:00,402,6,3
2053,1,47,6,2026-02-08 11:51:00,2026-02-08 14:06:00,407,28,1
2054,1,34,16,2026-06-27 06:12:00,2026-06-27 08:16:00,244,11,3
2055,3,42,7,2026-02-28 13:32:00,2026-02-28 16:24:00,248,6,2
2056,7,35,17,2026-01-19 21:20:00,2026-01-19 21:53:00,72,2,3
2057,4,8,14,2026-04-24 17:21:00,2026-04-24 19:16:00,462,17,3
2058,3,5,3,2026-04-21 06:42:00,2026-04-21 07:19:00,228,8,1
2059,8,20,13,2026-02-09 13:06:00,2026-02-09 16:30:00,154,9,1
2060,8,43,13,2026-03-22 15:31:00,2026-03-22 18:47:00,325,2,3
2061,3,42,20,2026-03-03 11:11:00,2026-03-03 14:02:00,110,6,2
2062,8,4,6,2026-05-07 04:59:00,2026-05-07 08:05:00,231,5,1
2063,1,34,4,2026-04-19 21:44:00,2026-04-19 23:53:00,342,25,1
2064,3,42,1,2026-01-14 01:38:00,2026-01-14 04:48:00,360,20,2
2065,6,17,20,2026-06-07 01:34:00,2026-06-07 02:17:00,92,5,1
2066,9,33,2,2026-05-23 14:56:00,2026-05-23 18:00:00,238,7,3
2067,7,48,19,2026-05-15 20:13:00,2026-05-15 21:25:00,114,5,2
2068,7,25,6,2026-05-25 08:40:00,2026-05-25 09:47:00,386,24,2
2069,9,41,16,2026-06-04 02:50:00,2026-06-04 05:57:00,95,5,3
2070,10,38,1,2026-02-07 06:20:00,2026-02-07 07:19:00,406,11,3
2071,9,40,3,2026-06-23 23:01:00,2026-06-24 00:40:00,495,19,3
2072,7,48,2,2026-01-24 12:26:00,2026-01-24 16:16:00,131,3,2
2073,7,49,13,2026-03-18 17:13:00,2026-03-18 20:33:00,421,21,2
2074,9,40,1,2026-06-06 14:22:00,2026-06-06 17:08:00,330,21,2
2075,1,47,8,2026-02-23 11:10:00,2026-02-23 14:53:00,225,16,2
2076,7,25,1,2026-04-18 16:51:00,2026-04-18 20:30:00,189,12,1
2077,8,4,20,2026-03-08 18:09:00,2026-03-08 21:58:00,84,2,2
2078,4,29,1,2026-01-25 11:05:00,2026-01-25 12:58:00,238,8,1
2079,3,42,19,2026-01-24 12:51:00,2026-01-24 15:42:00,191,11,2
2080,10,38,1,2026-03-10 22:14:00,2026-03-10 22:49:00,193,6,1
2081,9,26,3,2026-06-04 20:39:00,2026-06-05 00:15:00,396,1,3
2082,7,2,5,2026-05-07 10:58:00,2026-05-07 12:37:00,263,1,1
2083,10,13,13,2026-01-19 08:48:00,2026-01-19 11:19:00,75,2,1
2084,9,41,18,2026-03-06 12:52:00,2026-03-06 16:16:00,256,18,1
2085,3,30,15,2026-04-07 22:37:00,2026-04-08 02:08:00,173,5,1
2086,6,17,18,2026-02-10 07:09:00,2026-02-10 09:20:00,428,25,3
2087,6,39,17,2026-05-10 07:20:00,2026-05-10 09:49:00,200,12,3
2088,10,32,17,2026-05-02 13:38:00,2026-05-02 14:31:00,279,11,3
2089,3,42,1,2026-01-11 11:33:00,2026-01-11 15:14:00,101,3,2
2090,9,26,12,2026-06-23 15:01:00,2026-06-23 17:20:00,320,10,3
2091,2,46,12,2026-01-03 23:16:00,2026-01-04 02:28:00,354,3,2
2092,3,28,12,2026-02-21 13:09:00,2026-02-21 15:31:00,455,17,1
2093,7,25,2,2026-06-29 10:03:00,2026-06-29 13:06:00,218,11,1
2094,6,17,3,2026-06-08 17:27:00,2026-06-08 18:50:00,252,5,3
2095,10,18,4,2026-02-05 12:50:00,2026-02-05 14:51:00,379,6,3
2096,4,8,9,2026-05-19 18:44:00,2026-05-19 20:09:00,476,10,2
2097,5,6,3,2026-01-31 13:45:00,2026-01-31 16:25:00,76,0,2
2098,10,32,3,2026-04-03 21:19:00,2026-04-04 00:35:00,219,11,3
2099,7,25,1,2026-01-26 17:25:00,2026-01-26 18:39:00,96,2,3
2100,3,24,20,2026-03-21 23:35:00,2026-03-22 03:16:00,257,7,1
2101,9,41,9,2026-03-28 07:10:00,2026-03-28 11:05:00,57,0,2
2102,7,35,2,2026-03-04 15:11:00,2026-03-04 17:05:00,287,12,2
2103,4,36,3,2026-04-17 13:22:00,2026-04-17 14:27:00,238,8,2
2104,10,32,2,2026-01-21 09:22:00,2026-01-21 13:18:00,70,0,3
2105,3,30,6,2026-06-20 08:27:00,2026-06-20 10:56:00,375,10,2
2106,9,41,2,2026-06-27 08:12:00,2026-06-27 10:21:00,440,11,2
2107,8,20,16,2026-05-29 21:18:00,2026-05-29 23:30:00,359,18,1
2108,10,32,1,2026-05-17 16:35:00,2026-05-17 20:07:00,435,3,3
2109,7,48,1,2026-06-09 15:53:00,2026-06-09 16:32:00,202,12,1
2110,5,6,19,2026-04-11 11:05:00,2026-04-11 11:49:00,253,15,1
2111,2,3,5,2026-03-31 19:18:00,2026-03-31 21:07:00,386,29,1
2112,2,46,7,2026-04-28 11:35:00,2026-04-28 13:00:00,158,1,3
2113,3,5,11,2026-01-30 02:51:00,2026-01-30 05:46:00,437,7,1
2114,8,21,17,2026-06-14 11:37:00,2026-06-14 13:00:00,248,15,3
2115,3,24,12,2026-04-14 02:18:00,2026-04-14 03:29:00,453,13,3
2116,4,8,16,2026-03-29 17:44:00,2026-03-29 19:08:00,247,13,3
2117,10,16,3,2026-03-30 23:46:00,2026-03-31 01:16:00,196,2,1
2118,3,42,2,2026-04-18 02:08:00,2026-04-18 02:46:00,275,10,1
2119,8,50,11,2026-01-22 19:34:00,2026-01-22 22:57:00,257,18,3
2120,3,28,2,2026-05-14 19:54:00,2026-05-14 21:07:00,139,3,2
2121,10,13,19,2026-03-08 11:35:00,2026-03-08 13:04:00,284,5,1
2122,3,42,19,2026-04-07 13:43:00,2026-04-07 16:07:00,244,16,3
2123,4,15,16,2026-04-23 18:57:00,2026-04-23 21:34:00,359,0,2
2124,3,28,5,2026-02-23 18:56:00,2026-02-23 20:37:00,116,4,1
2125,8,10,6,2026-06-25 16:41:00,2026-06-25 20:00:00,107,2,3
2126,6,39,5,2026-06-22 07:47:00,2026-06-22 09:46:00,68,2,3
2127,4,29,8,2026-01-01 05:53:00,2026-01-01 06:39:00,265,8,1
2128,3,42,3,2026-04-21 18:03:00,2026-04-21 20:43:00,195,7,1
2129,8,44,7,2026-02-07 17:31:00,2026-02-07 20:55:00,370,21,3
2130,1,47,16,2026-03-18 12:37:00,2026-03-18 13:32:00,440,26,1
2131,4,29,5,2026-02-03 03:15:00,2026-02-03 04:46:00,380,7,1
2132,4,15,16,2026-06-14 23:04:00,2026-06-15 01:42:00,403,27,2
2133,5,6,9,2026-02-07 20:28:00,2026-02-07 21:18:00,204,3,2
2134,9,26,8,2026-02-19 16:58:00,2026-02-19 18:22:00,325,22,2
2135,10,7,7,2026-04-24 05:19:00,2026-04-24 06:09:00,295,9,2
2136,8,44,3,2026-02-08 01:58:00,2026-02-08 04:05:00,212,14,1
2137,8,14,14,2026-03-22 13:11:00,2026-03-22 14:53:00,212,7,1
2138,7,11,13,2026-05-16 04:08:00,2026-05-16 07:14:00,246,3,2
2139,10,1,16,2026-06-18 23:47:00,2026-06-19 01:00:00,219,11,3
2140,9,26,14,2026-06-19 17:36:00,2026-06-19 20:35:00,296,15,3
2141,4,15,3,2026-01-14 13:37:00,2026-01-14 14:27:00,174,10,2
2142,8,10,3,2026-02-14 04:59:00,2026-02-14 08:51:00,213,1,1
2143,3,30,6,2026-05-12 16:24:00,2026-05-12 18:57:00,78,0,1
2144,9,40,9,2026-02-03 02:42:00,2026-02-03 05:16:00,180,8,3
2145,4,29,1,2026-05-28 08:56:00,2026-05-28 12:01:00,54,4,3
2146,3,30,10,2026-04-08 11:19:00,2026-04-08 14:57:00,244,6,3
2147,2,3,7,2026-05-12 22:24:00,2026-05-13 01:02:00,216,5,3
2148,10,18,3,2026-04-21 09:44:00,2026-04-21 10:37:00,228,14,2
2149,8,4,19,2026-01-19 00:52:00,2026-01-19 02:39:00,202,15,1
2150,3,24,4,2026-04-26 15:00:00,2026-04-26 16:41:00,444,26,1
2151,10,18,4,2026-03-28 07:35:00,2026-03-28 11:34:00,298,13,1
2152,7,35,15,2026-01-29 20:45:00,2026-01-29 21:56:00,427,6,1
2153,4,36,8,2026-02-20 20:30:00,2026-02-20 22:34:00,163,5,1
2154,4,15,14,2026-03-19 12:05:00,2026-03-19 13:20:00,449,16,1
2155,8,14,16,2026-02-10 05:26:00,2026-02-10 06:28:00,436,14,3
2156,8,50,11,2026-02-08 03:53:00,2026-02-08 06:52:00,220,8,1
2157,6,27,2,2026-04-30 20:06:00,2026-04-30 22:51:00,112,6,3
2158,8,20,7,2026-04-04 21:46:00,2026-04-05 01:31:00,360,27,2
2159,7,35,19,2026-03-31 18:58:00,2026-03-31 21:21:00,445,33,1
2160,6,17,16,2026-06-05 10:04:00,2026-06-05 10:56:00,354,26,1
2161,10,18,19,2026-03-05 13:05:00,2026-03-05 13:51:00,169,11,2
2162,9,40,6,2026-05-12 04:37:00,2026-05-12 06:37:00,498,33,3
2163,7,35,11,2026-02-09 10:42:00,2026-02-09 12:14:00,88,0,1
2164,6,27,10,2026-01-04 23:36:00,2026-01-05 01:42:00,479,29,1
2165,10,9,11,2026-05-29 02:04:00,2026-05-29 04:22:00,461,23,1
2166,7,2,4,2026-01-26 01:00:00,2026-01-26 03:50:00,285,22,3
2167,3,28,13,2026-05-04 08:22:00,2026-05-04 10:36:00,246,0,1
2168,6,27,1,2026-04-01 18:01:00,2026-04-01 20:39:00,332,18,1
2169,10,19,7,2026-03-24 19:56:00,2026-03-24 21:04:00,410,19,1
2170,10,9,4,2026-04-13 02:16:00,2026-04-13 05:22:00,275,20,1
2171,9,22,11,2026-06-25 00:52:00,2026-06-25 03:29:00,408,0,3
2172,10,1,4,2026-06-09 15:34:00,2026-06-09 18:01:00,384,27,3
2173,10,18,9,2026-03-12 17:33:00,2026-03-12 20:23:00,408,24,2
2174,3,42,4,2026-03-09 20:47:00,2026-03-09 22:11:00,77,1,3
2175,5,45,16,2026-06-24 22:51:00,2026-06-25 01:21:00,55,3,3
2176,3,5,15,2026-05-16 17:58:00,2026-05-16 18:48:00,435,11,2
2177,2,46,4,2026-03-17 20:06:00,2026-03-17 20:50:00,155,8,1
2178,10,32,16,2026-03-12 09:40:00,2026-03-12 10:19:00,144,5,1
2179,8,10,19,2026-02-26 13:34:00,2026-02-26 17:11:00,196,8,2
2180,3,30,14,2026-06-17 00:28:00,2026-06-17 03:15:00,115,3,2
2181,3,23,7,2026-02-05 21:08:00,2026-02-05 23:07:00,349,18,3
2182,8,10,18,2026-05-25 15:33:00,2026-05-25 16:10:00,445,17,3
2183,5,45,7,2026-02-21 06:34:00,2026-02-21 08:35:00,75,5,3
2184,8,14,3,2026-01-16 13:18:00,2026-01-16 13:55:00,415,5,2
2185,3,5,3,2026-02-09 13:41:00,2026-02-09 17:11:00,353,16,3
2186,8,21,8,2026-04-03 19:11:00,2026-04-03 22:49:00,58,0,1
2187,2,46,5,2026-02-08 04:09:00,2026-02-08 06:18:00,169,0,1
2188,8,21,14,2026-01-10 06:04:00,2026-01-10 10:02:00,211,12,3
2189,3,28,13,2026-06-18 04:00:00,2026-06-18 06:10:00,363,15,1
2190,3,42,15,2026-05-24 21:26:00,2026-05-25 00:52:00,459,2,3
2191,3,24,11,2026-04-25 13:13:00,2026-04-25 15:52:00,291,2,3
2192,2,46,11,2026-02-24 22:59:00,2026-02-25 00:11:00,471,29,2
2193,9,22,13,2026-06-17 08:42:00,2026-06-17 09:13:00,182,9,1
2194,5,6,7,2026-03-18 19:11:00,2026-03-18 21:42:00,114,4,3
2195,5,6,20,2026-01-06 11:33:00,2026-01-06 12:27:00,479,12,2
2196,3,24,15,2026-04-20 12:38:00,2026-04-20 14:06:00,343,18,3
2197,8,43,17,2026-01-19 02:08:00,2026-01-19 02:50:00,356,10,2
2198,2,3,5,2026-05-12 00:23:00,2026-05-12 02:41:00,399,14,2
2199,8,21,19,2026-05-27 18:31:00,2026-05-27 19:21:00,154,10,1
2200,8,4,1,2026-05-02 16:47:00,2026-05-02 19:50:00,118,7,3
2201,3,30,20,2026-06-07 07:12:00,2026-06-07 08:24:00,185,3,1
2202,8,21,7,2026-05-22 23:26:00,2026-05-23 02:10:00,233,2,2
2203,6,39,11,2026-03-28 03:50:00,2026-03-28 06:45:00,409,15,3
2204,1,34,8,2026-02-13 05:16:00,2026-02-13 08:21:00,488,28,2
2205,7,49,3,2026-01-27 14:21:00,2026-01-27 16:20:00,112,3,2
2206,6,39,12,2026-04-27 07:51:00,2026-04-27 10:04:00,462,1,1
2207,3,24,14,2026-02-27 04:30:00,2026-02-27 05:30:00,167,10,2
2208,7,11,10,2026-02-23 14:55:00,2026-02-23 17:39:00,272,4,3
2209,7,48,12,2026-05-08 10:19:00,2026-05-08 11:10:00,489,25,2
2210,9,26,8,2026-02-10 12:14:00,2026-02-10 15:39:00,378,8,1
2211,4,15,16,2026-06-22 11:36:00,2026-06-22 13:55:00,262,5,1
2212,10,7,4,2026-06-10 23:18:00,2026-06-11 00:53:00,182,4,3
2213,9,33,20,2026-01-30 14:40:00,2026-01-30 17:52:00,277,11,1
2214,10,38,5,2026-06-22 12:30:00,2026-06-22 14:06:00,299,8,3
2215,10,9,10,2026-04-11 15:07:00,2026-04-11 16:54:00,392,15,1
2216,7,31,16,2026-03-18 10:17:00,2026-03-18 13:18:00,181,0,3
2217,6,39,6,2026-02-26 02:40:00,2026-02-26 04:54:00,312,13,2
2218,1,34,10,2026-01-28 17:59:00,2026-01-28 21:04:00,80,3,1
2219,9,26,10,2026-03-04 13:44:00,2026-03-04 17:39:00,288,4,3
2220,1,47,12,2026-01-31 14:12:00,2026-01-31 17:29:00,317,8,1
2221,7,31,15,2026-05-19 04:22:00,2026-05-19 06:26:00,103,6,2
2222,10,13,7,2026-06-05 02:32:00,2026-06-05 03:03:00,363,21,3
2223,10,7,20,2026-05-28 15:18:00,2026-05-28 17:35:00,319,0,1
2224,8,20,4,2026-05-21 22:44:00,2026-05-22 02:19:00,69,4,3
2225,7,25,15,2026-02-25 06:43:00,2026-02-25 10:08:00,59,4,2
2226,8,43,5,2026-04-03 22:29:00,2026-04-04 02:24:00,420,3,2
2227,3,30,12,2026-02-23 05:08:00,2026-02-23 07:50:00,226,17,1
2228,10,9,20,2026-02-28 04:57:00,2026-02-28 08:21:00,141,4,3
2229,5,6,6,2026-01-24 15:25:00,2026-01-24 16:17:00,50,0,1
2230,4,15,7,2026-05-23 04:49:00,2026-05-23 07:35:00,483,10,1
2231,8,20,9,2026-04-24 09:36:00,2026-04-24 12:11:00,76,1,2
2232,8,10,18,2026-04-10 09:48:00,2026-04-10 11:24:00,173,10,3
2233,3,42,3,2026-04-13 22:51:00,2026-04-14 02:32:00,477,13,3
2234,1,47,14,2026-03-28 23:48:00,2026-03-29 03:04:00,109,5,2
2235,7,31,11,2026-03-28 18:01:00,2026-03-28 19:54:00,394,2,1
2236,10,9,16,2026-04-16 21:21:00,2026-04-16 22:37:00,242,17,1
2237,10,1,5,2026-04-06 12:37:00,2026-04-06 13:24:00,463,31,1
2238,10,32,2,2026-05-19 23:53:00,2026-05-20 01:16:00,77,1,2
2239,9,26,1,2026-01-18 14:12:00,2026-01-18 17:46:00,480,29,2
2240,10,16,6,2026-01-16 11:37:00,2026-01-16 14:43:00,329,7,2
2241,8,14,20,2026-05-04 01:06:00,2026-05-04 02:10:00,465,18,3
2242,10,38,3,2026-05-31 12:11:00,2026-05-31 16:09:00,310,22,2
2243,7,11,12,2026-02-05 23:16:00,2026-02-05 23:54:00,415,17,1
2244,10,16,16,2026-01-01 03:37:00,2026-01-01 07:20:00,483,7,3
2245,8,50,13,2026-05-22 04:13:00,2026-05-22 04:52:00,407,25,1
2246,6,27,15,2026-06-13 15:08:00,2026-06-13 16:30:00,418,12,3
2247,8,21,12,2026-04-01 05:26:00,2026-04-01 06:50:00,274,13,3
2248,7,35,8,2026-02-15 19:00:00,2026-02-15 22:42:00,329,7,2
2249,9,26,3,2026-03-18 07:06:00,2026-03-18 07:36:00,251,7,2
2250,10,19,7,2026-06-18 12:25:00,2026-06-18 15:03:00,358,1,1
2251,4,37,14,2026-06-19 02:26:00,2026-06-19 03:59:00,293,1,1
2252,10,19,2,2026-05-22 12:32:00,2026-05-22 14:02:00,278,14,2
2253,8,44,8,2026-03-24 16:28:00,2026-03-24 18:59:00,344,1,2
2254,4,8,15,2026-04-13 00:35:00,2026-04-13 04:33:00,166,12,3
2255,6,39,2,2026-02-25 06:09:00,2026-02-25 07:46:00,106,4,2
2256,2,46,16,2026-03-06 04:44:00,2026-03-06 05:52:00,280,11,3
2257,10,38,7,2026-06-20 06:58:00,2026-06-20 07:44:00,276,9,1
2258,10,13,14,2026-01-26 00:15:00,2026-01-26 03:51:00,266,20,2
2259,9,26,16,2026-04-14 18:30:00,2026-04-14 22:10:00,389,3,1
2260,10,16,7,2026-06-06 04:45:00,2026-06-06 08:02:00,188,6,3
2261,10,18,14,2026-06-08 14:27:00,2026-06-08 15:58:00,67,5,1
2262,10,32,6,2026-05-10 13:05:00,2026-05-10 14:20:00,239,8,3
2263,6,27,8,2026-03-19 06:11:00,2026-03-19 09:19:00,493,33,1
2264,10,7,8,2026-02-19 05:39:00,2026-02-19 09:08:00,425,11,1
2265,4,37,13,2026-02-21 22:00:00,2026-02-22 01:12:00,415,11,3
2266,2,3,13,2026-04-20 01:07:00,2026-04-20 03:49:00,299,16,2
2267,3,24,15,2026-04-16 20:58:00,2026-04-17 00:33:00,94,0,3
2268,8,21,19,2026-02-11 08:57:00,2026-02-11 12:31:00,124,9,2
2269,10,7,11,2026-04-26 15:30:00,2026-04-26 16:21:00,373,10,3
2270,2,46,2,2026-05-13 03:34:00,2026-05-13 04:26:00,335,2,2
2271,7,31,18,2026-06-12 21:38:00,2026-06-13 01:11:00,74,4,2
2272,6,27,20,2026-03-13 06:50:00,2026-03-13 07:59:00,94,0,2
2273,4,36,6,2026-04-19 07:13:00,2026-04-19 09:26:00,83,4,2
2274,10,13,15,2026-04-18 15:35:00,2026-04-18 18:02:00,330,2,3
2275,8,14,13,2026-02-22 23:26:00,2026-02-23 03:09:00,338,18,1
2276,9,40,12,2026-04-14 01:46:00,2026-04-14 04:56:00,167,5,3
2277,8,10,4,2026-04-01 01:16:00,2026-04-01 04:30:00,255,11,2
2278,10,16,3,2026-06-02 19:19:00,2026-06-02 21:35:00,193,3,3
2279,8,50,18,2026-04-13 08:56:00,2026-04-13 09:30:00,138,3,3
2280,3,42,20,2026-04-22 05:51:00,2026-04-22 08:21:00,80,3,1
2281,8,10,8,2026-01-22 03:06:00,2026-01-22 06:21:00,400,12,1
2282,10,32,8,2026-05-19 15:21:00,2026-05-19 18:27:00,365,22,2
2283,7,35,11,2026-02-10 03:13:00,2026-02-10 04:01:00,200,5,2
2284,10,16,9,2026-03-13 06:04:00,2026-03-13 06:48:00,263,15,3
2285,8,4,16,2026-05-26 02:24:00,2026-05-26 04:02:00,366,21,1
2286,9,33,7,2026-01-02 18:54:00,2026-01-02 21:49:00,264,11,3
2287,10,18,14,2026-04-01 12:45:00,2026-04-01 14:12:00,115,2,3
2288,9,41,2,2026-04-25 05:58:00,2026-04-25 07:19:00,64,1,3
2289,6,39,9,2026-01-02 18:49:00,2026-01-02 21:17:00,289,16,3
2290,3,30,10,2026-01-06 00:04:00,2026-01-06 01:32:00,262,2,3
2291,9,22,18,2026-03-19 20:07:00,2026-03-19 20:41:00,258,6,3
2292,7,48,4,2026-05-16 17:43:00,2026-05-16 21:26:00,256,15,2
2293,8,10,16,2026-05-22 06:31:00,2026-05-22 09:59:00,249,14,3
2294,9,33,10,2026-03-10 12:20:00,2026-03-10 14:30:00,270,9,2
2295,6,17,16,2026-01-30 14:22:00,2026-01-30 15:01:00,239,5,3
2296,3,42,16,2026-05-27 11:46:00,2026-05-27 12:54:00,97,4,2
2297,10,16,2,2026-03-29 23:34:00,2026-03-30 00:46:00,442,27,3
2298,7,48,2,2026-01-13 00:13:00,2026-01-13 02:58:00,347,22,1
2299,4,36,11,2026-05-05 10:18:00,2026-05-05 13:13:00,235,17,3
2300,1,47,6,2026-04-22 12:09:00,2026-04-22 15:05:00,367,13,1
2301,7,35,12,2026-01-06 15:55:00,2026-01-06 17:40:00,63,0,3
2302,3,24,15,2026-03-09 21:03:00,2026-03-09 23:13:00,427,23,1
2303,4,8,4,2026-02-21 13:47:00,2026-02-21 16:32:00,131,0,3
2304,10,13,6,2026-06-29 04:24:00,2026-06-29 05:13:00,488,3,2
2305,10,13,5,2026-01-16 18:27:00,2026-01-16 22:27:00,195,6,3
2306,8,43,12,2026-03-13 18:03:00,2026-03-13 20:15:00,242,16,1
2307,10,38,6,2026-01-04 09:42:00,2026-01-04 12:56:00,337,3,1
2308,10,18,4,2026-04-08 09:02:00,2026-04-08 12:44:00,260,3,3
2309,9,40,9,2026-05-28 09:50:00,2026-05-28 13:28:00,99,5,2
2310,7,49,8,2026-01-15 02:21:00,2026-01-15 04:06:00,115,7,2
2311,6,12,12,2026-05-29 02:10:00,2026-05-29 05:04:00,277,11,2
2312,10,18,10,2026-02-13 16:08:00,2026-02-13 16:53:00,193,13,1
2313,9,41,15,2026-05-09 10:00:00,2026-05-09 12:42:00,413,16,3
2314,3,42,7,2026-03-30 12:40:00,2026-03-30 15:48:00,439,18,2
2315,8,20,14,2026-04-08 18:16:00,2026-04-08 19:37:00,406,11,3
2316,1,47,8,2026-04-09 16:49:00,2026-04-09 19:04:00,218,15,1
2317,3,30,16,2026-04-14 03:23:00,2026-04-14 05:19:00,204,13,1
2318,1,47,13,2026-04-27 11:08:00,2026-04-27 12:08:00,417,10,2
2319,8,21,5,2026-04-25 00:01:00,2026-04-25 02:32:00,375,25,1
2320,7,49,6,2026-05-10 13:42:00,2026-05-10 17:19:00,362,25,1
2321,4,37,4,2026-05-26 05:52:00,2026-05-26 09:43:00,458,30,1
2322,9,41,11,2026-04-18 21:29:00,2026-04-18 22:56:00,280,11,3
2323,6,27,4,2026-04-11 02:50:00,2026-04-11 05:13:00,294,17,2
2324,3,28,10,2026-02-03 18:44:00,2026-02-03 19:42:00,185,10,1
2325,4,37,11,2026-05-20 21:49:00,2026-05-21 00:23:00,124,7,1
2326,9,40,8,2026-06-27 10:13:00,2026-06-27 12:43:00,73,0,3
2327,6,27,3,2026-02-09 01:52:00,2026-02-09 04:12:00,63,4,3
2328,8,44,9,2026-03-13 12:06:00,2026-03-13 14:29:00,61,3,1
2329,2,46,2,2026-02-13 15:29:00,2026-02-13 16:01:00,257,9,3
2330,10,7,6,2026-05-22 01:03:00,2026-05-22 02:58:00,167,7,2
2331,8,43,10,2026-04-22 14:24:00,2026-04-22 16:04:00,256,9,3
2332,2,46,7,2026-05-04 18:45:00,2026-05-04 21:43:00,281,20,3
2333,9,41,19,2026-06-24 03:45:00,2026-06-24 04:17:00,200,4,2
2334,4,15,8,2026-04-22 15:03:00,2026-04-22 18:32:00,122,3,3
2335,9,26,5,2026-01-11 11:19:00,2026-01-11 15:15:00,113,5,2
2336,4,8,8,2026-02-02 18:36:00,2026-02-02 20:13:00,231,6,2
2337,2,3,15,2026-04-05 18:19:00,2026-04-05 18:53:00,251,9,2
2338,7,2,7,2026-02-27 22:10:00,2026-02-28 00:43:00,113,5,1
2339,10,1,13,2026-04-27 07:48:00,2026-04-27 11:05:00,302,17,2
2340,6,27,4,2026-05-22 01:21:00,2026-05-22 04:32:00,278,8,3
2341,2,46,10,2026-01-07 05:38:00,2026-01-07 08:27:00,336,3,2
2342,7,25,13,2026-06-28 09:54:00,2026-06-28 11:45:00,186,7,3
2343,10,18,5,2026-02-13 17:55:00,2026-02-13 18:48:00,269,16,1
2344,8,20,13,2026-03-10 15:33:00,2026-03-10 16:27:00,330,25,3
2345,9,26,11,2026-06-15 22:54:00,2026-06-16 02:16:00,436,0,1
2346,10,38,19,2026-04-20 21:25:00,2026-04-20 23:52:00,243,3,2
2347,3,5,1,2026-06-20 17:01:00,2026-06-20 19:51:00,194,9,1
2348,5,6,1,2026-02-24 02:48:00,2026-02-24 04:45:00,209,16,1
2349,7,11,9,2026-04-12 07:55:00,2026-04-12 09:13:00,337,9,1
2350,10,16,16,2026-06-11 00:20:00,2026-06-11 01:21:00,252,9,1
2351,5,45,2,2026-04-26 12:44:00,2026-04-26 16:34:00,469,32,3
2352,3,5,8,2026-04-26 07:59:00,2026-04-26 08:55:00,424,11,3
2353,8,4,3,2026-03-31 02:03:00,2026-03-31 04:22:00,448,10,3
2354,8,44,6,2026-05-02 16:02:00,2026-05-02 18:45:00,166,2,1
2355,10,32,9,2026-01-05 17:54:00,2026-01-05 19:29:00,233,18,1
2356,4,8,1,2026-03-13 18:07:00,2026-03-13 19:19:00,477,30,1
2357,10,38,19,2026-03-14 10:45:00,2026-03-14 11:19:00,274,19,3
2358,7,35,19,2026-06-24 06:44:00,2026-06-24 07:41:00,336,13,3
2359,8,50,12,2026-06-28 05:50:00,2026-06-28 07:31:00,50,2,1
2360,7,2,6,2026-05-03 18:28:00,2026-05-03 19:31:00,419,11,1
2361,10,13,14,2026-05-05 00:51:00,2026-05-05 01:46:00,145,0,1
2362,7,2,5,2026-04-12 18:14:00,2026-04-12 19:17:00,182,13,1
2363,2,3,14,2026-04-05 03:17:00,2026-04-05 05:48:00,171,11,1
2364,6,12,10,2026-01-24 00:41:00,2026-01-24 02:58:00,277,15,3
2365,8,14,1,2026-05-17 09:58:00,2026-05-17 12:21:00,329,11,3
2366,10,18,3,2026-01-12 11:16:00,2026-01-12 12:29:00,62,2,1
2367,10,38,12,2026-06-28 13:04:00,2026-06-28 14:18:00,52,3,2
2368,6,27,10,2026-05-04 16:33:00,2026-05-04 18:55:00,64,0,2
2369,8,50,4,2026-02-02 15:24:00,2026-02-02 17:07:00,216,9,2
2370,5,45,14,2026-03-05 11:29:00,2026-03-05 13:55:00,468,30,2
2371,9,22,13,2026-02-26 02:29:00,2026-02-26 05:16:00,300,20,1
2372,9,33,5,2026-05-04 14:19:00,2026-05-04 17:25:00,290,1,2
2373,7,49,6,2026-02-06 15:27:00,2026-02-06 17:59:00,248,4,1
2374,7,49,10,2026-02-24 05:11:00,2026-02-24 08:53:00,112,6,1
2375,10,19,11,2026-01-23 19:47:00,2026-01-23 22:30:00,319,23,1
2376,2,3,18,2026-05-18 06:53:00,2026-05-18 09:04:00,430,17,1
2377,7,11,11,2026-06-24 22:53:00,2026-06-25 01:52:00,371,14,1
2378,4,36,4,2026-03-15 22:28:00,2026-03-16 00:28:00,385,21,2
2379,3,5,19,2026-06-12 13:05:00,2026-06-12 15:51:00,126,3,3
2380,9,26,11,2026-06-04 23:32:00,2026-06-05 01:57:00,173,9,1
2381,8,44,19,2026-02-28 03:00:00,2026-02-28 05:42:00,488,37,2
2382,10,7,10,2026-06-01 04:55:00,2026-06-01 07:44:00,442,0,1
2383,8,14,1,2026-03-31 08:02:00,2026-03-31 09:55:00,437,24,1
2384,7,11,13,2026-03-13 15:10:00,2026-03-13 16:18:00,284,18,3
2385,5,45,4,2026-04-12 02:51:00,2026-04-12 06:08:00,80,2,1
2386,8,10,1,2026-04-27 10:45:00,2026-04-27 12:13:00,451,25,3
2387,10,18,1,2026-02-23 21:22:00,2026-02-23 21:56:00,146,2,1
2388,7,35,9,2026-02-03 17:04:00,2026-02-03 20:53:00,233,15,1
2389,6,27,12,2026-03-23 19:17:00,2026-03-23 21:09:00,234,2,1
2390,3,24,13,2026-03-19 10:52:00,2026-03-19 12:47:00,133,1,1
2391,4,36,11,2026-01-05 10:57:00,2026-01-05 11:32:00,332,5,3
2392,10,18,20,2026-01-06 20:22:00,2026-01-07 00:11:00,68,2,3
2393,7,49,13,2026-02-12 10:28:00,2026-02-12 12:38:00,491,32,2
2394,4,36,15,2026-05-03 18:28:00,2026-05-03 21:18:00,323,11,1
2395,6,17,17,2026-04-12 01:09:00,2026-04-12 03:00:00,105,6,3
2396,6,17,16,2026-03-16 09:20:00,2026-03-16 10:06:00,457,33,2
2397,1,47,4,2026-05-07 12:50:00,2026-05-07 14:40:00,302,5,1
2398,8,50,16,2026-02-28 10:19:00,2026-02-28 12:40:00,120,7,1
2399,10,18,15,2026-03-07 06:24:00,2026-03-07 07:40:00,445,10,2
2400,10,19,19,2026-03-27 02:39:00,2026-03-27 03:25:00,235,8,2
2401,10,18,5,2026-03-26 10:08:00,2026-03-26 12:36:00,150,4,1
2402,4,15,9,2026-05-29 10:00:00,2026-05-29 12:53:00,219,13,1
2403,4,15,5,2026-04-23 01:16:00,2026-04-23 02:41:00,409,10,3
2404,4,15,8,2026-04-29 20:44:00,2026-04-29 23:05:00,464,35,1
2405,8,21,7,2026-05-24 15:32:00,2026-05-24 19:23:00,434,24,1
2406,10,13,4,2026-01-24 03:28:00,2026-01-24 07:16:00,469,1,1
2407,6,17,7,2026-04-03 16:11:00,2026-04-03 19:02:00,154,9,2
2408,3,28,3,2026-05-31 16:54:00,2026-05-31 17:34:00,401,7,1
2409,7,49,9,2026-06-09 03:21:00,2026-06-09 04:40:00,213,9,3
2410,1,34,10,2026-03-11 16:12:00,2026-03-11 18:04:00,221,3,3
2411,9,41,8,2026-02-06 04:18:00,2026-02-06 07:19:00,58,4,2
2412,1,47,10,2026-05-17 16:19:00,2026-05-17 18:08:00,128,8,3
2413,7,2,11,2026-02-03 23:39:00,2026-02-04 02:37:00,383,9,1
2414,10,18,13,2026-03-26 14:07:00,2026-03-26 16:57:00,481,27,1
2415,5,6,10,2026-04-26 05:58:00,2026-04-26 09:26:00,311,11,3
2416,7,49,19,2026-04-09 07:55:00,2026-04-09 10:59:00,415,2,2
2417,10,9,7,2026-05-20 21:48:00,2026-05-21 01:26:00,422,24,2
2418,2,3,11,2026-04-30 07:36:00,2026-04-30 11:36:00,194,4,2
2419,4,8,9,2026-02-10 10:43:00,2026-02-10 11:16:00,277,11,1
2420,9,33,18,2026-02-07 22:44:00,2026-02-08 00:58:00,182,2,2
2421,7,31,9,2026-04-19 06:57:00,2026-04-19 08:50:00,456,16,1
2422,9,33,1,2026-02-03 17:59:00,2026-02-03 19:19:00,498,4,1
2423,7,49,3,2026-01-30 15:51:00,2026-01-30 19:21:00,354,24,1
2424,10,18,20,2026-02-05 16:13:00,2026-02-05 16:47:00,446,31,2
2425,10,9,3,2026-02-05 08:40:00,2026-02-05 12:22:00,298,9,1
2426,3,42,14,2026-06-10 08:14:00,2026-06-10 11:50:00,443,22,1
2427,10,13,6,2026-06-28 03:34:00,2026-06-28 07:14:00,100,6,1
2428,4,15,1,2026-01-25 15:34:00,2026-01-25 18:05:00,305,10,2
2429,7,25,7,2026-05-20 14:00:00,2026-05-20 16:18:00,209,15,1
2430,8,43,5,2026-04-05 23:39:00,2026-04-06 01:45:00,321,6,3
2431,4,36,20,2026-01-29 23:02:00,2026-01-29 23:46:00,295,23,1
2432,8,44,1,2026-06-12 04:47:00,2026-06-12 06:26:00,304,8,1
2433,8,44,17,2026-03-28 21:31:00,2026-03-28 23:30:00,347,17,2
2434,3,5,15,2026-05-28 06:37:00,2026-05-28 09:20:00,182,14,1
2435,2,46,12,2026-02-16 01:38:00,2026-02-16 02:10:00,197,6,3
2436,8,4,7,2026-04-15 20:53:00,2026-04-15 23:29:00,99,2,2
2437,8,50,1,2026-05-07 09:43:00,2026-05-07 12:02:00,227,17,1
2438,9,40,8,2026-05-21 22:21:00,2026-05-22 00:50:00,184,6,2
2439,8,50,2,2026-01-21 22:28:00,2026-01-22 02:11:00,213,11,2
2440,10,9,8,2026-02-19 16:29:00,2026-02-19 18:23:00,413,10,2
2441,2,46,3,2026-02-02 19:39:00,2026-02-02 23:07:00,88,6,3
2442,4,36,8,2026-03-26 19:57:00,2026-03-26 23:19:00,400,26,1
2443,10,7,7,2026-06-11 14:31:00,2026-06-11 16:05:00,96,3,2
2444,7,25,13,2026-05-03 09:43:00,2026-05-03 10:23:00,408,11,3
2445,2,46,2,2026-04-17 06:38:00,2026-04-17 07:47:00,187,6,3
2446,9,33,7,2026-05-26 03:42:00,2026-05-26 05:44:00,379,8,2
2447,4,8,14,2026-06-20 16:48:00,2026-06-20 20:35:00,122,1,2
2448,8,14,20,2026-02-26 16:41:00,2026-02-26 19:59:00,119,1,3
2449,3,42,11,2026-01-19 13:51:00,2026-01-19 15:25:00,364,23,3
2450,4,8,15,2026-03-04 14:10:00,2026-03-04 15:06:00,223,15,1
2451,10,38,18,2026-03-13 10:40:00,2026-03-13 14:12:00,460,13,1
2452,3,42,12,2026-06-10 00:26:00,2026-06-10 03:36:00,102,1,3
2453,8,43,11,2026-04-29 02:47:00,2026-04-29 03:58:00,63,4,3
2454,7,2,13,2026-03-19 13:35:00,2026-03-19 15:42:00,177,7,3
2455,9,41,20,2026-03-12 23:34:00,2026-03-13 01:26:00,62,3,3
2456,2,46,18,2026-02-05 19:23:00,2026-02-05 23:19:00,320,20,3
2457,7,2,12,2026-05-13 02:33:00,2026-05-13 04:29:00,403,19,3
2458,8,50,14,2026-05-25 21:54:00,2026-05-25 22:39:00,317,17,3
2459,3,42,6,2026-06-22 09:31:00,2026-06-22 13:25:00,277,14,3
2460,9,41,18,2026-06-16 22:05:00,2026-06-16 23:03:00,195,12,3
2461,10,16,6,2026-01-13 23:21:00,2026-01-14 00:08:00,385,18,3
2462,10,1,7,2026-06-24 20:29:00,2026-06-24 22:31:00,499,13,3
2463,9,41,5,2026-01-15 23:50:00,2026-01-16 02:35:00,428,15,2
2464,6,27,1,2026-02-19 08:34:00,2026-02-19 10:52:00,390,24,3
2465,3,5,15,2026-03-01 18:05:00,2026-03-01 21:03:00,132,0,1
2466,3,23,19,2026-03-28 19:16:00,2026-03-28 22:23:00,204,0,2
2467,1,34,18,2026-01-02 06:52:00,2026-01-02 09:35:00,451,15,2
2468,1,34,18,2026-06-14 22:47:00,2026-06-14 23:56:00,119,0,2
2469,9,26,10,2026-04-23 04:04:00,2026-04-23 05:11:00,257,7,2
2470,10,18,19,2026-05-10 02:02:00,2026-05-10 04:59:00,441,29,3
2471,5,6,15,2026-02-12 13:43:00,2026-02-12 16:39:00,227,11,3
2472,2,46,18,2026-03-10 13:27:00,2026-03-10 17:17:00,277,11,3
2473,1,34,14,2026-02-21 00:58:00,2026-02-21 02:06:00,447,5,3
2474,8,10,12,2026-06-21 13:47:00,2026-06-21 17:16:00,176,13,2
2475,8,20,5,2026-02-04 03:41:00,2026-02-04 06:35:00,188,6,3
2476,3,23,14,2026-02-26 13:13:00,2026-02-26 16:37:00,401,3,3
2477,4,15,4,2026-05-19 04:39:00,2026-05-19 07:53:00,347,16,3
2478,10,7,19,2026-04-22 02:45:00,2026-04-22 04:40:00,148,6,3
2479,8,20,18,2026-06-14 09:39:00,2026-06-14 13:02:00,230,5,2
2480,3,42,7,2026-06-05 12:16:00,2026-06-05 13:38:00,348,9,2
2481,10,1,17,2026-02-13 09:54:00,2026-02-13 11:07:00,419,15,2
2482,10,18,12,2026-01-28 19:34:00,2026-01-28 21:46:00,420,5,3
2483,9,40,7,2026-02-11 19:50:00,2026-02-11 22:02:00,474,4,2
2484,10,9,5,2026-02-06 19:30:00,2026-02-06 22:34:00,188,2,3
2485,3,23,11,2026-06-29 09:13:00,2026-06-29 11:02:00,369,14,3
2486,3,42,17,2026-03-21 19:14:00,2026-03-21 22:32:00,200,7,3
2487,7,25,1,2026-02-20 11:54:00,2026-02-20 12:41:00,186,9,3
2488,5,6,10,2026-01-16 22:14:00,2026-01-16 22:47:00,125,9,2
2489,6,12,5,2026-03-18 14:35:00,2026-03-18 16:34:00,418,17,2
2490,4,36,1,2026-04-20 09:01:00,2026-04-20 12:20:00,85,4,1
2491,9,33,4,2026-04-18 06:58:00,2026-04-18 07:31:00,429,13,3
2492,7,2,15,2026-03-09 01:45:00,2026-03-09 02:34:00,407,13,3
2493,7,25,16,2026-06-18 11:19:00,2026-06-18 12:43:00,239,4,1
2494,3,30,20,2026-03-25 10:59:00,2026-03-25 11:29:00,222,8,1
2495,3,30,9,2026-01-28 02:16:00,2026-01-28 03:42:00,352,5,1
2496,2,46,3,2026-02-28 16:40:00,2026-02-28 19:30:00,302,13,2
2497,9,26,13,2026-02-05 22:33:00,2026-02-06 01:10:00,323,5,1
2498,8,21,18,2026-05-20 01:55:00,2026-05-20 03:26:00,131,7,2
2499,8,50,10,2026-02-23 21:41:00,2026-02-24 00:28:00,193,6,3
2500,4,29,6,2026-01-11 06:31:00,2026-01-11 08:25:00,197,8,2
2501,9,40,20,2026-02-18 10:27:00,2026-02-18 11:42:00,131,1,3
2502,7,49,10,2026-03-15 11:52:00,2026-03-15 13:57:00,257,7,3
2503,4,37,11,2026-01-01 09:20:00,2026-01-01 10:23:00,401,23,3
2504,10,16,7,2026-05-23 12:07:00,2026-05-23 16:03:00,167,9,1
2505,9,22,6,2026-04-01 16:41:00,2026-04-01 17:54:00,421,24,3
2506,8,10,10,2026-02-28 08:36:00,2026-02-28 09:18:00,424,1,1
2507,5,45,3,2026-05-03 22:13:00,2026-05-04 01:29:00,226,13,3
2508,1,34,16,2026-06-04 20:02:00,2026-06-04 22:25:00,242,15,3
2509,8,43,10,2026-04-18 19:59:00,2026-04-18 23:58:00,304,16,1
2510,3,30,16,2026-03-04 05:27:00,2026-03-04 09:26:00,387,2,2
2511,3,28,6,2026-02-04 19:34:00,2026-02-04 20:50:00,146,1,3
2512,5,45,6,2026-03-19 11:56:00,2026-03-19 14:45:00,266,17,1
2513,5,6,8,2026-05-07 01:01:00,2026-05-07 02:16:00,265,20,1
2514,7,48,6,2026-05-07 14:49:00,2026-05-07 17:55:00,62,1,1
2515,9,22,13,2026-05-15 19:42:00,2026-05-15 23:19:00,442,4,1
2516,7,35,17,2026-02-17 18:02:00,2026-02-17 19:21:00,257,18,1
2517,4,37,18,2026-03-01 14:16:00,2026-03-01 16:39:00,91,0,2
2518,3,42,5,2026-03-20 13:19:00,2026-03-20 15:00:00,494,23,3
2519,8,21,19,2026-01-10 06:25:00,2026-01-10 09:13:00,175,4,3
2520,9,26,12,2026-01-22 01:04:00,2026-01-22 04:41:00,356,6,3
2521,3,24,3,2026-01-27 18:53:00,2026-01-27 19:52:00,198,4,3
2522,10,9,7,2026-01-15 15:11:00,2026-01-15 18:00:00,314,22,3
2523,9,33,1,2026-06-23 07:45:00,2026-06-23 09:10:00,100,6,1
2524,9,40,5,2026-01-10 11:12:00,2026-01-10 14:47:00,50,2,3
2525,3,42,3,2026-05-17 13:48:00,2026-05-17 15:33:00,488,32,1
2526,6,39,10,2026-01-01 13:32:00,2026-01-01 14:20:00,350,3,3
2527,7,35,4,2026-02-11 05:11:00,2026-02-11 06:25:00,69,3,2
2528,10,38,10,2026-04-01 23:59:00,2026-04-02 00:40:00,285,5,2
2529,9,41,20,2026-06-10 19:54:00,2026-06-10 21:26:00,481,20,3
2530,10,13,8,2026-06-21 19:48:00,2026-06-21 23:19:00,395,8,2
2531,5,45,17,2026-01-24 06:26:00,2026-01-24 09:37:00,409,20,3
2532,10,1,20,2026-04-15 15:13:00,2026-04-15 18:22:00,213,11,1
2533,10,19,5,2026-03-13 04:43:00,2026-03-13 05:54:00,117,1,3
2534,7,11,18,2026-05-17 05:06:00,2026-05-17 06:43:00,84,4,1
2535,8,14,1,2026-05-01 21:03:00,2026-05-02 00:23:00,190,13,1
2536,5,6,2,2026-04-01 05:51:00,2026-04-01 08:11:00,235,15,3
2537,10,16,1,2026-01-15 13:22:00,2026-01-15 15:57:00,354,0,1
2538,10,9,19,2026-04-26 14:14:00,2026-04-26 15:57:00,418,17,2
2539,8,20,19,2026-01-10 17:04:00,2026-01-10 19:59:00,236,2,2
2540,9,22,17,2026-01-06 05:18:00,2026-01-06 09:11:00,355,12,1
2541,1,34,6,2026-05-01 10:16:00,2026-05-01 11:43:00,499,4,1
2542,10,16,15,2026-03-09 11:40:00,2026-03-09 14:56:00,78,1,2
2543,10,16,4,2026-01-09 11:59:00,2026-01-09 15:20:00,180,8,1
2544,9,41,9,2026-02-04 05:19:00,2026-02-04 06:44:00,470,22,2
2545,6,17,16,2026-02-18 10:22:00,2026-02-18 11:59:00,458,27,1
2546,3,5,12,2026-05-26 21:04:00,2026-05-26 23:25:00,382,14,2
2547,6,17,11,2026-05-28 16:31:00,2026-05-28 18:31:00,185,7,1
2548,8,14,14,2026-02-20 09:25:00,2026-02-20 11:30:00,410,21,3
2549,9,22,18,2026-06-17 06:32:00,2026-06-17 10:09:00,60,2,1
2550,4,8,17,2026-02-20 16:39:00,2026-02-20 17:23:00,477,22,1
2551,10,16,19,2026-01-16 10:43:00,2026-01-16 13:31:00,258,17,3
2552,10,18,9,2026-04-17 13:27:00,2026-04-17 15:52:00,367,4,1
2553,8,10,10,2026-06-17 04:05:00,2026-06-17 05:11:00,298,7,1
2554,10,19,18,2026-04-27 02:19:00,2026-04-27 03:55:00,307,19,1
2555,1,47,5,2026-02-19 19:24:00,2026-02-19 22:06:00,118,7,3
2556,10,13,14,2026-02-09 15:15:00,2026-02-09 16:06:00,496,1,3
2557,10,7,13,2026-05-02 21:42:00,2026-05-02 22:23:00,285,2,3
2558,7,35,2,2026-03-01 13:04:00,2026-03-01 15:54:00,482,20,1
2559,8,14,6,2026-05-27 20:04:00,2026-05-27 21:00:00,185,13,1
2560,7,25,14,2026-05-05 03:35:00,2026-05-05 06:10:00,201,8,3
2561,2,46,17,2026-01-08 01:16:00,2026-01-08 03:33:00,105,1,1
2562,7,25,9,2026-04-03 07:18:00,2026-04-03 11:06:00,289,11,2
2563,9,26,18,2026-01-28 21:56:00,2026-01-28 22:57:00,52,3,2
2564,7,48,16,2026-02-10 07:38:00,2026-02-10 08:36:00,329,23,1
2565,7,35,8,2026-01-14 19:53:00,2026-01-14 23:34:00,143,5,3
2566,7,2,19,2026-06-20 19:59:00,2026-06-20 21:33:00,121,1,3
2567,8,4,9,2026-06-24 22:44:00,2026-06-25 00:34:00,403,14,2
2568,1,34,20,2026-05-30 14:08:00,2026-05-30 14:38:00,233,5,2
2569,4,8,8,2026-03-27 00:41:00,2026-03-27 03:40:00,317,2,3
2570,2,3,4,2026-01-08 15:00:00,2026-01-08 18:47:00,182,14,2
2571,6,27,8,2026-03-21 18:53:00,2026-03-21 21:53:00,480,35,1
2572,8,43,2,2026-03-04 20:05:00,2026-03-04 23:12:00,265,19,3
2573,8,43,1,2026-06-07 08:19:00,2026-06-07 09:55:00,185,1,1
2574,3,5,20,2026-03-05 08:38:00,2026-03-05 12:08:00,269,5,1
2575,10,19,2,2026-03-29 17:52:00,2026-03-29 20:42:00,133,6,1
2576,8,44,16,2026-03-19 01:01:00,2026-03-19 04:33:00,162,8,1
2577,2,3,7,2026-06-01 01:55:00,2026-06-01 05:23:00,195,9,3
2578,8,44,7,2026-02-15 22:23:00,2026-02-16 00:04:00,250,5,3
2579,10,13,2,2026-04-30 09:49:00,2026-04-30 11:30:00,406,10,1
2580,7,35,17,2026-04-23 11:26:00,2026-04-23 14:33:00,368,18,3
2581,10,38,5,2026-03-16 05:15:00,2026-03-16 05:46:00,52,0,2
2582,3,23,8,2026-02-11 07:36:00,2026-02-11 09:44:00,373,25,1
2583,1,34,12,2026-02-02 18:55:00,2026-02-02 20:15:00,414,30,1
2584,5,45,18,2026-06-16 16:43:00,2026-06-16 17:44:00,343,0,3
2585,6,27,1,2026-06-06 14:37:00,2026-06-06 16:13:00,313,1,3
2586,7,25,16,2026-02-03 02:08:00,2026-02-03 05:10:00,384,19,1
2587,7,2,2,2026-05-02 04:38:00,2026-05-02 05:30:00,313,18,2
2588,2,46,12,2026-03-16 02:03:00,2026-03-16 05:33:00,427,19,2
2589,8,4,1,2026-05-10 14:05:00,2026-05-10 15:40:00,91,1,1
2590,10,19,3,2026-04-28 08:19:00,2026-04-28 11:49:00,490,21,2
2591,9,41,9,2026-01-19 18:29:00,2026-01-19 21:30:00,133,5,1
2592,10,13,7,2026-04-03 18:04:00,2026-04-03 20:07:00,350,27,2
2593,6,39,5,2026-02-26 14:12:00,2026-02-26 17:27:00,299,6,1
2594,2,46,14,2026-03-11 11:00:00,2026-03-11 12:10:00,112,2,3
2595,6,12,3,2026-03-21 09:05:00,2026-03-21 11:12:00,377,14,1
2596,4,8,1,2026-01-13 13:52:00,2026-01-13 15:58:00,460,19,3
2597,4,37,19,2026-04-11 15:12:00,2026-04-11 16:12:00,397,13,2
2598,7,31,1,2026-02-01 16:43:00,2026-02-01 17:29:00,73,3,3
2599,10,38,10,2026-01-21 20:22:00,2026-01-21 22:13:00,473,36,1
2600,6,17,1,2026-06-06 12:20:00,2026-06-06 15:30:00,413,4,2
2601,10,16,6,2026-05-10 19:50:00,2026-05-10 23:06:00,414,9,2
2602,5,6,8,2026-06-27 11:09:00,2026-06-27 12:08:00,385,23,2
2603,7,25,11,2026-06-17 03:38:00,2026-06-17 04:37:00,282,5,1
2604,4,37,11,2026-06-29 14:14:00,2026-06-29 15:50:00,448,5,2
2605,3,30,4,2026-04-10 19:37:00,2026-04-10 20:08:00,495,31,1
2606,1,34,14,2026-03-12 11:44:00,2026-03-12 15:02:00,99,3,3
2607,5,6,4,2026-04-08 13:00:00,2026-04-08 15:44:00,139,2,1
2608,8,20,15,2026-02-13 15:36:00,2026-02-13 17:02:00,289,16,2
2609,9,26,6,2026-04-09 13:32:00,2026-04-09 15:16:00,480,22,2
2610,7,31,10,2026-04-11 18:30:00,2026-04-11 21:22:00,73,1,1
2611,7,2,9,2026-02-20 11:26:00,2026-02-20 12:01:00,221,9,1
2612,4,36,18,2026-04-25 19:58:00,2026-04-25 20:52:00,84,0,3
2613,9,33,3,2026-04-26 17:02:00,2026-04-26 20:18:00,180,7,1
2614,10,19,4,2026-04-02 12:46:00,2026-04-02 15:41:00,86,1,3
2615,8,20,2,2026-04-09 13:18:00,2026-04-09 14:27:00,400,20,2
2616,9,26,6,2026-03-06 11:31:00,2026-03-06 14:10:00,282,5,3
2617,5,6,14,2026-04-07 11:03:00,2026-04-07 12:15:00,69,0,3
2618,8,43,6,2026-03-07 20:20:00,2026-03-07 23:14:00,451,6,1
2619,9,22,11,2026-04-16 09:17:00,2026-04-16 10:58:00,200,11,2
2620,6,12,2,2026-01-31 19:52:00,2026-01-31 21:10:00,374,5,2
2621,10,16,17,2026-06-23 10:40:00,2026-06-23 11:26:00,306,0,2
2622,10,16,6,2026-05-06 06:51:00,2026-05-06 09:59:00,136,3,1
2623,8,21,2,2026-01-18 23:55:00,2026-01-19 00:35:00,259,4,1
2624,10,9,15,2026-05-11 17:46:00,2026-05-11 20:48:00,224,13,3
2625,6,27,11,2026-04-23 17:00:00,2026-04-23 18:44:00,348,24,3
2626,10,18,7,2026-04-01 06:02:00,2026-04-01 08:43:00,132,4,1
2627,3,42,14,2026-06-21 17:40:00,2026-06-21 19:17:00,395,14,2
2628,2,46,5,2026-05-09 10:26:00,2026-05-09 13:26:00,375,8,2
2629,8,4,15,2026-01-18 05:17:00,2026-01-18 08:46:00,308,3,3
2630,9,26,8,2026-01-22 04:04:00,2026-01-22 05:13:00,324,2,3
2631,10,32,15,2026-03-01 17:07:00,2026-03-01 19:17:00,374,9,3
2632,10,1,20,2026-02-03 23:49:00,2026-02-04 03:42:00,500,10,3
2633,6,12,11,2026-01-09 23:59:00,2026-01-10 02:07:00,291,6,1
2634,10,1,6,2026-06-01 12:02:00,2026-06-01 13:58:00,305,2,2
2635,9,22,1,2026-03-15 08:45:00,2026-03-15 11:32:00,231,9,1
2636,10,16,17,2026-06-23 15:04:00,2026-06-23 16:22:00,495,32,2
2637,4,15,17,2026-01-29 01:34:00,2026-01-29 02:15:00,388,7,2
2638,8,21,13,2026-03-16 06:19:00,2026-03-16 07:17:00,60,0,2
2639,7,25,2,2026-01-16 15:38:00,2026-01-16 16:35:00,110,2,1
2640,4,15,8,2026-06-08 19:24:00,2026-06-08 21:32:00,163,12,2
2641,1,47,1,2026-01-15 03:58:00,2026-01-15 04:59:00,499,7,1
2642,3,28,19,2026-02-13 07:27:00,2026-02-13 10:26:00,467,12,1
2643,10,19,1,2026-02-12 13:58:00,2026-02-12 17:07:00,51,0,2
2644,5,45,12,2026-06-15 14:25:00,2026-06-15 17:38:00,470,29,1
2645,6,39,3,2026-01-25 13:32:00,2026-01-25 16:28:00,402,9,3
2646,7,49,17,2026-05-19 08:10:00,2026-05-19 11:28:00,214,6,1
2647,2,46,19,2026-02-08 23:35:00,2026-02-09 00:23:00,148,9,2
2648,9,41,17,2026-03-07 03:58:00,2026-03-07 06:00:00,148,6,1
2649,10,19,10,2026-05-26 17:36:00,2026-05-26 19:45:00,242,7,3
2650,6,17,15,2026-05-09 13:19:00,2026-05-09 14:07:00,374,8,2
2651,10,7,9,2026-03-07 08:01:00,2026-03-07 09:43:00,439,0,2
2652,4,37,5,2026-03-17 19:06:00,2026-03-17 20:22:00,155,10,2
2653,9,41,6,2026-02-21 10:49:00,2026-02-21 12:03:00,452,17,2
2654,1,34,4,2026-03-27 01:06:00,2026-03-27 03:22:00,371,22,1
2655,3,42,13,2026-04-19 13:45:00,2026-04-19 15:03:00,188,5,3
2656,10,13,4,2026-04-29 05:35:00,2026-04-29 07:25:00,283,14,3
2657,5,45,16,2026-06-19 11:14:00,2026-06-19 13:09:00,322,0,1
2658,8,44,16,2026-04-12 23:49:00,2026-04-13 03:48:00,78,2,1
2659,8,20,10,2026-04-12 07:21:00,2026-04-12 07:58:00,253,10,1
2660,10,9,15,2026-05-18 09:51:00,2026-05-18 11:14:00,256,19,3
2661,9,41,20,2026-03-22 20:46:00,2026-03-22 23:44:00,69,1,3
2662,4,15,8,2026-04-29 16:18:00,2026-04-29 16:58:00,482,23,3
2663,9,41,11,2026-04-25 14:23:00,2026-04-25 17:34:00,475,24,2
2664,10,16,5,2026-01-01 21:34:00,2026-01-02 00:14:00,381,14,3
2665,6,27,15,2026-06-01 17:32:00,2026-06-01 19:08:00,424,31,2
2666,8,43,14,2026-04-13 07:03:00,2026-04-13 10:42:00,233,16,2
2667,9,22,1,2026-06-11 15:19:00,2026-06-11 16:42:00,113,8,2
2668,6,17,7,2026-04-28 10:06:00,2026-04-28 13:03:00,314,21,2
2669,3,28,9,2026-04-03 17:07:00,2026-04-03 17:58:00,464,26,3
2670,4,15,19,2026-04-22 05:05:00,2026-04-22 06:10:00,450,18,3
2671,7,11,12,2026-06-09 21:48:00,2026-06-10 01:05:00,412,23,3
2672,4,37,14,2026-05-02 16:03:00,2026-05-02 18:54:00,87,5,2
2673,3,5,15,2026-05-09 07:41:00,2026-05-09 11:09:00,278,6,3
2674,9,33,10,2026-01-10 19:08:00,2026-01-10 20:31:00,222,16,2
2675,8,43,17,2026-05-26 19:54:00,2026-05-26 21:56:00,90,5,2
2676,9,41,4,2026-05-02 18:47:00,2026-05-02 20:41:00,165,1,3
2677,5,45,20,2026-02-17 15:39:00,2026-02-17 16:31:00,345,10,1
2678,10,32,6,2026-05-09 18:14:00,2026-05-09 20:00:00,318,23,1
2679,3,5,20,2026-04-29 21:57:00,2026-04-30 00:22:00,417,6,1
2680,7,25,16,2026-01-06 15:08:00,2026-01-06 15:45:00,78,2,3
2681,10,1,13,2026-03-23 20:07:00,2026-03-23 23:59:00,162,1,2
2682,9,22,12,2026-06-05 09:28:00,2026-06-05 13:14:00,458,32,1
2683,1,34,3,2026-05-28 07:06:00,2026-05-28 07:38:00,382,8,3
2684,8,44,15,2026-01-22 05:53:00,2026-01-22 07:29:00,126,2,1
2685,10,1,8,2026-01-11 18:44:00,2026-01-11 21:37:00,264,8,1
2686,9,33,15,2026-06-24 04:08:00,2026-06-24 05:44:00,480,18,3
2687,8,50,16,2026-02-28 11:03:00,2026-02-28 14:36:00,277,21,2
2688,3,42,9,2026-06-13 07:55:00,2026-06-13 09:16:00,254,9,3
2689,9,33,16,2026-04-13 17:33:00,2026-04-13 18:15:00,478,32,1
2690,10,32,11,2026-04-25 12:52:00,2026-04-25 15:06:00,464,30,2
2691,8,43,14,2026-02-09 04:51:00,2026-02-09 08:04:00,387,22,2
2692,2,3,13,2026-02-23 16:34:00,2026-02-23 18:55:00,205,14,1
2693,10,7,16,2026-06-26 17:03:00,2026-06-26 20:59:00,82,2,1
2694,4,36,9,2026-05-17 03:00:00,2026-05-17 06:27:00,114,7,1
2695,9,41,12,2026-03-21 23:06:00,2026-03-22 01:06:00,311,12,3
2696,8,14,15,2026-05-25 04:19:00,2026-05-25 07:12:00,398,19,2
2697,8,50,14,2026-06-29 15:58:00,2026-06-29 17:25:00,348,18,3
2698,2,3,13,2026-05-04 21:24:00,2026-05-04 22:34:00,163,8,3
2699,3,28,14,2026-05-10 16:50:00,2026-05-10 20:05:00,205,12,2
2700,10,38,17,2026-06-17 06:34:00,2026-06-17 07:14:00,253,7,3
2701,8,10,9,2026-04-13 18:45:00,2026-04-13 20:51:00,186,13,1
2702,7,2,2,2026-02-01 13:39:00,2026-02-01 15:22:00,388,25,2
2703,3,5,14,2026-06-13 11:09:00,2026-06-13 14:37:00,363,11,1
2704,4,29,11,2026-05-25 23:56:00,2026-05-26 03:41:00,244,13,1
2705,2,46,13,2026-02-09 03:06:00,2026-02-09 03:44:00,271,11,3
2706,8,43,6,2026-02-28 18:58:00,2026-02-28 20:29:00,368,27,3
2707,8,4,12,2026-01-23 07:38:00,2026-01-23 10:06:00,444,15,3
2708,9,26,17,2026-03-12 07:36:00,2026-03-12 09:57:00,419,9,3
2709,4,37,15,2026-01-10 03:31:00,2026-01-10 05:26:00,142,1,1
2710,4,8,14,2026-04-19 23:46:00,2026-04-20 01:29:00,258,1,2
2711,1,47,16,2026-01-29 12:50:00,2026-01-29 15:47:00,249,15,1
2712,9,26,10,2026-05-14 06:09:00,2026-05-14 07:17:00,189,8,1
2713,4,15,7,2026-05-09 18:20:00,2026-05-09 20:16:00,471,36,3
2714,3,30,3,2026-05-27 07:44:00,2026-05-27 09:42:00,221,7,3
2715,7,25,17,2026-03-07 08:46:00,2026-03-07 12:45:00,62,1,2
2716,7,49,13,2026-05-06 08:39:00,2026-05-06 09:51:00,467,9,2
2717,8,20,3,2026-05-23 19:53:00,2026-05-23 20:43:00,97,5,3
2718,10,1,1,2026-03-17 06:27:00,2026-03-17 08:14:00,415,18,2
2719,7,2,15,2026-05-06 11:51:00,2026-05-06 14:38:00,406,21,3
2720,8,44,17,2026-03-21 14:59:00,2026-03-21 15:56:00,324,23,2
2721,4,29,2,2026-03-03 11:22:00,2026-03-03 12:26:00,467,34,3
2722,2,46,20,2026-06-16 11:58:00,2026-06-16 15:12:00,181,7,3
2723,7,25,17,2026-03-31 03:38:00,2026-03-31 05:55:00,437,26,1
2724,2,46,14,2026-02-06 01:12:00,2026-02-06 03:00:00,184,12,1
2725,10,1,11,2026-06-06 19:52:00,2026-06-06 20:47:00,477,7,3
2726,8,43,4,2026-05-30 06:11:00,2026-05-30 08:16:00,219,2,3
2727,7,31,5,2026-03-20 13:10:00,2026-03-20 14:09:00,452,6,3
2728,8,21,15,2026-02-10 13:45:00,2026-02-10 17:02:00,57,3,1
2729,7,48,19,2026-02-28 09:21:00,2026-02-28 11:00:00,262,0,3
2730,5,6,20,2026-02-07 13:42:00,2026-02-07 17:05:00,97,5,2
2731,9,40,7,2026-06-03 13:33:00,2026-06-03 14:38:00,94,4,2
2732,5,45,20,2026-05-11 06:08:00,2026-05-11 08:39:00,484,14,2
2733,4,8,2,2026-02-22 09:18:00,2026-02-22 10:00:00,474,5,3
2734,8,14,9,2026-05-31 17:01:00,2026-05-31 17:31:00,295,5,1
2735,6,27,13,2026-03-26 14:46:00,2026-03-26 17:08:00,343,13,3
2736,9,33,6,2026-02-16 23:09:00,2026-02-17 01:08:00,431,18,3
2737,8,14,8,2026-04-05 11:43:00,2026-04-05 12:30:00,338,13,3
2738,2,3,13,2026-03-22 05:52:00,2026-03-22 07:36:00,197,9,3
2739,7,35,17,2026-04-01 04:20:00,2026-04-01 05:56:00,220,12,3
2740,3,24,13,2026-02-12 01:49:00,2026-02-12 02:59:00,321,17,3
2741,7,25,8,2026-04-28 23:19:00,2026-04-28 23:57:00,493,20,2
2742,9,26,10,2026-06-08 13:42:00,2026-06-08 14:22:00,434,16,2
2743,6,27,13,2026-06-19 00:17:00,2026-06-19 02:33:00,330,19,3
2744,8,4,4,2026-05-25 02:50:00,2026-05-25 03:23:00,61,4,3
2745,1,34,2,2026-05-24 05:48:00,2026-05-24 06:30:00,50,0,3
2746,5,6,16,2026-02-22 22:28:00,2026-02-23 01:32:00,390,0,2
2747,4,29,2,2026-02-03 06:14:00,2026-02-03 08:31:00,251,9,2
2748,8,10,11,2026-06-26 08:33:00,2026-06-26 10:36:00,119,5,3
2749,3,5,7,2026-06-10 03:10:00,2026-06-10 06:48:00,81,5,1
2750,10,1,11,2026-02-13 05:23:00,2026-02-13 06:35:00,201,9,2
2751,1,34,11,2026-04-23 12:04:00,2026-04-23 13:40:00,386,7,1
2752,5,6,18,2026-02-18 17:00:00,2026-02-18 18:16:00,400,15,1
2753,5,6,20,2026-04-10 05:17:00,2026-04-10 06:59:00,272,11,1
2754,10,19,17,2026-01-26 23:33:00,2026-01-27 01:08:00,457,24,3
2755,4,37,1,2026-05-06 04:42:00,2026-05-06 06:41:00,358,26,3
2756,7,25,4,2026-05-17 04:17:00,2026-05-17 05:15:00,52,0,1
2757,10,38,1,2026-05-21 17:59:00,2026-05-21 18:53:00,449,28,1
2758,3,23,10,2026-01-01 07:12:00,2026-01-01 09:02:00,486,38,1
2759,10,16,18,2026-03-27 07:46:00,2026-03-27 10:26:00,66,4,3
2760,1,47,10,2026-05-21 02:41:00,2026-05-21 05:38:00,301,3,2
2761,7,49,15,2026-01-18 21:24:00,2026-01-18 21:59:00,383,20,3
2762,10,38,13,2026-03-28 14:04:00,2026-03-28 16:12:00,304,9,3
2763,5,6,8,2026-02-06 00:49:00,2026-02-06 04:27:00,405,5,3
2764,9,33,8,2026-03-17 03:37:00,2026-03-17 06:57:00,340,20,1
2765,10,7,11,2026-03-21 02:43:00,2026-03-21 06:36:00,324,14,3
2766,3,42,18,2026-02-14 17:45:00,2026-02-14 21:44:00,426,24,1
2767,8,50,11,2026-06-01 12:50:00,2026-06-01 16:29:00,82,3,1
2768,8,21,15,2026-03-30 00:22:00,2026-03-30 03:20:00,372,13,1
2769,1,47,20,2026-03-16 04:52:00,2026-03-16 06:31:00,231,3,3
2770,1,47,14,2026-04-30 19:17:00,2026-04-30 22:59:00,381,8,1
2771,3,24,17,2026-03-24 01:06:00,2026-03-24 04:44:00,130,4,1
2772,10,38,7,2026-01-26 06:58:00,2026-01-26 08:12:00,397,13,3
2773,8,20,13,2026-06-26 16:06:00,2026-06-26 19:06:00,335,14,1
2774,10,7,20,2026-02-05 19:49:00,2026-02-05 21:09:00,161,5,2
2775,10,32,18,2026-05-13 10:13:00,2026-05-13 11:49:00,80,5,3
2776,10,16,7,2026-05-29 22:29:00,2026-05-29 23:23:00,372,8,2
2777,10,18,15,2026-02-04 03:13:00,2026-02-04 05:53:00,199,2,1
2778,10,7,4,2026-02-12 19:00:00,2026-02-12 22:10:00,204,0,1
2779,7,25,11,2026-02-15 09:04:00,2026-02-15 12:10:00,314,10,2
2780,9,33,15,2026-04-09 04:13:00,2026-04-09 05:23:00,171,9,3
2781,10,1,19,2026-06-04 13:36:00,2026-06-04 15:00:00,52,1,3
2782,7,2,20,2026-01-13 21:54:00,2026-01-14 00:30:00,97,7,2
2783,10,16,17,2026-02-23 15:12:00,2026-02-23 18:18:00,82,0,1
2784,6,12,14,2026-06-13 20:32:00,2026-06-13 23:11:00,137,4,2
2785,9,41,11,2026-06-15 22:21:00,2026-06-16 01:15:00,254,7,3
2786,10,38,5,2026-04-11 04:34:00,2026-04-11 07:49:00,206,8,1
2787,3,28,11,2026-03-23 06:09:00,2026-03-23 09:40:00,116,2,3
2788,8,14,20,2026-01-26 00:21:00,2026-01-26 03:45:00,168,9,3
2789,8,14,4,2026-06-23 03:23:00,2026-06-23 04:04:00,177,7,2
2790,10,7,19,2026-03-01 22:06:00,2026-03-01 23:07:00,100,7,2
2791,5,45,4,2026-05-01 08:33:00,2026-05-01 10:43:00,151,3,1
2792,4,8,17,2026-04-30 20:47:00,2026-04-30 23:01:00,384,4,2
2793,9,33,15,2026-02-19 16:59:00,2026-02-19 20:54:00,378,22,2
2794,10,7,4,2026-02-18 18:05:00,2026-02-18 21:48:00,473,2,3
2795,8,4,16,2026-04-15 01:01:00,2026-04-15 04:11:00,267,14,1
2796,7,25,6,2026-02-17 08:10:00,2026-02-17 11:22:00,430,3,2
2797,2,46,4,2026-06-02 01:12:00,2026-06-02 02:05:00,228,7,2
2798,8,43,9,2026-02-17 16:38:00,2026-02-17 19:30:00,291,3,3
2799,10,19,13,2026-06-13 01:18:00,2026-06-13 03:01:00,62,2,1
2800,3,28,3,2026-04-29 23:44:00,2026-04-30 01:35:00,220,14,3
2801,10,13,6,2026-04-16 17:13:00,2026-04-16 18:42:00,497,27,2
2802,3,42,12,2026-05-09 18:29:00,2026-05-09 22:07:00,200,7,3
2803,5,6,3,2026-04-20 17:04:00,2026-04-20 19:39:00,475,22,1
2804,8,10,3,2026-05-21 14:59:00,2026-05-21 17:48:00,344,11,3
2805,7,11,20,2026-01-01 06:45:00,2026-01-01 07:24:00,498,18,1
2806,2,3,20,2026-06-16 16:20:00,2026-06-16 19:14:00,86,6,3
2807,6,39,20,2026-05-12 06:10:00,2026-05-12 07:26:00,391,7,3
2808,2,46,9,2026-02-12 17:16:00,2026-02-12 20:39:00,468,1,3
2809,3,23,7,2026-03-18 14:45:00,2026-03-18 18:11:00,386,13,1
2810,7,49,16,2026-01-13 04:45:00,2026-01-13 07:37:00,443,5,3
2811,7,31,16,2026-02-27 20:39:00,2026-02-28 00:33:00,94,3,1
2812,4,15,16,2026-01-16 23:27:00,2026-01-17 02:50:00,64,1,2
2813,9,33,12,2026-03-13 16:34:00,2026-03-13 17:19:00,287,6,1
2814,4,36,15,2026-04-08 22:57:00,2026-04-09 00:54:00,402,16,1
2815,1,34,14,2026-03-07 23:54:00,2026-03-08 01:55:00,414,18,2
2816,1,47,10,2026-06-26 20:54:00,2026-06-26 21:25:00,260,1,1
2817,9,40,2,2026-06-12 08:35:00,2026-06-12 11:41:00,143,5,3
2818,8,50,16,2026-02-10 02:48:00,2026-02-10 03:53:00,163,9,2
2819,3,24,16,2026-05-24 22:13:00,2026-05-24 22:43:00,442,14,3
2820,10,19,1,2026-05-07 15:24:00,2026-05-07 18:20:00,404,10,3
2821,3,30,9,2026-02-07 10:29:00,2026-02-07 13:10:00,54,4,1
2822,10,9,9,2026-03-29 02:25:00,2026-03-29 05:25:00,178,9,2
2823,7,31,17,2026-03-24 08:51:00,2026-03-24 12:24:00,257,9,1
2824,6,39,20,2026-04-14 14:03:00,2026-04-14 15:02:00,67,3,3
2825,4,29,20,2026-03-17 07:21:00,2026-03-17 10:16:00,375,3,1
2826,6,17,11,2026-06-17 10:06:00,2026-06-17 13:54:00,292,1,2
2827,10,18,8,2026-03-06 13:46:00,2026-03-06 16:50:00,155,8,1
2828,7,2,8,2026-03-01 09:27:00,2026-03-01 12:37:00,381,10,2
2829,10,1,3,2026-06-25 05:19:00,2026-06-25 07:47:00,58,4,3
2830,4,15,6,2026-01-25 13:36:00,2026-01-25 16:17:00,447,9,2
2831,8,50,14,2026-02-09 07:57:00,2026-02-09 09:47:00,113,4,3
2832,9,22,15,2026-04-17 16:36:00,2026-04-17 19:09:00,264,7,1
2833,2,46,1,2026-05-18 05:46:00,2026-05-18 07:05:00,156,11,1
2834,9,33,15,2026-05-26 13:36:00,2026-05-26 17:24:00,360,17,2
2835,8,20,19,2026-03-24 14:18:00,2026-03-24 16:29:00,363,12,2
2836,9,22,10,2026-01-27 08:00:00,2026-01-27 10:27:00,451,17,3
2837,3,23,18,2026-05-24 13:42:00,2026-05-24 17:25:00,222,6,1
2838,10,18,14,2026-02-28 08:16:00,2026-02-28 10:18:00,448,6,1
2839,8,4,15,2026-01-02 16:43:00,2026-01-02 20:23:00,386,25,1
2840,8,14,6,2026-03-13 06:48:00,2026-03-13 09:31:00,358,1,1
2841,5,6,18,2026-04-05 21:46:00,2026-04-05 23:45:00,376,22,2
2842,4,29,19,2026-02-02 01:21:00,2026-02-02 04:03:00,305,23,3
2843,8,10,5,2026-03-10 11:57:00,2026-03-10 13:08:00,469,17,3
2844,9,22,14,2026-02-17 12:40:00,2026-02-17 14:56:00,477,35,1
2845,6,12,9,2026-03-09 12:59:00,2026-03-09 15:50:00,198,5,1
2846,8,4,11,2026-05-20 10:01:00,2026-05-20 13:54:00,216,10,2
2847,6,12,11,2026-03-18 09:19:00,2026-03-18 11:10:00,117,3,2
2848,8,20,6,2026-04-25 00:10:00,2026-04-25 02:48:00,213,15,3
2849,1,34,2,2026-05-18 00:38:00,2026-05-18 02:15:00,65,2,3
2850,8,20,10,2026-05-15 02:17:00,2026-05-15 03:15:00,349,6,3
2851,4,8,8,2026-02-15 22:28:00,2026-02-15 23:55:00,455,6,3
2852,2,46,1,2026-03-05 18:47:00,2026-03-05 20:18:00,446,9,3
2853,1,34,3,2026-02-10 15:21:00,2026-02-10 17:21:00,189,3,2
2854,6,39,2,2026-06-06 00:07:00,2026-06-06 00:53:00,371,1,3
2855,7,2,20,2026-02-11 13:32:00,2026-02-11 14:25:00,349,12,1
2856,3,24,15,2026-01-21 14:17:00,2026-01-21 16:38:00,415,6,3
2857,8,50,15,2026-06-24 07:06:00,2026-06-24 09:49:00,103,5,2
2858,10,32,4,2026-02-24 19:02:00,2026-02-24 20:37:00,201,5,1
2859,6,17,8,2026-04-04 01:32:00,2026-04-04 02:29:00,58,0,2
2860,8,43,9,2026-04-05 11:04:00,2026-04-05 12:05:00,329,17,1
2861,5,6,18,2026-02-10 22:51:00,2026-02-10 23:56:00,320,9,2
2862,8,44,8,2026-05-26 17:03:00,2026-05-26 20:25:00,64,3,2
2863,8,21,8,2026-05-28 08:12:00,2026-05-28 11:30:00,339,9,3
2864,7,48,18,2026-05-01 03:41:00,2026-05-01 07:36:00,276,15,2
2865,8,14,2,2026-04-30 02:09:00,2026-04-30 04:26:00,270,2,1
2866,10,16,16,2026-05-23 08:38:00,2026-05-23 11:53:00,467,36,3
2867,3,5,6,2026-05-29 02:27:00,2026-05-29 04:54:00,182,10,2
2868,10,9,4,2026-01-12 18:00:00,2026-01-12 20:38:00,125,7,3
2869,9,41,16,2026-05-27 04:37:00,2026-05-27 06:45:00,136,2,1
2870,7,49,15,2026-06-11 17:38:00,2026-06-11 19:50:00,350,26,1
2871,8,10,7,2026-03-18 18:02:00,2026-03-18 18:48:00,97,2,2
2872,8,4,16,2026-06-12 06:06:00,2026-06-12 07:11:00,336,19,2
2873,10,18,8,2026-01-28 08:14:00,2026-01-28 10:28:00,251,15,1
2874,7,11,2,2026-01-05 22:56:00,2026-01-06 02:32:00,68,0,2
2875,8,43,8,2026-06-19 12:35:00,2026-06-19 14:11:00,240,12,3
2876,3,23,4,2026-04-20 06:45:00,2026-04-20 08:39:00,55,1,2
2877,10,9,9,2026-06-10 07:16:00,2026-06-10 09:20:00,317,15,1
2878,10,9,8,2026-01-15 08:58:00,2026-01-15 11:37:00,397,18,2
2879,10,7,5,2026-04-05 16:07:00,2026-04-05 19:49:00,51,0,2
2880,3,28,13,2026-02-03 18:03:00,2026-02-03 19:12:00,150,5,3
2881,3,23,4,2026-05-02 18:13:00,2026-05-02 22:12:00,391,17,2
2882,10,18,10,2026-04-12 14:11:00,2026-04-12 16:07:00,321,8,1
2883,8,10,7,2026-06-20 07:26:00,2026-06-20 10:12:00,358,17,2
2884,8,10,17,2026-03-11 19:01:00,2026-03-11 21:13:00,289,6,2
2885,4,8,13,2026-01-31 08:15:00,2026-01-31 09:53:00,388,12,1
2886,8,14,8,2026-06-12 09:50:00,2026-06-12 12:25:00,243,16,1
2887,7,35,9,2026-03-05 09:49:00,2026-03-05 10:42:00,214,4,2
2888,3,23,14,2026-02-18 16:38:00,2026-02-18 20:32:00,456,23,1
2889,10,18,17,2026-03-13 00:07:00,2026-03-13 01:02:00,165,8,3
2890,8,10,7,2026-03-13 04:37:00,2026-03-13 08:21:00,195,3,1
2891,2,3,5,2026-05-30 01:57:00,2026-05-30 05:38:00,267,4,1
2892,8,4,7,2026-02-08 23:10:00,2026-02-09 00:51:00,299,14,2
2893,9,22,12,2026-03-25 11:36:00,2026-03-25 13:58:00,251,1,3
2894,10,19,9,2026-04-23 09:58:00,2026-04-23 11:16:00,361,22,2
2895,3,30,19,2026-02-18 00:10:00,2026-02-18 02:15:00,320,6,2
2896,9,41,3,2026-04-28 18:32:00,2026-04-28 20:10:00,144,2,1
2897,9,26,19,2026-06-22 02:40:00,2026-06-22 03:44:00,241,13,2
2898,8,44,1,2026-03-22 00:17:00,2026-03-22 01:39:00,159,9,3
2899,6,12,19,2026-05-23 22:49:00,2026-05-24 01:31:00,366,20,3
2900,7,35,10,2026-04-29 08:38:00,2026-04-29 09:51:00,59,1,2
2901,8,14,12,2026-05-22 13:19:00,2026-05-22 14:31:00,426,18,1
2902,3,42,3,2026-03-05 02:09:00,2026-03-05 04:51:00,481,6,2
2903,7,48,10,2026-05-19 10:30:00,2026-05-19 13:10:00,105,7,1
2904,1,34,9,2026-03-11 21:25:00,2026-03-11 23:16:00,133,4,1
2905,10,9,17,2026-03-01 12:12:00,2026-03-01 13:43:00,268,5,2
2906,1,47,7,2026-06-08 17:50:00,2026-06-08 18:49:00,101,0,3
2907,7,35,5,2026-01-06 16:21:00,2026-01-06 18:21:00,121,7,1
2908,4,37,18,2026-05-23 17:34:00,2026-05-23 20:09:00,241,7,2
2909,3,28,20,2026-02-07 14:33:00,2026-02-07 17:16:00,210,5,1
2910,9,40,16,2026-01-03 23:22:00,2026-01-04 03:11:00,310,9,1
2911,8,10,13,2026-02-03 00:43:00,2026-02-03 03:54:00,122,3,1
2912,5,45,1,2026-01-09 00:24:00,2026-01-09 02:15:00,452,23,2
2913,10,32,10,2026-05-10 03:17:00,2026-05-10 05:50:00,394,29,2
2914,10,38,19,2026-03-14 09:16:00,2026-03-14 10:08:00,172,1,3
2915,3,30,10,2026-05-01 20:33:00,2026-05-01 23:36:00,341,23,1
2916,3,24,18,2026-02-05 05:23:00,2026-02-05 06:00:00,166,1,2
2917,1,34,8,2026-02-05 05:36:00,2026-02-05 08:39:00,436,25,3
2918,5,45,5,2026-03-15 11:22:00,2026-03-15 14:55:00,154,10,3
2919,7,48,7,2026-03-10 20:05:00,2026-03-10 22:25:00,241,18,1
2920,8,14,2,2026-03-05 21:54:00,2026-03-05 22:53:00,62,2,1
2921,6,17,6,2026-05-23 13:28:00,2026-05-23 15:21:00,89,4,2
2922,7,31,17,2026-06-29 06:30:00,2026-06-29 09:10:00,67,2,3
2923,9,33,3,2026-01-19 03:55:00,2026-01-19 05:07:00,247,0,2
2924,8,44,5,2026-06-06 19:29:00,2026-06-06 21:02:00,298,14,3
2925,6,17,10,2026-01-21 02:49:00,2026-01-21 03:19:00,162,12,3
2926,5,6,12,2026-05-30 11:35:00,2026-05-30 13:18:00,119,3,2
2927,10,16,15,2026-05-16 16:16:00,2026-05-16 17:08:00,264,9,2
2928,9,33,9,2026-03-17 01:55:00,2026-03-17 02:45:00,329,22,3
2929,8,21,18,2026-05-19 17:55:00,2026-05-19 18:32:00,224,1,3
2930,7,11,12,2026-06-02 18:21:00,2026-06-02 19:52:00,224,14,3
2931,10,13,10,2026-02-11 10:43:00,2026-02-11 11:31:00,131,0,2
2932,3,30,10,2026-04-24 20:40:00,2026-04-24 22:25:00,92,5,2
2933,4,29,5,2026-04-19 09:48:00,2026-04-19 11:15:00,298,10,2
2934,8,4,17,2026-01-24 06:10:00,2026-01-24 09:10:00,89,5,1
2935,9,26,10,2026-05-10 11:28:00,2026-05-10 13:47:00,161,6,3
2936,4,15,1,2026-01-23 02:51:00,2026-01-23 06:32:00,82,4,2
2937,4,29,12,2026-01-09 01:20:00,2026-01-09 04:32:00,490,15,1
2938,6,27,19,2026-01-16 04:30:00,2026-01-16 05:07:00,221,5,2
2939,6,17,12,2026-05-03 00:02:00,2026-05-03 01:01:00,436,13,1
2940,10,7,3,2026-01-09 23:30:00,2026-01-10 00:50:00,408,32,2
2941,4,37,20,2026-02-11 02:51:00,2026-02-11 06:48:00,258,19,3
2942,8,4,20,2026-05-18 19:43:00,2026-05-18 23:15:00,197,6,3
2943,10,32,11,2026-01-07 19:02:00,2026-01-07 21:17:00,241,7,2
2944,4,37,10,2026-01-13 02:13:00,2026-01-13 04:49:00,230,10,3
2945,10,19,12,2026-04-10 16:32:00,2026-04-10 18:16:00,367,7,1
2946,4,8,9,2026-04-27 02:54:00,2026-04-27 05:42:00,400,27,1
2947,3,28,20,2026-05-01 08:03:00,2026-05-01 10:46:00,119,4,1
2948,10,16,4,2026-04-02 14:47:00,2026-04-02 16:31:00,110,3,3
2949,10,38,2,2026-02-18 22:12:00,2026-02-18 23:41:00,465,19,3
2950,4,15,11,2026-04-17 06:50:00,2026-04-17 08:26:00,125,4,2
2951,1,47,12,2026-02-01 01:39:00,2026-02-01 04:35:00,481,30,1
2952,7,11,4,2026-05-23 01:03:00,2026-05-23 02:05:00,381,4,1
2953,1,47,19,2026-04-30 03:16:00,2026-04-30 06:06:00,90,6,3
2954,4,37,17,2026-01-22 19:14:00,2026-01-22 22:05:00,421,0,3
2955,1,34,9,2026-01-06 06:53:00,2026-01-06 09:16:00,209,2,3
2956,3,30,17,2026-01-28 00:22:00,2026-01-28 00:59:00,54,2,2
2957,9,33,5,2026-02-19 00:31:00,2026-02-19 02:27:00,95,0,2
2958,8,10,11,2026-04-10 09:18:00,2026-04-10 11:08:00,181,5,2
2959,4,8,18,2026-04-08 07:24:00,2026-04-08 10:51:00,495,27,1
2960,9,22,17,2026-04-10 00:38:00,2026-04-10 03:17:00,389,23,3
2961,8,14,19,2026-05-09 06:03:00,2026-05-09 07:46:00,430,22,1
2962,3,28,7,2026-06-22 14:03:00,2026-06-22 15:17:00,62,3,1
2963,5,45,15,2026-05-06 13:11:00,2026-05-06 14:42:00,181,1,3
2964,2,46,16,2026-01-27 05:39:00,2026-01-27 06:57:00,284,18,2
2965,10,13,3,2026-06-15 07:35:00,2026-06-15 10:55:00,99,6,1
2966,3,28,7,2026-04-14 05:14:00,2026-04-14 07:54:00,429,3,2
2967,10,13,11,2026-03-28 01:25:00,2026-03-28 03:47:00,160,1,3
2968,1,34,10,2026-06-02 22:14:00,2026-06-03 02:02:00,409,26,1
2969,3,28,14,2026-06-08 09:24:00,2026-06-08 11:38:00,410,2,3
2970,3,5,1,2026-03-20 14:11:00,2026-03-20 16:08:00,278,14,1
2971,3,23,11,2026-03-30 21:31:00,2026-03-30 22:50:00,161,11,2
2972,10,13,17,2026-02-18 20:39:00,2026-02-18 21:30:00,269,19,2
2973,9,26,2,2026-02-20 22:46:00,2026-02-21 01:50:00,478,26,3
2974,8,20,1,2026-02-12 03:32:00,2026-02-12 07:12:00,78,0,3
2975,10,13,11,2026-04-27 21:08:00,2026-04-27 23:35:00,124,7,3
2976,7,31,17,2026-06-10 07:38:00,2026-06-10 11:02:00,199,11,1
2977,5,6,10,2026-06-03 06:03:00,2026-06-03 08:49:00,139,6,3
2978,4,8,14,2026-03-12 08:11:00,2026-03-12 09:38:00,157,11,2
2979,8,50,12,2026-05-17 09:13:00,2026-05-17 10:36:00,409,2,1
2980,6,12,5,2026-04-01 22:43:00,2026-04-01 23:31:00,337,16,2
2981,3,42,4,2026-04-28 20:02:00,2026-04-28 23:24:00,93,0,1
2982,9,26,19,2026-04-13 21:44:00,2026-04-13 23:14:00,287,16,1
2983,1,34,12,2026-04-20 11:38:00,2026-04-20 13:27:00,372,4,3
2984,4,29,12,2026-01-03 06:01:00,2026-01-03 09:37:00,250,2,2
2985,10,18,17,2026-02-15 17:01:00,2026-02-15 18:21:00,296,14,1
2986,2,46,9,2026-06-16 10:37:00,2026-06-16 12:42:00,192,7,2
2987,1,34,8,2026-06-27 03:51:00,2026-06-27 06:25:00,71,2,3
2988,7,49,8,2026-06-03 11:30:00,2026-06-03 12:13:00,306,18,3
2989,4,15,5,2026-01-23 21:38:00,2026-01-24 01:21:00,115,7,2
2990,3,24,13,2026-06-09 15:08:00,2026-06-09 16:50:00,214,3,1
2991,9,33,16,2026-06-27 13:22:00,2026-06-27 14:08:00,357,18,2
2992,8,44,3,2026-01-19 03:02:00,2026-01-19 04:43:00,451,2,1
2993,10,18,20,2026-03-10 13:40:00,2026-03-10 15:51:00,191,2,2
2994,10,32,2,2026-01-04 17:29:00,2026-01-04 18:31:00,161,9,1
2995,4,15,1,2026-02-03 22:14:00,2026-02-03 23:20:00,483,0,2
2996,8,4,3,2026-04-11 12:19:00,2026-04-11 15:21:00,59,3,2
2997,3,28,16,2026-05-25 22:04:00,2026-05-26 01:11:00,136,2,3
2998,4,29,13,2026-02-19 09:54:00,2026-02-19 12:20:00,359,8,1
2999,8,10,9,2026-02-08 01:13:00,2026-02-08 01:59:00,251,13,1
3000,9,22,6,2026-05-20 20:02:00,2026-05-20 21:06:00,312,17,3
3001,3,30,12,2026-03-11 20:07:00,2026-03-11 21:53:00,102,4,3
3002,10,16,13,2026-05-18 03:09:00,2026-05-18 06:06:00,159,2,1
3003,10,9,4,2026-04-03 05:47:00,2026-04-03 09:34:00,167,0,1
3004,10,16,17,2026-04-26 11:25:00,2026-04-26 14:57:00,292,1,2
3005,4,37,9,2026-04-26 14:45:00,2026-04-26 16:40:00,338,11,3
3006,9,40,10,2026-05-09 02:48:00,2026-05-09 04:57:00,341,19,2
3007,8,4,15,2026-04-26 11:47:00,2026-04-26 13:12:00,228,4,1
3008,6,27,12,2026-02-09 07:02:00,2026-02-09 08:31:00,133,7,1
3009,8,44,12,2026-05-08 09:11:00,2026-05-08 12:14:00,326,1,1
3010,9,33,3,2026-04-09 16:59:00,2026-04-09 20:15:00,464,33,1
3011,10,7,15,2026-03-19 01:21:00,2026-03-19 04:59:00,363,21,1
3012,4,15,1,2026-04-16 04:03:00,2026-04-16 07:46:00,342,2,1
3013,3,23,14,2026-03-23 04:27:00,2026-03-23 07:52:00,156,2,3
3014,8,14,8,2026-06-24 03:49:00,2026-06-24 07:34:00,61,2,2
3015,10,38,5,2026-05-06 14:32:00,2026-05-06 17:38:00,417,21,3
3016,9,26,1,2026-03-11 01:17:00,2026-03-11 02:03:00,155,1,3
3017,4,8,7,2026-04-12 15:52:00,2026-04-12 17:39:00,225,3,3
3018,3,28,19,2026-04-28 05:30:00,2026-04-28 07:59:00,57,0,2
3019,9,41,16,2026-01-06 06:12:00,2026-01-06 06:54:00,383,9,3
3020,10,18,12,2026-05-13 13:11:00,2026-05-13 16:37:00,137,5,1
3021,10,32,10,2026-01-20 14:38:00,2026-01-20 16:43:00,70,2,2
3022,5,45,7,2026-02-21 15:04:00,2026-02-21 18:08:00,305,0,2
3023,2,3,12,2026-06-05 17:12:00,2026-06-05 18:19:00,154,4,1
3024,9,22,19,2026-05-22 13:53:00,2026-05-22 17:42:00,158,4,3
3025,10,19,2,2026-02-14 17:51:00,2026-02-14 19:45:00,55,1,3
3026,7,11,4,2026-03-04 02:40:00,2026-03-04 04:41:00,130,1,2
3027,9,33,4,2026-06-19 11:18:00,2026-06-19 14:14:00,101,7,1
3028,7,48,2,2026-03-03 05:45:00,2026-03-03 06:31:00,229,6,1
3029,1,34,19,2026-02-04 21:32:00,2026-02-05 00:35:00,167,12,3
3030,4,29,1,2026-06-29 05:55:00,2026-06-29 08:34:00,275,11,2
3031,5,6,4,2026-01-23 09:38:00,2026-01-23 10:28:00,173,0,1
3032,10,16,2,2026-05-26 05:19:00,2026-05-26 07:37:00,188,8,2
3033,9,33,3,2026-05-25 12:00:00,2026-05-25 14:40:00,66,1,1
3034,10,38,9,2026-02-15 15:56:00,2026-02-15 19:06:00,167,9,3
3035,8,50,18,2026-05-04 18:30:00,2026-05-04 19:59:00,385,23,2
3036,3,28,15,2026-05-05 15:15:00,2026-05-05 18:53:00,132,8,1
3037,1,47,14,2026-03-04 21:58:00,2026-03-05 00:33:00,402,10,3
3038,9,40,6,2026-05-15 00:08:00,2026-05-15 01:18:00,443,30,2
3039,4,36,9,2026-04-01 22:03:00,2026-04-02 00:38:00,226,14,1
3040,10,1,9,2026-02-14 08:13:00,2026-02-14 11:24:00,271,8,2
3041,8,10,10,2026-05-14 17:48:00,2026-05-14 19:01:00,313,22,3
3042,8,20,20,2026-02-20 09:38:00,2026-02-20 11:54:00,132,7,3
3043,10,32,19,2026-05-12 21:09:00,2026-05-13 00:54:00,296,12,3
3044,7,49,6,2026-03-07 21:06:00,2026-03-07 22:10:00,88,0,3
3045,7,2,15,2026-05-03 17:06:00,2026-05-03 20:01:00,158,2,3
3046,7,48,20,2026-06-15 22:28:00,2026-06-16 01:56:00,195,4,2
3047,10,32,13,2026-01-16 22:13:00,2026-01-17 01:06:00,259,3,2
3048,7,31,1,2026-05-25 09:20:00,2026-05-25 13:00:00,156,9,3
3049,8,44,17,2026-02-23 16:11:00,2026-02-23 16:49:00,394,22,1
3050,7,35,2,2026-01-22 04:24:00,2026-01-22 06:28:00,406,21,3
3051,9,41,5,2026-02-12 19:31:00,2026-02-12 21:25:00,359,28,3
3052,1,47,2,2026-06-04 01:09:00,2026-06-04 02:55:00,362,16,1
3053,2,46,6,2026-02-02 01:14:00,2026-02-02 04:28:00,259,1,1
3054,3,5,18,2026-06-29 07:24:00,2026-06-29 08:46:00,317,19,3
3055,10,9,2,2026-03-08 12:42:00,2026-03-08 14:51:00,202,5,2
3056,2,46,15,2026-01-14 16:28:00,2026-01-14 18:25:00,283,9,3
3057,7,31,7,2026-02-01 10:44:00,2026-02-01 13:40:00,247,1,3
3058,3,28,1,2026-04-12 12:15:00,2026-04-12 13:11:00,471,19,1
3059,3,30,17,2026-05-02 19:27:00,2026-05-02 23:22:00,162,9,2
3060,5,45,19,2026-02-05 16:43:00,2026-02-05 18:48:00,424,31,2
3061,10,19,6,2026-06-15 01:42:00,2026-06-15 04:00:00,330,24,3
3062,8,21,10,2026-03-07 16:29:00,2026-03-07 18:57:00,450,3,2
3063,4,36,19,2026-05-12 16:54:00,2026-05-12 18:16:00,192,0,1
3064,6,27,8,2026-04-04 07:42:00,2026-04-04 09:23:00,170,2,3
3065,4,36,17,2026-01-15 10:36:00,2026-01-15 13:01:00,354,11,2
3066,3,28,12,2026-02-18 01:32:00,2026-02-18 02:28:00,64,2,2
3067,4,36,17,2026-05-31 07:26:00,2026-05-31 09:19:00,418,30,2
3068,10,38,1,2026-05-29 17:42:00,2026-05-29 21:04:00,220,13,2
3069,4,8,8,2026-04-30 09:46:00,2026-04-30 11:58:00,60,0,1
3070,8,44,19,2026-01-06 04:34:00,2026-01-06 07:33:00,134,7,3
3071,6,27,19,2026-06-24 03:20:00,2026-06-24 06:19:00,155,10,1
3072,10,32,16,2026-04-15 00:31:00,2026-04-15 01:52:00,131,2,2
3073,10,1,2,2026-01-15 08:14:00,2026-01-15 09:50:00,262,0,2
3074,8,10,17,2026-05-22 02:32:00,2026-05-22 05:08:00,96,6,1
3075,8,21,19,2026-06-09 05:20:00,2026-06-09 07:22:00,466,20,2
3076,7,25,5,2026-01-18 09:43:00,2026-01-18 13:27:00,199,2,3
3077,8,14,19,2026-04-24 12:41:00,2026-04-24 14:45:00,219,12,1
3078,4,36,2,2026-01-01 02:36:00,2026-01-01 04:23:00,406,7,3
3079,7,48,20,2026-05-06 05:46:00,2026-05-06 09:27:00,316,20,2
3080,7,31,7,2026-02-03 09:41:00,2026-02-03 13:09:00,295,11,1
3081,7,49,7,2026-01-04 18:04:00,2026-01-04 18:48:00,163,4,1
3082,7,2,9,2026-03-13 03:40:00,2026-03-13 06:41:00,367,17,3
3083,8,43,6,2026-04-26 04:30:00,2026-04-26 05:34:00,325,17,3
3084,9,41,9,2026-02-02 14:46:00,2026-02-02 17:26:00,302,16,2
3085,8,4,7,2026-04-12 15:43:00,2026-04-12 17:47:00,76,5,2
3086,3,30,4,2026-04-25 15:30:00,2026-04-25 17:16:00,328,2,3
3087,6,27,18,2026-06-22 09:16:00,2026-06-22 12:59:00,455,15,1
3088,10,13,7,2026-02-12 04:27:00,2026-02-12 07:21:00,75,4,3
3089,7,48,19,2026-06-02 14:32:00,2026-06-02 16:50:00,417,11,2
3090,9,22,4,2026-03-17 08:14:00,2026-03-17 08:54:00,455,33,2
3091,10,1,18,2026-05-29 11:08:00,2026-05-29 11:40:00,275,15,2
3092,1,47,14,2026-04-13 07:46:00,2026-04-13 10:06:00,66,0,3
3093,9,26,14,2026-06-28 12:15:00,2026-06-28 13:33:00,325,9,3
3094,7,2,8,2026-02-06 12:02:00,2026-02-06 12:50:00,444,12,3
3095,10,9,12,2026-04-22 13:02:00,2026-04-22 13:37:00,72,2,1
3096,3,5,13,2026-06-27 21:48:00,2026-06-27 23:29:00,381,23,3
3097,7,49,9,2026-03-22 06:27:00,2026-03-22 09:02:00,170,1,3
3098,7,48,19,2026-04-07 04:44:00,2026-04-07 05:45:00,102,6,2
3099,9,41,15,2026-02-01 17:30:00,2026-02-01 20:59:00,128,8,1
3100,5,6,13,2026-06-24 17:20:00,2026-06-24 20:31:00,137,3,1
3101,7,31,4,2026-03-29 09:25:00,2026-03-29 12:34:00,235,15,1
3102,10,7,13,2026-03-12 21:18:00,2026-03-12 22:12:00,478,9,1
3103,3,30,6,2026-03-03 05:37:00,2026-03-03 09:26:00,228,14,3
3104,7,2,11,2026-01-10 02:30:00,2026-01-10 05:52:00,319,4,2
3105,7,2,19,2026-05-11 09:41:00,2026-05-11 13:23:00,69,5,1
3106,10,18,11,2026-05-03 03:58:00,2026-05-03 06:37:00,93,2,2
3107,5,45,6,2026-02-02 13:29:00,2026-02-02 16:37:00,221,1,2
3108,9,41,9,2026-05-17 03:18:00,2026-05-17 06:05:00,159,2,1
3109,8,14,9,2026-03-16 23:56:00,2026-03-17 03:25:00,149,11,2
3110,6,17,10,2026-06-22 11:58:00,2026-06-22 14:36:00,366,6,2
3111,3,24,15,2026-01-25 22:58:00,2026-01-26 01:41:00,262,4,3
3112,2,46,19,2026-02-02 16:05:00,2026-02-02 16:41:00,340,12,3
3113,6,39,10,2026-05-28 00:55:00,2026-05-28 03:35:00,241,5,2
3114,5,6,10,2026-01-02 12:56:00,2026-01-02 16:43:00,177,13,1
3115,8,21,1,2026-06-04 01:16:00,2026-06-04 05:03:00,98,6,2
3116,9,41,2,2026-02-01 22:23:00,2026-02-02 00:04:00,205,3,3
3117,8,20,8,2026-02-16 05:21:00,2026-02-16 07:20:00,123,7,1
3118,2,3,8,2026-01-16 17:34:00,2026-01-16 19:29:00,479,26,2
3119,3,42,12,2026-05-02 03:04:00,2026-05-02 04:22:00,196,2,3
3120,10,13,10,2026-04-28 07:18:00,2026-04-28 08:36:00,195,11,3
3121,10,9,18,2026-04-14 03:09:00,2026-04-14 04:28:00,305,3,1
3122,10,19,6,2026-04-20 20:05:00,2026-04-20 20:58:00,275,8,2
3123,7,31,4,2026-04-03 07:32:00,2026-04-03 11:09:00,189,5,2
3124,3,30,2,2026-06-23 01:37:00,2026-06-23 02:35:00,395,7,2
3125,1,47,15,2026-02-17 21:05:00,2026-02-17 23:17:00,72,2,3
3126,7,11,16,2026-06-08 00:54:00,2026-06-08 03:55:00,422,26,3
3127,10,9,7,2026-04-23 10:11:00,2026-04-23 14:00:00,385,8,2
3128,10,13,4,2026-04-17 23:55:00,2026-04-18 03:04:00,145,10,2
3129,8,21,4,2026-06-01 06:59:00,2026-06-01 09:17:00,320,23,3
3130,3,42,8,2026-04-11 02:17:00,2026-04-11 05:46:00,473,7,2
3131,7,2,3,2026-03-25 15:38:00,2026-03-25 16:31:00,388,23,3
3132,8,44,2,2026-01-16 02:15:00,2026-01-16 04:36:00,412,23,3
3133,10,7,18,2026-05-08 23:11:00,2026-05-09 01:50:00,84,6,3
3134,5,45,17,2026-04-15 08:47:00,2026-04-15 11:32:00,154,11,2
3135,3,5,3,2026-05-31 07:30:00,2026-05-31 09:53:00,175,1,3
3136,4,37,12,2026-04-10 02:23:00,2026-04-10 05:50:00,371,12,3
3137,8,20,19,2026-05-28 17:35:00,2026-05-28 18:24:00,484,5,2
3138,3,23,20,2026-03-12 07:00:00,2026-03-12 08:27:00,489,31,2
3139,3,24,14,2026-04-16 00:22:00,2026-04-16 04:12:00,173,7,2
3140,7,31,1,2026-06-19 14:03:00,2026-06-19 17:32:00,135,8,3
3141,4,15,11,2026-01-14 05:38:00,2026-01-14 07:20:00,74,2,3
3142,9,22,9,2026-06-03 11:43:00,2026-06-03 15:26:00,63,4,2
3143,3,23,6,2026-01-30 10:05:00,2026-01-30 12:02:00,89,3,2
3144,7,48,16,2026-05-17 20:39:00,2026-05-17 23:59:00,262,18,1
3145,8,21,6,2026-03-31 14:00:00,2026-03-31 14:44:00,243,16,3
3146,4,15,13,2026-01-10 22:45:00,2026-01-11 00:47:00,214,0,2
3147,8,14,19,2026-02-27 16:36:00,2026-02-27 20:35:00,98,5,1
3148,7,49,11,2026-01-02 05:08:00,2026-01-02 07:45:00,93,3,3
3149,6,17,13,2026-01-07 04:16:00,2026-01-07 06:05:00,474,20,2
3150,8,10,6,2026-02-27 08:33:00,2026-02-27 11:25:00,281,16,2
3151,3,5,14,2026-04-09 05:28:00,2026-04-09 07:34:00,78,5,3
3152,9,40,16,2026-03-11 18:19:00,2026-03-11 22:13:00,149,6,2
3153,9,41,10,2026-04-26 10:02:00,2026-04-26 12:35:00,339,26,3
3154,5,6,5,2026-05-21 12:39:00,2026-05-21 15:14:00,231,15,2
3155,8,21,11,2026-01-30 08:43:00,2026-01-30 11:54:00,127,0,3
3156,5,6,17,2026-02-07 15:06:00,2026-02-07 15:43:00,133,4,3
3157,3,23,19,2026-05-07 10:29:00,2026-05-07 12:38:00,500,21,3
3158,3,28,15,2026-02-27 03:12:00,2026-02-27 03:54:00,169,0,1
3159,8,43,9,2026-03-21 18:07:00,2026-03-21 19:56:00,267,7,1
3160,8,20,16,2026-05-24 01:17:00,2026-05-24 02:34:00,450,24,3
3161,8,10,2,2026-05-12 05:37:00,2026-05-12 08:30:00,193,2,1
3162,4,36,10,2026-03-10 14:00:00,2026-03-10 17:13:00,65,3,3
3163,3,24,2,2026-04-23 21:11:00,2026-04-23 23:10:00,53,2,1
3164,10,13,10,2026-04-11 03:46:00,2026-04-11 07:15:00,330,7,2
3165,10,9,12,2026-03-17 20:37:00,2026-03-17 22:42:00,291,21,2
3166,10,13,17,2026-01-07 10:17:00,2026-01-07 12:46:00,489,14,2
3167,9,33,16,2026-06-03 17:11:00,2026-06-03 19:38:00,411,23,1
3168,10,18,16,2026-02-18 19:02:00,2026-02-18 22:27:00,74,5,2
3169,8,20,7,2026-05-20 08:54:00,2026-05-20 12:48:00,393,9,3
3170,7,31,17,2026-02-17 23:01:00,2026-02-18 00:59:00,249,13,1
3171,10,38,13,2026-04-20 03:04:00,2026-04-20 05:41:00,223,17,1
3172,7,31,10,2026-06-04 19:12:00,2026-06-04 21:55:00,439,1,2
3173,8,43,3,2026-06-26 23:07:00,2026-06-27 00:13:00,441,34,1
3174,10,32,16,2026-05-19 17:25:00,2026-05-19 18:47:00,477,12,2
3175,5,6,11,2026-04-09 08:40:00,2026-04-09 11:33:00,90,6,3
3176,9,40,15,2026-02-25 08:40:00,2026-02-25 10:17:00,192,2,3
3177,5,6,17,2026-05-31 13:20:00,2026-05-31 15:02:00,483,19,2
3178,2,46,8,2026-02-19 00:26:00,2026-02-19 01:43:00,151,8,2
3179,2,46,18,2026-04-22 22:34:00,2026-04-23 01:55:00,226,12,2
3180,8,20,9,2026-01-30 05:06:00,2026-01-30 07:55:00,372,28,2
3181,8,20,19,2026-02-22 08:38:00,2026-02-22 09:28:00,215,10,1
3182,10,9,15,2026-04-25 16:37:00,2026-04-25 19:49:00,337,0,2
3183,10,38,12,2026-05-12 21:28:00,2026-05-12 22:21:00,388,16,2
3184,10,38,18,2026-02-23 07:54:00,2026-02-23 10:50:00,162,8,2
3185,9,41,10,2026-01-18 08:27:00,2026-01-18 11:04:00,402,20,3
3186,10,7,9,2026-06-17 02:01:00,2026-06-17 05:04:00,402,20,3
3187,4,8,19,2026-05-03 00:48:00,2026-05-03 01:51:00,146,4,1
3188,9,22,15,2026-01-21 10:55:00,2026-01-21 13:33:00,288,10,1
3189,7,48,8,2026-04-18 13:21:00,2026-04-18 15:32:00,327,14,3
3190,5,45,12,2026-02-20 09:30:00,2026-02-20 10:28:00,271,4,1
3191,8,21,2,2026-06-18 19:20:00,2026-06-18 19:51:00,231,4,2
3192,7,25,7,2026-02-19 03:09:00,2026-02-19 06:23:00,425,31,1
3193,7,35,7,2026-05-02 21:38:00,2026-05-02 23:20:00,119,8,2
3194,3,28,2,2026-01-23 19:54:00,2026-01-23 21:39:00,69,2,3
3195,6,39,15,2026-02-19 10:30:00,2026-02-19 11:31:00,186,1,2
3196,8,50,20,2026-03-05 01:02:00,2026-03-05 03:45:00,432,22,3
3197,6,17,7,2026-06-02 01:50:00,2026-06-02 05:47:00,444,1,2
3198,7,49,11,2026-06-15 23:25:00,2026-06-16 00:36:00,157,5,1
3199,4,37,16,2026-02-05 20:25:00,2026-02-05 23:08:00,305,1,1
3200,9,22,18,2026-01-08 09:07:00,2026-01-08 12:57:00,487,30,1
3201,5,6,4,2026-03-31 19:08:00,2026-03-31 21:48:00,140,4,1
3202,10,38,18,2026-06-02 13:20:00,2026-06-02 16:49:00,258,12,1
3203,9,22,8,2026-01-10 23:54:00,2026-01-11 00:58:00,328,15,3
3204,5,45,3,2026-04-23 07:18:00,2026-04-23 08:44:00,362,25,1
3205,6,27,6,2026-04-05 00:40:00,2026-04-05 02:46:00,320,17,1
3206,4,8,17,2026-02-07 13:37:00,2026-02-07 17:15:00,140,8,1
3207,2,46,2,2026-04-09 05:14:00,2026-04-09 08:02:00,56,3,3
3208,8,50,17,2026-02-28 19:04:00,2026-02-28 21:50:00,440,28,1
3209,3,5,1,2026-03-20 23:12:00,2026-03-21 02:22:00,256,11,2
3210,10,16,8,2026-02-13 10:14:00,2026-02-13 12:55:00,301,17,1
3211,4,8,7,2026-02-12 22:54:00,2026-02-12 23:25:00,204,1,1
3212,7,31,1,2026-04-24 20:44:00,2026-04-24 23:54:00,380,2,1
3213,10,9,7,2026-06-18 22:16:00,2026-06-18 23:54:00,277,21,1
3214,3,24,4,2026-06-29 17:34:00,2026-06-29 20:30:00,151,2,1
3215,10,32,18,2026-04-03 12:04:00,2026-04-03 12:38:00,108,6,2
3216,6,39,15,2026-01-24 04:13:00,2026-01-24 07:46:00,168,7,1
3217,5,6,18,2026-04-04 15:10:00,2026-04-04 17:42:00,467,34,3
3218,10,38,6,2026-01-10 17:13:00,2026-01-10 19:11:00,267,17,1
3219,7,11,8,2026-05-10 12:20:00,2026-05-10 13:30:00,145,9,2
3220,10,7,18,2026-06-25 11:45:00,2026-06-25 14:09:00,258,13,1
3221,5,45,8,2026-02-04 21:44:00,2026-02-04 22:35:00,411,21,3
3222,4,8,4,2026-04-03 02:08:00,2026-04-03 03:50:00,349,27,2
3223,1,34,7,2026-03-03 21:05:00,2026-03-03 23:30:00,294,8,1
3224,3,24,13,2026-06-17 01:53:00,2026-06-17 03:31:00,197,5,2
3225,5,45,2,2026-01-26 02:59:00,2026-01-26 05:53:00,133,6,2
3226,10,19,7,2026-01-17 03:20:00,2026-01-17 06:24:00,86,1,2
3227,4,36,3,2026-06-15 07:35:00,2026-06-15 09:53:00,410,6,1
3228,8,14,17,2026-05-13 01:21:00,2026-05-13 03:29:00,70,0,3
3229,7,2,3,2026-03-18 15:28:00,2026-03-18 18:34:00,54,0,1
3230,9,33,15,2026-04-25 00:40:00,2026-04-25 03:35:00,228,2,1
3231,4,15,19,2026-01-28 05:31:00,2026-01-28 07:19:00,114,3,1
3232,8,50,1,2026-03-21 15:54:00,2026-03-21 17:45:00,329,19,1
3233,9,22,15,2026-05-21 11:48:00,2026-05-21 15:01:00,424,26,1
3234,10,18,8,2026-01-04 16:02:00,2026-01-04 19:52:00,167,6,2
3235,8,21,20,2026-03-13 23:29:00,2026-03-14 01:48:00,494,31,2
3236,6,17,9,2026-04-07 23:01:00,2026-04-08 02:32:00,372,21,3
3237,9,33,2,2026-01-13 01:04:00,2026-01-13 03:43:00,82,3,3
3238,10,7,17,2026-05-06 03:37:00,2026-05-06 04:25:00,250,13,3
3239,8,10,18,2026-02-07 15:14:00,2026-02-07 18:59:00,221,12,1
3240,10,7,20,2026-04-20 22:07:00,2026-04-20 23:47:00,491,6,3
3241,8,44,20,2026-01-09 19:59:00,2026-01-09 22:32:00,210,12,1
3242,2,3,6,2026-03-26 10:11:00,2026-03-26 11:06:00,277,18,1
3243,10,9,10,2026-06-18 17:39:00,2026-06-18 19:57:00,257,10,1
3244,8,43,14,2026-01-22 16:24:00,2026-01-22 18:41:00,132,9,3
3245,3,24,11,2026-05-25 14:01:00,2026-05-25 15:16:00,397,20,3
3246,10,9,7,2026-04-12 21:42:00,2026-04-12 22:57:00,234,2,2
3247,4,37,5,2026-04-30 05:37:00,2026-04-30 08:38:00,477,6,1
3248,4,37,11,2026-06-22 08:34:00,2026-06-22 10:37:00,268,6,2
3249,9,41,20,2026-04-12 11:46:00,2026-04-12 13:04:00,470,24,2
3250,10,1,16,2026-03-03 06:20:00,2026-03-03 08:18:00,487,34,3
3251,10,16,3,2026-05-23 20:52:00,2026-05-24 00:36:00,185,3,3
3252,1,47,15,2026-05-25 00:57:00,2026-05-25 04:06:00,124,3,3
3253,4,8,4,2026-05-22 11:22:00,2026-05-22 12:59:00,293,22,2
3254,6,12,11,2026-02-18 07:11:00,2026-02-18 09:38:00,132,3,1
3255,8,14,11,2026-02-13 13:38:00,2026-02-13 15:33:00,262,19,3
3256,5,6,18,2026-03-16 08:23:00,2026-03-16 09:46:00,102,0,3
3257,5,45,1,2026-02-20 03:53:00,2026-02-20 06:18:00,272,19,3
3258,3,30,7,2026-01-03 10:59:00,2026-01-03 11:39:00,216,1,3
3259,10,16,4,2026-05-22 17:22:00,2026-05-22 20:49:00,317,9,3
3260,4,29,6,2026-03-17 04:11:00,2026-03-17 07:51:00,327,20,1
3261,3,28,5,2026-03-19 05:24:00,2026-03-19 07:09:00,389,13,2
3262,10,7,20,2026-06-14 22:47:00,2026-06-15 00:02:00,197,7,3
3263,3,24,13,2026-06-27 09:44:00,2026-06-27 10:20:00,327,15,1
3264,10,32,3,2026-06-28 14:09:00,2026-06-28 16:30:00,296,0,3
3265,5,6,20,2026-06-09 13:20:00,2026-06-09 14:42:00,180,0,3
3266,10,32,13,2026-05-12 06:06:00,2026-05-12 07:28:00,124,3,3
3267,10,13,13,2026-05-30 02:57:00,2026-05-30 04:35:00,231,4,1
3268,7,11,13,2026-05-05 11:01:00,2026-05-05 12:30:00,220,15,1
3269,10,9,10,2026-05-07 21:09:00,2026-05-07 23:24:00,364,8,1
3270,8,4,5,2026-05-24 19:41:00,2026-05-24 21:15:00,233,14,2
3271,2,3,5,2026-04-21 06:36:00,2026-04-21 08:10:00,77,2,3
3272,9,41,17,2026-04-08 07:46:00,2026-04-08 08:37:00,216,9,2
3273,8,44,7,2026-06-20 13:22:00,2026-06-20 14:59:00,406,28,3
3274,7,35,13,2026-01-08 01:18:00,2026-01-08 02:45:00,84,4,3
3275,3,28,12,2026-05-08 08:22:00,2026-05-08 11:45:00,391,10,2
3276,1,47,16,2026-04-01 16:46:00,2026-04-01 17:43:00,465,29,2
3277,10,9,18,2026-04-07 23:11:00,2026-04-08 03:11:00,332,22,2
3278,10,7,12,2026-04-05 15:51:00,2026-04-05 17:24:00,306,11,1
3279,10,32,1,2026-01-02 09:44:00,2026-01-02 10:40:00,262,20,1
3280,8,10,17,2026-02-11 09:51:00,2026-02-11 12:18:00,99,3,3
3281,7,48,12,2026-03-06 07:16:00,2026-03-06 08:44:00,137,8,2
3282,9,22,10,2026-05-13 04:57:00,2026-05-13 07:33:00,399,15,3
3283,8,44,3,2026-01-15 13:50:00,2026-01-15 16:03:00,209,7,3
3284,4,36,5,2026-02-19 22:45:00,2026-02-19 23:51:00,318,11,2
3285,7,48,18,2026-06-25 01:16:00,2026-06-25 02:30:00,285,19,2
3286,6,27,1,2026-01-17 02:36:00,2026-01-17 06:02:00,65,3,1
3287,8,21,15,2026-05-30 21:25:00,2026-05-30 22:48:00,100,5,3
3288,7,48,8,2026-06-27 22:50:00,2026-06-28 02:48:00,417,8,1
3289,10,1,1,2026-04-03 13:09:00,2026-04-03 13:47:00,115,8,1
3290,8,44,13,2026-06-21 09:55:00,2026-06-21 11:35:00,85,2,2
3291,4,37,19,2026-04-06 05:25:00,2026-04-06 06:17:00,240,7,2
3292,7,31,6,2026-02-12 05:35:00,2026-02-12 07:21:00,303,14,2
3293,4,29,9,2026-02-27 03:04:00,2026-02-27 03:53:00,72,3,1
3294,3,28,11,2026-01-20 10:20:00,2026-01-20 14:00:00,202,7,1
3295,8,4,2,2026-02-20 02:15:00,2026-02-20 05:35:00,113,4,2
3296,9,33,11,2026-02-27 17:14:00,2026-02-27 18:53:00,281,13,2
3297,7,49,11,2026-02-15 11:54:00,2026-02-15 15:11:00,441,4,3
3298,6,17,19,2026-06-09 04:11:00,2026-06-09 07:18:00,346,24,3
3299,5,6,10,2026-01-21 04:45:00,2026-01-21 06:16:00,463,19,1
3300,4,36,7,2026-01-10 06:50:00,2026-01-10 08:46:00,137,3,3
3301,3,23,9,2026-03-10 07:58:00,2026-03-10 10:03:00,355,16,2
3302,3,30,5,2026-03-16 04:55:00,2026-03-16 06:54:00,135,4,1
3303,1,47,19,2026-06-26 10:22:00,2026-06-26 11:06:00,294,18,3
3304,10,19,1,2026-06-24 04:33:00,2026-06-24 08:08:00,229,10,3
3305,10,13,11,2026-05-17 14:30:00,2026-05-17 16:02:00,240,6,2
3306,7,11,1,2026-05-01 21:20:00,2026-05-01 22:26:00,321,10,2
3307,4,8,10,2026-01-03 06:16:00,2026-01-03 08:18:00,489,24,2
3308,2,46,6,2026-01-29 20:18:00,2026-01-29 22:27:00,280,18,1
3309,3,5,1,2026-04-18 15:21:00,2026-04-18 17:53:00,370,23,2
3310,10,1,5,2026-01-24 13:54:00,2026-01-24 17:01:00,110,8,2
3311,3,42,3,2026-04-08 06:26:00,2026-04-08 09:32:00,388,22,2
3312,8,44,3,2026-06-26 02:27:00,2026-06-26 06:27:00,249,15,1
3313,10,1,16,2026-04-09 09:24:00,2026-04-09 11:39:00,262,16,2
3314,3,5,15,2026-03-21 08:57:00,2026-03-21 12:32:00,249,17,3
3315,7,2,20,2026-06-29 01:03:00,2026-06-29 04:50:00,270,12,2
3316,4,8,10,2026-02-23 09:32:00,2026-02-23 10:20:00,122,1,1
3317,3,5,11,2026-02-05 04:50:00,2026-02-05 05:57:00,68,1,2
3318,1,47,10,2026-02-08 18:03:00,2026-02-08 20:05:00,329,0,1
3319,7,11,14,2026-04-13 09:15:00,2026-04-13 12:09:00,499,35,1
3320,6,39,15,2026-02-23 08:05:00,2026-02-23 12:03:00,472,35,2
3321,3,42,19,2026-03-03 05:09:00,2026-03-03 07:03:00,444,3,1
3322,7,11,3,2026-05-14 03:55:00,2026-05-14 07:43:00,209,3,3
3323,7,35,3,2026-03-21 11:55:00,2026-03-21 15:32:00,476,18,2
3324,4,36,10,2026-01-01 05:22:00,2026-01-01 08:18:00,398,2,1
3325,8,44,4,2026-04-17 22:22:00,2026-04-18 00:50:00,135,9,2
3326,8,20,15,2026-03-07 05:21:00,2026-03-07 07:44:00,274,1,3
3327,7,48,14,2026-04-13 18:35:00,2026-04-13 22:13:00,54,3,2
3328,10,19,5,2026-04-08 08:13:00,2026-04-08 09:30:00,113,0,1
3329,2,3,14,2026-01-10 16:19:00,2026-01-10 17:32:00,172,3,1
3330,2,46,20,2026-06-17 18:30:00,2026-06-17 20:45:00,343,16,2
3331,7,48,10,2026-02-04 01:55:00,2026-02-04 04:36:00,166,11,3
3332,10,7,18,2026-03-02 16:23:00,2026-03-02 20:09:00,408,8,2
3333,10,7,10,2026-05-07 18:44:00,2026-05-07 22:30:00,354,11,2
3334,10,13,9,2026-05-01 04:29:00,2026-05-01 07:49:00,53,0,3
3335,7,11,5,2026-03-31 22:14:00,2026-03-31 23:24:00,423,4,3
3336,8,44,15,2026-04-19 19:52:00,2026-04-19 23:02:00,89,0,3
3337,10,13,7,2026-06-19 23:09:00,2026-06-20 02:47:00,279,1,1
3338,2,46,4,2026-04-25 06:09:00,2026-04-25 07:12:00,163,3,1
3339,7,2,1,2026-05-25 02:04:00,2026-05-25 02:36:00,81,4,1
3340,10,38,15,2026-03-17 12:18:00,2026-03-17 13:03:00,188,0,3
3341,9,40,12,2026-06-16 03:37:00,2026-06-16 06:36:00,147,7,2
3342,10,19,17,2026-03-21 08:41:00,2026-03-21 10:32:00,407,16,3
3343,10,13,10,2026-01-02 10:07:00,2026-01-02 13:20:00,275,18,1
3344,8,44,3,2026-02-20 02:05:00,2026-02-20 04:57:00,312,23,2
3345,2,46,7,2026-06-16 13:57:00,2026-06-16 16:32:00,366,12,3
3346,8,43,15,2026-01-15 20:18:00,2026-01-16 00:17:00,252,18,1
3347,10,9,16,2026-05-26 12:04:00,2026-05-26 12:38:00,349,18,3
3348,8,20,20,2026-04-19 12:24:00,2026-04-19 14:09:00,205,1,1
3349,10,16,13,2026-03-03 10:03:00,2026-03-03 13:58:00,311,21,2
3350,5,6,12,2026-03-07 03:22:00,2026-03-07 06:51:00,68,0,1
3351,10,38,15,2026-01-11 00:42:00,2026-01-11 02:31:00,342,27,3
3352,8,20,15,2026-04-20 02:51:00,2026-04-20 06:02:00,234,17,3
3353,3,42,7,2026-01-07 13:17:00,2026-01-07 16:32:00,127,6,2
3354,6,17,9,2026-02-05 12:20:00,2026-02-05 13:38:00,308,5,1
3355,1,47,20,2026-06-15 16:12:00,2026-06-15 18:58:00,195,6,3
3356,3,30,17,2026-02-21 03:33:00,2026-02-21 07:31:00,310,19,2
3357,8,4,11,2026-05-18 13:49:00,2026-05-18 15:08:00,243,15,2
3358,10,1,15,2026-06-19 14:42:00,2026-06-19 15:54:00,106,0,2
3359,8,10,7,2026-05-19 21:46:00,2026-05-19 23:05:00,454,10,1
3360,2,3,14,2026-06-10 04:32:00,2026-06-10 05:15:00,369,5,2
3361,7,11,8,2026-01-12 19:19:00,2026-01-12 22:17:00,189,10,3
3362,10,1,6,2026-04-10 08:34:00,2026-04-10 11:21:00,326,1,2
3363,2,46,16,2026-03-19 23:41:00,2026-03-20 00:11:00,428,14,2
3364,2,3,14,2026-04-03 09:58:00,2026-04-03 12:20:00,113,5,3
3365,4,15,10,2026-04-27 10:22:00,2026-04-27 13:56:00,330,23,2
3366,8,43,17,2026-06-12 07:49:00,2026-06-12 08:40:00,112,2,2
3367,10,1,16,2026-04-03 22:27:00,2026-04-03 23:40:00,387,2,3
3368,10,19,3,2026-06-02 05:07:00,2026-06-02 07:34:00,77,0,3
3369,9,26,1,2026-03-02 13:59:00,2026-03-02 17:02:00,485,16,1
3370,7,48,7,2026-04-22 03:45:00,2026-04-22 04:29:00,62,3,3
3371,4,36,6,2026-05-18 06:38:00,2026-05-18 09:10:00,164,4,2
3372,7,48,15,2026-04-22 22:37:00,2026-04-23 01:59:00,381,1,2
3373,10,38,8,2026-04-05 12:52:00,2026-04-05 13:45:00,342,16,3
3374,6,12,2,2026-06-14 11:42:00,2026-06-14 13:23:00,250,15,2
3375,9,22,12,2026-06-27 16:50:00,2026-06-27 17:52:00,177,5,1
3376,3,24,20,2026-06-02 11:02:00,2026-06-02 13:48:00,382,4,1
3377,10,9,20,2026-03-18 01:01:00,2026-03-18 02:11:00,183,11,3
3378,8,43,14,2026-05-25 20:14:00,2026-05-25 22:11:00,111,8,2
3379,10,32,17,2026-06-01 18:41:00,2026-06-01 22:09:00,400,15,3
3380,8,14,16,2026-03-06 23:18:00,2026-03-07 02:01:00,500,33,3
3381,8,4,10,2026-06-19 22:43:00,2026-06-20 02:22:00,303,1,3
3382,5,45,4,2026-03-02 04:57:00,2026-03-02 08:36:00,271,1,1
3383,9,26,1,2026-03-18 13:11:00,2026-03-18 16:49:00,62,4,3
3384,5,6,8,2026-04-19 06:37:00,2026-04-19 08:55:00,161,7,1
3385,4,15,15,2026-01-29 20:59:00,2026-01-29 23:34:00,70,1,3
3386,5,6,5,2026-05-14 00:47:00,2026-05-14 04:06:00,139,1,2
3387,4,8,1,2026-01-19 01:09:00,2026-01-19 04:59:00,359,16,3
3388,8,14,12,2026-05-18 01:12:00,2026-05-18 02:55:00,222,1,1
3389,1,47,18,2026-06-09 07:55:00,2026-06-09 11:11:00,458,12,3
3390,8,4,10,2026-04-03 03:46:00,2026-04-03 07:27:00,77,3,3
3391,4,8,3,2026-05-24 20:47:00,2026-05-24 23:26:00,182,9,3
3392,8,10,6,2026-04-03 08:31:00,2026-04-03 09:10:00,57,1,2
3393,6,27,6,2026-03-23 17:50:00,2026-03-23 19:42:00,225,14,2
3394,3,42,1,2026-06-09 02:06:00,2026-06-09 05:44:00,490,26,3
3395,6,39,10,2026-05-01 08:08:00,2026-05-01 10:57:00,309,22,2
3396,4,36,18,2026-01-12 09:11:00,2026-01-12 12:45:00,194,6,2
3397,4,29,14,2026-01-05 09:34:00,2026-01-05 12:16:00,85,1,1
3398,9,22,3,2026-05-12 09:04:00,2026-05-12 09:40:00,475,19,2
3399,10,38,16,2026-04-10 19:16:00,2026-04-10 21:21:00,379,8,1
3400,9,41,20,2026-03-15 03:39:00,2026-03-15 07:34:00,149,4,2
3401,8,10,12,2026-03-21 04:59:00,2026-03-21 06:43:00,68,5,2
3402,7,11,11,2026-06-19 13:03:00,2026-06-19 13:38:00,56,0,3
3403,8,44,5,2026-02-21 10:56:00,2026-02-21 11:27:00,149,6,1
3404,8,14,20,2026-05-20 01:02:00,2026-05-20 02:06:00,283,4,2
3405,10,38,12,2026-01-30 22:43:00,2026-01-31 00:23:00,469,35,3
3406,5,45,17,2026-04-02 03:32:00,2026-04-02 07:18:00,258,2,3
3407,3,30,1,2026-04-03 13:36:00,2026-04-03 14:06:00,240,9,2
3408,10,9,1,2026-01-27 17:52:00,2026-01-27 20:23:00,274,20,2
3409,6,12,19,2026-05-23 00:39:00,2026-05-23 01:34:00,346,20,2
3410,8,21,4,2026-04-02 12:40:00,2026-04-02 14:16:00,399,23,2
3411,5,45,11,2026-06-03 04:04:00,2026-06-03 04:54:00,265,11,2
3412,7,2,4,2026-02-02 08:46:00,2026-02-02 10:03:00,73,0,2
3413,3,28,8,2026-04-15 21:14:00,2026-04-16 00:47:00,198,1,2
3414,4,37,17,2026-03-21 19:04:00,2026-03-21 19:48:00,126,1,2
3415,10,13,6,2026-04-12 02:49:00,2026-04-12 05:42:00,421,14,1
3416,3,23,16,2026-03-30 02:09:00,2026-03-30 04:20:00,439,28,3
3417,3,30,15,2026-06-25 04:04:00,2026-06-25 07:30:00,457,22,3
3418,3,24,8,2026-02-27 06:44:00,2026-02-27 07:51:00,111,6,3
3419,3,28,19,2026-06-12 17:02:00,2026-06-12 17:49:00,350,22,3
3420,10,16,4,2026-01-09 10:08:00,2026-01-09 12:02:00,363,2,2
3421,4,37,14,2026-04-29 04:01:00,2026-04-29 06:10:00,269,19,2
3422,10,19,8,2026-04-01 01:38:00,2026-04-01 02:33:00,366,7,2
3423,4,37,15,2026-02-16 17:14:00,2026-02-16 20:28:00,413,29,1
3424,10,7,16,2026-02-11 12:12:00,2026-02-11 13:19:00,140,1,1
3425,3,23,16,2026-04-22 11:56:00,2026-04-22 12:47:00,392,1,1
3426,10,19,16,2026-04-19 17:44:00,2026-04-19 19:34:00,416,12,2
3427,8,44,12,2026-02-18 08:39:00,2026-02-18 11:02:00,116,2,2
3428,8,14,4,2026-01-17 03:37:00,2026-01-17 06:56:00,128,1,2
3429,7,35,17,2026-03-01 15:59:00,2026-03-01 17:56:00,413,20,2
3430,9,26,5,2026-06-23 11:55:00,2026-06-23 15:21:00,262,19,1
3431,3,28,3,2026-05-12 14:56:00,2026-05-12 18:26:00,343,24,1
3432,10,13,8,2026-06-28 16:39:00,2026-06-28 18:41:00,391,19,2
3433,6,12,14,2026-02-17 17:19:00,2026-02-17 21:02:00,58,0,3
3434,1,34,4,2026-01-20 16:20:00,2026-01-20 18:05:00,192,6,3
3435,3,24,5,2026-02-09 11:34:00,2026-02-09 12:57:00,337,16,1
3436,3,28,3,2026-03-22 15:41:00,2026-03-22 18:08:00,442,9,2
3437,10,16,19,2026-05-03 00:52:00,2026-05-03 02:24:00,277,6,1
3438,10,13,3,2026-05-13 17:58:00,2026-05-13 18:46:00,136,6,1
3439,8,14,15,2026-03-19 09:37:00,2026-03-19 13:07:00,168,0,1
3440,10,18,14,2026-04-04 00:40:00,2026-04-04 01:46:00,327,4,2
3441,7,31,16,2026-05-06 13:22:00,2026-05-06 14:52:00,433,33,1
3442,7,35,17,2026-05-12 13:32:00,2026-05-12 16:07:00,475,4,1
3443,8,10,9,2026-04-08 18:47:00,2026-04-08 19:52:00,415,17,1
3444,7,2,4,2026-05-18 13:23:00,2026-05-18 16:12:00,119,5,3
3445,9,40,9,2026-01-15 17:44:00,2026-01-15 21:29:00,285,11,2
3446,8,14,17,2026-02-04 11:40:00,2026-02-04 12:50:00,350,13,1
3447,7,48,3,2026-02-25 13:14:00,2026-02-25 15:21:00,195,4,2
3448,8,50,10,2026-06-26 14:08:00,2026-06-26 16:57:00,93,3,1
3449,3,23,15,2026-05-22 11:48:00,2026-05-22 15:01:00,55,2,2
3450,7,31,10,2026-01-27 19:45:00,2026-01-27 23:18:00,192,8,3
3451,10,32,1,2026-01-16 13:19:00,2026-01-16 17:05:00,336,9,2
3452,4,37,9,2026-01-08 02:56:00,2026-01-08 05:26:00,83,2,3
3453,2,3,11,2026-06-21 00:23:00,2026-06-21 01:51:00,274,18,2
3454,10,32,10,2026-01-08 23:43:00,2026-01-09 03:22:00,91,5,1
3455,1,47,1,2026-01-14 03:36:00,2026-01-14 06:31:00,285,17,1
3456,7,31,5,2026-05-17 21:59:00,2026-05-17 22:32:00,267,17,1
3457,7,48,17,2026-02-18 09:39:00,2026-02-18 11:49:00,193,1,3
3458,6,27,12,2026-02-02 03:03:00,2026-02-02 05:58:00,289,6,1
3459,8,4,20,2026-06-11 16:35:00,2026-06-11 17:29:00,224,14,3
3460,7,35,3,2026-04-14 16:16:00,2026-04-14 16:53:00,369,4,1
3461,2,3,11,2026-02-02 00:11:00,2026-02-02 02:19:00,451,34,3
3462,10,1,2,2026-03-31 06:50:00,2026-03-31 10:16:00,257,9,1
3463,1,47,4,2026-02-03 13:58:00,2026-02-03 14:46:00,289,7,2
3464,8,4,1,2026-06-20 04:34:00,2026-06-20 07:56:00,339,24,1
3465,9,22,14,2026-02-16 17:02:00,2026-02-16 18:45:00,247,1,1
3466,9,40,17,2026-06-22 18:25:00,2026-06-22 20:58:00,301,23,1
3467,5,6,8,2026-02-24 10:42:00,2026-02-24 11:45:00,419,6,2
3468,10,19,18,2026-01-28 21:21:00,2026-01-28 22:00:00,278,6,1
3469,1,34,19,2026-01-29 14:08:00,2026-01-29 15:56:00,301,13,3
3470,7,2,2,2026-06-10 13:19:00,2026-06-10 16:14:00,389,11,1
3471,10,1,13,2026-06-03 05:58:00,2026-06-03 09:37:00,472,3,1
3472,3,24,14,2026-06-05 12:39:00,2026-06-05 16:12:00,461,1,1
3473,8,4,10,2026-05-13 04:31:00,2026-05-13 06:35:00,247,18,1
3474,6,39,14,2026-04-28 00:48:00,2026-04-28 03:34:00,145,6,1
3475,2,46,3,2026-04-30 17:16:00,2026-04-30 19:24:00,308,0,1
3476,10,19,4,2026-05-12 13:24:00,2026-05-12 16:11:00,91,3,1
3477,6,17,15,2026-03-13 14:19:00,2026-03-13 15:56:00,257,19,1
3478,4,15,11,2026-02-06 07:27:00,2026-02-06 07:58:00,360,12,2
3479,3,23,13,2026-06-27 19:54:00,2026-06-27 23:25:00,70,3,3
3480,7,2,10,2026-04-07 11:01:00,2026-04-07 14:52:00,287,21,3
3481,10,9,2,2026-03-14 08:42:00,2026-03-14 10:57:00,206,1,3
3482,1,34,15,2026-03-19 21:29:00,2026-03-19 23:14:00,165,1,2
3483,9,26,7,2026-01-22 11:33:00,2026-01-22 12:18:00,252,4,3
3484,7,25,5,2026-06-17 10:35:00,2026-06-17 11:51:00,172,2,1
3485,10,32,16,2026-04-25 23:28:00,2026-04-26 03:09:00,248,7,3
3486,6,39,3,2026-02-09 00:29:00,2026-02-09 02:08:00,393,10,3
3487,4,8,15,2026-06-28 11:15:00,2026-06-28 13:45:00,429,20,1
3488,8,20,11,2026-06-08 11:41:00,2026-06-08 12:45:00,90,3,1
3489,9,22,6,2026-03-02 11:49:00,2026-03-02 15:18:00,322,14,2
3490,3,24,7,2026-06-02 06:05:00,2026-06-02 06:37:00,233,3,3
3491,8,4,3,2026-03-14 01:58:00,2026-03-14 02:39:00,256,2,2
3492,7,48,6,2026-06-18 15:00:00,2026-06-18 18:38:00,109,1,1
3493,9,40,19,2026-05-22 01:30:00,2026-05-22 04:36:00,279,8,1
3494,4,29,13,2026-01-24 18:53:00,2026-01-24 20:47:00,421,24,3
3495,5,45,20,2026-06-08 07:57:00,2026-06-08 09:17:00,154,9,3
3496,9,26,15,2026-02-03 15:13:00,2026-02-03 16:06:00,374,10,3
3497,4,29,14,2026-05-02 04:21:00,2026-05-02 06:30:00,163,11,1
3498,10,32,13,2026-03-15 16:02:00,2026-03-15 18:56:00,302,11,1
3499,8,14,18,2026-04-03 16:26:00,2026-04-03 17:13:00,367,24,1
3500,9,33,11,2026-03-16 04:28:00,2026-03-16 07:07:00,453,27,2
3501,4,37,16,2026-04-28 12:43:00,2026-04-28 15:25:00,376,0,2
3502,9,41,11,2026-06-24 10:48:00,2026-06-24 12:18:00,306,0,2
3503,7,49,3,2026-01-08 00:41:00,2026-01-08 03:48:00,371,26,1
3504,7,2,15,2026-03-18 10:15:00,2026-03-18 10:57:00,401,23,1
3505,10,9,13,2026-02-18 22:33:00,2026-02-18 23:29:00,400,10,3
3506,3,5,9,2026-05-31 14:04:00,2026-05-31 15:11:00,173,11,1
3507,6,12,12,2026-04-19 01:33:00,2026-04-19 03:25:00,486,19,1
3508,1,47,8,2026-05-17 22:12:00,2026-05-18 00:49:00,384,16,3
3509,4,37,17,2026-06-20 22:49:00,2026-06-21 01:22:00,236,18,3
3510,7,25,8,2026-05-16 01:04:00,2026-05-16 02:48:00,379,4,1
3511,3,30,2,2026-06-21 09:01:00,2026-06-21 11:20:00,468,12,2
3512,9,33,9,2026-06-19 13:26:00,2026-06-19 16:21:00,146,4,1
3513,3,23,10,2026-02-12 07:07:00,2026-02-12 07:51:00,343,0,1
3514,7,2,17,2026-03-02 07:18:00,2026-03-02 10:16:00,61,4,1
3515,3,5,3,2026-04-08 04:44:00,2026-04-08 07:03:00,215,3,3
3516,8,20,8,2026-05-04 18:36:00,2026-05-04 22:02:00,340,25,1
3517,7,48,4,2026-03-08 16:42:00,2026-03-08 18:00:00,445,6,2
3518,7,48,6,2026-06-01 17:07:00,2026-06-01 20:15:00,87,1,2
3519,4,37,12,2026-03-16 23:11:00,2026-03-17 01:54:00,320,23,3
3520,8,20,15,2026-03-02 22:49:00,2026-03-03 00:13:00,107,5,3
3521,6,39,18,2026-01-23 23:44:00,2026-01-24 00:36:00,461,13,3
3522,9,33,4,2026-02-25 17:09:00,2026-02-25 18:26:00,367,16,3
3523,9,40,19,2026-03-16 01:00:00,2026-03-16 03:59:00,275,6,2
3524,7,35,14,2026-02-24 05:24:00,2026-02-24 08:39:00,306,16,3
3525,6,17,8,2026-01-22 13:36:00,2026-01-22 15:23:00,412,21,1
3526,9,40,14,2026-01-05 04:24:00,2026-01-05 07:46:00,309,7,1
3527,8,44,2,2026-05-17 18:00:00,2026-05-17 21:58:00,494,15,3
3528,9,41,20,2026-01-31 23:50:00,2026-02-01 02:43:00,121,5,1
3529,4,37,19,2026-04-30 00:45:00,2026-04-30 02:24:00,233,6,3
3530,7,11,18,2026-06-19 21:58:00,2026-06-19 23:32:00,365,7,2
3531,6,12,12,2026-01-14 21:01:00,2026-01-15 00:32:00,340,6,2
3532,10,38,7,2026-01-27 19:09:00,2026-01-27 22:27:00,187,14,2
3533,9,26,17,2026-06-24 15:41:00,2026-06-24 16:41:00,265,8,1
3534,4,36,15,2026-06-14 13:39:00,2026-06-14 16:36:00,254,4,1
3535,4,29,19,2026-06-10 22:53:00,2026-06-11 01:30:00,425,18,2
3536,8,4,11,2026-03-23 12:50:00,2026-03-23 16:23:00,347,13,2
3537,9,41,9,2026-04-18 00:59:00,2026-04-18 04:01:00,366,13,2
3538,6,12,1,2026-04-09 03:02:00,2026-04-09 06:13:00,420,19,1
3539,8,21,4,2026-04-21 17:51:00,2026-04-21 19:51:00,484,25,1
3540,8,20,19,2026-03-15 03:20:00,2026-03-15 06:54:00,201,1,2
3541,9,22,1,2026-06-06 15:21:00,2026-06-06 15:53:00,233,7,3
3542,9,33,19,2026-01-26 04:56:00,2026-01-26 07:20:00,405,18,1
3543,10,9,10,2026-02-22 13:17:00,2026-02-22 15:17:00,220,5,1
3544,9,26,17,2026-01-15 15:48:00,2026-01-15 19:28:00,473,12,1
3545,4,37,16,2026-02-13 01:56:00,2026-02-13 05:28:00,290,17,3
3546,8,50,14,2026-04-09 12:55:00,2026-04-09 14:07:00,415,1,3
3547,8,14,18,2026-02-03 00:38:00,2026-02-03 03:01:00,427,18,1
3548,3,5,15,2026-02-20 19:53:00,2026-02-20 21:56:00,134,6,2
3549,8,10,4,2026-05-19 09:08:00,2026-05-19 12:19:00,450,10,3
3550,9,41,14,2026-04-25 21:15:00,2026-04-25 22:59:00,108,4,1
3551,6,12,14,2026-05-03 02:30:00,2026-05-03 06:13:00,461,26,3
3552,10,18,10,2026-01-29 06:01:00,2026-01-29 08:43:00,411,0,1
3553,3,5,12,2026-01-21 22:14:00,2026-01-21 23:28:00,172,3,1
3554,10,32,2,2026-04-12 05:38:00,2026-04-12 06:53:00,77,5,2
3555,4,8,7,2026-04-02 09:08:00,2026-04-02 10:22:00,498,7,3
3556,4,15,11,2026-03-20 13:48:00,2026-03-20 15:04:00,305,6,1
3557,3,28,5,2026-05-04 15:53:00,2026-05-04 19:33:00,255,4,3
3558,3,23,11,2026-04-24 02:10:00,2026-04-24 04:55:00,493,33,2
3559,4,8,12,2026-03-12 05:43:00,2026-03-12 08:41:00,73,5,1
3560,6,12,16,2026-01-31 17:07:00,2026-01-31 18:14:00,175,11,2
3561,10,9,18,2026-01-10 05:32:00,2026-01-10 07:53:00,63,4,1
3562,8,4,6,2026-06-04 00:05:00,2026-06-04 02:32:00,221,12,1
3563,3,28,10,2026-03-05 05:13:00,2026-03-05 08:02:00,497,12,3
3564,1,34,1,2026-06-17 02:23:00,2026-06-17 05:20:00,285,17,1
3565,9,26,6,2026-06-18 04:59:00,2026-06-18 06:08:00,194,11,1
3566,7,25,6,2026-04-11 03:52:00,2026-04-11 04:58:00,279,16,3
3567,8,14,20,2026-02-08 00:35:00,2026-02-08 01:39:00,392,30,1
3568,8,4,3,2026-01-26 21:51:00,2026-01-26 23:53:00,226,12,2
3569,3,23,14,2026-05-29 02:45:00,2026-05-29 03:17:00,321,22,1
3570,6,17,20,2026-02-10 17:36:00,2026-02-10 21:35:00,430,34,2
3571,8,43,4,2026-01-12 20:08:00,2026-01-12 22:20:00,421,4,2
3572,5,6,12,2026-04-21 06:52:00,2026-04-21 10:03:00,182,6,2
3573,7,49,4,2026-06-18 12:43:00,2026-06-18 15:54:00,379,20,2
3574,2,46,3,2026-05-21 09:34:00,2026-05-21 11:36:00,185,7,3
3575,10,7,10,2026-05-31 16:00:00,2026-05-31 17:49:00,268,10,1
3576,5,45,9,2026-05-12 01:59:00,2026-05-12 03:38:00,429,30,1
3577,7,25,17,2026-04-11 05:50:00,2026-04-11 09:17:00,169,8,3
3578,10,13,16,2026-03-14 14:21:00,2026-03-14 17:04:00,474,6,1
3579,6,27,16,2026-06-14 06:33:00,2026-06-14 08:59:00,170,12,3
3580,8,20,1,2026-06-05 04:35:00,2026-06-05 06:31:00,247,9,2
3581,9,26,5,2026-01-02 21:44:00,2026-01-02 23:05:00,101,5,1
3582,3,42,4,2026-03-02 04:33:00,2026-03-02 07:12:00,115,3,2
3583,8,14,7,2026-01-06 18:31:00,2026-01-06 22:16:00,97,5,1
3584,7,49,18,2026-03-09 05:34:00,2026-03-09 08:47:00,278,1,2
3585,9,41,14,2026-02-25 23:38:00,2026-02-26 00:26:00,78,1,2
3586,2,3,5,2026-01-01 14:54:00,2026-01-01 18:08:00,105,5,2
3587,4,29,3,2026-03-20 01:11:00,2026-03-20 02:53:00,407,19,2
3588,6,27,11,2026-06-19 02:49:00,2026-06-19 06:48:00,68,4,1
3589,6,27,7,2026-01-14 23:45:00,2026-01-15 03:16:00,232,16,3
3590,8,20,12,2026-05-04 10:52:00,2026-05-04 13:11:00,343,10,1
3591,10,9,8,2026-01-15 10:17:00,2026-01-15 11:19:00,138,8,2
3592,3,28,19,2026-02-01 09:51:00,2026-02-01 11:12:00,393,23,2
3593,8,4,15,2026-05-23 19:24:00,2026-05-23 21:42:00,334,9,1
3594,7,35,2,2026-06-23 23:01:00,2026-06-24 01:18:00,468,17,3
3595,5,45,15,2026-01-22 02:12:00,2026-01-22 05:08:00,364,20,1
3596,10,19,1,2026-04-01 15:59:00,2026-04-01 17:44:00,291,20,1
3597,7,31,3,2026-05-07 14:04:00,2026-05-07 15:22:00,210,15,3
3598,7,11,3,2026-05-01 15:34:00,2026-05-01 18:10:00,50,1,3
3599,3,42,16,2026-06-09 01:43:00,2026-06-09 05:20:00,384,21,1
3600,4,15,11,2026-02-13 12:13:00,2026-02-13 15:09:00,316,21,1
3601,1,34,8,2026-04-01 02:39:00,2026-04-01 06:30:00,126,8,3
3602,1,47,3,2026-03-03 22:17:00,2026-03-04 00:29:00,182,10,1
3603,10,9,11,2026-03-26 12:10:00,2026-03-26 14:05:00,160,5,2
3604,7,48,12,2026-02-05 08:22:00,2026-02-05 09:59:00,277,2,1
3605,3,23,19,2026-05-09 23:52:00,2026-05-10 02:03:00,493,9,1
3606,7,25,9,2026-03-24 16:31:00,2026-03-24 19:10:00,239,2,3
3607,3,28,10,2026-04-06 03:28:00,2026-04-06 07:09:00,340,4,1
3608,4,15,3,2026-04-06 19:13:00,2026-04-06 20:19:00,351,7,3
3609,8,20,16,2026-02-26 18:05:00,2026-02-26 20:31:00,215,14,1
3610,7,11,9,2026-05-15 19:11:00,2026-05-15 20:50:00,234,1,3
3611,3,24,20,2026-05-04 06:47:00,2026-05-04 08:28:00,311,3,2
3612,3,24,2,2026-02-16 01:17:00,2026-02-16 04:56:00,185,2,1
3613,7,31,13,2026-05-07 05:29:00,2026-05-07 09:08:00,103,1,3
3614,8,44,3,2026-02-06 12:33:00,2026-02-06 14:52:00,225,13,1
3615,10,1,5,2026-01-17 01:22:00,2026-01-17 03:14:00,426,10,1
3616,3,23,7,2026-03-20 20:55:00,2026-03-20 22:48:00,90,3,1
3617,7,31,19,2026-02-05 19:17:00,2026-02-05 22:13:00,228,16,1
3618,10,13,4,2026-03-11 17:56:00,2026-03-11 19:17:00,83,2,3
3619,5,45,14,2026-02-01 21:49:00,2026-02-01 22:25:00,174,0,2
3620,8,43,14,2026-02-18 10:36:00,2026-02-18 14:35:00,313,23,3
3621,9,22,19,2026-03-09 11:48:00,2026-03-09 14:06:00,368,4,1
3622,10,19,14,2026-04-02 01:01:00,2026-04-02 03:59:00,74,2,3
3623,9,33,18,2026-05-15 13:32:00,2026-05-15 17:16:00,340,26,3
3624,4,29,1,2026-01-17 11:48:00,2026-01-17 12:54:00,484,7,2
3625,10,9,3,2026-01-19 13:30:00,2026-01-19 17:15:00,468,28,2
3626,1,47,13,2026-05-06 04:39:00,2026-05-06 06:12:00,220,11,3
3627,2,46,18,2026-06-02 13:09:00,2026-06-02 16:26:00,338,11,2
3628,3,30,17,2026-03-15 09:41:00,2026-03-15 10:23:00,143,9,1
3629,10,18,15,2026-03-19 14:29:00,2026-03-19 16:43:00,304,11,3
3630,10,18,11,2026-05-27 23:36:00,2026-05-28 02:30:00,358,0,2
3631,5,6,17,2026-06-16 21:50:00,2026-06-17 01:01:00,398,16,1
3632,7,2,2,2026-01-25 21:55:00,2026-01-25 23:02:00,414,30,2
3633,8,10,15,2026-06-05 10:52:00,2026-06-05 12:59:00,283,5,1
3634,10,1,17,2026-02-10 12:00:00,2026-02-10 15:52:00,245,19,1
3635,6,39,3,2026-03-16 08:48:00,2026-03-16 11:02:00,379,13,2
3636,5,45,18,2026-02-15 16:45:00,2026-02-15 20:30:00,260,11,2
3637,6,27,17,2026-02-20 17:06:00,2026-02-20 19:42:00,406,5,3
3638,7,25,2,2026-05-27 22:22:00,2026-05-27 23:07:00,209,4,3
3639,4,36,10,2026-06-17 00:40:00,2026-06-17 01:23:00,259,9,1
3640,7,49,9,2026-06-03 22:54:00,2026-06-04 00:47:00,326,0,3
3641,4,29,10,2026-01-07 19:46:00,2026-01-07 21:46:00,176,8,1
3642,8,50,12,2026-03-05 15:34:00,2026-03-05 17:29:00,257,3,1
3643,9,33,2,2026-04-14 12:56:00,2026-04-14 15:54:00,258,1,1
3644,6,12,17,2026-06-07 04:36:00,2026-06-07 07:36:00,88,3,1
3645,6,39,5,2026-05-22 12:29:00,2026-05-22 15:02:00,126,3,3
3646,4,8,19,2026-01-29 19:37:00,2026-01-29 22:58:00,330,13,2
3647,7,2,5,2026-05-01 04:12:00,2026-05-01 07:21:00,352,18,1
3648,8,4,6,2026-03-27 06:40:00,2026-03-27 10:10:00,271,18,1
3649,10,16,20,2026-05-22 01:02:00,2026-05-22 02:13:00,118,9,1
3650,7,31,15,2026-03-20 07:40:00,2026-03-20 08:13:00,384,10,3
3651,10,13,8,2026-04-12 16:43:00,2026-04-12 17:33:00,470,12,3
3652,2,3,8,2026-05-12 03:27:00,2026-05-12 07:15:00,464,8,3
3653,7,2,8,2026-05-11 18:59:00,2026-05-11 22:07:00,132,0,3
3654,10,32,13,2026-03-05 11:10:00,2026-03-05 15:00:00,429,25,1
3655,8,50,14,2026-03-24 15:56:00,2026-03-24 16:49:00,333,11,1
3656,10,38,15,2026-05-11 11:05:00,2026-05-11 11:58:00,395,0,3
3657,7,35,20,2026-01-16 20:04:00,2026-01-16 21:54:00,268,6,2
3658,8,21,5,2026-06-28 18:59:00,2026-06-28 22:32:00,303,9,3
3659,9,26,14,2026-05-12 00:23:00,2026-05-12 02:47:00,302,2,2
3660,3,23,2,2026-01-17 15:17:00,2026-01-17 18:26:00,236,10,3
3661,10,16,13,2026-06-01 17:58:00,2026-06-01 21:07:00,136,1,1
3662,7,2,2,2026-01-17 18:55:00,2026-01-17 20:22:00,326,9,2
3663,6,17,16,2026-03-01 04:45:00,2026-03-01 05:30:00,154,8,2
3664,10,1,14,2026-01-02 19:27:00,2026-01-02 21:59:00,235,12,2
3665,10,1,13,2026-05-05 08:01:00,2026-05-05 10:19:00,107,8,1
3666,1,47,16,2026-06-10 02:13:00,2026-06-10 05:32:00,412,13,3
3667,8,21,17,2026-04-19 15:50:00,2026-04-19 17:55:00,195,8,2
3668,1,47,14,2026-03-26 19:53:00,2026-03-26 21:53:00,407,11,2
3669,8,4,14,2026-05-17 19:02:00,2026-05-17 21:52:00,165,8,1
3670,1,47,9,2026-02-06 02:45:00,2026-02-06 04:10:00,349,13,3
3671,10,9,3,2026-05-25 19:22:00,2026-05-25 23:05:00,387,28,2
3672,8,20,11,2026-06-14 10:38:00,2026-06-14 13:29:00,216,6,2
3673,7,25,15,2026-02-03 23:34:00,2026-02-04 01:34:00,333,3,3
3674,7,25,1,2026-06-21 16:26:00,2026-06-21 19:08:00,436,31,2
3675,10,18,18,2026-03-23 20:07:00,2026-03-23 23:11:00,137,2,2
3676,8,44,12,2026-06-16 02:34:00,2026-06-16 06:26:00,462,24,1
3677,6,39,7,2026-05-30 02:22:00,2026-05-30 05:17:00,357,2,3
3678,6,12,16,2026-03-12 03:35:00,2026-03-12 06:23:00,465,5,3
3679,1,34,17,2026-06-27 04:17:00,2026-06-27 05:41:00,166,5,1
3680,4,36,11,2026-03-13 09:36:00,2026-03-13 13:01:00,362,24,1
3681,3,28,12,2026-02-25 22:55:00,2026-02-26 01:25:00,313,13,1
3682,6,39,18,2026-03-19 07:41:00,2026-03-19 09:11:00,162,4,3
3683,7,25,17,2026-01-22 15:15:00,2026-01-22 18:44:00,121,6,3
3684,3,24,13,2026-04-09 22:37:00,2026-04-10 01:11:00,279,20,1
3685,7,49,15,2026-02-13 12:19:00,2026-02-13 15:38:00,232,0,2
3686,10,16,17,2026-06-07 12:12:00,2026-06-07 13:52:00,142,4,3
3687,10,19,17,2026-03-11 15:13:00,2026-03-11 17:15:00,266,2,1
3688,4,29,18,2026-04-24 15:00:00,2026-04-24 15:57:00,445,31,2
3689,9,33,7,2026-05-10 01:24:00,2026-05-10 04:54:00,362,14,3
3690,3,30,17,2026-03-11 20:27:00,2026-03-11 23:39:00,379,3,2
3691,10,9,11,2026-03-11 05:16:00,2026-03-11 06:51:00,364,17,3
3692,5,45,9,2026-06-27 02:52:00,2026-06-27 05:55:00,150,0,1
3693,10,7,4,2026-04-07 16:33:00,2026-04-07 20:17:00,399,18,3
3694,10,9,7,2026-04-19 07:45:00,2026-04-19 08:28:00,245,18,1
3695,10,19,1,2026-01-31 14:29:00,2026-01-31 15:25:00,436,2,1
3696,8,14,18,2026-04-27 05:10:00,2026-04-27 05:49:00,171,0,2
3697,10,9,6,2026-06-03 12:24:00,2026-06-03 14:09:00,111,8,1
3698,1,34,10,2026-02-10 10:13:00,2026-02-10 11:43:00,433,23,1
3699,3,5,19,2026-05-27 18:28:00,2026-05-27 21:22:00,264,20,2
3700,9,22,1,2026-02-20 09:23:00,2026-02-20 11:52:00,392,12,2
3701,9,26,7,2026-05-06 09:09:00,2026-05-06 09:47:00,85,2,2
3702,4,15,20,2026-03-09 15:28:00,2026-03-09 16:57:00,167,3,3
3703,3,24,4,2026-02-17 08:17:00,2026-02-17 11:04:00,443,28,2
3704,2,3,19,2026-01-07 10:01:00,2026-01-07 13:26:00,51,3,3
3705,1,34,7,2026-05-13 14:43:00,2026-05-13 18:31:00,482,36,3
3706,8,20,7,2026-01-21 21:30:00,2026-01-22 01:19:00,175,9,3
3707,9,26,1,2026-01-01 10:09:00,2026-01-01 10:54:00,259,13,3
3708,8,20,12,2026-01-05 13:07:00,2026-01-05 15:15:00,203,13,1
3709,7,2,6,2026-04-02 20:12:00,2026-04-02 22:39:00,493,10,1
3710,8,4,5,2026-04-23 12:24:00,2026-04-23 14:19:00,54,3,1
3711,1,47,7,2026-04-22 11:28:00,2026-04-22 12:00:00,457,28,1
3712,7,2,1,2026-05-17 21:07:00,2026-05-17 22:11:00,195,2,3
3713,9,33,8,2026-05-10 00:31:00,2026-05-10 03:43:00,315,18,1
3714,6,17,10,2026-04-08 17:48:00,2026-04-08 20:11:00,105,2,1
3715,7,48,12,2026-03-30 22:12:00,2026-03-30 23:46:00,357,7,2
3716,10,13,19,2026-04-26 17:06:00,2026-04-26 18:34:00,432,15,1
3717,9,41,15,2026-04-23 13:49:00,2026-04-23 16:00:00,341,6,3
3718,2,46,5,2026-04-23 09:39:00,2026-04-23 10:48:00,67,5,2
3719,1,34,8,2026-01-04 00:12:00,2026-01-04 01:52:00,250,9,2
3720,4,15,10,2026-06-19 13:17:00,2026-06-19 15:21:00,234,16,1
3721,7,25,15,2026-01-11 20:39:00,2026-01-11 21:30:00,335,20,1
3722,10,38,20,2026-01-05 14:26:00,2026-01-05 16:12:00,248,1,3
3723,7,2,8,2026-04-12 18:07:00,2026-04-12 20:10:00,209,15,2
3724,5,6,20,2026-04-15 07:40:00,2026-04-15 08:48:00,181,4,3
3725,8,20,16,2026-02-23 09:31:00,2026-02-23 12:11:00,322,18,1
3726,3,5,11,2026-02-15 10:51:00,2026-02-15 13:14:00,435,1,2
3727,5,6,16,2026-02-20 06:24:00,2026-02-20 07:04:00,71,0,1
3728,10,18,11,2026-05-12 20:16:00,2026-05-12 21:33:00,231,8,1
3729,2,46,11,2026-01-22 10:36:00,2026-01-22 13:29:00,153,2,1
3730,9,22,5,2026-04-20 00:42:00,2026-04-20 01:34:00,109,2,1
3731,8,4,16,2026-06-21 11:27:00,2026-06-21 15:22:00,293,2,2
3732,3,42,14,2026-06-12 09:05:00,2026-06-12 12:22:00,62,1,2
3733,3,23,18,2026-05-08 16:56:00,2026-05-08 17:55:00,342,10,1
3734,1,34,1,2026-06-11 07:21:00,2026-06-11 09:04:00,246,16,3
3735,3,23,11,2026-03-02 05:49:00,2026-03-02 08:46:00,119,4,2
3736,9,26,18,2026-06-05 13:55:00,2026-06-05 17:24:00,160,10,2
3737,10,1,18,2026-02-27 09:20:00,2026-02-27 10:01:00,64,2,2
3738,4,29,20,2026-06-02 07:46:00,2026-06-02 10:08:00,215,7,2
3739,6,17,20,2026-04-25 14:43:00,2026-04-25 15:28:00,434,2,2
3740,4,15,17,2026-02-06 21:56:00,2026-02-07 00:52:00,308,10,3
3741,3,23,15,2026-03-13 22:51:00,2026-03-13 23:26:00,91,5,3
3742,9,40,18,2026-05-11 14:47:00,2026-05-11 18:36:00,350,23,3
3743,8,43,11,2026-03-03 15:44:00,2026-03-03 17:14:00,332,21,2
3744,8,44,15,2026-01-29 01:47:00,2026-01-29 05:46:00,479,24,1
3745,4,15,13,2026-01-22 09:33:00,2026-01-22 13:02:00,349,6,2
3746,10,19,2,2026-03-08 09:47:00,2026-03-08 10:28:00,400,7,1
3747,8,21,1,2026-03-03 19:07:00,2026-03-03 22:57:00,326,7,1
3748,10,13,12,2026-01-04 21:50:00,2026-01-04 23:46:00,478,15,3
3749,10,13,3,2026-02-18 23:31:00,2026-02-19 01:21:00,91,5,1
3750,10,7,1,2026-01-18 05:01:00,2026-01-18 08:00:00,438,31,2
3751,3,28,12,2026-03-26 05:59:00,2026-03-26 09:20:00,344,9,3
3752,10,1,11,2026-01-02 17:29:00,2026-01-02 20:32:00,197,2,1
3753,7,48,8,2026-01-09 21:05:00,2026-01-09 23:38:00,463,10,3
3754,4,15,18,2026-03-01 11:58:00,2026-03-01 13:58:00,308,9,3
3755,8,14,10,2026-04-18 11:43:00,2026-04-18 15:02:00,229,2,2
3756,7,25,6,2026-01-11 13:23:00,2026-01-11 16:18:00,451,35,1
3757,10,13,11,2026-01-23 01:47:00,2026-01-23 03:15:00,470,29,2
3758,6,12,4,2026-05-01 16:08:00,2026-05-01 19:37:00,99,5,3
3759,4,37,17,2026-05-30 05:39:00,2026-05-30 09:00:00,424,8,1
3760,4,36,4,2026-04-27 03:02:00,2026-04-27 06:39:00,358,11,1
3761,1,47,17,2026-01-12 07:31:00,2026-01-12 09:12:00,192,7,1
3762,1,34,2,2026-02-24 02:08:00,2026-02-24 03:15:00,481,33,1
3763,7,48,7,2026-06-10 00:55:00,2026-06-10 01:50:00,204,1,3
3764,10,1,3,2026-03-23 06:18:00,2026-03-23 09:29:00,163,6,3
3765,6,39,1,2026-06-09 12:48:00,2026-06-09 13:53:00,240,14,3
3766,9,33,10,2026-06-22 03:29:00,2026-06-22 05:10:00,92,4,2
3767,7,49,10,2026-02-19 23:55:00,2026-02-20 00:44:00,461,20,3
3768,1,34,13,2026-01-13 14:15:00,2026-01-13 16:03:00,52,0,3
3769,8,21,18,2026-04-19 04:46:00,2026-04-19 06:25:00,492,37,1
3770,1,47,3,2026-04-10 17:22:00,2026-04-10 19:35:00,174,11,1
3771,4,15,2,2026-02-09 21:15:00,2026-02-09 22:37:00,161,6,2
3772,2,46,6,2026-02-12 03:20:00,2026-02-12 04:17:00,102,3,2
3773,3,5,12,2026-01-29 23:28:00,2026-01-30 00:55:00,473,37,2
3774,3,30,5,2026-04-27 15:45:00,2026-04-27 17:50:00,438,22,3
3775,5,6,7,2026-03-05 06:48:00,2026-03-05 09:31:00,406,14,3
3776,9,22,11,2026-06-29 19:51:00,2026-06-29 23:48:00,93,4,3
3777,9,33,17,2026-05-26 14:04:00,2026-05-26 15:55:00,470,29,3
3778,3,42,3,2026-05-14 06:13:00,2026-05-14 09:39:00,83,1,2
3779,8,43,2,2026-02-08 23:49:00,2026-02-09 00:36:00,145,10,2
3780,4,15,5,2026-03-27 11:43:00,2026-03-27 12:41:00,428,6,1
3781,10,9,10,2026-04-19 14:44:00,2026-04-19 15:34:00,441,11,3
3782,7,31,16,2026-05-29 04:16:00,2026-05-29 06:57:00,473,22,1
3783,2,46,4,2026-03-05 20:40:00,2026-03-06 00:39:00,316,12,3
3784,10,38,19,2026-06-04 15:37:00,2026-06-04 16:22:00,466,4,2
3785,6,27,17,2026-06-09 14:43:00,2026-06-09 16:27:00,82,4,2
3786,7,11,20,2026-04-17 07:52:00,2026-04-17 11:03:00,305,0,1
3787,7,35,17,2026-06-01 19:40:00,2026-06-01 20:10:00,383,6,2
3788,7,49,16,2026-06-04 22:01:00,2026-06-04 22:42:00,222,17,2
3789,7,48,18,2026-04-01 10:30:00,2026-04-01 11:08:00,164,1,1
3790,9,26,16,2026-01-13 23:45:00,2026-01-14 02:57:00,247,9,2
3791,3,42,5,2026-02-06 17:36:00,2026-02-06 20:19:00,419,17,1
3792,8,43,19,2026-04-06 05:09:00,2026-04-06 07:46:00,205,0,2
3793,10,16,16,2026-04-15 05:44:00,2026-04-15 07:02:00,226,13,3
3794,6,39,19,2026-04-29 21:07:00,2026-04-30 00:51:00,496,13,1
3795,9,33,19,2026-01-22 09:58:00,2026-01-22 11:00:00,494,38,2
3796,3,24,19,2026-02-24 05:52:00,2026-02-24 09:29:00,220,14,3
3797,2,3,3,2026-02-12 11:41:00,2026-02-12 13:06:00,97,5,1
3798,7,49,18,2026-02-12 21:26:00,2026-02-12 22:48:00,359,25,3
3799,3,24,20,2026-06-25 05:57:00,2026-06-25 08:01:00,264,7,3
3800,1,34,18,2026-06-22 17:13:00,2026-06-22 17:45:00,413,20,3
3801,9,40,16,2026-01-31 23:55:00,2026-02-01 01:47:00,87,0,3
3802,9,40,19,2026-03-26 12:36:00,2026-03-26 15:33:00,343,21,1
3803,9,22,13,2026-04-24 14:18:00,2026-04-24 18:04:00,281,14,1
3804,10,13,1,2026-03-05 11:34:00,2026-03-05 14:13:00,83,0,3
3805,8,14,19,2026-02-13 20:08:00,2026-02-13 21:24:00,170,3,1
3806,9,26,8,2026-05-24 03:53:00,2026-05-24 07:15:00,256,20,1
3807,1,47,4,2026-01-29 20:11:00,2026-01-29 22:12:00,286,3,1
3808,10,1,9,2026-01-06 08:26:00,2026-01-06 10:06:00,163,8,1
3809,8,4,16,2026-03-24 20:29:00,2026-03-24 21:31:00,128,4,2
3810,7,49,15,2026-05-02 03:50:00,2026-05-02 06:40:00,474,17,3
3811,10,32,14,2026-01-08 22:31:00,2026-01-09 00:32:00,72,1,2
3812,3,42,12,2026-05-20 01:51:00,2026-05-20 04:11:00,338,17,2
3813,4,8,16,2026-04-24 08:49:00,2026-04-24 12:05:00,380,27,1
3814,2,3,4,2026-01-22 11:39:00,2026-01-22 14:06:00,174,3,2
3815,10,18,2,2026-01-05 17:32:00,2026-01-05 19:37:00,291,2,1
3816,10,7,6,2026-02-03 17:06:00,2026-02-03 19:36:00,497,0,3
3817,8,21,13,2026-06-07 22:03:00,2026-06-08 00:58:00,120,1,2
3818,3,28,20,2026-05-12 20:52:00,2026-05-13 00:13:00,336,18,3
3819,6,12,17,2026-01-02 12:54:00,2026-01-02 14:26:00,382,24,2
3820,8,20,6,2026-01-28 17:17:00,2026-01-28 18:12:00,292,1,2
3821,6,27,18,2026-04-27 22:00:00,2026-04-27 22:59:00,475,8,1
3822,10,19,20,2026-06-17 03:00:00,2026-06-17 04:00:00,330,8,1
3823,3,42,15,2026-04-01 11:21:00,2026-04-01 13:34:00,176,1,1
3824,7,49,8,2026-04-23 14:17:00,2026-04-23 16:53:00,150,1,2
3825,10,1,15,2026-02-27 17:46:00,2026-02-27 21:08:00,85,0,2
3826,10,19,4,2026-03-17 22:28:00,2026-03-18 00:51:00,130,8,2
3827,10,18,11,2026-03-19 00:57:00,2026-03-19 02:53:00,325,7,3
3828,2,46,12,2026-06-27 20:04:00,2026-06-27 23:53:00,423,10,3
3829,6,27,7,2026-06-25 22:13:00,2026-06-26 00:55:00,436,17,1
3830,3,5,3,2026-02-24 04:05:00,2026-02-24 05:35:00,159,4,1
3831,4,15,4,2026-01-06 12:52:00,2026-01-06 15:03:00,155,12,2
3832,6,12,3,2026-03-14 10:51:00,2026-03-14 14:16:00,85,1,2
3833,10,9,3,2026-04-07 17:54:00,2026-04-07 21:11:00,72,3,2
3834,10,38,10,2026-05-11 20:43:00,2026-05-11 23:26:00,86,5,2
3835,9,33,16,2026-01-23 19:57:00,2026-01-23 22:22:00,428,30,1
3836,5,45,15,2026-01-25 15:21:00,2026-01-25 16:29:00,245,1,3
3837,10,13,3,2026-04-29 20:49:00,2026-04-30 00:47:00,188,8,3
3838,4,36,14,2026-01-30 06:42:00,2026-01-30 07:21:00,174,1,3
3839,6,39,11,2026-05-15 03:37:00,2026-05-15 05:36:00,319,20,1
3840,4,36,7,2026-06-15 07:22:00,2026-06-15 10:54:00,243,8,1
3841,8,43,16,2026-01-26 20:47:00,2026-01-26 23:27:00,254,0,2
3842,8,14,9,2026-01-12 05:03:00,2026-01-12 07:10:00,407,14,3
3843,10,19,18,2026-01-13 17:38:00,2026-01-13 20:52:00,491,0,3
3844,3,28,9,2026-04-11 22:44:00,2026-04-12 01:08:00,206,12,3
3845,10,7,19,2026-01-18 09:44:00,2026-01-18 10:58:00,351,17,2
3846,8,14,16,2026-02-23 15:02:00,2026-02-23 18:34:00,167,7,1
3847,7,25,20,2026-01-01 15:44:00,2026-01-01 17:44:00,268,11,1
3848,1,34,8,2026-03-07 05:35:00,2026-03-07 09:35:00,321,24,3
3849,7,2,12,2026-06-06 11:33:00,2026-06-06 14:17:00,418,29,1
3850,7,48,9,2026-04-05 20:11:00,2026-04-05 22:07:00,205,8,1
3851,10,19,12,2026-01-25 06:51:00,2026-01-25 10:19:00,102,2,3
3852,10,32,3,2026-06-17 16:57:00,2026-06-17 19:27:00,277,15,1
3853,7,11,7,2026-04-13 17:41:00,2026-04-13 21:02:00,201,8,2
3854,3,23,20,2026-03-11 11:15:00,2026-03-11 12:48:00,270,0,2
3855,9,22,18,2026-03-10 08:19:00,2026-03-10 10:51:00,206,6,1
3856,9,33,9,2026-04-12 09:42:00,2026-04-12 11:18:00,452,25,3
3857,7,31,4,2026-02-02 18:53:00,2026-02-02 20:33:00,77,4,2
3858,10,32,11,2026-05-30 08:03:00,2026-05-30 09:46:00,149,7,2
3859,2,46,17,2026-06-16 01:53:00,2026-06-16 05:37:00,200,6,3
3860,8,50,14,2026-01-16 08:09:00,2026-01-16 09:57:00,469,13,3
3861,10,38,4,2026-01-15 19:12:00,2026-01-15 21:52:00,213,6,3
3862,9,33,13,2026-06-11 04:51:00,2026-06-11 07:39:00,152,1,3
3863,10,38,10,2026-01-12 15:56:00,2026-01-12 17:45:00,89,5,2
3864,7,35,9,2026-05-06 09:32:00,2026-05-06 12:55:00,180,9,2
3865,2,46,3,2026-03-07 06:34:00,2026-03-07 07:11:00,203,13,2
3866,9,33,13,2026-06-01 01:51:00,2026-06-01 05:46:00,215,2,1
3867,10,32,4,2026-01-01 17:41:00,2026-01-01 21:22:00,427,27,3
3868,3,42,20,2026-01-04 03:14:00,2026-01-04 06:54:00,456,5,3
3869,10,13,20,2026-04-21 07:48:00,2026-04-21 09:21:00,299,11,2
3870,6,17,6,2026-01-18 20:23:00,2026-01-18 22:56:00,149,11,3
3871,6,39,20,2026-05-01 16:21:00,2026-05-01 19:28:00,217,2,3
3872,10,38,7,2026-01-11 08:07:00,2026-01-11 11:08:00,185,4,3
3873,4,37,11,2026-04-28 09:25:00,2026-04-28 10:51:00,496,31,1
3874,10,13,5,2026-06-16 04:17:00,2026-06-16 04:58:00,358,11,2
3875,8,20,1,2026-05-04 07:20:00,2026-05-04 11:15:00,370,15,1
3876,4,36,4,2026-02-21 21:58:00,2026-02-22 01:54:00,140,2,1
3877,8,21,12,2026-01-01 11:29:00,2026-01-01 14:01:00,477,11,3
3878,1,47,3,2026-01-10 20:34:00,2026-01-10 21:04:00,323,16,1
3879,10,9,13,2026-06-06 05:36:00,2026-06-06 08:29:00,291,10,3
3880,9,40,14,2026-03-26 15:37:00,2026-03-26 17:43:00,168,3,1
3881,10,9,9,2026-05-15 04:26:00,2026-05-15 07:04:00,281,7,1
3882,2,46,4,2026-05-03 01:38:00,2026-05-03 03:08:00,363,14,3
3883,1,47,3,2026-02-26 10:43:00,2026-02-26 14:18:00,187,5,2
3884,7,31,5,2026-06-23 21:40:00,2026-06-23 22:30:00,253,17,3
3885,8,43,14,2026-03-14 22:08:00,2026-03-15 01:41:00,257,20,1
3886,7,35,15,2026-04-15 02:01:00,2026-04-15 04:04:00,358,15,1
3887,9,22,9,2026-05-08 16:47:00,2026-05-08 19:43:00,224,0,1
3888,6,39,13,2026-02-18 18:47:00,2026-02-18 19:46:00,122,7,3
3889,8,14,11,2026-01-09 06:33:00,2026-01-09 07:51:00,306,5,2
3890,8,44,9,2026-05-25 21:34:00,2026-05-26 01:34:00,406,4,1
3891,1,47,16,2026-06-21 07:18:00,2026-06-21 07:50:00,469,35,1
3892,8,21,16,2026-04-30 11:34:00,2026-04-30 12:51:00,209,1,2
3893,9,26,15,2026-03-07 01:47:00,2026-03-07 05:25:00,51,1,2
3894,9,33,19,2026-04-27 22:49:00,2026-04-28 00:49:00,336,8,3
3895,10,7,5,2026-02-20 10:21:00,2026-02-20 12:50:00,199,9,1
3896,7,49,12,2026-02-18 07:56:00,2026-02-18 09:08:00,293,13,3
3897,3,42,17,2026-02-13 01:37:00,2026-02-13 03:17:00,471,28,3
3898,3,30,8,2026-02-16 19:00:00,2026-02-16 22:09:00,316,5,2
3899,6,17,15,2026-01-03 03:59:00,2026-01-03 07:37:00,428,6,2
3900,8,20,14,2026-05-13 16:18:00,2026-05-13 16:55:00,419,27,2
3901,6,17,3,2026-02-25 16:02:00,2026-02-25 20:00:00,104,4,1
3902,10,7,18,2026-06-21 02:48:00,2026-06-21 06:34:00,470,36,3
3903,7,11,4,2026-04-02 16:07:00,2026-04-02 19:09:00,472,27,3
3904,10,7,8,2026-02-09 09:18:00,2026-02-09 10:43:00,196,7,3
3905,6,39,13,2026-01-26 22:45:00,2026-01-27 00:02:00,237,10,2
3906,10,19,1,2026-04-08 00:39:00,2026-04-08 03:20:00,302,13,3
3907,8,14,19,2026-04-07 02:21:00,2026-04-07 03:16:00,252,9,2
3908,6,17,15,2026-04-27 21:24:00,2026-04-28 00:46:00,153,8,1
3909,5,6,1,2026-03-06 17:55:00,2026-03-06 20:32:00,182,7,3
3910,8,14,2,2026-05-19 06:54:00,2026-05-19 10:20:00,426,22,2
3911,9,26,5,2026-03-12 16:45:00,2026-03-12 19:53:00,284,3,3
3912,3,24,12,2026-05-06 21:22:00,2026-05-06 22:11:00,325,24,2
3913,2,46,7,2026-04-21 00:16:00,2026-04-21 04:01:00,100,3,2
3914,8,50,2,2026-05-21 01:22:00,2026-05-21 05:20:00,374,7,1
3915,4,29,17,2026-02-08 12:37:00,2026-02-08 14:23:00,171,4,3
3916,7,48,10,2026-04-30 01:03:00,2026-04-30 01:57:00,357,4,1
3917,10,13,3,2026-06-27 19:41:00,2026-06-27 21:44:00,322,14,3
3918,8,44,12,2026-03-13 17:59:00,2026-03-13 21:40:00,269,11,2
3919,10,9,15,2026-06-23 09:52:00,2026-06-23 12:18:00,343,26,1
3920,8,20,3,2026-01-25 01:20:00,2026-01-25 02:28:00,83,6,2
3921,7,35,3,2026-01-25 01:26:00,2026-01-25 02:02:00,411,5,2
3922,9,41,6,2026-01-20 16:34:00,2026-01-20 19:05:00,430,22,1
3923,8,4,18,2026-04-05 12:55:00,2026-04-05 15:32:00,394,28,1
3924,10,7,16,2026-03-23 06:00:00,2026-03-23 09:34:00,317,0,3
3925,4,29,2,2026-04-23 05:56:00,2026-04-23 08:09:00,123,8,2
3926,8,21,19,2026-06-15 20:39:00,2026-06-15 22:15:00,110,0,3
3927,8,4,17,2026-04-20 04:11:00,2026-04-20 05:41:00,241,1,3
3928,1,47,7,2026-01-09 21:33:00,2026-01-10 00:35:00,151,11,2
3929,9,41,12,2026-02-14 09:30:00,2026-02-14 11:08:00,434,0,1
3930,2,46,5,2026-06-06 17:19:00,2026-06-06 20:22:00,250,9,2
3931,9,33,4,2026-01-26 06:54:00,2026-01-26 10:10:00,216,4,1
3932,4,36,18,2026-06-22 06:41:00,2026-06-22 07:12:00,71,4,3
3933,6,12,2,2026-02-22 13:37:00,2026-02-22 16:19:00,329,18,1
3934,10,32,7,2026-05-08 05:15:00,2026-05-08 06:52:00,146,2,2
3935,8,43,13,2026-06-24 14:23:00,2026-06-24 17:02:00,131,7,3
3936,5,6,13,2026-03-27 13:48:00,2026-03-27 14:23:00,412,28,2
3937,4,29,20,2026-01-18 12:26:00,2026-01-18 16:15:00,115,5,1
3938,10,38,5,2026-05-05 22:41:00,2026-05-06 02:38:00,72,4,3
3939,4,37,7,2026-04-15 01:05:00,2026-04-15 01:37:00,473,28,2
3940,9,22,13,2026-06-01 03:23:00,2026-06-01 05:32:00,213,0,1
3941,1,47,9,2026-01-13 15:00:00,2026-01-13 17:21:00,350,1,3
3942,5,45,18,2026-05-19 11:57:00,2026-05-19 13:29:00,319,10,2
3943,9,33,14,2026-06-23 06:28:00,2026-06-23 08:07:00,281,18,3
3944,10,19,9,2026-05-24 03:51:00,2026-05-24 07:22:00,112,0,3
3945,6,12,20,2026-02-23 22:10:00,2026-02-24 01:48:00,465,31,3
3946,10,13,3,2026-05-10 17:02:00,2026-05-10 19:35:00,291,10,3
3947,3,23,8,2026-02-28 03:30:00,2026-02-28 05:02:00,178,5,2
3948,3,5,9,2026-06-20 05:12:00,2026-06-20 06:36:00,259,4,3
3949,4,37,8,2026-06-12 03:42:00,2026-06-12 04:13:00,84,2,2
3950,9,41,3,2026-01-19 17:46:00,2026-01-19 21:42:00,67,2,1
3951,8,14,13,2026-04-23 21:08:00,2026-04-23 22:26:00,440,12,3
3952,3,23,7,2026-05-16 21:40:00,2026-05-16 23:25:00,435,8,2
3953,6,27,20,2026-05-28 21:46:00,2026-05-28 22:17:00,342,23,1
3954,7,11,18,2026-04-16 06:56:00,2026-04-16 08:29:00,347,27,1
3955,6,17,10,2026-04-19 22:55:00,2026-04-20 02:04:00,201,2,2
3956,7,35,11,2026-06-29 10:02:00,2026-06-29 12:17:00,217,16,1
3957,3,30,1,2026-06-03 23:31:00,2026-06-04 01:27:00,366,16,3
3958,10,19,11,2026-02-15 16:48:00,2026-02-15 20:00:00,85,1,1
3959,10,18,13,2026-03-11 19:15:00,2026-03-11 21:43:00,360,13,2
3960,2,46,20,2026-02-28 02:47:00,2026-02-28 04:31:00,82,3,3
3961,5,6,13,2026-01-22 13:56:00,2026-01-22 17:32:00,210,7,1
3962,5,45,3,2026-03-08 04:47:00,2026-03-08 06:51:00,140,5,1
3963,10,7,10,2026-03-27 15:23:00,2026-03-27 18:48:00,199,6,3
3964,7,35,8,2026-03-26 03:31:00,2026-03-26 06:19:00,399,16,2
3965,7,31,13,2026-06-17 16:55:00,2026-06-17 20:23:00,441,1,3
3966,10,32,1,2026-02-12 19:25:00,2026-02-12 22:04:00,118,0,1
3967,4,15,5,2026-01-19 22:30:00,2026-01-20 00:48:00,281,9,3
3968,8,21,7,2026-04-22 08:38:00,2026-04-22 09:21:00,89,1,2
3969,4,8,9,2026-01-31 18:14:00,2026-01-31 19:42:00,114,5,1
3970,6,27,18,2026-03-09 22:19:00,2026-03-09 23:55:00,368,21,3
3971,10,18,10,2026-06-29 06:26:00,2026-06-29 08:22:00,77,2,1
3972,3,23,10,2026-02-10 12:37:00,2026-02-10 16:17:00,333,8,2
3973,3,24,2,2026-01-25 07:29:00,2026-01-25 10:03:00,97,1,3
3974,9,41,16,2026-04-18 14:24:00,2026-04-18 16:39:00,181,11,2
3975,8,20,19,2026-06-08 13:49:00,2026-06-08 17:13:00,449,35,1
3976,10,16,9,2026-01-25 00:41:00,2026-01-25 03:12:00,457,7,1
3977,4,8,16,2026-04-24 06:50:00,2026-04-24 08:37:00,334,8,3
3978,10,13,9,2026-06-19 19:30:00,2026-06-19 20:38:00,450,33,1
3979,9,33,2,2026-04-25 16:04:00,2026-04-25 19:47:00,252,10,2
3980,8,50,2,2026-05-09 01:56:00,2026-05-09 03:44:00,289,18,1
3981,3,30,10,2026-04-05 21:26:00,2026-04-05 21:58:00,179,13,3
3982,4,15,18,2026-02-23 02:55:00,2026-02-23 04:37:00,219,10,2
3983,6,17,11,2026-05-15 04:44:00,2026-05-15 05:53:00,148,0,3
3984,8,20,8,2026-02-12 16:33:00,2026-02-12 18:18:00,223,6,3
3985,8,21,5,2026-02-27 06:29:00,2026-02-27 09:24:00,241,10,2
3986,3,42,4,2026-03-23 03:00:00,2026-03-23 05:38:00,302,4,1
3987,10,16,6,2026-02-05 05:26:00,2026-02-05 08:09:00,283,14,2
3988,7,25,14,2026-03-26 00:32:00,2026-03-26 02:42:00,150,8,3
3989,3,24,4,2026-04-20 05:07:00,2026-04-20 05:50:00,433,8,3
3990,9,33,9,2026-06-03 06:58:00,2026-06-03 10:31:00,246,19,3
3991,10,16,12,2026-05-09 15:01:00,2026-05-09 18:42:00,440,21,3
3992,8,50,2,2026-06-24 07:00:00,2026-06-24 07:52:00,155,4,2
3993,10,19,10,2026-05-18 04:36:00,2026-05-18 07:25:00,293,20,3
3994,5,6,3,2026-03-28 12:01:00,2026-03-28 15:26:00,205,2,1
3995,7,31,4,2026-01-13 17:47:00,2026-01-13 20:56:00,308,8,2
3996,10,19,3,2026-02-27 04:00:00,2026-02-27 07:49:00,382,29,2
3997,10,9,6,2026-01-13 22:54:00,2026-01-14 01:26:00,460,5,2
3998,6,39,18,2026-05-15 11:48:00,2026-05-15 15:38:00,378,8,2
3999,4,8,20,2026-03-03 03:36:00,2026-03-03 04:56:00,376,13,1
4000,7,35,9,2026-03-03 07:41:00,2026-03-03 08:44:00,328,7,2
4001,8,43,11,2026-03-26 08:02:00,2026-03-26 09:15:00,122,0,1
4002,9,41,15,2026-03-20 12:15:00,2026-03-20 16:12:00,494,20,1
4003,3,28,5,2026-04-11 21:41:00,2026-04-11 23:21:00,362,12,2
4004,3,23,3,2026-04-28 15:10:00,2026-04-28 18:07:00,281,18,2
4005,4,29,13,2026-05-19 12:37:00,2026-05-19 15:51:00,331,26,3
4006,4,29,4,2026-01-27 06:40:00,2026-01-27 07:28:00,176,1,3
4007,8,20,19,2026-03-30 05:04:00,2026-03-30 08:22:00,490,18,2
4008,10,19,15,2026-03-19 03:45:00,2026-03-19 04:23:00,223,15,3
4009,7,35,6,2026-01-14 16:41:00,2026-01-14 17:25:00,442,11,1
4010,8,21,14,2026-01-24 09:28:00,2026-01-24 10:36:00,321,9,1
4011,6,39,12,2026-05-14 23:16:00,2026-05-15 02:32:00,254,6,3
4012,3,23,14,2026-02-27 20:01:00,2026-02-27 23:58:00,489,19,1
4013,9,22,10,2026-06-12 21:33:00,2026-06-12 23:31:00,117,2,2
4014,10,13,18,2026-01-18 12:45:00,2026-01-18 15:32:00,351,4,2
4015,3,23,3,2026-05-27 01:02:00,2026-05-27 04:48:00,243,15,3
4016,8,10,4,2026-03-26 10:19:00,2026-03-26 11:45:00,69,0,3
4017,5,6,20,2026-06-14 14:48:00,2026-06-14 16:03:00,276,5,1
4018,10,19,4,2026-01-11 19:34:00,2026-01-11 20:04:00,456,12,2
4019,4,29,4,2026-04-26 13:13:00,2026-04-26 15:43:00,81,5,1
4020,1,47,14,2026-01-13 10:46:00,2026-01-13 12:45:00,256,20,3
4021,8,21,13,2026-05-22 11:38:00,2026-05-22 13:41:00,379,5,2
4022,10,16,20,2026-03-20 00:28:00,2026-03-20 01:58:00,413,22,2
4023,8,50,20,2026-05-29 03:50:00,2026-05-29 05:42:00,78,2,2
4024,2,46,10,2026-02-12 08:50:00,2026-02-12 12:38:00,456,22,1
4025,10,16,20,2026-05-18 20:29:00,2026-05-18 22:04:00,301,9,3
4026,7,48,7,2026-01-31 08:46:00,2026-01-31 10:56:00,150,2,3
4027,4,15,2,2026-02-09 23:14:00,2026-02-10 00:26:00,295,22,2
4028,6,27,5,2026-05-17 20:12:00,2026-05-17 22:22:00,144,1,1
4029,10,32,1,2026-03-21 09:24:00,2026-03-21 10:04:00,482,8,2
4030,9,40,9,2026-01-12 05:44:00,2026-01-12 07:19:00,147,4,3
4031,2,3,20,2026-04-11 00:19:00,2026-04-11 04:08:00,347,25,2
4032,10,38,1,2026-02-17 02:43:00,2026-02-17 03:49:00,203,12,2
4033,2,46,9,2026-06-09 00:33:00,2026-06-09 02:25:00,500,38,2
4034,3,30,10,2026-01-04 19:04:00,2026-01-04 20:39:00,300,5,2
4035,7,25,6,2026-01-12 04:41:00,2026-01-12 05:35:00,175,6,2
4036,8,4,17,2026-03-13 13:23:00,2026-03-13 14:29:00,154,8,1
4037,10,32,1,2026-02-26 07:50:00,2026-02-26 10:35:00,437,0,2
4038,7,25,9,2026-06-13 04:55:00,2026-06-13 07:39:00,410,6,1
4039,4,15,1,2026-03-31 17:12:00,2026-03-31 18:50:00,330,23,3
4040,7,49,20,2026-05-05 04:09:00,2026-05-05 06:14:00,299,23,2
4041,1,47,13,2026-05-29 05:21:00,2026-05-29 06:23:00,500,35,1
4042,9,22,14,2026-03-06 09:25:00,2026-03-06 13:03:00,172,10,2
4043,5,45,10,2026-01-21 00:42:00,2026-01-21 03:34:00,416,2,2
4044,1,34,1,2026-01-15 04:55:00,2026-01-15 06:10:00,454,26,3
4045,6,27,20,2026-05-14 08:47:00,2026-05-14 11:07:00,108,0,3
4046,6,27,8,2026-04-19 16:49:00,2026-04-19 20:31:00,259,3,3
4047,4,29,12,2026-06-26 12:43:00,2026-06-26 15:03:00,215,0,1
4048,4,36,7,2026-04-26 05:00:00,2026-04-26 07:52:00,193,14,2
4049,4,15,10,2026-02-14 06:48:00,2026-02-14 09:28:00,171,5,1
4050,4,37,6,2026-02-10 06:37:00,2026-02-10 08:23:00,269,4,2
4051,8,10,3,2026-03-04 01:07:00,2026-03-04 02:11:00,492,27,3
4052,10,9,3,2026-02-18 05:04:00,2026-02-18 06:58:00,497,38,2
4053,9,22,3,2026-03-11 05:24:00,2026-03-11 08:07:00,381,11,2
4054,6,39,14,2026-03-04 10:05:00,2026-03-04 12:51:00,423,12,2
4055,8,4,10,2026-05-06 22:15:00,2026-05-07 00:33:00,171,4,3
4056,5,6,9,2026-04-11 17:46:00,2026-04-11 20:26:00,75,4,2
4057,8,44,13,2026-06-25 00:22:00,2026-06-25 03:20:00,436,18,1
4058,9,40,13,2026-01-28 02:52:00,2026-01-28 05:43:00,474,2,2
4059,7,31,13,2026-01-15 07:56:00,2026-01-15 09:16:00,107,4,1
4060,10,7,13,2026-02-02 00:02:00,2026-02-02 01:11:00,78,3,3
4061,6,12,6,2026-06-05 04:22:00,2026-06-05 06:13:00,97,2,3
4062,8,20,5,2026-04-18 10:33:00,2026-04-18 12:46:00,473,9,3
4063,9,26,3,2026-05-21 12:18:00,2026-05-21 15:05:00,69,4,2
4064,10,9,2,2026-01-24 20:58:00,2026-01-24 21:34:00,92,6,3
4065,8,21,1,2026-01-19 21:24:00,2026-01-20 01:09:00,145,7,1
4066,8,50,17,2026-06-22 07:51:00,2026-06-22 11:21:00,239,18,2
4067,9,40,16,2026-03-07 13:16:00,2026-03-07 13:46:00,380,12,3
4068,7,2,17,2026-02-20 11:32:00,2026-02-20 12:30:00,324,16,1
4069,9,26,8,2026-04-20 14:48:00,2026-04-20 17:48:00,189,8,2
4070,8,10,7,2026-06-12 03:32:00,2026-06-12 04:17:00,422,25,2
4071,7,11,3,2026-03-22 11:34:00,2026-03-22 14:21:00,151,2,3
4072,10,16,15,2026-06-04 12:58:00,2026-06-04 16:50:00,185,9,2
4073,4,37,6,2026-05-29 23:54:00,2026-05-30 02:25:00,375,28,2
4074,10,13,12,2026-06-27 12:56:00,2026-06-27 14:53:00,85,5,1
4075,8,44,12,2026-01-22 20:17:00,2026-01-22 22:22:00,301,10,3
4076,3,23,2,2026-05-19 19:25:00,2026-05-19 22:37:00,135,5,3
4077,6,39,9,2026-05-16 12:43:00,2026-05-16 15:47:00,341,11,1
4078,7,25,20,2026-04-17 03:58:00,2026-04-17 06:42:00,323,16,2
4079,3,5,16,2026-05-20 04:55:00,2026-05-20 08:43:00,472,28,2
4080,8,14,13,2026-03-05 00:19:00,2026-03-05 02:25:00,169,13,2
4081,2,46,10,2026-04-23 07:45:00,2026-04-23 08:46:00,357,25,1
4082,4,37,6,2026-01-04 07:20:00,2026-01-04 11:11:00,483,24,1
4083,7,35,20,2026-02-05 01:31:00,2026-02-05 05:30:00,178,4,1
4084,7,11,16,2026-04-17 21:45:00,2026-04-17 23:03:00,405,2,2
4085,7,11,10,2026-01-07 22:42:00,2026-01-08 00:27:00,334,15,1
4086,10,9,11,2026-06-07 07:29:00,2026-06-07 10:57:00,458,33,1
4087,7,48,10,2026-02-12 03:59:00,2026-02-12 07:37:00,133,6,3
4088,8,43,16,2026-01-17 20:40:00,2026-01-17 23:50:00,304,21,3
4089,8,43,1,2026-06-14 07:23:00,2026-06-14 10:02:00,479,2,2
4090,10,13,3,2026-02-02 01:28:00,2026-02-02 03:45:00,463,13,2
4091,8,43,15,2026-02-21 15:23:00,2026-02-21 19:04:00,468,5,2
4092,7,48,11,2026-05-05 23:19:00,2026-05-06 01:22:00,263,15,1
4093,5,6,5,2026-04-23 11:49:00,2026-04-23 14:37:00,128,7,3
4094,4,29,13,2026-05-12 15:41:00,2026-05-12 16:35:00,416,21,1
4095,10,9,1,2026-05-18 05:28:00,2026-05-18 07:45:00,349,14,3
4096,6,17,13,2026-06-07 22:37:00,2026-06-08 01:32:00,323,20,1
4097,9,41,20,2026-04-01 02:59:00,2026-04-01 05:10:00,145,2,1
4098,1,34,12,2026-04-16 06:42:00,2026-04-16 08:56:00,258,4,3
4099,4,15,4,2026-01-17 05:17:00,2026-01-17 07:30:00,436,14,3
4100,3,42,12,2026-05-17 22:48:00,2026-05-18 00:50:00,460,6,2
4101,10,7,1,2026-06-27 18:44:00,2026-06-27 21:51:00,56,1,2
4102,8,43,4,2026-04-26 20:23:00,2026-04-26 21:14:00,151,3,1
4103,4,8,1,2026-05-02 17:08:00,2026-05-02 18:31:00,417,23,2
4104,8,43,19,2026-01-19 09:29:00,2026-01-19 11:35:00,178,12,3
4105,9,26,12,2026-02-10 23:16:00,2026-02-11 00:22:00,125,7,3
4106,9,33,6,2026-03-26 02:52:00,2026-03-26 05:37:00,124,5,1
4107,3,42,10,2026-06-08 12:21:00,2026-06-08 15:13:00,385,5,2
4108,9,41,9,2026-03-20 11:46:00,2026-03-20 15:22:00,310,10,1
4109,3,42,20,2026-01-22 06:29:00,2026-01-22 09:17:00,399,15,2
4110,4,29,13,2026-04-04 21:03:00,2026-04-04 22:08:00,206,2,2
4111,10,13,8,2026-03-28 12:02:00,2026-03-28 15:02:00,176,13,2
4112,10,18,17,2026-05-19 01:07:00,2026-05-19 04:15:00,456,18,2
4113,3,5,7,2026-05-04 15:25:00,2026-05-04 17:18:00,289,20,1
4114,7,48,11,2026-05-30 14:17:00,2026-05-30 15:22:00,478,30,1
4115,5,45,11,2026-03-05 08:07:00,2026-03-05 11:44:00,315,20,1
4116,7,31,18,2026-04-07 12:47:00,2026-04-07 13:49:00,439,33,2
4117,10,1,5,2026-02-24 17:47:00,2026-02-24 21:16:00,102,4,1
4118,7,49,17,2026-04-21 20:12:00,2026-04-21 22:58:00,116,1,3
4119,10,18,11,2026-03-22 06:01:00,2026-03-22 09:13:00,426,10,3
4120,2,46,5,2026-04-07 16:08:00,2026-04-07 19:21:00,80,5,3
4121,7,11,15,2026-01-10 08:15:00,2026-01-10 11:14:00,179,7,1
4122,1,34,6,2026-05-09 22:24:00,2026-05-10 00:57:00,261,1,1
4123,10,13,3,2026-01-07 16:35:00,2026-01-07 19:57:00,315,23,2
4124,7,11,14,2026-04-09 23:48:00,2026-04-10 03:47:00,444,33,1
4125,7,48,10,2026-03-05 01:02:00,2026-03-05 04:16:00,72,3,1
4126,1,34,11,2026-03-23 03:34:00,2026-03-23 05:39:00,255,15,2
4127,3,30,4,2026-04-30 17:57:00,2026-04-30 20:12:00,258,12,1
4128,10,9,15,2026-04-20 03:06:00,2026-04-20 04:36:00,262,0,2
4129,10,7,11,2026-01-03 17:55:00,2026-01-03 19:20:00,471,21,1
4130,8,21,4,2026-06-27 12:46:00,2026-06-27 15:31:00,417,15,2
4131,3,24,3,2026-06-08 15:34:00,2026-06-08 16:40:00,196,4,2
4132,10,1,6,2026-03-29 14:09:00,2026-03-29 16:22:00,395,24,1
4133,10,7,16,2026-02-01 21:05:00,2026-02-01 22:12:00,68,3,1
4134,4,8,20,2026-04-09 12:32:00,2026-04-09 14:41:00,199,7,1
4135,10,13,7,2026-05-30 03:18:00,2026-05-30 06:46:00,121,8,1
4136,1,47,8,2026-02-05 06:04:00,2026-02-05 08:51:00,93,5,3
4137,3,42,17,2026-03-05 22:21:00,2026-03-06 00:18:00,436,16,1
4138,10,19,15,2026-03-15 08:13:00,2026-03-15 10:04:00,88,3,3
4139,3,5,18,2026-02-13 16:22:00,2026-02-13 19:24:00,282,9,2
4140,2,3,17,2026-05-18 11:28:00,2026-05-18 14:36:00,302,10,2
4141,5,6,11,2026-03-01 18:35:00,2026-03-01 20:56:00,330,12,2
4142,6,12,16,2026-01-06 19:05:00,2026-01-06 23:01:00,447,32,3
4143,7,49,10,2026-02-10 08:11:00,2026-02-10 11:30:00,135,4,3
4144,4,29,18,2026-06-24 16:00:00,2026-06-24 19:32:00,387,18,3
4145,7,48,3,2026-05-30 15:01:00,2026-05-30 16:44:00,334,11,3
4146,2,3,8,2026-01-20 20:18:00,2026-01-20 21:14:00,373,20,2
4147,3,28,4,2026-04-26 21:16:00,2026-04-27 01:00:00,147,9,3
4148,4,37,13,2026-05-03 00:58:00,2026-05-03 03:54:00,430,26,3
4149,7,35,8,2026-04-30 20:36:00,2026-05-01 00:35:00,136,9,2
4150,7,2,2,2026-01-10 21:30:00,2026-01-10 23:03:00,484,38,1
4151,7,25,9,2026-03-16 12:52:00,2026-03-16 16:10:00,309,0,1
4152,2,3,16,2026-03-25 06:31:00,2026-03-25 09:49:00,237,18,3
4153,7,2,10,2026-06-02 04:33:00,2026-06-02 05:30:00,381,8,2
4154,10,9,13,2026-03-23 20:31:00,2026-03-23 23:13:00,212,9,2
4155,10,32,9,2026-01-19 09:29:00,2026-01-19 11:15:00,337,19,2
4156,9,22,11,2026-05-26 20:54:00,2026-05-27 00:12:00,69,3,1
4157,7,11,16,2026-05-04 08:42:00,2026-05-04 09:32:00,334,26,1
4158,1,34,3,2026-06-03 09:51:00,2026-06-03 11:24:00,376,3,2
4159,4,15,14,2026-01-15 14:06:00,2026-01-15 16:10:00,485,20,1
4160,6,27,14,2026-01-30 20:59:00,2026-01-31 00:47:00,328,1,2
4161,8,44,1,2026-04-21 12:47:00,2026-04-21 15:29:00,287,14,3
4162,6,27,19,2026-04-10 16:33:00,2026-04-10 20:33:00,338,11,3
4163,3,30,16,2026-04-10 07:40:00,2026-04-10 09:06:00,292,21,2
4164,3,28,13,2026-02-01 17:43:00,2026-02-01 20:25:00,301,22,3
4165,8,10,3,2026-03-14 17:50:00,2026-03-14 19:08:00,311,19,3
4166,7,35,6,2026-05-04 18:03:00,2026-05-04 18:54:00,324,9,2
4167,7,25,6,2026-04-24 08:59:00,2026-04-24 12:58:00,53,2,2
4168,6,39,14,2026-03-03 09:45:00,2026-03-03 11:31:00,84,0,3
4169,9,22,16,2026-06-21 00:14:00,2026-06-21 03:59:00,160,6,2
4170,10,19,5,2026-01-06 17:51:00,2026-01-06 20:28:00,200,3,1
4171,8,14,6,2026-03-17 16:18:00,2026-03-17 19:33:00,137,8,1
4172,8,14,5,2026-01-11 09:16:00,2026-01-11 10:52:00,278,20,2
4173,6,12,13,2026-06-09 20:14:00,2026-06-09 22:40:00,279,18,2
4174,10,32,14,2026-02-16 03:49:00,2026-02-16 07:30:00,430,19,2
4175,8,10,11,2026-03-12 06:01:00,2026-03-12 08:34:00,481,21,2
4176,4,29,20,2026-02-28 09:57:00,2026-02-28 11:42:00,286,13,1
4177,10,13,9,2026-02-09 17:16:00,2026-02-09 19:35:00,356,7,3
4178,10,18,15,2026-04-24 21:22:00,2026-04-24 23:22:00,148,10,1
4179,9,40,5,2026-04-23 21:30:00,2026-04-23 22:00:00,297,3,1
4180,6,17,15,2026-04-15 16:14:00,2026-04-15 16:49:00,287,0,3
4181,8,44,3,2026-06-26 14:08:00,2026-06-26 16:16:00,159,0,3
4182,10,1,17,2026-04-05 01:03:00,2026-04-05 02:30:00,491,21,2
4183,7,31,6,2026-03-20 18:11:00,2026-03-20 22:07:00,310,3,1
4184,3,23,7,2026-03-04 08:11:00,2026-03-04 10:36:00,298,5,1
4185,9,40,18,2026-04-30 22:48:00,2026-04-30 23:21:00,95,4,2
4186,9,40,20,2026-02-07 16:06:00,2026-02-07 19:36:00,439,26,1
4187,4,36,14,2026-03-24 18:42:00,2026-03-24 19:22:00,433,6,3
4188,8,21,13,2026-05-31 05:51:00,2026-05-31 07:23:00,455,18,2
4189,8,43,11,2026-05-02 11:23:00,2026-05-02 12:50:00,246,5,1
4190,9,26,17,2026-06-21 15:32:00,2026-06-21 17:05:00,190,13,2
4191,8,43,16,2026-01-31 03:34:00,2026-01-31 05:57:00,185,14,3
4192,10,7,20,2026-01-23 12:00:00,2026-01-23 14:05:00,453,10,3
4193,8,43,12,2026-02-22 02:59:00,2026-02-22 04:25:00,409,8,2
4194,1,47,1,2026-05-14 15:44:00,2026-05-14 16:17:00,194,5,2
4195,7,25,6,2026-06-21 18:03:00,2026-06-21 19:40:00,216,1,2
4196,7,11,11,2026-01-21 09:22:00,2026-01-21 11:06:00,221,6,1
4197,9,33,7,2026-06-11 20:16:00,2026-06-11 22:10:00,470,0,2
4198,9,22,7,2026-02-11 09:48:00,2026-02-11 13:32:00,453,29,1
4199,4,29,10,2026-03-03 06:45:00,2026-03-03 07:40:00,114,0,2
4200,3,24,7,2026-06-16 03:17:00,2026-06-16 07:16:00,321,16,3
4201,8,21,8,2026-02-09 21:27:00,2026-02-10 00:23:00,330,4,3
4202,3,24,8,2026-06-12 13:31:00,2026-06-12 16:34:00,151,2,2
4203,8,10,15,2026-06-13 10:47:00,2026-06-13 14:05:00,280,13,1
4204,3,23,11,2026-05-30 04:49:00,2026-05-30 05:33:00,439,28,3
4205,10,38,7,2026-04-24 19:53:00,2026-04-24 23:44:00,105,4,3
4206,7,31,1,2026-04-30 09:23:00,2026-04-30 12:17:00,145,4,3
4207,8,43,3,2026-02-02 15:40:00,2026-02-02 17:41:00,270,15,3
4208,4,37,13,2026-03-27 04:15:00,2026-03-27 07:36:00,360,16,1
4209,10,13,6,2026-05-19 22:36:00,2026-05-20 01:27:00,350,21,2
4210,10,9,19,2026-04-19 16:48:00,2026-04-19 18:29:00,278,6,3
4211,7,49,15,2026-06-29 06:20:00,2026-06-29 09:42:00,52,3,3
4212,7,48,15,2026-02-02 03:50:00,2026-02-02 04:50:00,67,1,1
4213,7,48,3,2026-02-09 02:25:00,2026-02-09 04:17:00,73,4,1
4214,10,9,17,2026-06-07 08:00:00,2026-06-07 08:30:00,455,2,2
4215,8,43,19,2026-04-01 15:03:00,2026-04-01 18:41:00,377,5,2
4216,8,14,12,2026-06-08 16:24:00,2026-06-08 19:29:00,438,33,3
4217,6,39,1,2026-05-16 15:54:00,2026-05-16 16:39:00,119,3,3
4218,10,1,12,2026-04-04 15:35:00,2026-04-04 18:09:00,99,3,1
4219,8,20,1,2026-01-25 08:30:00,2026-01-25 09:01:00,135,2,1
4220,9,33,6,2026-03-23 14:01:00,2026-03-23 15:51:00,186,14,3
4221,9,22,17,2026-02-19 18:28:00,2026-02-19 21:49:00,268,9,1
4222,2,46,19,2026-06-28 22:10:00,2026-06-29 00:56:00,378,23,2
4223,10,16,16,2026-05-29 08:53:00,2026-05-29 10:46:00,474,36,2
4224,2,46,6,2026-04-27 06:04:00,2026-04-27 07:11:00,205,10,2
4225,10,18,8,2026-02-12 13:53:00,2026-02-12 17:00:00,352,18,1
4226,3,5,14,2026-06-22 14:30:00,2026-06-22 18:28:00,338,20,2
4227,8,10,1,2026-04-07 18:30:00,2026-04-07 19:51:00,213,13,2
4228,6,12,6,2026-01-16 17:15:00,2026-01-16 20:42:00,163,10,1
4229,8,50,13,2026-01-23 01:00:00,2026-01-23 04:03:00,485,23,3
4230,8,14,9,2026-03-24 13:15:00,2026-03-24 14:58:00,280,18,1
4231,7,49,12,2026-04-24 10:59:00,2026-04-24 11:53:00,115,6,3
4232,7,25,2,2026-03-27 16:46:00,2026-03-27 18:31:00,387,10,2
4233,10,16,6,2026-05-08 15:40:00,2026-05-08 17:23:00,80,4,1
4234,5,6,11,2026-05-14 13:50:00,2026-05-14 17:29:00,437,29,1
4235,2,3,3,2026-04-15 00:43:00,2026-04-15 03:39:00,442,24,3
4236,8,43,7,2026-03-29 20:33:00,2026-03-29 22:11:00,340,5,1
4237,7,11,10,2026-03-17 21:36:00,2026-03-18 00:12:00,434,10,2
4238,9,26,17,2026-01-11 04:54:00,2026-01-11 07:06:00,442,30,3
4239,2,3,14,2026-04-20 19:40:00,2026-04-20 21:30:00,427,14,2
4240,6,27,3,2026-02-05 08:34:00,2026-02-05 09:31:00,73,0,1
4241,8,21,20,2026-02-24 09:19:00,2026-02-24 12:05:00,53,3,2
4242,7,49,11,2026-04-16 15:51:00,2026-04-16 19:09:00,99,1,3
4243,8,44,18,2026-03-29 22:08:00,2026-03-30 00:02:00,357,10,3
4244,9,41,8,2026-01-13 06:59:00,2026-01-13 10:32:00,167,2,3
4245,3,24,15,2026-04-26 19:25:00,2026-04-26 21:28:00,244,8,3
4246,6,12,2,2026-03-31 18:26:00,2026-03-31 21:38:00,419,0,1
4247,10,18,19,2026-05-05 17:17:00,2026-05-05 20:36:00,481,28,3
4248,4,36,7,2026-03-08 16:05:00,2026-03-08 17:06:00,102,1,2
4249,10,18,10,2026-03-20 14:24:00,2026-03-20 15:08:00,247,19,1
4250,2,46,14,2026-06-04 19:25:00,2026-06-04 20:37:00,332,7,3
4251,10,1,2,2026-05-21 06:29:00,2026-05-21 08:38:00,84,4,2
4252,7,35,19,2026-06-07 11:35:00,2026-06-07 14:16:00,490,0,3
4253,6,17,13,2026-04-22 19:59:00,2026-04-22 20:30:00,136,4,2
4254,5,45,3,2026-04-02 20:25:00,2026-04-02 21:51:00,69,4,2
4255,3,42,1,2026-03-23 21:44:00,2026-03-23 23:33:00,212,7,1
4256,6,17,15,2026-04-21 17:17:00,2026-04-21 18:56:00,150,2,1
4257,3,5,19,2026-06-23 18:44:00,2026-06-23 22:37:00,336,19,3
4258,10,13,15,2026-02-11 08:32:00,2026-02-11 11:03:00,405,11,2
4259,8,14,17,2026-05-23 15:01:00,2026-05-23 17:25:00,253,11,2
4260,8,21,3,2026-01-24 09:03:00,2026-01-24 10:07:00,78,5,3
4261,8,21,13,2026-06-28 03:12:00,2026-06-28 04:48:00,396,8,3
4262,10,32,10,2026-04-03 14:52:00,2026-04-03 17:12:00,211,6,3
4263,8,20,11,2026-03-30 11:44:00,2026-03-30 15:08:00,273,4,1
4264,7,25,13,2026-04-16 01:02:00,2026-04-16 01:52:00,139,1,3
4265,4,15,7,2026-06-06 08:37:00,2026-06-06 12:12:00,387,22,2
4266,7,31,7,2026-01-01 03:57:00,2026-01-01 06:00:00,114,3,1
4267,10,1,18,2026-03-02 21:39:00,2026-03-03 00:20:00,206,13,3
4268,2,46,16,2026-04-15 06:33:00,2026-04-15 10:03:00,323,10,2
4269,3,5,5,2026-06-23 08:22:00,2026-06-23 09:00:00,418,18,3
4270,5,45,8,2026-01-28 12:55:00,2026-01-28 16:01:00,208,9,2
4271,7,31,17,2026-02-11 21:37:00,2026-02-12 00:15:00,223,10,1
4272,2,3,12,2026-05-27 02:31:00,2026-05-27 05:37:00,267,19,3
4273,10,16,19,2026-04-25 21:59:00,2026-04-26 01:30:00,401,25,1
4274,8,10,1,2026-02-09 06:44:00,2026-02-09 09:40:00,438,21,3
4275,3,28,19,2026-03-23 07:35:00,2026-03-23 08:28:00,300,10,3
4276,3,5,1,2026-05-05 13:30:00,2026-05-05 14:22:00,430,17,2
4277,10,32,5,2026-02-16 03:49:00,2026-02-16 06:46:00,499,12,1
4278,4,29,20,2026-01-12 11:44:00,2026-01-12 15:18:00,225,4,3
4279,3,42,20,2026-04-01 15:26:00,2026-04-01 16:11:00,414,25,1
4280,10,32,8,2026-06-23 10:43:00,2026-06-23 14:37:00,424,31,3
4281,8,44,12,2026-06-04 17:18:00,2026-06-04 20:21:00,436,33,1
4282,3,23,12,2026-05-28 04:27:00,2026-05-28 05:00:00,140,9,2
4283,1,47,6,2026-03-22 21:19:00,2026-03-22 22:32:00,372,23,3
4284,6,17,16,2026-02-18 11:58:00,2026-02-18 13:06:00,331,2,2
4285,6,27,2,2026-02-28 08:21:00,2026-02-28 09:13:00,273,5,1
4286,9,22,19,2026-01-16 20:52:00,2026-01-16 22:16:00,299,0,3
4287,7,35,2,2026-04-22 08:16:00,2026-04-22 11:42:00,191,7,2
4288,9,26,20,2026-02-27 14:21:00,2026-02-27 17:07:00,234,7,2
4289,7,48,8,2026-02-07 07:36:00,2026-02-07 09:19:00,110,6,1
4290,6,17,13,2026-04-26 19:48:00,2026-04-26 21:30:00,364,1,2
4291,3,23,20,2026-06-18 22:06:00,2026-06-18 23:54:00,74,0,2
4292,8,50,4,2026-04-13 22:17:00,2026-04-14 02:08:00,84,0,3
4293,6,39,14,2026-03-30 15:30:00,2026-03-30 17:23:00,404,19,1
4294,8,14,19,2026-03-03 08:01:00,2026-03-03 09:25:00,372,2,3
4295,4,36,7,2026-06-21 06:33:00,2026-06-21 08:13:00,338,15,3
4296,10,19,17,2026-04-07 14:45:00,2026-04-07 16:52:00,212,11,1
4297,8,10,15,2026-03-06 03:32:00,2026-03-06 05:33:00,325,6,2
4298,8,20,1,2026-04-10 09:23:00,2026-04-10 11:39:00,313,21,2
4299,7,11,10,2026-05-10 13:59:00,2026-05-10 15:40:00,480,30,2
4300,10,9,5,2026-06-11 06:59:00,2026-06-11 10:44:00,469,31,2
4301,9,22,2,2026-02-17 11:49:00,2026-02-17 15:20:00,219,3,3
4302,7,48,5,2026-05-31 15:29:00,2026-05-31 17:48:00,463,24,3
4303,8,4,14,2026-05-27 13:31:00,2026-05-27 16:35:00,250,13,3
4304,1,34,11,2026-05-14 04:07:00,2026-05-14 04:41:00,368,2,1
4305,2,46,6,2026-02-25 03:27:00,2026-02-25 05:32:00,350,12,1
4306,7,31,3,2026-06-10 19:45:00,2026-06-10 21:10:00,75,3,2
4307,8,20,4,2026-01-10 02:40:00,2026-01-10 04:28:00,118,9,1
4308,9,22,3,2026-05-14 00:07:00,2026-05-14 02:44:00,427,15,2
4309,3,30,3,2026-04-25 23:01:00,2026-04-26 02:09:00,157,5,3
4310,10,19,20,2026-01-03 15:29:00,2026-01-03 18:57:00,170,0,1
4311,1,34,5,2026-05-16 16:00:00,2026-05-16 17:40:00,331,11,2
4312,6,17,13,2026-01-28 22:26:00,2026-01-29 01:23:00,422,13,1
4313,6,12,18,2026-05-26 23:13:00,2026-05-27 02:26:00,442,23,1
4314,8,20,14,2026-02-22 09:39:00,2026-02-22 11:19:00,353,14,2
4315,9,41,3,2026-01-24 22:26:00,2026-01-24 22:59:00,338,13,3
4316,2,46,10,2026-04-04 15:20:00,2026-04-04 16:06:00,129,2,1
4317,8,21,1,2026-01-12 10:56:00,2026-01-12 13:50:00,71,2,2
4318,8,20,20,2026-05-21 00:29:00,2026-05-21 01:18:00,242,17,3
4319,3,5,12,2026-04-14 22:20:00,2026-04-15 01:06:00,211,12,1
4320,7,25,5,2026-06-19 19:47:00,2026-06-19 21:44:00,89,2,3
4321,3,30,17,2026-06-03 08:15:00,2026-06-03 10:07:00,465,4,1
4322,10,19,10,2026-04-20 16:34:00,2026-04-20 20:18:00,148,7,3
4323,8,14,1,2026-05-15 18:05:00,2026-05-15 18:46:00,280,19,1
4324,10,7,12,2026-06-01 20:34:00,2026-06-02 00:24:00,459,15,1
4325,10,19,1,2026-03-22 00:10:00,2026-03-22 02:23:00,406,10,3
4326,7,25,4,2026-01-16 17:43:00,2026-01-16 19:23:00,77,3,3
4327,3,23,7,2026-06-14 22:26:00,2026-06-15 01:30:00,91,5,3
4328,2,3,3,2026-05-08 19:04:00,2026-05-08 22:23:00,152,10,3
4329,10,9,6,2026-05-09 10:21:00,2026-05-09 13:57:00,253,11,3
4330,8,44,1,2026-01-08 09:28:00,2026-01-08 12:36:00,445,22,1
4331,7,35,2,2026-02-10 13:31:00,2026-02-10 14:55:00,199,5,3
4332,10,16,1,2026-06-13 00:49:00,2026-06-13 02:50:00,389,26,3
4333,6,27,18,2026-03-10 09:41:00,2026-03-10 12:40:00,334,17,3
4334,9,33,17,2026-04-02 21:57:00,2026-04-03 01:19:00,455,6,3
4335,7,31,20,2026-03-13 03:49:00,2026-03-13 06:41:00,416,2,1
4336,8,10,7,2026-02-17 02:36:00,2026-02-17 05:37:00,163,2,3
4337,9,41,2,2026-06-16 08:29:00,2026-06-16 11:04:00,448,26,1
4338,8,43,7,2026-05-30 12:17:00,2026-05-30 13:57:00,493,1,2
4339,10,16,5,2026-01-24 12:26:00,2026-01-24 13:33:00,425,31,1
4340,9,26,13,2026-02-26 09:33:00,2026-02-26 13:13:00,314,22,1
4341,9,40,11,2026-01-12 11:23:00,2026-01-12 14:59:00,316,22,1
4342,6,27,2,2026-03-02 08:58:00,2026-03-02 12:51:00,460,4,1
4343,6,39,10,2026-03-31 15:43:00,2026-03-31 19:09:00,277,15,1
4344,4,29,16,2026-06-16 01:15:00,2026-06-16 02:11:00,380,24,3
4345,2,46,6,2026-03-26 07:20:00,2026-03-26 11:20:00,428,11,3
4346,2,46,13,2026-04-12 07:15:00,2026-04-12 09:49:00,447,31,2
4347,6,12,12,2026-03-08 03:00:00,2026-03-08 05:05:00,314,11,2
4348,7,31,13,2026-01-26 02:43:00,2026-01-26 06:11:00,406,12,3
4349,3,23,6,2026-05-13 18:35:00,2026-05-13 20:50:00,114,8,3
4350,3,23,3,2026-02-24 13:57:00,2026-02-24 15:48:00,162,9,2
4351,10,9,16,2026-02-21 00:20:00,2026-02-21 01:58:00,358,6,1
4352,5,45,6,2026-01-07 13:14:00,2026-01-07 13:56:00,229,10,2
4353,10,38,18,2026-05-28 21:56:00,2026-05-28 22:59:00,220,0,1
4354,2,3,11,2026-05-23 07:05:00,2026-05-23 08:45:00,288,21,3
4355,8,4,10,2026-05-30 04:18:00,2026-05-30 05:23:00,388,7,1
4356,9,40,19,2026-04-05 04:32:00,2026-04-05 07:39:00,118,1,1
4357,7,49,6,2026-05-09 09:21:00,2026-05-09 12:27:00,139,7,2
4358,9,41,1,2026-01-24 22:06:00,2026-01-25 01:16:00,89,0,2
4359,6,39,14,2026-01-20 13:52:00,2026-01-20 15:03:00,250,15,3
4360,6,27,19,2026-04-02 04:23:00,2026-04-02 06:31:00,54,2,1
4361,9,40,19,2026-01-12 15:25:00,2026-01-12 16:04:00,142,4,1
4362,8,4,14,2026-04-11 06:01:00,2026-04-11 07:55:00,364,27,1
4363,7,49,11,2026-02-04 12:33:00,2026-02-04 15:25:00,259,1,2
4364,8,44,9,2026-06-29 21:56:00,2026-06-29 23:23:00,367,3,3
4365,10,13,9,2026-06-20 16:10:00,2026-06-20 17:59:00,169,1,3
4366,7,11,15,2026-03-21 23:14:00,2026-03-22 00:49:00,201,10,3
4367,1,47,9,2026-04-29 21:20:00,2026-04-30 00:13:00,147,9,2
4368,2,46,20,2026-03-26 09:16:00,2026-03-26 12:48:00,107,6,3
4369,8,4,5,2026-04-03 21:04:00,2026-04-04 00:53:00,75,4,1
4370,6,39,7,2026-04-03 13:51:00,2026-04-03 15:03:00,103,6,2
4371,3,42,15,2026-01-08 00:07:00,2026-01-08 02:11:00,407,5,1
4372,7,31,16,2026-02-08 19:48:00,2026-02-08 20:56:00,191,2,1
4373,8,21,17,2026-01-11 13:54:00,2026-01-11 15:59:00,290,11,1
4374,3,24,4,2026-05-09 22:43:00,2026-05-10 00:21:00,82,4,2
4375,10,16,16,2026-03-05 14:48:00,2026-03-05 16:50:00,465,23,1
4376,1,34,8,2026-06-08 00:39:00,2026-06-08 02:54:00,392,26,1
4377,8,10,9,2026-04-11 01:32:00,2026-04-11 04:44:00,106,2,1
4378,4,15,1,2026-06-26 17:59:00,2026-06-26 19:37:00,398,27,3
4379,8,10,17,2026-06-14 04:57:00,2026-06-14 07:11:00,339,17,1
4380,10,9,8,2026-02-23 08:31:00,2026-02-23 10:41:00,145,9,3
4381,9,41,12,2026-02-18 15:27:00,2026-02-18 17:36:00,385,17,2
4382,10,38,12,2026-03-05 11:44:00,2026-03-05 12:31:00,298,13,3
4383,6,27,16,2026-02-14 05:02:00,2026-02-14 07:26:00,439,2,3
4384,7,35,19,2026-03-03 06:23:00,2026-03-03 09:44:00,333,18,1
4385,10,9,12,2026-03-30 23:19:00,2026-03-31 01:01:00,264,20,1
4386,4,29,2,2026-05-14 05:06:00,2026-05-14 08:33:00,114,0,3
4387,10,16,9,2026-02-25 00:05:00,2026-02-25 02:35:00,450,16,1
4388,9,26,9,2026-05-05 21:19:00,2026-05-06 00:46:00,332,13,3
4389,7,25,14,2026-06-01 12:03:00,2026-06-01 12:49:00,85,5,2
4390,8,44,5,2026-05-31 20:02:00,2026-05-31 21:24:00,125,5,1
4391,7,11,10,2026-01-20 18:55:00,2026-01-20 22:41:00,227,7,3
4392,4,29,2,2026-02-06 16:45:00,2026-02-06 19:05:00,482,5,2
4393,8,21,11,2026-02-08 23:39:00,2026-02-09 00:53:00,174,6,3
4394,7,35,4,2026-02-18 04:23:00,2026-02-18 05:16:00,106,4,2
4395,8,44,13,2026-06-16 15:03:00,2026-06-16 17:31:00,157,8,1
4396,9,41,19,2026-05-25 23:11:00,2026-05-26 01:30:00,264,7,2
4397,5,45,12,2026-03-24 05:34:00,2026-03-24 07:50:00,149,1,3
4398,7,25,5,2026-01-20 23:59:00,2026-01-21 03:50:00,151,1,2
4399,9,40,12,2026-01-26 22:47:00,2026-01-27 01:19:00,348,4,2
4400,8,21,4,2026-04-02 09:43:00,2026-04-02 11:16:00,105,2,3
4401,3,28,10,2026-03-07 08:50:00,2026-03-07 09:27:00,388,17,2
4402,3,24,17,2026-03-22 06:13:00,2026-03-22 08:35:00,339,23,3
4403,1,47,7,2026-03-18 08:58:00,2026-03-18 11:13:00,408,8,2
4404,10,18,3,2026-04-16 00:04:00,2026-04-16 01:56:00,322,3,1
4405,6,17,7,2026-04-03 08:45:00,2026-04-03 12:03:00,152,3,1
4406,9,41,1,2026-04-07 16:12:00,2026-04-07 18:56:00,447,20,3
4407,4,15,13,2026-06-15 23:23:00,2026-06-16 02:45:00,243,7,3
4408,5,45,16,2026-05-01 12:41:00,2026-05-01 16:26:00,368,5,1
4409,3,30,6,2026-01-20 19:33:00,2026-01-20 20:35:00,471,20,2
4410,1,34,17,2026-01-09 20:15:00,2026-01-09 23:48:00,486,10,1
4411,7,48,3,2026-03-01 18:38:00,2026-03-01 22:14:00,320,1,1
4412,4,29,15,2026-06-27 12:07:00,2026-06-27 14:09:00,260,7,1
4413,3,42,19,2026-03-16 23:04:00,2026-03-17 00:00:00,213,16,3
4414,10,19,13,2026-05-30 04:57:00,2026-05-30 08:18:00,176,13,2
4415,4,36,8,2026-04-29 03:35:00,2026-04-29 06:08:00,247,9,2
4416,3,23,5,2026-02-01 07:14:00,2026-02-01 09:06:00,258,3,1
4417,10,32,16,2026-04-11 08:27:00,2026-04-11 09:44:00,412,24,1
4418,4,8,11,2026-02-19 12:46:00,2026-02-19 13:48:00,88,4,2
4419,4,36,4,2026-01-02 03:40:00,2026-01-02 05:06:00,386,7,1
4420,7,31,19,2026-04-30 11:28:00,2026-04-30 12:27:00,373,25,1
4421,7,2,15,2026-01-13 23:15:00,2026-01-14 01:56:00,380,10,1
4422,10,32,6,2026-05-07 00:02:00,2026-05-07 03:16:00,200,12,1
4423,7,11,19,2026-03-18 12:06:00,2026-03-18 14:17:00,483,12,2
4424,8,20,7,2026-01-11 02:15:00,2026-01-11 05:48:00,70,4,3
4425,5,45,8,2026-04-20 17:17:00,2026-04-20 20:31:00,384,14,2
4426,10,38,1,2026-02-22 21:10:00,2026-02-22 22:34:00,287,8,3
4427,10,16,8,2026-03-08 15:40:00,2026-03-08 18:01:00,257,1,2
4428,7,48,16,2026-06-13 04:58:00,2026-06-13 05:35:00,254,2,1
4429,3,30,19,2026-01-12 17:26:00,2026-01-12 19:24:00,187,10,3
4430,7,48,17,2026-02-24 00:22:00,2026-02-24 01:18:00,462,29,2
4431,7,2,17,2026-01-08 07:10:00,2026-01-08 09:18:00,177,0,1
4432,4,36,1,2026-04-18 00:05:00,2026-04-18 01:36:00,382,15,2
4433,10,13,11,2026-04-18 01:34:00,2026-04-18 02:11:00,206,5,2
4434,2,46,1,2026-04-27 05:15:00,2026-04-27 07:07:00,456,9,3
4435,8,50,6,2026-03-29 05:46:00,2026-03-29 08:16:00,285,20,1
4436,3,42,7,2026-04-21 13:01:00,2026-04-21 16:37:00,147,4,2
4437,9,33,3,2026-01-07 22:39:00,2026-01-07 23:33:00,317,6,2
4438,10,9,14,2026-01-21 20:22:00,2026-01-22 00:20:00,392,22,3
4439,10,18,19,2026-06-23 06:12:00,2026-06-23 09:34:00,453,16,1
4440,9,41,13,2026-05-16 01:55:00,2026-05-16 05:36:00,387,20,2
4441,5,6,16,2026-03-10 07:11:00,2026-03-10 07:41:00,293,1,2
4442,2,3,3,2026-02-06 15:43:00,2026-02-06 16:53:00,248,16,2
4443,10,9,19,2026-02-09 19:14:00,2026-02-09 21:42:00,235,4,3
4444,3,28,8,2026-06-03 19:06:00,2026-06-03 21:25:00,482,23,3
4445,3,42,1,2026-02-15 06:01:00,2026-02-15 09:54:00,183,10,3
4446,6,12,18,2026-03-04 11:20:00,2026-03-04 12:59:00,94,0,2
4447,10,9,18,2026-04-13 09:29:00,2026-04-13 11:54:00,474,4,3
4448,2,46,4,2026-06-27 01:21:00,2026-06-27 02:24:00,341,10,3
4449,10,1,20,2026-01-01 18:58:00,2026-01-01 22:53:00,166,11,1
4450,3,28,14,2026-05-25 11:50:00,2026-05-25 13:22:00,268,8,3
4451,8,44,15,2026-02-11 02:55:00,2026-02-11 05:32:00,232,11,3
4452,3,42,16,2026-02-25 01:09:00,2026-02-25 04:33:00,274,10,2
4453,3,5,8,2026-03-10 12:12:00,2026-03-10 15:12:00,299,11,2
4454,4,36,17,2026-06-27 06:48:00,2026-06-27 10:03:00,338,19,1
4455,5,45,13,2026-06-03 23:11:00,2026-06-04 02:37:00,373,8,3
4456,6,27,13,2026-01-08 10:31:00,2026-01-08 13:09:00,449,31,3
4457,6,17,16,2026-06-01 17:59:00,2026-06-01 21:42:00,54,0,3
4458,8,44,5,2026-06-28 14:01:00,2026-06-28 15:15:00,322,10,1
4459,4,36,17,2026-01-29 15:49:00,2026-01-29 17:09:00,322,4,2
4460,10,38,8,2026-06-22 16:43:00,2026-06-22 20:29:00,496,0,1
4461,10,32,20,2026-04-26 01:17:00,2026-04-26 04:31:00,193,9,1
4462,2,46,20,2026-03-16 11:56:00,2026-03-16 14:20:00,120,4,3
4463,4,15,10,2026-02-12 01:23:00,2026-02-12 04:44:00,106,7,3
4464,3,30,20,2026-01-14 15:40:00,2026-01-14 18:51:00,116,0,2
4465,3,42,10,2026-03-17 17:08:00,2026-03-17 19:35:00,139,7,2
4466,5,45,3,2026-04-21 04:10:00,2026-04-21 06:47:00,318,16,1
4467,7,48,11,2026-06-25 08:04:00,2026-06-25 11:47:00,477,11,2
4468,10,18,12,2026-06-20 21:50:00,2026-06-21 01:45:00,177,12,2
4469,5,6,10,2026-03-31 12:45:00,2026-03-31 13:16:00,335,14,1
4470,2,46,17,2026-05-09 06:30:00,2026-05-09 10:17:00,446,28,2
4471,7,11,1,2026-04-27 11:28:00,2026-04-27 13:11:00,138,3,3
4472,7,11,5,2026-03-17 22:49:00,2026-03-18 01:59:00,342,15,1
4473,4,37,15,2026-06-11 00:13:00,2026-06-11 04:00:00,207,13,3
4474,10,18,3,2026-05-11 13:53:00,2026-05-11 15:04:00,418,19,3
4475,2,46,16,2026-04-23 22:36:00,2026-04-23 23:48:00,391,21,3
4476,3,28,9,2026-06-18 17:07:00,2026-06-18 19:59:00,141,1,2
4477,9,22,8,2026-01-02 20:32:00,2026-01-02 21:45:00,197,13,2
4478,9,40,1,2026-06-18 21:12:00,2026-06-18 22:15:00,190,3,1
4479,3,30,15,2026-02-15 04:14:00,2026-02-15 05:32:00,259,19,1
4480,8,20,13,2026-02-06 00:35:00,2026-02-06 03:44:00,405,24,3
4481,1,47,10,2026-06-17 11:27:00,2026-06-17 12:28:00,400,18,1
4482,3,24,20,2026-04-22 05:14:00,2026-04-22 05:53:00,80,2,1
4483,4,8,6,2026-01-31 19:28:00,2026-01-31 21:52:00,479,11,3
4484,7,25,6,2026-03-05 10:17:00,2026-03-05 12:42:00,424,16,3
4485,10,32,18,2026-01-30 21:04:00,2026-01-31 00:42:00,54,3,3
4486,4,29,4,2026-04-24 07:15:00,2026-04-24 09:27:00,318,6,1
4487,8,50,15,2026-05-22 13:59:00,2026-05-22 16:57:00,261,17,2
4488,2,46,19,2026-02-23 04:25:00,2026-02-23 08:07:00,139,9,3
4489,8,50,18,2026-03-26 14:45:00,2026-03-26 16:50:00,144,3,3
4490,6,27,3,2026-06-13 09:56:00,2026-06-13 11:31:00,57,3,1
4491,8,44,3,2026-03-23 04:15:00,2026-03-23 05:12:00,276,14,3
4492,10,38,12,2026-06-27 17:24:00,2026-06-27 20:57:00,491,27,3
4493,10,32,20,2026-01-19 02:02:00,2026-01-19 02:44:00,158,6,1
4494,8,20,10,2026-04-15 20:43:00,2026-04-15 22:54:00,71,2,1
4495,8,50,17,2026-03-09 09:52:00,2026-03-09 13:40:00,140,6,2
4496,10,38,14,2026-06-20 23:42:00,2026-06-21 03:07:00,144,10,2
4497,10,32,14,2026-01-24 07:43:00,2026-01-24 08:52:00,94,5,1
4498,8,4,10,2026-06-23 23:45:00,2026-06-24 00:51:00,135,6,2
4499,10,7,13,2026-06-16 18:41:00,2026-06-16 21:17:00,76,5,1
4500,10,9,16,2026-04-17 21:52:00,2026-04-17 22:26:00,63,0,2
4501,3,42,16,2026-06-13 23:03:00,2026-06-14 00:26:00,209,7,2
4502,6,17,15,2026-03-17 23:37:00,2026-03-18 01:40:00,191,1,2
4503,4,29,5,2026-04-08 23:51:00,2026-04-09 01:45:00,491,19,1
4504,8,21,6,2026-02-08 11:47:00,2026-02-08 13:37:00,374,12,3
4505,2,3,19,2026-03-27 11:40:00,2026-03-27 13:38:00,426,24,2
4506,4,37,10,2026-06-19 18:41:00,2026-06-19 20:28:00,247,14,1
4507,10,19,2,2026-05-08 11:43:00,2026-05-08 13:20:00,379,22,3
4508,3,42,19,2026-06-16 09:44:00,2026-06-16 12:53:00,414,30,2
4509,10,13,7,2026-02-27 10:41:00,2026-02-27 12:34:00,314,8,2
4510,8,43,8,2026-01-27 16:26:00,2026-01-27 20:05:00,485,1,2
4511,10,19,8,2026-06-06 10:09:00,2026-06-06 13:05:00,379,8,3
4512,4,36,3,2026-06-27 19:18:00,2026-06-27 22:55:00,367,26,1
4513,4,36,2,2026-05-03 04:42:00,2026-05-03 08:10:00,330,20,2
4514,7,48,8,2026-01-25 16:57:00,2026-01-25 18:57:00,326,3,3
4515,2,46,2,2026-02-11 17:05:00,2026-02-11 19:18:00,468,34,3
4516,10,7,16,2026-02-01 01:41:00,2026-02-01 03:26:00,370,1,2
4517,3,42,5,2026-02-04 15:37:00,2026-02-04 18:28:00,82,0,2
4518,7,2,4,2026-06-16 17:34:00,2026-06-16 20:30:00,240,11,3
4519,3,42,2,2026-03-12 08:34:00,2026-03-12 10:20:00,492,22,1
4520,3,28,17,2026-03-22 23:11:00,2026-03-23 00:24:00,229,17,1
4521,4,29,4,2026-06-13 00:27:00,2026-06-13 03:34:00,238,8,1
4522,9,41,7,2026-06-15 10:16:00,2026-06-15 12:49:00,338,13,3
4523,4,29,9,2026-05-02 19:53:00,2026-05-02 22:48:00,389,17,1
4524,1,34,9,2026-04-08 05:47:00,2026-04-08 08:39:00,458,0,2
4525,10,18,15,2026-02-17 12:02:00,2026-02-17 15:34:00,354,7,3
4526,7,31,6,2026-03-23 10:09:00,2026-03-23 12:09:00,211,8,1
4527,10,1,20,2026-03-15 10:54:00,2026-03-15 12:21:00,227,6,3
4528,6,39,9,2026-04-17 09:18:00,2026-04-17 12:06:00,108,5,3
4529,7,11,11,2026-02-26 16:44:00,2026-02-26 19:06:00,119,0,2
4530,6,27,9,2026-05-28 23:50:00,2026-05-29 02:24:00,366,17,1
4531,8,50,7,2026-05-28 09:04:00,2026-05-28 10:52:00,234,12,2
4532,8,21,11,2026-06-11 21:25:00,2026-06-11 23:59:00,313,9,3
4533,8,43,1,2026-04-05 23:43:00,2026-04-06 01:13:00,402,21,1
4534,10,16,3,2026-06-10 23:33:00,2026-06-11 00:42:00,400,30,2
4535,7,35,14,2026-02-18 11:36:00,2026-02-18 14:39:00,356,13,1
4536,4,8,15,2026-06-21 21:33:00,2026-06-22 00:00:00,474,19,1
4537,6,27,4,2026-05-12 01:05:00,2026-05-12 01:51:00,312,17,3
4538,8,10,11,2026-01-07 23:11:00,2026-01-08 01:32:00,457,4,3
4539,4,37,2,2026-01-04 14:44:00,2026-01-04 17:48:00,217,10,3
4540,6,27,15,2026-01-29 04:31:00,2026-01-29 07:55:00,128,5,1
4541,5,6,13,2026-05-30 08:09:00,2026-05-30 12:04:00,99,4,3
4542,8,4,16,2026-05-22 09:32:00,2026-05-22 10:58:00,89,0,1
4543,10,16,10,2026-03-17 10:49:00,2026-03-17 12:38:00,98,7,3
4544,10,38,7,2026-01-10 19:04:00,2026-01-10 22:28:00,423,22,3
4545,10,32,20,2026-01-16 14:29:00,2026-01-16 16:52:00,478,12,1
4546,8,10,13,2026-06-06 13:39:00,2026-06-06 15:41:00,126,6,3
4547,10,1,8,2026-01-18 12:14:00,2026-01-18 14:02:00,465,22,1
4548,3,5,13,2026-02-07 07:57:00,2026-02-07 10:07:00,340,0,2
4549,6,39,3,2026-04-13 21:01:00,2026-04-13 23:37:00,255,8,2
4550,6,17,2,2026-03-04 14:36:00,2026-03-04 17:19:00,171,1,2
4551,6,27,8,2026-05-04 21:08:00,2026-05-04 21:48:00,317,22,2
4552,3,5,9,2026-03-29 06:29:00,2026-03-29 07:21:00,264,16,3
4553,7,48,16,2026-05-23 19:45:00,2026-05-23 23:18:00,283,18,2
4554,9,40,20,2026-04-09 06:56:00,2026-04-09 09:44:00,294,6,1
4555,1,47,14,2026-06-22 12:48:00,2026-06-22 13:43:00,435,33,1
4556,7,2,14,2026-05-27 14:58:00,2026-05-27 17:12:00,323,25,1
4557,7,31,5,2026-06-04 20:54:00,2026-06-05 00:24:00,100,3,2
4558,8,20,17,2026-04-16 19:57:00,2026-04-16 22:01:00,482,13,1
4559,1,34,1,2026-04-22 11:02:00,2026-04-22 11:52:00,417,32,1
4560,6,17,9,2026-02-11 06:38:00,2026-02-11 07:35:00,158,0,3
4561,1,47,3,2026-03-07 03:40:00,2026-03-07 06:19:00,199,14,2
4562,9,40,10,2026-04-12 08:40:00,2026-04-12 10:26:00,398,4,3
4563,10,32,18,2026-02-27 15:46:00,2026-02-27 17:30:00,483,23,1
4564,2,3,2,2026-01-11 21:57:00,2026-01-12 01:26:00,461,2,3
4565,5,6,17,2026-01-31 01:19:00,2026-01-31 03:24:00,206,5,1
4566,1,47,10,2026-03-26 14:11:00,2026-03-26 16:13:00,267,10,1
4567,9,22,1,2026-01-14 06:26:00,2026-01-14 07:57:00,376,0,1
4568,3,42,16,2026-02-26 10:58:00,2026-02-26 12:59:00,496,13,3
4569,8,43,16,2026-06-17 06:16:00,2026-06-17 06:50:00,446,34,1
4570,5,45,2,2026-01-12 16:30:00,2026-01-12 18:55:00,99,0,2
4571,10,16,11,2026-01-30 10:08:00,2026-01-30 11:10:00,164,4,2
4572,5,45,4,2026-04-04 03:50:00,2026-04-04 07:39:00,324,3,2
4573,3,42,8,2026-02-12 04:21:00,2026-02-12 07:07:00,255,3,1
4574,8,21,17,2026-02-03 22:58:00,2026-02-04 01:42:00,131,3,3
4575,4,15,12,2026-04-12 00:50:00,2026-04-12 03:43:00,417,15,3
4576,7,31,20,2026-05-29 23:27:00,2026-05-30 02:54:00,474,15,2
4577,5,6,7,2026-04-04 08:19:00,2026-04-04 09:09:00,91,0,1
4578,8,10,16,2026-05-12 01:48:00,2026-05-12 03:31:00,379,8,3
4579,7,11,4,2026-04-30 20:23:00,2026-04-30 23:51:00,458,3,2
4580,4,29,15,2026-01-09 06:10:00,2026-01-09 07:02:00,402,28,2
4581,5,45,11,2026-06-27 23:09:00,2026-06-28 00:49:00,273,5,3
4582,10,7,5,2026-01-03 03:27:00,2026-01-03 05:33:00,326,0,2
4583,8,4,17,2026-03-20 22:12:00,2026-03-21 00:50:00,391,16,2
4584,9,40,1,2026-02-27 04:13:00,2026-02-27 06:08:00,374,22,2
4585,10,9,15,2026-06-06 12:35:00,2026-06-06 13:42:00,62,3,3
4586,3,5,8,2026-01-20 12:01:00,2026-01-20 12:36:00,415,25,3
4587,3,28,6,2026-02-17 00:04:00,2026-02-17 01:43:00,422,23,2
4588,10,19,14,2026-01-03 20:46:00,2026-01-03 22:20:00,322,16,2
4589,6,12,18,2026-05-01 04:57:00,2026-05-01 05:33:00,135,2,3
4590,3,5,15,2026-04-22 09:20:00,2026-04-22 09:50:00,150,9,3
4591,7,11,11,2026-01-13 21:17:00,2026-01-13 23:26:00,71,3,2
4592,1,47,1,2026-02-25 06:30:00,2026-02-25 07:42:00,288,13,2
4593,8,44,18,2026-06-05 17:37:00,2026-06-05 18:26:00,188,11,3
4594,10,19,14,2026-05-26 23:31:00,2026-05-27 02:38:00,440,26,2
4595,3,30,5,2026-02-13 07:17:00,2026-02-13 10:43:00,127,10,3
4596,7,31,2,2026-05-07 17:18:00,2026-05-07 19:42:00,359,19,1
4597,7,31,16,2026-01-15 08:08:00,2026-01-15 09:51:00,304,12,3
4598,8,10,16,2026-03-30 19:06:00,2026-03-30 21:52:00,337,18,2
4599,5,6,1,2026-04-27 18:21:00,2026-04-27 19:17:00,419,5,2
4600,8,50,13,2026-01-31 07:22:00,2026-01-31 10:57:00,182,11,3
4601,8,14,12,2026-06-13 22:55:00,2026-06-14 02:49:00,377,16,1
4602,6,27,15,2026-06-03 02:19:00,2026-06-03 06:12:00,400,4,1
4603,4,8,8,2026-01-19 15:03:00,2026-01-19 16:38:00,197,6,2
4604,8,14,11,2026-05-30 21:58:00,2026-05-31 01:15:00,67,3,3
4605,9,40,3,2026-03-13 08:17:00,2026-03-13 08:49:00,108,5,1
4606,4,36,2,2026-05-24 21:57:00,2026-05-25 00:04:00,165,7,3
4607,8,43,8,2026-04-12 06:41:00,2026-04-12 09:29:00,261,2,2
4608,9,26,17,2026-06-05 23:15:00,2026-06-05 23:54:00,469,13,1
4609,8,43,18,2026-04-07 17:42:00,2026-04-07 20:53:00,333,5,2
4610,9,26,10,2026-06-21 14:52:00,2026-06-21 16:06:00,290,8,2
4611,8,14,12,2026-01-01 13:14:00,2026-01-01 14:19:00,240,13,2
4612,5,6,4,2026-04-02 03:52:00,2026-04-02 04:24:00,453,30,3
4613,4,36,11,2026-02-05 14:09:00,2026-02-05 17:26:00,308,10,3
4614,6,27,13,2026-05-01 03:49:00,2026-05-01 07:47:00,188,4,3
4615,2,46,14,2026-02-19 01:01:00,2026-02-19 04:58:00,427,7,3
4616,3,23,4,2026-01-06 22:44:00,2026-01-07 02:17:00,191,3,3
4617,9,33,19,2026-05-26 07:25:00,2026-05-26 08:18:00,125,1,1
4618,6,27,20,2026-05-16 12:18:00,2026-05-16 14:02:00,319,4,2
4619,7,49,14,2026-03-09 08:22:00,2026-03-09 11:40:00,148,4,3
4620,9,41,11,2026-01-19 14:25:00,2026-01-19 15:16:00,83,4,2
4621,1,34,8,2026-05-01 13:31:00,2026-05-01 15:10:00,383,22,1
4622,3,42,20,2026-06-16 17:35:00,2026-06-16 18:13:00,407,10,3
4623,7,48,4,2026-06-06 19:25:00,2026-06-06 22:00:00,107,6,3
4624,1,47,12,2026-04-29 14:40:00,2026-04-29 17:55:00,486,11,2
4625,4,15,18,2026-01-03 06:16:00,2026-01-03 08:28:00,491,8,1
4626,10,7,11,2026-04-11 11:17:00,2026-04-11 11:57:00,76,5,3
4627,9,40,12,2026-02-15 23:27:00,2026-02-16 01:17:00,262,6,1
4628,9,33,19,2026-02-14 04:05:00,2026-02-14 05:55:00,314,2,3
4629,9,41,3,2026-05-25 12:54:00,2026-05-25 14:22:00,263,9,3
4630,3,5,11,2026-01-28 13:22:00,2026-01-28 14:39:00,221,2,2
4631,9,40,6,2026-04-11 21:36:00,2026-04-12 00:01:00,302,22,2
4632,8,14,17,2026-04-11 00:00:00,2026-04-11 01:05:00,480,33,1
4633,3,23,8,2026-04-18 01:47:00,2026-04-18 02:27:00,307,5,1
4634,6,27,14,2026-03-12 23:12:00,2026-03-12 23:55:00,498,21,1
4635,6,12,16,2026-05-14 11:42:00,2026-05-14 15:32:00,126,4,2
4636,10,7,6,2026-04-24 08:18:00,2026-04-24 09:42:00,446,24,2
4637,8,4,8,2026-04-29 04:19:00,2026-04-29 04:57:00,70,1,2
4638,8,43,15,2026-04-15 02:30:00,2026-04-15 03:51:00,318,7,1
4639,7,31,9,2026-02-15 09:39:00,2026-02-15 13:15:00,467,10,1
4640,10,19,4,2026-04-21 11:57:00,2026-04-21 13:09:00,195,9,1
4641,6,12,12,2026-06-15 02:47:00,2026-06-15 06:32:00,176,2,3
4642,1,34,18,2026-06-14 10:40:00,2026-06-14 13:53:00,74,2,1
4643,9,22,1,2026-01-08 01:31:00,2026-01-08 05:13:00,231,16,1
4644,3,5,17,2026-01-31 09:43:00,2026-01-31 12:01:00,491,32,2
4645,9,40,8,2026-02-14 17:00:00,2026-02-14 20:04:00,184,5,3
4646,4,8,14,2026-03-25 17:57:00,2026-03-25 19:05:00,77,3,2
4647,9,22,8,2026-01-10 11:20:00,2026-01-10 13:36:00,50,1,1
4648,2,3,10,2026-04-22 05:49:00,2026-04-22 08:25:00,383,19,2
4649,7,25,7,2026-05-22 08:48:00,2026-05-22 09:56:00,196,1,2
4650,9,41,2,2026-04-15 15:53:00,2026-04-15 16:35:00,212,14,1
4651,8,10,7,2026-04-09 18:51:00,2026-04-09 22:18:00,177,0,1
4652,4,15,4,2026-01-08 19:38:00,2026-01-08 21:48:00,260,13,3
4653,10,32,17,2026-01-24 18:13:00,2026-01-24 21:30:00,478,8,3
4654,7,11,16,2026-04-03 06:04:00,2026-04-03 07:12:00,212,1,2
4655,10,38,12,2026-01-22 06:57:00,2026-01-22 10:57:00,243,7,2
4656,9,26,1,2026-03-28 05:10:00,2026-03-28 08:59:00,53,2,3
4657,10,9,11,2026-05-31 14:27:00,2026-05-31 17:40:00,321,11,2
4658,9,26,6,2026-02-04 19:13:00,2026-02-04 19:45:00,241,4,3
4659,7,48,2,2026-02-17 12:09:00,2026-02-17 13:41:00,76,1,3
4660,10,13,10,2026-03-21 04:41:00,2026-03-21 06:31:00,275,5,1
4661,1,47,11,2026-04-09 01:26:00,2026-04-09 03:32:00,224,16,2
4662,8,50,1,2026-02-02 17:06:00,2026-02-02 18:07:00,254,10,1
4663,7,2,6,2026-04-23 18:52:00,2026-04-23 20:35:00,426,23,2
4664,1,34,9,2026-03-17 11:29:00,2026-03-17 13:47:00,494,16,2
4665,5,45,12,2026-01-16 12:15:00,2026-01-16 13:10:00,319,10,2
4666,8,21,4,2026-03-13 11:21:00,2026-03-13 13:37:00,394,0,3
4667,10,38,14,2026-05-19 11:59:00,2026-05-19 14:13:00,72,3,2
4668,6,39,18,2026-04-26 09:55:00,2026-04-26 10:51:00,330,13,1
4669,6,17,13,2026-04-27 06:17:00,2026-04-27 07:39:00,437,34,3
4670,8,21,2,2026-01-17 01:40:00,2026-01-17 04:38:00,182,12,2
4671,6,27,18,2026-04-14 23:38:00,2026-04-15 03:33:00,59,3,1
4672,8,4,1,2026-01-13 03:46:00,2026-01-13 06:50:00,136,2,3
4673,10,1,17,2026-05-09 22:25:00,2026-05-10 00:51:00,449,35,1
4674,10,18,3,2026-02-10 18:32:00,2026-02-10 21:08:00,284,16,3
4675,8,21,2,2026-03-08 23:01:00,2026-03-09 01:22:00,211,3,1
4676,10,16,4,2026-02-23 23:38:00,2026-02-24 00:35:00,428,32,1
4677,5,6,2,2026-02-09 09:00:00,2026-02-09 11:32:00,159,0,1
4678,8,14,20,2026-06-09 20:36:00,2026-06-09 21:06:00,441,6,2
4679,4,29,17,2026-03-23 03:16:00,2026-03-23 04:02:00,65,2,3
4680,10,9,4,2026-01-17 15:14:00,2026-01-17 16:30:00,295,22,1
4681,6,17,15,2026-03-16 19:46:00,2026-03-16 22:54:00,186,3,2
4682,5,6,6,2026-04-29 04:14:00,2026-04-29 08:08:00,261,9,2
4683,10,18,17,2026-01-05 18:11:00,2026-01-05 19:42:00,385,7,3
4684,4,36,15,2026-04-13 06:28:00,2026-04-13 09:00:00,198,15,2
4685,6,17,20,2026-03-18 19:29:00,2026-03-18 20:25:00,59,1,1
4686,10,9,9,2026-05-22 11:40:00,2026-05-22 13:07:00,105,7,3
4687,9,41,5,2026-06-20 16:45:00,2026-06-20 19:57:00,93,3,2
4688,3,28,1,2026-06-24 03:01:00,2026-06-24 06:11:00,459,27,3
4689,10,19,1,2026-02-16 15:49:00,2026-02-16 19:21:00,490,20,2
4690,3,42,7,2026-03-26 15:15:00,2026-03-26 17:25:00,409,23,1
4691,10,32,1,2026-03-11 09:40:00,2026-03-11 12:27:00,148,0,1
4692,4,29,9,2026-01-12 04:48:00,2026-01-12 06:55:00,299,8,1
4693,8,21,5,2026-01-02 16:34:00,2026-01-02 18:22:00,251,20,2
4694,9,22,17,2026-04-25 06:04:00,2026-04-25 08:20:00,445,26,1
4695,8,43,20,2026-04-08 22:37:00,2026-04-09 01:33:00,486,23,3
4696,8,21,19,2026-03-22 06:27:00,2026-03-22 10:07:00,371,8,3
4697,3,5,10,2026-03-03 13:27:00,2026-03-03 17:13:00,162,7,1
4698,7,35,11,2026-04-17 17:12:00,2026-04-17 20:05:00,85,0,2
4699,4,29,15,2026-05-02 16:15:00,2026-05-02 18:44:00,70,0,1
4700,10,16,3,2026-05-17 11:57:00,2026-05-17 14:19:00,315,5,2
4701,8,43,4,2026-01-21 08:38:00,2026-01-21 09:29:00,423,9,3
4702,1,34,10,2026-06-14 13:09:00,2026-06-14 14:54:00,358,16,1
4703,4,15,17,2026-04-21 00:52:00,2026-04-21 03:23:00,197,11,2
4704,4,15,3,2026-04-07 04:26:00,2026-04-07 08:21:00,136,3,1
4705,4,15,10,2026-02-13 22:26:00,2026-02-14 01:48:00,466,7,3
4706,7,31,2,2026-02-24 14:27:00,2026-02-24 18:19:00,453,22,3
4707,3,23,16,2026-03-01 06:38:00,2026-03-01 10:03:00,500,4,3
4708,6,12,11,2026-06-07 02:39:00,2026-06-07 04:44:00,404,31,3
4709,5,6,17,2026-01-07 08:40:00,2026-01-07 12:21:00,395,9,1
4710,9,33,18,2026-03-16 09:08:00,2026-03-16 12:59:00,250,6,3
4711,4,36,19,2026-05-25 23:58:00,2026-05-26 03:57:00,212,7,1
4712,7,49,17,2026-03-25 05:36:00,2026-03-25 08:54:00,139,0,3
4713,4,36,8,2026-04-23 19:49:00,2026-04-23 21:11:00,127,4,2
4714,10,7,20,2026-03-23 21:08:00,2026-03-23 21:44:00,326,7,1
4715,9,22,2,2026-02-12 14:40:00,2026-02-12 17:03:00,55,1,1
4716,8,50,7,2026-02-12 14:30:00,2026-02-12 17:58:00,85,6,3
4717,10,13,4,2026-01-12 11:25:00,2026-01-12 12:21:00,462,11,1
4718,10,19,3,2026-01-29 06:40:00,2026-01-29 10:26:00,96,0,3
4719,3,42,14,2026-03-09 13:08:00,2026-03-09 15:58:00,310,23,2
4720,1,47,18,2026-01-25 08:13:00,2026-01-25 11:32:00,329,0,2
4721,10,13,7,2026-03-26 15:19:00,2026-03-26 17:10:00,98,6,2
4722,7,31,3,2026-01-01 08:57:00,2026-01-01 12:10:00,433,18,2
4723,9,26,3,2026-04-15 09:42:00,2026-04-15 11:22:00,281,2,1
4724,4,29,4,2026-05-01 18:28:00,2026-05-01 22:24:00,312,12,2
4725,2,46,16,2026-02-15 02:32:00,2026-02-15 06:03:00,463,15,1
4726,8,44,11,2026-06-08 17:00:00,2026-06-08 20:42:00,181,0,2
4727,8,20,14,2026-04-28 02:27:00,2026-04-28 06:24:00,323,18,1
4728,6,39,15,2026-04-25 00:04:00,2026-04-25 02:12:00,328,14,3
4729,5,6,5,2026-06-08 01:09:00,2026-06-08 02:51:00,279,15,1
4730,10,32,7,2026-03-10 15:47:00,2026-03-10 17:30:00,195,5,3
4731,8,43,19,2026-06-04 14:08:00,2026-06-04 16:04:00,178,7,1
4732,3,5,17,2026-02-06 16:55:00,2026-02-06 20:11:00,271,20,1
4733,9,41,12,2026-04-14 17:16:00,2026-04-14 19:32:00,489,2,1
4734,3,42,18,2026-03-13 18:07:00,2026-03-13 19:31:00,440,28,1
4735,9,33,13,2026-04-19 04:00:00,2026-04-19 05:58:00,57,1,1
4736,1,47,11,2026-06-24 12:45:00,2026-06-24 13:30:00,362,27,1
4737,10,7,20,2026-06-18 11:51:00,2026-06-18 13:47:00,451,30,2
4738,6,17,15,2026-04-03 18:21:00,2026-04-03 20:22:00,422,11,3
4739,2,3,18,2026-02-26 04:33:00,2026-02-26 07:35:00,80,0,1
4740,9,40,4,2026-03-02 10:50:00,2026-03-02 12:10:00,202,9,1
4741,4,15,9,2026-06-12 23:28:00,2026-06-13 00:05:00,243,1,2
4742,4,37,9,2026-02-09 12:49:00,2026-02-09 15:16:00,234,9,1
4743,3,5,6,2026-06-12 06:22:00,2026-06-12 08:33:00,292,5,3
4744,6,12,15,2026-03-19 18:24:00,2026-03-19 21:20:00,270,13,3
4745,7,49,16,2026-02-03 23:07:00,2026-02-04 01:25:00,280,4,1
4746,10,19,14,2026-04-25 12:34:00,2026-04-25 15:36:00,474,30,3
4747,3,24,18,2026-02-03 14:13:00,2026-02-03 16:28:00,252,15,1
4748,3,5,15,2026-05-23 07:19:00,2026-05-23 08:07:00,141,7,3
4749,4,15,6,2026-01-24 19:42:00,2026-01-24 23:08:00,415,7,2
4750,7,48,14,2026-05-31 00:48:00,2026-05-31 01:53:00,423,7,2
4751,8,20,4,2026-06-14 04:38:00,2026-06-14 06:17:00,382,14,1
4752,2,46,4,2026-03-19 17:56:00,2026-03-19 19:42:00,339,9,3
4753,6,27,18,2026-03-25 23:39:00,2026-03-26 01:42:00,229,15,3
4754,8,50,18,2026-02-28 06:23:00,2026-02-28 07:12:00,144,7,2
4755,10,9,20,2026-04-26 01:16:00,2026-04-26 03:21:00,343,21,1
4756,7,11,15,2026-02-07 02:57:00,2026-02-07 05:54:00,299,11,1
4757,8,14,7,2026-06-08 22:08:00,2026-06-09 01:37:00,176,6,2
4758,7,11,6,2026-06-15 08:07:00,2026-06-15 10:52:00,473,33,3
4759,7,31,10,2026-06-12 14:32:00,2026-06-12 17:17:00,130,9,1
4760,3,24,14,2026-05-14 08:55:00,2026-05-14 12:29:00,226,11,3
4761,3,42,19,2026-04-01 15:02:00,2026-04-01 18:14:00,139,0,1
4762,7,31,12,2026-03-03 19:04:00,2026-03-03 21:09:00,478,4,2
4763,5,6,13,2026-05-11 06:30:00,2026-05-11 08:25:00,493,31,1
4764,10,7,8,2026-03-18 03:36:00,2026-03-18 04:29:00,422,1,3
4765,7,31,2,2026-01-12 08:39:00,2026-01-12 10:52:00,468,3,2
4766,10,7,18,2026-06-03 09:22:00,2026-06-03 10:02:00,184,5,1
4767,10,38,3,2026-06-22 18:47:00,2026-06-22 21:57:00,329,22,3
4768,8,20,20,2026-02-05 21:34:00,2026-02-05 23:46:00,172,10,2
4769,8,21,11,2026-01-29 08:17:00,2026-01-29 11:49:00,125,6,3
4770,4,15,14,2026-03-17 18:06:00,2026-03-17 21:04:00,335,0,2
4771,4,8,7,2026-03-16 01:55:00,2026-03-16 04:42:00,374,12,2
4772,4,29,20,2026-06-10 18:37:00,2026-06-10 21:50:00,440,7,2
4773,5,6,14,2026-04-30 02:04:00,2026-04-30 04:45:00,418,18,2
4774,10,13,12,2026-06-20 23:48:00,2026-06-21 02:38:00,267,9,2
4775,4,37,20,2026-03-04 17:01:00,2026-03-04 19:58:00,414,11,3
4776,10,18,15,2026-03-01 20:48:00,2026-03-01 23:35:00,205,15,3
4777,10,16,1,2026-04-13 01:00:00,2026-04-13 01:52:00,324,3,2
4778,1,47,2,2026-03-10 03:18:00,2026-03-10 07:15:00,255,16,2
4779,8,20,1,2026-04-27 06:44:00,2026-04-27 07:45:00,498,14,3
4780,8,43,18,2026-03-18 16:58:00,2026-03-18 19:31:00,261,7,3
4781,10,13,14,2026-03-19 11:14:00,2026-03-19 13:31:00,148,4,1
4782,10,9,10,2026-05-31 03:57:00,2026-05-31 07:34:00,423,31,1
4783,3,24,15,2026-06-09 04:11:00,2026-06-09 07:12:00,147,3,1
4784,8,44,2,2026-05-17 08:38:00,2026-05-17 12:27:00,87,1,2
4785,10,13,13,2026-01-17 23:17:00,2026-01-18 00:39:00,152,5,3
4786,2,46,10,2026-06-21 21:01:00,2026-06-21 23:56:00,244,12,3
4787,6,27,11,2026-05-13 11:27:00,2026-05-13 14:31:00,251,19,1
4788,4,36,4,2026-04-28 12:59:00,2026-04-28 14:47:00,379,25,2
4789,9,41,6,2026-01-20 22:50:00,2026-01-21 00:49:00,179,13,3
4790,8,44,5,2026-04-14 19:33:00,2026-04-14 21:36:00,131,7,1
4791,10,7,18,2026-04-16 05:37:00,2026-04-16 08:01:00,57,0,1
4792,4,36,5,2026-03-21 09:03:00,2026-03-21 09:53:00,344,24,1
4793,8,21,13,2026-06-01 07:30:00,2026-06-01 10:23:00,260,4,3
4794,4,15,8,2026-03-22 11:30:00,2026-03-22 14:07:00,401,16,1
4795,3,30,9,2026-04-06 01:14:00,2026-04-06 04:55:00,384,21,3
4796,10,9,11,2026-06-25 00:03:00,2026-06-25 03:54:00,181,3,3
4797,8,20,5,2026-01-26 12:58:00,2026-01-26 14:07:00,349,17,3
4798,4,36,6,2026-06-14 20:17:00,2026-06-14 23:34:00,190,2,1
4799,9,41,17,2026-03-15 21:01:00,2026-03-15 23:50:00,92,1,1
4800,8,43,9,2026-05-11 01:59:00,2026-05-11 02:53:00,289,18,1
4801,3,5,11,2026-02-15 21:48:00,2026-02-15 23:04:00,394,17,2
4802,4,8,10,2026-05-04 07:43:00,2026-05-04 09:36:00,441,13,2
4803,4,8,5,2026-04-08 04:32:00,2026-04-08 06:32:00,270,8,2
4804,4,29,9,2026-03-29 10:28:00,2026-03-29 13:57:00,480,24,1
4805,10,13,10,2026-01-21 05:47:00,2026-01-21 07:49:00,358,9,1
4806,8,44,17,2026-02-14 05:58:00,2026-02-14 08:08:00,377,22,3
4807,9,22,2,2026-01-11 06:45:00,2026-01-11 08:51:00,477,8,1
4808,2,46,17,2026-06-07 19:25:00,2026-06-07 22:20:00,384,9,1
4809,6,27,17,2026-05-28 04:16:00,2026-05-28 06:39:00,341,0,1
4810,6,39,12,2026-06-10 08:13:00,2026-06-10 11:31:00,55,0,3
4811,10,18,4,2026-05-29 21:57:00,2026-05-29 23:29:00,403,25,1
4812,3,30,14,2026-02-27 10:03:00,2026-02-27 11:39:00,345,21,1
4813,9,22,17,2026-06-04 12:24:00,2026-06-04 16:08:00,276,18,1
4814,4,15,11,2026-06-27 16:01:00,2026-06-27 19:52:00,164,5,2
4815,10,38,16,2026-01-03 22:21:00,2026-01-04 01:19:00,315,0,2
4816,7,35,17,2026-05-18 07:31:00,2026-05-18 10:02:00,237,6,1
4817,2,3,20,2026-03-01 00:19:00,2026-03-01 03:57:00,373,14,2
4818,10,16,4,2026-05-22 08:37:00,2026-05-22 10:19:00,166,4,1
4819,9,33,5,2026-02-25 15:15:00,2026-02-25 17:45:00,364,17,3
4820,7,2,6,2026-04-19 03:45:00,2026-04-19 06:24:00,89,2,2
4821,10,1,3,2026-01-14 06:59:00,2026-01-14 09:28:00,341,14,2
4822,7,11,9,2026-01-15 18:02:00,2026-01-15 19:41:00,265,0,3
4823,10,13,12,2026-03-10 04:17:00,2026-03-10 07:39:00,160,6,1
4824,4,29,19,2026-04-17 18:46:00,2026-04-17 20:51:00,336,0,1
4825,6,39,12,2026-05-19 23:44:00,2026-05-20 00:23:00,374,2,1
4826,7,48,7,2026-02-28 10:13:00,2026-02-28 12:56:00,265,18,3
4827,2,3,3,2026-05-18 19:52:00,2026-05-18 22:19:00,359,12,2
4828,7,35,6,2026-05-09 21:04:00,2026-05-09 22:26:00,277,21,1
4829,7,49,17,2026-03-30 08:18:00,2026-03-30 11:50:00,154,7,1
4830,3,30,15,2026-05-15 13:00:00,2026-05-15 15:15:00,93,0,2
4831,4,29,6,2026-04-03 22:53:00,2026-04-03 23:30:00,106,5,2
4832,8,14,2,2026-04-07 00:56:00,2026-04-07 04:02:00,477,21,1
4833,7,49,20,2026-06-27 19:08:00,2026-06-27 22:53:00,132,4,1
4834,10,9,7,2026-04-09 22:47:00,2026-04-10 02:04:00,279,10,2
4835,3,42,2,2026-01-10 10:59:00,2026-01-10 13:52:00,193,11,2
4836,9,40,5,2026-05-17 14:49:00,2026-05-17 17:11:00,75,1,1
4837,10,32,18,2026-05-04 13:47:00,2026-05-04 14:50:00,141,9,3
4838,4,36,16,2026-04-12 00:59:00,2026-04-12 04:16:00,214,7,3
4839,5,45,20,2026-03-14 11:40:00,2026-03-14 12:30:00,159,5,2
4840,4,36,11,2026-02-02 19:29:00,2026-02-02 20:42:00,300,5,2
4841,6,39,4,2026-01-30 21:10:00,2026-01-30 23:15:00,450,26,1
4842,3,23,11,2026-05-05 20:54:00,2026-05-05 23:40:00,221,5,1
4843,10,9,13,2026-04-23 11:42:00,2026-04-23 15:22:00,67,5,1
4844,6,12,6,2026-03-23 16:11:00,2026-03-23 17:27:00,157,6,3
4845,8,10,19,2026-02-27 15:46:00,2026-02-27 18:23:00,198,11,2
4846,4,15,15,2026-06-20 15:04:00,2026-06-20 17:13:00,169,4,2
4847,10,1,16,2026-06-06 12:32:00,2026-06-06 16:06:00,190,12,1
4848,2,46,11,2026-02-24 07:08:00,2026-02-24 07:58:00,432,24,1
4849,9,40,3,2026-06-10 19:28:00,2026-06-10 22:16:00,269,20,3
4850,4,8,4,2026-01-07 16:31:00,2026-01-07 17:19:00,174,12,3
4851,3,28,6,2026-04-21 23:08:00,2026-04-22 02:48:00,61,0,3
4852,9,40,18,2026-01-30 07:46:00,2026-01-30 09:22:00,401,15,3
4853,4,36,9,2026-04-28 20:07:00,2026-04-28 23:23:00,453,31,2
4854,10,9,9,2026-01-20 06:26:00,2026-01-20 09:48:00,308,16,1
4855,8,4,13,2026-06-29 18:09:00,2026-06-29 18:44:00,275,20,1
4856,2,3,12,2026-01-12 06:02:00,2026-01-12 09:21:00,84,4,3
4857,3,30,10,2026-06-17 03:57:00,2026-06-17 06:07:00,192,13,2
4858,10,9,19,2026-01-23 09:43:00,2026-01-23 10:53:00,252,18,1
4859,3,42,8,2026-01-16 03:45:00,2026-01-16 07:08:00,298,6,3
4860,8,14,14,2026-03-28 17:19:00,2026-03-28 20:26:00,163,3,3
4861,2,46,9,2026-04-30 10:42:00,2026-04-30 11:26:00,489,5,2
4862,6,12,15,2026-05-15 20:30:00,2026-05-15 22:18:00,477,15,1
4863,6,27,16,2026-05-23 12:24:00,2026-05-23 15:58:00,170,11,3
4864,1,47,1,2026-02-09 07:15:00,2026-02-09 08:02:00,260,6,3
4865,4,8,4,2026-05-18 22:13:00,2026-05-18 23:15:00,156,2,2
4866,8,4,3,2026-05-04 21:28:00,2026-05-05 01:09:00,339,4,3
4867,8,14,18,2026-03-29 11:46:00,2026-03-29 15:03:00,201,8,3
4868,9,40,19,2026-02-24 03:11:00,2026-02-24 05:09:00,366,22,2
4869,8,21,16,2026-02-04 05:13:00,2026-02-04 07:37:00,493,2,3
4870,9,40,6,2026-02-15 05:41:00,2026-02-15 08:37:00,77,2,2
4871,4,37,5,2026-03-27 14:49:00,2026-03-27 15:35:00,453,1,3
4872,1,34,11,2026-04-30 16:48:00,2026-04-30 19:08:00,319,8,1
4873,4,37,18,2026-03-16 08:07:00,2026-03-16 11:03:00,447,20,2
4874,8,10,11,2026-06-28 20:18:00,2026-06-29 00:12:00,311,10,1
4875,1,47,10,2026-01-08 16:11:00,2026-01-08 19:03:00,145,4,1
4876,3,42,17,2026-03-03 13:33:00,2026-03-03 16:50:00,99,4,2
4877,10,19,5,2026-05-14 10:10:00,2026-05-14 12:10:00,119,3,3
4878,4,29,2,2026-04-22 10:33:00,2026-04-22 12:05:00,481,36,3
4879,7,2,11,2026-02-08 13:38:00,2026-02-08 16:13:00,472,19,1
4880,8,21,9,2026-03-05 23:26:00,2026-03-06 01:50:00,353,25,2
4881,1,34,10,2026-03-01 18:06:00,2026-03-01 18:56:00,320,21,3
4882,3,24,7,2026-05-01 20:00:00,2026-05-01 21:46:00,367,9,2
4883,8,10,11,2026-03-13 17:47:00,2026-03-13 20:44:00,304,8,1
4884,10,9,13,2026-06-25 08:36:00,2026-06-25 12:09:00,108,7,3
4885,7,31,19,2026-03-09 20:33:00,2026-03-09 22:48:00,286,10,3
4886,10,1,18,2026-05-16 10:44:00,2026-05-16 11:30:00,408,5,3
4887,10,13,9,2026-03-08 03:18:00,2026-03-08 06:59:00,241,11,1
4888,3,30,12,2026-06-18 17:26:00,2026-06-18 20:38:00,320,22,3
4889,9,33,4,2026-03-18 05:27:00,2026-03-18 06:39:00,164,9,1
4890,9,26,8,2026-05-23 04:30:00,2026-05-23 07:34:00,426,23,1
4891,5,6,6,2026-03-11 03:27:00,2026-03-11 06:25:00,398,23,3
4892,8,20,14,2026-01-05 00:33:00,2026-01-05 02:35:00,259,2,2
4893,6,27,18,2026-03-17 21:19:00,2026-03-17 22:46:00,419,32,3
4894,5,45,18,2026-02-26 15:33:00,2026-02-26 18:45:00,88,3,2
4895,3,30,11,2026-02-03 12:09:00,2026-02-03 13:12:00,135,6,2
4896,8,50,8,2026-01-18 03:45:00,2026-01-18 06:03:00,217,4,2
4897,6,39,4,2026-06-26 14:04:00,2026-06-26 17:43:00,288,6,3
4898,6,39,2,2026-03-23 15:41:00,2026-03-23 17:32:00,321,11,1
4899,10,38,13,2026-04-12 06:17:00,2026-04-12 10:06:00,57,2,2
4900,8,50,18,2026-04-17 22:55:00,2026-04-18 02:37:00,457,29,3
4901,1,34,10,2026-06-05 16:23:00,2026-06-05 19:39:00,86,0,1
4902,9,40,13,2026-01-23 05:55:00,2026-01-23 07:01:00,499,8,3
4903,10,7,19,2026-05-26 22:53:00,2026-05-27 00:46:00,307,17,1
4904,4,8,18,2026-04-23 09:38:00,2026-04-23 11:11:00,118,1,2
4905,7,25,12,2026-04-30 17:54:00,2026-04-30 21:43:00,196,12,2
4906,7,49,17,2026-03-01 03:07:00,2026-03-01 05:22:00,294,0,3
4907,7,2,8,2026-03-05 09:50:00,2026-03-05 10:31:00,370,1,1
4908,10,13,20,2026-05-23 02:51:00,2026-05-23 04:15:00,341,7,1
4909,7,49,20,2026-03-02 12:17:00,2026-03-02 15:35:00,69,0,1
4910,3,42,13,2026-05-15 01:33:00,2026-05-15 03:57:00,124,2,2
4911,10,32,12,2026-02-04 16:00:00,2026-02-04 18:34:00,164,11,1
4912,7,31,7,2026-03-20 07:25:00,2026-03-20 10:06:00,458,0,1
4913,3,28,4,2026-03-24 13:54:00,2026-03-24 16:18:00,306,10,3
4914,3,42,10,2026-04-25 12:19:00,2026-04-25 14:31:00,317,19,2
4915,5,45,16,2026-03-19 01:04:00,2026-03-19 02:59:00,93,7,3
4916,10,13,5,2026-06-21 07:09:00,2026-06-21 08:24:00,449,11,2
4917,2,46,20,2026-05-27 20:52:00,2026-05-27 22:12:00,66,2,2
4918,10,16,9,2026-04-07 02:39:00,2026-04-07 05:14:00,441,9,2
4919,10,16,6,2026-02-18 16:14:00,2026-02-18 17:57:00,330,5,2
4920,2,46,11,2026-06-17 05:38:00,2026-06-17 07:38:00,453,25,1
4921,5,45,11,2026-01-19 05:40:00,2026-01-19 09:32:00,441,6,3
4922,7,11,19,2026-01-07 21:57:00,2026-01-08 00:26:00,116,0,2
4923,7,48,14,2026-05-26 22:03:00,2026-05-27 02:03:00,97,1,2
4924,10,9,9,2026-03-12 16:19:00,2026-03-12 18:00:00,409,29,1
4925,10,7,12,2026-06-07 11:14:00,2026-06-07 15:13:00,92,1,2
4926,3,28,10,2026-04-30 04:00:00,2026-04-30 05:54:00,281,10,2
4927,1,34,17,2026-03-11 01:02:00,2026-03-11 03:34:00,377,7,3
4928,10,9,8,2026-01-04 02:02:00,2026-01-04 03:45:00,467,2,2
4929,4,37,3,2026-03-16 21:26:00,2026-03-16 22:02:00,332,0,2
4930,5,6,7,2026-04-08 22:16:00,2026-04-08 23:05:00,287,1,1
4931,5,45,2,2026-01-22 07:14:00,2026-01-22 08:39:00,142,10,3
4932,9,22,3,2026-05-02 04:20:00,2026-05-02 07:31:00,80,1,3
4933,10,13,12,2026-01-15 11:16:00,2026-01-15 14:49:00,407,6,3
4934,5,6,8,2026-06-16 02:08:00,2026-06-16 04:33:00,208,16,2
4935,1,34,12,2026-05-11 19:19:00,2026-05-11 20:59:00,168,12,2
4936,8,14,9,2026-01-25 00:07:00,2026-01-25 01:48:00,491,7,1
4937,10,32,12,2026-03-27 23:50:00,2026-03-28 00:30:00,97,5,3
4938,3,23,9,2026-04-22 08:45:00,2026-04-22 09:36:00,173,12,3
4939,9,40,17,2026-04-01 09:23:00,2026-04-01 12:24:00,369,16,3
4940,4,36,17,2026-01-25 19:36:00,2026-01-25 21:08:00,434,23,2
4941,8,43,4,2026-01-28 18:03:00,2026-01-28 21:41:00,122,7,2
4942,2,3,8,2026-03-09 03:36:00,2026-03-09 04:57:00,140,8,2
4943,10,19,3,2026-03-05 00:42:00,2026-03-05 02:10:00,96,7,3
4944,5,6,14,2026-05-15 17:32:00,2026-05-15 18:17:00,74,0,3
4945,7,35,3,2026-05-03 14:50:00,2026-05-03 17:09:00,139,2,2
4946,10,7,4,2026-04-25 19:54:00,2026-04-25 23:42:00,172,6,1
4947,9,33,11,2026-06-26 09:38:00,2026-06-26 13:35:00,238,9,1
4948,10,16,14,2026-04-27 16:54:00,2026-04-27 20:30:00,411,26,1
4949,5,45,5,2026-01-15 04:21:00,2026-01-15 05:04:00,137,1,3
4950,6,17,10,2026-05-31 20:14:00,2026-05-31 22:38:00,161,3,2
4951,2,3,7,2026-04-01 14:18:00,2026-04-01 17:23:00,229,13,3
4952,9,41,19,2026-03-18 15:17:00,2026-03-18 16:40:00,484,23,3
4953,8,14,19,2026-01-01 20:59:00,2026-01-01 23:45:00,422,10,3
4954,3,24,10,2026-03-14 01:56:00,2026-03-14 05:19:00,281,19,2
4955,4,37,12,2026-03-25 20:00:00,2026-03-25 21:59:00,133,0,2
4956,1,34,4,2026-03-22 08:27:00,2026-03-22 12:17:00,180,13,3
4957,10,13,19,2026-05-18 00:11:00,2026-05-18 01:33:00,62,1,3
4958,10,19,12,2026-05-13 19:32:00,2026-05-13 20:03:00,402,1,2
4959,8,20,17,2026-03-03 10:59:00,2026-03-03 14:26:00,245,17,2
4960,4,37,20,2026-02-08 14:00:00,2026-02-08 17:25:00,261,13,1
4961,10,13,10,2026-01-20 17:49:00,2026-01-20 18:39:00,328,10,1
4962,6,17,4,2026-05-29 04:30:00,2026-05-29 05:56:00,284,16,2
4963,8,50,13,2026-06-13 10:38:00,2026-06-13 13:49:00,65,1,3
4964,10,7,4,2026-01-31 22:53:00,2026-02-01 01:14:00,74,4,2
4965,2,3,19,2026-04-23 15:00:00,2026-04-23 15:35:00,165,7,3
4966,3,42,4,2026-02-07 07:14:00,2026-02-07 08:50:00,57,4,3
4967,8,44,17,2026-03-04 04:36:00,2026-03-04 06:24:00,97,2,3
4968,4,15,18,2026-04-30 04:46:00,2026-04-30 07:45:00,365,14,1
4969,7,2,15,2026-04-08 05:40:00,2026-04-08 06:15:00,94,4,1
4970,10,19,10,2026-02-19 10:40:00,2026-02-19 13:49:00,295,20,3
4971,1,47,4,2026-06-04 04:58:00,2026-06-04 08:08:00,368,27,2
4972,2,46,14,2026-01-26 10:37:00,2026-01-26 13:48:00,493,4,1
4973,2,46,20,2026-06-10 18:09:00,2026-06-10 20:02:00,242,9,1
4974,6,27,7,2026-02-11 05:44:00,2026-02-11 08:05:00,327,11,2
4975,3,42,1,2026-06-11 15:35:00,2026-06-11 19:22:00,283,4,3
4976,7,49,5,2026-03-09 13:08:00,2026-03-09 16:48:00,424,7,3
4977,2,3,14,2026-04-21 11:42:00,2026-04-21 14:29:00,438,20,3
4978,8,4,8,2026-05-01 13:10:00,2026-05-01 16:11:00,65,4,3
4979,8,43,4,2026-05-07 19:55:00,2026-05-07 23:05:00,357,8,1
4980,1,34,9,2026-03-09 13:49:00,2026-03-09 16:03:00,238,14,2
4981,5,45,20,2026-04-16 10:24:00,2026-04-16 12:38:00,59,3,1
4982,5,6,16,2026-06-08 21:29:00,2026-06-08 23:46:00,306,6,1
4983,10,13,3,2026-03-02 03:10:00,2026-03-02 03:59:00,355,9,1
4984,6,17,14,2026-03-04 07:07:00,2026-03-04 10:23:00,231,15,1
4985,8,14,13,2026-05-26 13:27:00,2026-05-26 14:25:00,193,9,3
4986,4,15,2,2026-06-09 11:59:00,2026-06-09 13:42:00,258,5,2
4987,4,8,17,2026-02-04 13:59:00,2026-02-04 17:59:00,181,4,3
4988,8,10,14,2026-06-02 21:08:00,2026-06-02 23:32:00,113,7,2
4989,1,34,3,2026-02-28 21:08:00,2026-02-28 23:21:00,276,6,3
4990,10,38,13,2026-05-27 11:52:00,2026-05-27 14:33:00,85,1,2
4991,9,40,6,2026-05-09 16:54:00,2026-05-09 19:11:00,403,6,1
4992,3,5,3,2026-05-27 06:41:00,2026-05-27 07:19:00,80,1,3
4993,6,17,13,2026-06-28 07:32:00,2026-06-28 08:48:00,270,4,2
4994,3,42,15,2026-06-29 23:21:00,2026-06-30 00:41:00,302,2,1
4995,6,12,2,2026-02-17 21:11:00,2026-02-18 00:04:00,435,6,2
4996,8,4,2,2026-03-31 21:32:00,2026-03-31 23:03:00,383,14,3
4997,4,29,6,2026-03-08 12:27:00,2026-03-08 15:29:00,91,3,1
4998,7,48,4,2026-06-16 21:07:00,2026-06-16 22:43:00,359,3,3
4999,10,9,18,2026-06-19 22:13:00,2026-06-20 00:35:00,67,0,3
5000,7,11,5,2026-05-07 00:40:00,2026-05-07 02:27:00,365,10,2
5001,9,22,17,2026-01-13 05:08:00,2026-01-13 07:08:00,475,2,3
5002,6,27,14,2026-05-07 07:20:00,2026-05-07 08:09:00,386,0,2
5003,5,45,4,2026-02-05 21:55:00,2026-02-06 01:02:00,172,10,1
5004,8,21,4,2026-04-06 10:42:00,2026-04-06 11:22:00,477,20,3
5005,8,10,11,2026-03-05 02:16:00,2026-03-05 04:06:00,458,20,3
5006,3,30,2,2026-05-11 12:24:00,2026-05-11 15:31:00,276,2,1
5007,3,24,11,2026-02-17 12:28:00,2026-02-17 13:49:00,368,7,2
5008,10,32,19,2026-06-18 15:00:00,2026-06-18 18:29:00,418,20,1
5009,6,12,9,2026-02-28 21:36:00,2026-03-01 00:10:00,244,12,1
5010,8,4,19,2026-02-12 20:25:00,2026-02-12 23:00:00,274,13,1
5011,10,18,15,2026-04-23 20:54:00,2026-04-24 00:16:00,183,6,1
5012,10,19,2,2026-03-04 00:02:00,2026-03-04 01:55:00,395,18,2
5013,7,49,20,2026-05-10 23:50:00,2026-05-11 01:43:00,375,1,1
5014,5,6,15,2026-03-25 06:10:00,2026-03-25 07:04:00,219,3,3
5015,9,26,5,2026-02-05 18:09:00,2026-02-05 19:16:00,427,0,2
5016,3,23,20,2026-01-19 18:02:00,2026-01-19 19:46:00,136,1,3
5017,4,36,13,2026-06-04 10:16:00,2026-06-04 12:25:00,473,24,2
5018,5,45,6,2026-03-31 23:53:00,2026-04-01 02:36:00,127,6,3
5019,10,19,4,2026-03-23 00:30:00,2026-03-23 02:55:00,106,5,3
5020,4,8,16,2026-06-22 09:40:00,2026-06-22 12:35:00,416,13,2
5021,10,13,5,2026-06-08 17:18:00,2026-06-08 20:44:00,163,1,2
5022,3,28,20,2026-04-06 17:23:00,2026-04-06 20:18:00,92,1,2
5023,9,22,14,2026-03-16 13:57:00,2026-03-16 17:14:00,292,2,3
5024,8,4,20,2026-04-26 02:51:00,2026-04-26 06:43:00,238,8,1
5025,9,26,3,2026-03-25 00:55:00,2026-03-25 03:24:00,386,1,3
5026,10,19,7,2026-06-06 10:34:00,2026-06-06 12:06:00,473,31,2
5027,9,26,12,2026-03-03 01:05:00,2026-03-03 02:03:00,214,12,3
5028,4,29,9,2026-01-10 15:15:00,2026-01-10 17:11:00,62,1,1
5029,9,40,13,2026-01-10 01:32:00,2026-01-10 02:14:00,366,26,1
5030,3,28,13,2026-04-27 05:28:00,2026-04-27 07:18:00,349,20,1
5031,4,29,15,2026-02-24 23:02:00,2026-02-25 02:24:00,50,3,2
5032,8,21,17,2026-04-19 01:02:00,2026-04-19 03:02:00,455,20,2
5033,2,3,4,2026-02-17 07:55:00,2026-02-17 08:41:00,188,9,1
5034,3,5,4,2026-02-24 19:26:00,2026-02-24 21:57:00,190,9,1
5035,10,16,8,2026-04-05 10:47:00,2026-04-05 12:15:00,378,17,2
5036,6,27,14,2026-05-12 02:17:00,2026-05-12 03:16:00,62,2,1
5037,8,50,12,2026-05-31 16:06:00,2026-05-31 17:52:00,325,4,1
5038,9,41,14,2026-02-06 08:27:00,2026-02-06 09:39:00,233,1,2
5039,10,16,10,2026-03-03 07:39:00,2026-03-03 08:44:00,157,0,2
5040,9,41,11,2026-02-16 22:18:00,2026-02-17 02:18:00,231,14,1
5041,7,25,20,2026-01-15 19:10:00,2026-01-15 23:02:00,173,8,3
5042,8,43,20,2026-04-07 01:36:00,2026-04-07 03:40:00,238,1,1
5043,7,48,1,2026-01-26 05:16:00,2026-01-26 08:18:00,71,5,1
5044,10,32,3,2026-05-19 20:43:00,2026-05-19 23:05:00,78,3,2
5045,2,3,5,2026-03-17 19:50:00,2026-03-17 22:40:00,284,14,1
5046,7,35,6,2026-04-23 21:46:00,2026-04-24 01:44:00,473,23,2
5047,8,14,13,2026-02-02 17:20:00,2026-02-02 18:03:00,144,2,3
5048,9,40,17,2026-04-09 21:14:00,2026-04-09 21:44:00,341,1,2
5049,4,15,8,2026-01-15 11:36:00,2026-01-15 13:22:00,430,7,2
5050,8,4,12,2026-04-08 17:11:00,2026-04-08 20:37:00,262,2,2
5051,7,11,3,2026-02-25 06:29:00,2026-02-25 07:55:00,463,16,3
5052,10,16,1,2026-04-11 02:31:00,2026-04-11 06:02:00,141,6,3
5053,10,32,1,2026-02-06 02:14:00,2026-02-06 04:40:00,491,26,1
5054,3,42,11,2026-06-11 05:20:00,2026-06-11 09:09:00,112,0,1
5055,5,6,17,2026-05-31 21:51:00,2026-06-01 00:44:00,297,6,3
5056,8,20,9,2026-01-08 12:31:00,2026-01-08 15:12:00,139,7,1
5057,10,38,9,2026-02-14 03:59:00,2026-02-14 05:42:00,313,3,1
5058,9,33,19,2026-05-02 07:15:00,2026-05-02 09:41:00,310,6,1
5059,8,20,2,2026-04-25 10:19:00,2026-04-25 13:41:00,292,4,3
5060,9,40,11,2026-01-22 23:32:00,2026-01-23 03:07:00,495,11,3
5061,4,36,5,2026-03-02 04:28:00,2026-03-02 06:13:00,287,19,3
5062,3,42,7,2026-06-11 08:39:00,2026-06-11 11:20:00,104,4,3
5063,7,11,13,2026-02-12 08:25:00,2026-02-12 09:41:00,386,30,1
5064,2,46,16,2026-01-30 17:19:00,2026-01-30 21:05:00,478,24,2
5065,4,37,11,2026-05-24 14:46:00,2026-05-24 16:47:00,227,12,1
5066,6,17,15,2026-01-31 22:55:00,2026-02-01 00:32:00,197,6,3
5067,7,25,17,2026-06-19 15:39:00,2026-06-19 16:43:00,354,1,3
5068,3,5,14,2026-02-19 11:20:00,2026-02-19 13:13:00,229,15,2
5069,10,1,9,2026-06-16 11:23:00,2026-06-16 12:19:00,380,17,2
5070,10,9,11,2026-01-12 20:43:00,2026-01-13 00:18:00,423,29,1
5071,2,46,3,2026-06-28 08:07:00,2026-06-28 10:31:00,405,25,1
5072,10,7,7,2026-05-17 17:46:00,2026-05-17 19:57:00,166,10,3
5073,10,19,2,2026-03-12 02:07:00,2026-03-12 04:45:00,436,19,1
5074,6,12,16,2026-01-28 22:14:00,2026-01-29 00:04:00,400,17,2
5075,1,34,4,2026-03-03 08:19:00,2026-03-03 10:08:00,147,11,2
5076,6,17,10,2026-03-01 20:00:00,2026-03-01 22:51:00,419,14,3
5077,8,20,17,2026-01-10 03:27:00,2026-01-10 07:19:00,369,5,3
5078,6,39,20,2026-02-24 18:12:00,2026-02-24 21:23:00,442,16,2
5079,10,16,5,2026-01-03 01:02:00,2026-01-03 04:03:00,106,4,1
5080,8,20,1,2026-01-31 00:47:00,2026-01-31 02:29:00,305,5,2
5081,8,50,9,2026-03-18 22:24:00,2026-03-19 00:40:00,66,3,1
5082,8,50,1,2026-04-09 19:37:00,2026-04-09 20:51:00,196,7,1
5083,1,34,8,2026-02-18 23:57:00,2026-02-19 03:36:00,211,12,2
5084,3,30,7,2026-01-12 22:27:00,2026-01-13 00:38:00,195,15,2
5085,10,7,2,2026-02-20 23:30:00,2026-02-21 02:09:00,445,15,1
5086,10,7,10,2026-06-18 09:45:00,2026-06-18 11:09:00,494,36,1
5087,9,26,14,2026-06-05 18:49:00,2026-06-05 21:01:00,205,12,3
5088,7,48,17,2026-05-14 19:43:00,2026-05-14 21:54:00,57,2,2
5089,10,13,2,2026-04-13 01:31:00,2026-04-13 03:21:00,250,6,3
5090,1,47,15,2026-06-16 12:35:00,2026-06-16 14:09:00,340,21,2
5091,8,14,6,2026-05-04 23:05:00,2026-05-05 01:32:00,286,1,3
5092,7,25,12,2026-04-12 22:33:00,2026-04-13 00:31:00,263,6,3
5093,6,12,18,2026-03-07 21:46:00,2026-03-08 00:12:00,227,7,1
5094,6,27,9,2026-03-21 20:33:00,2026-03-22 00:26:00,54,2,2
5095,3,23,11,2026-01-13 01:52:00,2026-01-13 05:23:00,465,14,1
5096,4,15,11,2026-04-04 10:12:00,2026-04-04 13:04:00,187,8,1
5097,10,16,18,2026-02-09 05:56:00,2026-02-09 08:46:00,129,6,2
5098,1,34,16,2026-03-15 12:44:00,2026-03-15 14:45:00,124,9,3
5099,8,43,19,2026-03-20 20:51:00,2026-03-20 21:41:00,414,29,2
5100,10,32,6,2026-03-30 03:01:00,2026-03-30 04:09:00,141,3,3
5101,3,42,18,2026-01-27 19:50:00,2026-01-27 22:15:00,420,20,1
5102,8,20,18,2026-06-21 14:43:00,2026-06-21 17:02:00,141,7,1
5103,10,38,8,2026-03-03 10:13:00,2026-03-03 14:00:00,269,3,1
5104,10,18,14,2026-04-01 17:50:00,2026-04-01 20:07:00,336,4,2
5105,9,41,5,2026-03-22 12:24:00,2026-03-22 13:07:00,194,3,2
5106,6,17,3,2026-02-02 04:26:00,2026-02-02 05:52:00,434,11,3
5107,9,26,12,2026-01-03 03:43:00,2026-01-03 06:11:00,424,16,3
5108,10,7,4,2026-05-31 10:37:00,2026-05-31 14:14:00,245,16,1
5109,7,11,5,2026-04-13 01:25:00,2026-04-13 04:57:00,408,24,3
5110,3,5,10,2026-05-05 02:32:00,2026-05-05 05:08:00,276,5,1
5111,9,26,3,2026-06-25 17:31:00,2026-06-25 20:35:00,459,17,2
5112,8,21,2,2026-03-02 22:12:00,2026-03-02 22:45:00,82,4,1
5113,7,35,17,2026-06-07 04:40:00,2026-06-07 07:46:00,269,16,2
5114,4,36,19,2026-06-27 18:05:00,2026-06-27 19:53:00,452,18,1
5115,7,2,9,2026-04-27 15:48:00,2026-04-27 16:26:00,387,5,3
5116,2,46,14,2026-06-16 07:24:00,2026-06-16 10:19:00,281,0,3
5117,10,18,6,2026-05-02 04:15:00,2026-05-02 07:50:00,369,26,2
5118,3,24,2,2026-05-07 01:39:00,2026-05-07 05:23:00,118,7,2
5119,10,16,18,2026-02-01 17:24:00,2026-02-01 18:54:00,407,7,2
5120,5,6,17,2026-04-03 01:37:00,2026-04-03 02:48:00,88,0,1
5121,4,15,16,2026-05-23 01:54:00,2026-05-23 02:44:00,429,19,2
5122,3,24,9,2026-05-25 22:55:00,2026-05-25 23:32:00,173,1,3
5123,10,1,5,2026-03-31 22:38:00,2026-04-01 02:29:00,264,17,1
5124,8,50,18,2026-06-25 01:40:00,2026-06-25 02:42:00,83,5,1
5125,6,17,6,2026-06-28 17:08:00,2026-06-28 19:11:00,234,7,1
5126,4,36,2,2026-06-10 00:24:00,2026-06-10 01:02:00,438,26,2
5127,7,25,6,2026-02-09 21:54:00,2026-02-09 23:56:00,352,4,2
5128,4,37,3,2026-04-03 06:51:00,2026-04-03 10:46:00,341,17,1
5129,2,3,6,2026-03-03 16:05:00,2026-03-03 18:33:00,63,4,1
5130,7,25,7,2026-01-04 05:57:00,2026-01-04 07:06:00,152,2,2
5131,5,6,3,2026-03-17 06:27:00,2026-03-17 08:48:00,98,4,1
5132,8,20,12,2026-01-26 16:29:00,2026-01-26 17:43:00,403,23,2
5133,9,26,6,2026-03-15 01:21:00,2026-03-15 02:03:00,455,2,3
5134,5,6,2,2026-06-03 03:07:00,2026-06-03 04:41:00,483,10,2
5135,7,35,10,2026-04-26 21:48:00,2026-04-27 00:18:00,167,8,3
5136,9,26,4,2026-04-25 15:32:00,2026-04-25 19:11:00,427,33,2
5137,6,17,1,2026-06-03 00:15:00,2026-06-03 03:39:00,110,7,2
5138,7,49,7,2026-02-07 23:16:00,2026-02-08 02:50:00,488,37,1
5139,5,6,3,2026-05-02 20:28:00,2026-05-02 21:19:00,339,23,3
5140,9,26,3,2026-05-10 00:28:00,2026-05-10 03:12:00,348,6,3
5141,10,7,1,2026-03-28 11:09:00,2026-03-28 14:21:00,418,19,3
5142,8,43,3,2026-03-23 08:23:00,2026-03-23 10:42:00,173,5,2
5143,7,2,9,2026-03-08 05:11:00,2026-03-08 08:56:00,174,5,2
5144,9,22,10,2026-05-23 00:45:00,2026-05-23 04:15:00,295,10,3
5145,7,25,19,2026-06-16 18:34:00,2026-06-16 20:12:00,411,16,1
5146,7,49,20,2026-01-30 22:57:00,2026-01-31 00:45:00,141,2,2
5147,4,15,16,2026-04-28 06:52:00,2026-04-28 10:23:00,419,11,3
5148,7,49,18,2026-01-04 18:21:00,2026-01-04 19:41:00,387,0,3
5149,1,47,4,2026-05-24 11:33:00,2026-05-24 13:23:00,409,25,2
5150,7,25,20,2026-05-29 07:11:00,2026-05-29 07:58:00,240,0,3
5151,10,32,2,2026-01-09 01:37:00,2026-01-09 05:33:00,484,20,1
5152,3,30,7,2026-05-12 16:34:00,2026-05-12 19:38:00,255,15,1
5153,4,37,13,2026-02-27 07:47:00,2026-02-27 09:13:00,254,0,2
5154,7,35,20,2026-03-10 03:57:00,2026-03-10 04:41:00,154,8,2
5155,4,37,3,2026-03-25 10:45:00,2026-03-25 12:05:00,190,6,2
5156,4,37,12,2026-05-22 15:22:00,2026-05-22 16:37:00,116,6,2
5157,10,32,11,2026-05-13 08:17:00,2026-05-13 09:21:00,375,15,1
5158,4,37,2,2026-05-13 04:01:00,2026-05-13 06:34:00,322,11,1
5159,7,2,1,2026-04-12 00:00:00,2026-04-12 01:12:00,351,16,2
5160,4,8,17,2026-03-19 15:19:00,2026-03-19 19:03:00,243,11,1
5161,8,20,2,2026-06-14 20:08:00,2026-06-14 21:00:00,417,8,3
5162,9,33,12,2026-06-26 09:59:00,2026-06-26 13:31:00,352,1,2
5163,3,28,15,2026-06-07 09:56:00,2026-06-07 10:55:00,66,3,1
5164,2,3,4,2026-01-04 19:01:00,2026-01-04 21:25:00,415,21,2
5165,5,45,18,2026-02-11 12:23:00,2026-02-11 14:20:00,152,7,3
5166,3,23,7,2026-02-12 23:03:00,2026-02-12 23:58:00,67,2,2
5167,7,25,10,2026-04-14 14:34:00,2026-04-14 17:01:00,90,2,3
5168,9,41,11,2026-05-11 16:09:00,2026-05-11 19:14:00,412,9,1
5169,8,4,7,2026-06-10 18:51:00,2026-06-10 21:42:00,209,5,1
5170,4,15,17,2026-05-31 07:49:00,2026-05-31 10:10:00,498,16,3
5171,8,21,7,2026-01-31 03:32:00,2026-01-31 05:45:00,57,3,2
5172,4,8,18,2026-02-26 23:03:00,2026-02-27 01:24:00,132,4,1
5173,10,38,11,2026-05-12 16:40:00,2026-05-12 19:37:00,372,7,3
5174,7,31,19,2026-02-05 19:55:00,2026-02-05 23:21:00,340,19,3
5175,3,24,14,2026-04-08 03:45:00,2026-04-08 04:38:00,103,4,3
5176,10,16,9,2026-01-05 06:28:00,2026-01-05 10:28:00,432,0,2
5177,10,32,12,2026-05-22 05:44:00,2026-05-22 07:27:00,366,20,3
5178,10,13,1,2026-06-27 05:27:00,2026-06-27 06:45:00,471,35,2
5179,10,1,19,2026-03-18 09:22:00,2026-03-18 10:19:00,396,11,3
5180,9,26,2,2026-01-05 03:06:00,2026-01-05 06:55:00,130,7,3
5181,3,30,6,2026-01-27 08:49:00,2026-01-27 11:34:00,169,5,2
5182,2,3,10,2026-05-22 22:47:00,2026-05-23 01:38:00,183,8,3
5183,4,8,19,2026-01-02 09:32:00,2026-01-02 11:58:00,486,26,2
5184,4,37,13,2026-03-06 23:40:00,2026-03-07 01:20:00,327,8,1
5185,8,43,13,2026-03-19 21:50:00,2026-03-20 00:24:00,475,16,2
5186,3,28,17,2026-02-24 20:28:00,2026-02-24 21:43:00,114,1,3
5187,2,3,17,2026-02-09 10:10:00,2026-02-09 13:42:00,481,24,3
5188,10,1,14,2026-03-18 07:44:00,2026-03-18 10:34:00,399,20,3
5189,4,8,14,2026-04-05 22:49:00,2026-04-06 02:00:00,318,21,2
5190,8,50,4,2026-01-07 16:51:00,2026-01-07 19:30:00,187,7,1
5191,5,45,2,2026-04-29 03:24:00,2026-04-29 05:55:00,242,1,1
5192,10,1,11,2026-03-23 12:14:00,2026-03-23 14:08:00,304,19,2
5193,8,14,2,2026-02-17 15:29:00,2026-02-17 17:15:00,239,2,2
5194,8,10,15,2026-04-22 08:12:00,2026-04-22 09:51:00,54,1,2
5195,5,45,11,2026-04-16 23:58:00,2026-04-17 03:58:00,367,0,1
5196,8,4,13,2026-04-17 07:10:00,2026-04-17 08:44:00,249,8,2
5197,9,33,1,2026-05-26 13:21:00,2026-05-26 14:59:00,249,0,1
5198,9,33,4,2026-03-29 22:06:00,2026-03-30 00:11:00,203,15,3
5199,9,41,20,2026-06-02 13:24:00,2026-06-02 14:38:00,311,12,1
5200,1,34,6,2026-03-02 20:35:00,2026-03-02 23:34:00,158,9,3
5201,8,43,2,2026-04-27 00:42:00,2026-04-27 02:23:00,70,5,2
5202,5,6,10,2026-06-22 02:28:00,2026-06-22 03:01:00,256,1,3
5203,6,39,15,2026-04-21 04:15:00,2026-04-21 06:15:00,387,25,2
5204,8,14,9,2026-06-27 14:15:00,2026-06-27 17:52:00,341,10,1
5205,8,10,19,2026-05-11 16:06:00,2026-05-11 16:52:00,306,12,1
5206,4,37,1,2026-03-29 09:40:00,2026-03-29 13:31:00,426,18,3
5207,8,4,14,2026-03-07 01:52:00,2026-03-07 05:29:00,268,9,1
5208,8,43,13,2026-06-27 12:58:00,2026-06-27 15:29:00,489,25,2
5209,7,49,8,2026-06-16 02:38:00,2026-06-16 06:16:00,184,11,3
5210,8,10,10,2026-03-20 03:29:00,2026-03-20 05:29:00,457,12,1
5211,8,10,16,2026-03-01 04:09:00,2026-03-01 07:47:00,154,10,2
5212,8,20,14,2026-06-04 05:08:00,2026-06-04 07:45:00,467,15,1
5213,4,37,2,2026-05-30 15:54:00,2026-05-30 16:59:00,386,12,2
5214,1,34,19,2026-03-23 21:21:00,2026-03-24 00:33:00,358,10,1
5215,8,44,14,2026-04-02 02:26:00,2026-04-02 04:23:00,466,22,2
5216,3,28,18,2026-05-15 09:35:00,2026-05-15 12:11:00,174,11,2
5217,10,16,11,2026-04-19 01:11:00,2026-04-19 02:47:00,81,0,1
5218,9,40,15,2026-04-20 16:00:00,2026-04-20 17:24:00,448,26,2
5219,9,33,5,2026-03-01 10:01:00,2026-03-01 10:57:00,129,8,1
5220,7,31,16,2026-03-24 15:06:00,2026-03-24 15:59:00,419,7,2
5221,3,42,12,2026-01-29 10:37:00,2026-01-29 11:15:00,451,32,2
5222,4,8,18,2026-01-17 06:03:00,2026-01-17 08:45:00,72,0,2
5223,9,22,13,2026-01-25 04:21:00,2026-01-25 06:19:00,319,3,1
5224,10,13,15,2026-03-17 02:19:00,2026-03-17 05:27:00,257,16,3
5225,2,3,5,2026-03-18 15:35:00,2026-03-18 18:41:00,119,1,2
5226,8,14,11,2026-01-11 02:03:00,2026-01-11 04:28:00,354,0,2
5227,10,7,18,2026-01-20 03:04:00,2026-01-20 05:55:00,76,5,2
5228,3,5,10,2026-01-15 04:53:00,2026-01-15 07:01:00,102,5,3
5229,6,17,10,2026-03-25 12:25:00,2026-03-25 13:14:00,241,14,1
5230,8,43,11,2026-06-16 09:53:00,2026-06-16 11:26:00,78,1,1
5231,9,41,5,2026-01-29 14:16:00,2026-01-29 15:32:00,100,4,2
5232,7,31,13,2026-06-26 12:02:00,2026-06-26 13:45:00,234,10,1
5233,7,11,12,2026-03-16 03:42:00,2026-03-16 06:32:00,379,26,3
5234,8,44,20,2026-04-09 14:10:00,2026-04-09 18:00:00,423,0,2
5235,10,32,20,2026-06-01 16:15:00,2026-06-01 18:03:00,168,3,3
5236,7,48,9,2026-04-10 12:43:00,2026-04-10 13:49:00,460,13,3
5237,10,38,8,2026-01-25 05:26:00,2026-01-25 09:04:00,418,26,3
5238,4,29,17,2026-04-10 07:14:00,2026-04-10 09:15:00,413,30,3
5239,1,34,16,2026-01-20 23:03:00,2026-01-21 01:02:00,493,25,1
5240,10,16,3,2026-06-02 03:03:00,2026-06-02 06:18:00,291,15,2
5241,7,49,10,2026-02-06 16:45:00,2026-02-06 17:16:00,393,6,1
5242,4,36,19,2026-02-07 13:23:00,2026-02-07 16:42:00,342,5,1
5243,8,10,3,2026-05-08 06:30:00,2026-05-08 09:15:00,91,6,3
5244,10,19,2,2026-06-01 02:11:00,2026-06-01 03:10:00,462,34,1
5245,7,2,11,2026-04-21 01:19:00,2026-04-21 02:19:00,440,2,2
5246,9,22,18,2026-01-08 05:47:00,2026-01-08 09:18:00,418,0,3
5247,3,28,1,2026-05-08 03:21:00,2026-05-08 05:54:00,246,0,3
5248,4,36,13,2026-05-09 17:04:00,2026-05-09 17:54:00,438,9,1
5249,4,29,4,2026-06-24 06:25:00,2026-06-24 09:53:00,399,29,3
5250,4,36,1,2026-06-21 06:06:00,2026-06-21 09:53:00,108,0,2
5251,8,20,18,2026-06-27 04:31:00,2026-06-27 06:30:00,103,8,3
5252,8,43,3,2026-04-15 07:15:00,2026-04-15 08:43:00,315,1,1
5253,10,38,20,2026-03-20 17:06:00,2026-03-20 18:31:00,325,6,3
5254,8,50,4,2026-05-02 12:06:00,2026-05-02 15:06:00,301,14,3
5255,6,12,7,2026-02-26 22:12:00,2026-02-26 22:42:00,397,16,1
5256,4,29,10,2026-05-01 03:39:00,2026-05-01 06:06:00,194,1,2
5257,7,49,19,2026-01-20 14:57:00,2026-01-20 18:39:00,224,0,2
5258,7,48,1,2026-04-14 14:19:00,2026-04-14 15:20:00,99,7,1
5259,10,38,18,2026-04-21 00:18:00,2026-04-21 03:44:00,362,22,1
5260,3,42,5,2026-06-14 17:31:00,2026-06-14 21:24:00,235,2,3
5261,10,32,1,2026-02-04 10:52:00,2026-02-04 12:46:00,139,4,3
5262,4,36,16,2026-04-23 21:14:00,2026-04-23 23:29:00,164,11,3
5263,6,39,2,2026-05-02 11:36:00,2026-05-02 12:29:00,108,5,2
5264,7,35,19,2026-05-02 06:42:00,2026-05-02 10:10:00,100,2,1
5265,9,40,3,2026-04-06 18:05:00,2026-04-06 21:47:00,403,32,2
5266,4,29,18,2026-04-26 17:53:00,2026-04-26 20:35:00,407,7,3
5267,9,22,12,2026-01-02 15:31:00,2026-01-02 17:38:00,243,17,2
5268,6,12,3,2026-06-14 02:28:00,2026-06-14 05:31:00,465,17,2
5269,2,46,17,2026-01-18 04:11:00,2026-01-18 05:53:00,130,2,2
5270,5,6,8,2026-06-27 09:05:00,2026-06-27 11:31:00,60,3,1
5271,8,20,6,2026-04-19 03:55:00,2026-04-19 06:10:00,382,28,1
5272,10,19,15,2026-02-10 21:00:00,2026-02-10 23:43:00,354,12,3
5273,10,7,4,2026-06-27 07:54:00,2026-06-27 11:45:00,105,0,3
5274,4,15,5,2026-01-31 06:58:00,2026-01-31 09:10:00,154,7,3
5275,8,20,9,2026-04-16 00:34:00,2026-04-16 04:20:00,499,10,1
5276,10,38,2,2026-06-27 21:11:00,2026-06-27 22:26:00,298,18,2
5277,10,16,18,2026-02-23 10:40:00,2026-02-23 14:36:00,386,0,2
5278,8,14,9,2026-05-06 22:47:00,2026-05-07 00:39:00,470,7,1
5279,3,42,11,2026-04-02 09:53:00,2026-04-02 12:49:00,335,2,2
5280,9,40,6,2026-04-08 05:11:00,2026-04-08 07:02:00,188,10,3
5281,1,34,13,2026-04-18 14:23:00,2026-04-18 16:35:00,103,1,2
5282,7,25,16,2026-05-07 03:51:00,2026-05-07 05:30:00,92,6,3
5283,2,46,8,2026-03-03 18:53:00,2026-03-03 20:36:00,157,3,2
5284,10,9,6,2026-03-23 09:15:00,2026-03-23 12:18:00,299,15,3
5285,5,6,11,2026-02-09 00:38:00,2026-02-09 03:35:00,434,19,3
5286,4,15,12,2026-03-09 05:16:00,2026-03-09 07:58:00,435,9,3
5287,7,25,20,2026-02-18 05:16:00,2026-02-18 08:35:00,409,23,2
5288,9,40,12,2026-01-28 04:50:00,2026-01-28 06:29:00,302,20,3
5289,7,48,12,2026-04-09 12:33:00,2026-04-09 15:56:00,290,13,2
5290,4,8,15,2026-04-11 11:21:00,2026-04-11 13:29:00,65,4,1
5291,1,47,17,2026-03-20 06:21:00,2026-03-20 07:06:00,307,5,1
5292,10,16,1,2026-02-01 12:21:00,2026-02-01 13:36:00,141,11,2
5293,3,23,18,2026-02-03 20:05:00,2026-02-03 23:04:00,492,15,3
5294,3,28,7,2026-06-26 20:38:00,2026-06-26 21:44:00,383,24,1
5295,4,8,8,2026-04-17 18:39:00,2026-04-17 19:27:00,102,4,3
5296,8,14,9,2026-03-09 11:58:00,2026-03-09 15:27:00,454,23,3
5297,8,20,13,2026-02-23 11:35:00,2026-02-23 14:53:00,439,8,3
5298,10,18,13,2026-01-26 04:59:00,2026-01-26 07:50:00,93,1,3
5299,9,40,8,2026-04-25 14:22:00,2026-04-25 16:00:00,421,23,2
5300,10,13,17,2026-01-29 11:24:00,2026-01-29 14:31:00,156,2,3
5301,4,29,9,2026-05-31 08:58:00,2026-05-31 10:30:00,98,1,1
5302,6,17,14,2026-04-20 07:08:00,2026-04-20 08:29:00,444,13,3
5303,8,10,5,2026-01-19 20:21:00,2026-01-19 22:16:00,327,25,1
5304,10,1,18,2026-01-08 08:53:00,2026-01-08 10:53:00,121,8,2
5305,4,8,5,2026-04-19 02:46:00,2026-04-19 04:14:00,259,19,2
5306,8,20,14,2026-02-21 10:17:00,2026-02-21 13:01:00,391,1,1
5307,9,41,8,2026-02-07 16:42:00,2026-02-07 19:14:00,318,8,2
5308,9,26,6,2026-01-23 18:41:00,2026-01-23 21:38:00,126,5,3
5309,7,35,17,2026-05-05 05:53:00,2026-05-05 06:50:00,357,22,2
5310,7,48,5,2026-01-23 19:05:00,2026-01-23 22:22:00,252,17,1
5311,4,8,15,2026-03-19 05:52:00,2026-03-19 07:26:00,170,5,1
5312,2,3,20,2026-04-05 22:16:00,2026-04-05 23:36:00,341,5,2
5313,8,20,19,2026-05-25 10:07:00,2026-05-25 10:51:00,360,25,1
5314,8,20,3,2026-04-06 08:48:00,2026-04-06 10:00:00,289,10,1
5315,10,18,3,2026-04-01 04:49:00,2026-04-01 05:32:00,244,8,1
5316,8,10,18,2026-06-05 12:06:00,2026-06-05 16:06:00,133,5,3
5317,8,50,3,2026-04-06 12:12:00,2026-04-06 14:20:00,280,20,2
5318,4,29,13,2026-01-26 14:06:00,2026-01-26 16:18:00,273,14,3
5319,4,36,18,2026-02-05 21:30:00,2026-02-05 23:28:00,126,1,2
5320,7,25,14,2026-06-24 21:09:00,2026-06-25 00:30:00,79,4,1
5321,10,19,12,2026-06-16 05:55:00,2026-06-16 08:44:00,401,6,1
5322,10,16,13,2026-01-30 22:19:00,2026-01-31 02:11:00,424,14,1
5323,7,11,6,2026-02-16 11:17:00,2026-02-16 13:01:00,238,17,3
5324,10,19,12,2026-04-14 22:48:00,2026-04-15 00:57:00,380,7,2
5325,10,1,15,2026-06-19 09:28:00,2026-06-19 11:12:00,290,18,3
5326,7,48,15,2026-03-19 01:48:00,2026-03-19 05:31:00,250,9,3
5327,3,24,14,2026-06-10 03:29:00,2026-06-10 05:51:00,151,3,2
5328,4,8,10,2026-03-30 19:23:00,2026-03-30 21:06:00,270,10,1
5329,8,50,18,2026-04-05 08:30:00,2026-04-05 10:22:00,420,0,2
5330,9,33,14,2026-01-20 02:17:00,2026-01-20 03:00:00,419,16,2
5331,9,40,11,2026-05-01 08:49:00,2026-05-01 11:05:00,99,2,2
5332,2,46,17,2026-03-01 01:10:00,2026-03-01 03:47:00,94,0,1
5333,8,43,5,2026-03-10 09:17:00,2026-03-10 10:31:00,152,5,2
5334,5,45,12,2026-03-24 02:49:00,2026-03-24 06:47:00,180,2,1
5335,4,37,9,2026-01-28 14:22:00,2026-01-28 17:36:00,382,19,1
5336,3,28,10,2026-05-31 10:46:00,2026-05-31 13:35:00,461,16,3
5337,10,16,6,2026-06-22 00:06:00,2026-06-22 03:02:00,66,2,2
5338,3,24,4,2026-02-13 20:19:00,2026-02-13 22:39:00,141,6,1
5339,4,37,2,2026-06-27 22:51:00,2026-06-28 01:12:00,252,1,3
5340,8,14,17,2026-03-16 09:40:00,2026-03-16 11:57:00,344,16,2
5341,7,25,4,2026-05-01 21:47:00,2026-05-02 01:30:00,269,17,3
5342,7,11,3,2026-01-03 10:38:00,2026-01-03 12:47:00,85,2,3
5343,3,23,13,2026-02-14 18:29:00,2026-02-14 20:35:00,497,34,2
5344,8,44,3,2026-04-24 22:42:00,2026-04-25 00:57:00,222,7,2
5345,8,44,19,2026-03-07 20:08:00,2026-03-07 23:12:00,296,7,3
5346,10,32,11,2026-06-09 22:54:00,2026-06-09 23:24:00,231,17,2
5347,10,19,8,2026-05-19 15:27:00,2026-05-19 17:10:00,283,21,2
5348,10,38,12,2026-06-13 21:07:00,2026-06-13 21:49:00,437,16,1
5349,3,30,13,2026-03-07 00:15:00,2026-03-07 02:15:00,55,2,1
5350,10,18,9,2026-01-29 07:32:00,2026-01-29 11:01:00,434,2,3
5351,9,22,15,2026-04-22 10:26:00,2026-04-22 12:48:00,424,2,2
5352,6,17,19,2026-02-13 08:22:00,2026-02-13 11:34:00,418,6,2
5353,3,28,3,2026-06-27 01:38:00,2026-06-27 03:43:00,387,30,1
5354,4,37,5,2026-05-06 00:03:00,2026-05-06 04:03:00,225,13,2
5355,10,9,18,2026-05-23 19:50:00,2026-05-23 23:49:00,167,12,1
5356,7,48,17,2026-04-17 17:47:00,2026-04-17 21:26:00,449,15,3
5357,4,37,17,2026-02-08 00:20:00,2026-02-08 01:21:00,337,17,2
5358,6,27,13,2026-02-04 21:53:00,2026-02-04 23:28:00,172,10,3
5359,3,5,19,2026-06-03 21:31:00,2026-06-04 00:35:00,348,8,3
5360,2,3,8,2026-02-22 12:58:00,2026-02-22 16:23:00,106,2,2
5361,7,31,17,2026-06-07 17:39:00,2026-06-07 19:32:00,204,0,1
5362,6,12,9,2026-04-13 17:09:00,2026-04-13 18:46:00,169,12,2
5363,10,1,12,2026-06-11 17:12:00,2026-06-11 17:57:00,314,10,3
5364,10,19,18,2026-06-02 07:35:00,2026-06-02 11:12:00,199,14,3
5365,10,32,8,2026-05-28 21:40:00,2026-05-28 23:52:00,360,20,1
5366,10,7,16,2026-02-20 22:29:00,2026-02-21 01:55:00,282,19,1
5367,3,28,17,2026-03-28 18:04:00,2026-03-28 19:51:00,192,0,1
5368,9,26,5,2026-05-17 17:29:00,2026-05-17 20:40:00,364,27,2
5369,8,20,6,2026-04-13 19:02:00,2026-04-13 21:10:00,360,21,3
5370,9,26,14,2026-02-06 17:36:00,2026-02-06 20:57:00,394,1,2
5371,8,20,8,2026-03-29 07:23:00,2026-03-29 09:19:00,376,2,3
5372,3,5,12,2026-03-24 15:07:00,2026-03-24 16:46:00,328,18,1
5373,5,45,2,2026-02-18 02:50:00,2026-02-18 04:22:00,419,18,1
5374,6,27,18,2026-02-12 13:33:00,2026-02-12 16:56:00,292,20,3
5375,4,36,20,2026-05-19 12:32:00,2026-05-19 15:12:00,334,8,1
5376,6,27,19,2026-01-30 06:08:00,2026-01-30 07:31:00,316,24,1
5377,3,23,17,2026-06-10 09:35:00,2026-06-10 12:33:00,157,11,3
5378,2,3,11,2026-05-29 04:38:00,2026-05-29 08:10:00,424,18,2
5379,10,16,16,2026-05-07 22:31:00,2026-05-08 01:56:00,66,0,3
5380,7,31,17,2026-06-18 04:27:00,2026-06-18 05:26:00,275,15,1
5381,7,48,17,2026-04-10 11:19:00,2026-04-10 14:00:00,161,11,1
5382,7,25,11,2026-05-25 06:16:00,2026-05-25 09:44:00,81,4,2
5383,2,3,8,2026-01-25 00:55:00,2026-01-25 04:41:00,493,34,3
5384,10,19,4,2026-02-13 05:38:00,2026-02-13 07:30:00,337,22,3
5385,8,44,20,2026-05-23 23:21:00,2026-05-24 01:03:00,329,21,2
5386,1,47,1,2026-04-19 04:19:00,2026-04-19 06:49:00,237,15,3
5387,7,35,2,2026-04-14 13:24:00,2026-04-14 13:54:00,80,2,1
5388,4,29,4,2026-05-13 12:57:00,2026-05-13 16:22:00,319,24,3
5389,8,20,14,2026-01-24 09:32:00,2026-01-24 10:15:00,443,12,1
5390,8,14,9,2026-04-16 16:29:00,2026-04-16 19:15:00,173,10,2
5391,6,12,17,2026-04-06 04:44:00,2026-04-06 06:48:00,340,22,1
5392,1,34,19,2026-04-05 07:57:00,2026-04-05 11:39:00,379,4,3
5393,8,10,7,2026-06-23 07:48:00,2026-06-23 11:16:00,132,8,2
5394,10,13,3,2026-02-06 12:04:00,2026-02-06 12:55:00,247,16,2
5395,8,44,19,2026-02-23 12:15:00,2026-02-23 13:28:00,483,13,3
5396,1,34,14,2026-04-21 19:03:00,2026-04-21 21:02:00,413,19,2
5397,7,25,14,2026-03-07 15:14:00,2026-03-07 18:53:00,248,5,1
5398,8,4,4,2026-03-16 05:18:00,2026-03-16 07:13:00,365,0,3
5399,6,17,11,2026-01-29 23:03:00,2026-01-30 02:33:00,312,7,3
5400,7,31,7,2026-04-09 00:25:00,2026-04-09 02:44:00,246,11,1
5401,4,36,13,2026-06-16 18:46:00,2026-06-16 19:19:00,435,13,2
5402,6,17,7,2026-05-18 08:05:00,2026-05-18 09:41:00,233,2,1
5403,8,44,9,2026-06-17 08:01:00,2026-06-17 08:39:00,165,10,2
5404,3,5,11,2026-04-08 06:51:00,2026-04-08 07:25:00,459,31,3
5405,10,38,14,2026-01-06 15:25:00,2026-01-06 18:29:00,237,0,2
5406,8,14,6,2026-02-24 20:15:00,2026-02-24 21:22:00,73,4,3
5407,10,32,1,2026-03-31 23:25:00,2026-03-31 23:57:00,339,22,1
5408,10,1,10,2026-02-06 03:22:00,2026-02-06 05:08:00,232,13,3
5409,4,37,20,2026-06-15 05:32:00,2026-06-15 08:49:00,68,2,2
5410,7,11,13,2026-05-11 20:20:00,2026-05-11 22:11:00,156,9,2
5411,4,36,9,2026-05-17 13:58:00,2026-05-17 17:47:00,301,0,1
5412,4,37,1,2026-03-25 07:55:00,2026-03-25 10:47:00,155,11,2
5413,1,47,7,2026-04-04 14:23:00,2026-04-04 16:12:00,274,5,1
5414,2,3,19,2026-02-14 01:42:00,2026-02-14 03:55:00,187,12,1
5415,5,6,8,2026-01-15 11:21:00,2026-01-15 14:51:00,427,32,3
5416,4,36,13,2026-05-17 18:56:00,2026-05-17 21:47:00,397,9,2
5417,3,5,18,2026-02-16 10:45:00,2026-02-16 14:37:00,269,10,2
5418,10,1,15,2026-01-22 03:08:00,2026-01-22 06:45:00,124,4,1
5419,7,48,2,2026-05-16 12:46:00,2026-05-16 13:45:00,276,0,2
5420,2,3,8,2026-01-22 18:59:00,2026-01-22 19:58:00,55,3,3
5421,5,45,11,2026-03-18 05:28:00,2026-03-18 08:38:00,119,5,1
5422,4,29,8,2026-06-22 07:17:00,2026-06-22 07:52:00,291,17,2
5423,3,28,11,2026-04-11 21:51:00,2026-04-12 00:49:00,472,19,1
5424,10,32,6,2026-01-21 08:02:00,2026-01-21 11:05:00,441,15,2
5425,4,8,9,2026-01-29 19:57:00,2026-01-29 20:33:00,356,3,1
5426,7,2,8,2026-01-27 15:21:00,2026-01-27 19:02:00,442,0,1
5427,5,45,1,2026-03-08 18:28:00,2026-03-08 20:23:00,68,2,3
5428,4,29,9,2026-06-06 09:37:00,2026-06-06 10:13:00,394,30,1
5429,3,23,3,2026-02-13 17:00:00,2026-02-13 19:25:00,139,9,2
5430,3,5,8,2026-03-19 04:36:00,2026-03-19 06:48:00,304,22,1
5431,2,46,12,2026-06-03 18:14:00,2026-06-03 21:37:00,236,0,1
5432,4,37,18,2026-06-03 23:29:00,2026-06-04 01:32:00,117,8,3
5433,8,20,19,2026-04-02 09:28:00,2026-04-02 12:08:00,362,9,1
5434,7,48,17,2026-04-23 12:25:00,2026-04-23 13:26:00,331,19,1
5435,4,36,2,2026-05-21 18:12:00,2026-05-21 21:48:00,455,8,3
5436,4,37,3,2026-04-11 13:29:00,2026-04-11 14:43:00,54,1,2
5437,4,8,13,2026-03-18 09:27:00,2026-03-18 11:05:00,490,0,3
5438,10,13,1,2026-03-07 13:07:00,2026-03-07 16:56:00,413,2,1
5439,10,19,6,2026-01-20 08:28:00,2026-01-20 12:14:00,385,6,1
5440,9,33,11,2026-02-25 20:35:00,2026-02-25 21:56:00,344,13,3
5441,5,45,15,2026-05-16 08:01:00,2026-05-16 12:01:00,413,27,3
5442,3,28,9,2026-04-22 18:36:00,2026-04-22 19:37:00,210,12,2
5443,7,25,6,2026-05-16 07:54:00,2026-05-16 10:49:00,285,5,1
5444,8,21,9,2026-05-12 11:20:00,2026-05-12 13:19:00,139,10,1
5445,7,49,4,2026-06-08 02:14:00,2026-06-08 03:01:00,315,24,2
5446,10,9,20,2026-05-23 17:34:00,2026-05-23 20:50:00,219,14,1
5447,8,10,2,2026-01-08 16:59:00,2026-01-08 18:29:00,440,21,3
5448,10,16,14,2026-03-28 15:15:00,2026-03-28 16:53:00,366,15,2
5449,4,36,4,2026-03-01 23:56:00,2026-03-02 01:42:00,236,14,2
5450,8,44,15,2026-06-10 04:09:00,2026-06-10 06:43:00,82,2,2
5451,6,17,16,2026-04-01 14:37:00,2026-04-01 15:15:00,430,21,1
5452,4,15,7,2026-03-04 11:59:00,2026-03-04 13:14:00,65,3,3
5453,9,41,1,2026-06-08 13:24:00,2026-06-08 16:02:00,224,6,1
5454,6,39,7,2026-04-01 22:00:00,2026-04-01 22:46:00,195,12,3
5455,1,34,3,2026-03-17 17:39:00,2026-03-17 19:02:00,424,6,3
5456,3,30,17,2026-02-18 01:10:00,2026-02-18 01:54:00,58,4,1
5457,10,38,1,2026-05-30 13:22:00,2026-05-30 14:30:00,414,6,3
5458,5,6,15,2026-04-17 22:37:00,2026-04-17 23:17:00,279,8,3
5459,10,16,7,2026-03-15 19:35:00,2026-03-15 22:41:00,52,2,3
5460,7,49,12,2026-03-31 23:54:00,2026-04-01 02:09:00,184,6,1
5461,2,46,5,2026-03-06 17:40:00,2026-03-06 20:53:00,256,16,2
5462,2,46,5,2026-06-12 10:47:00,2026-06-12 14:43:00,325,11,2
5463,6,12,16,2026-03-23 10:49:00,2026-03-23 12:45:00,128,1,1
5464,8,20,16,2026-05-30 08:37:00,2026-05-30 12:26:00,181,13,2
5465,9,26,14,2026-06-08 09:16:00,2026-06-08 12:41:00,386,17,1
5466,4,8,4,2026-01-31 19:26:00,2026-01-31 22:54:00,255,15,2
5467,6,27,7,2026-06-13 10:23:00,2026-06-13 13:51:00,339,23,3
5468,3,42,12,2026-04-11 00:21:00,2026-04-11 01:56:00,348,26,1
5469,1,47,2,2026-06-21 02:55:00,2026-06-21 04:08:00,497,1,3
5470,10,16,12,2026-03-16 16:28:00,2026-03-16 17:42:00,197,6,2
5471,7,49,20,2026-05-02 19:04:00,2026-05-02 21:34:00,124,3,3
5472,6,27,19,2026-04-02 22:04:00,2026-04-03 01:30:00,338,16,2
5473,6,12,2,2026-01-10 14:46:00,2026-01-10 15:28:00,428,22,2
5474,9,26,4,2026-01-08 12:49:00,2026-01-08 13:30:00,333,16,3
5475,3,28,3,2026-02-21 03:00:00,2026-02-21 06:18:00,224,4,1
5476,10,32,11,2026-06-07 09:31:00,2026-06-07 12:21:00,117,9,2
5477,5,6,20,2026-04-10 22:07:00,2026-04-10 23:09:00,433,19,3
5478,7,11,12,2026-05-29 14:18:00,2026-05-29 15:57:00,366,20,1
5479,1,34,4,2026-06-03 14:32:00,2026-06-03 17:43:00,445,10,2
5480,5,45,13,2026-01-17 10:38:00,2026-01-17 13:25:00,175,3,1
5481,5,6,2,2026-03-26 10:44:00,2026-03-26 14:29:00,301,3,1
5482,8,43,3,2026-05-27 23:09:00,2026-05-28 01:18:00,463,23,1
5483,7,11,6,2026-04-16 03:46:00,2026-04-16 07:10:00,431,13,2
5484,7,35,8,2026-03-18 10:44:00,2026-03-18 13:13:00,160,5,1
5485,6,12,10,2026-04-25 04:20:00,2026-04-25 06:25:00,476,2,2
5486,10,9,11,2026-01-12 15:32:00,2026-01-12 17:42:00,168,1,3
5487,10,7,8,2026-04-02 17:49:00,2026-04-02 20:47:00,394,7,3
5488,1,47,4,2026-06-24 04:30:00,2026-06-24 05:35:00,273,17,3
5489,10,38,5,2026-06-15 01:07:00,2026-06-15 01:50:00,218,11,1
5490,3,28,5,2026-03-06 21:06:00,2026-03-06 23:43:00,409,13,2
5491,5,6,7,2026-03-31 20:13:00,2026-03-31 21:14:00,181,5,1
5492,9,33,5,2026-01-18 09:32:00,2026-01-18 12:43:00,366,19,1
5493,10,9,11,2026-06-29 06:09:00,2026-06-29 08:05:00,116,7,3
5494,3,5,18,2026-01-19 10:12:00,2026-01-19 10:47:00,91,5,3
5495,1,34,14,2026-06-10 02:19:00,2026-06-10 03:48:00,299,12,3
5496,7,25,6,2026-05-01 03:13:00,2026-05-01 05:28:00,143,0,1
5497,7,35,6,2026-03-30 21:13:00,2026-03-30 23:36:00,376,17,3
5498,7,25,16,2026-04-13 19:49:00,2026-04-13 22:11:00,422,24,3
5499,7,11,9,2026-04-26 03:32:00,2026-04-26 06:44:00,50,3,1
5500,8,4,18,2026-05-03 03:25:00,2026-05-03 05:09:00,412,11,1
5501,4,8,13,2026-05-03 12:28:00,2026-05-03 14:45:00,130,6,2
5502,4,36,8,2026-04-02 22:03:00,2026-04-03 01:14:00,145,0,2
5503,9,41,5,2026-05-21 17:48:00,2026-05-21 20:45:00,325,15,2
5504,9,26,14,2026-06-18 00:42:00,2026-06-18 04:03:00,282,3,1
5505,8,43,1,2026-03-10 13:15:00,2026-03-10 16:28:00,485,14,3
5506,9,33,16,2026-03-24 02:01:00,2026-03-24 04:27:00,395,11,2
5507,9,26,17,2026-06-28 21:00:00,2026-06-28 21:56:00,362,19,3
5508,10,13,5,2026-06-10 20:11:00,2026-06-10 22:36:00,170,2,2
5509,9,41,20,2026-03-30 08:27:00,2026-03-30 09:06:00,208,10,3
5510,10,18,9,2026-06-10 08:29:00,2026-06-10 12:09:00,191,4,1
5511,6,17,19,2026-05-03 07:06:00,2026-05-03 09:30:00,372,1,1
5512,10,16,10,2026-01-28 20:01:00,2026-01-29 00:01:00,292,3,2
5513,7,2,8,2026-03-25 18:38:00,2026-03-25 21:09:00,71,1,3
5514,10,38,16,2026-05-22 02:00:00,2026-05-22 04:35:00,460,14,1
5515,3,5,18,2026-01-11 06:28:00,2026-01-11 07:23:00,232,9,1
5516,2,3,3,2026-04-26 01:37:00,2026-04-26 04:18:00,105,5,1
5517,6,27,14,2026-05-22 13:36:00,2026-05-22 16:14:00,319,0,1
5518,4,15,7,2026-04-19 04:25:00,2026-04-19 04:55:00,121,8,1
5519,3,42,9,2026-05-11 15:52:00,2026-05-11 19:00:00,411,9,1
5520,10,38,3,2026-02-10 07:24:00,2026-02-10 08:29:00,169,4,3
5521,4,15,17,2026-04-20 13:46:00,2026-04-20 16:27:00,71,3,3
5522,8,44,1,2026-05-20 00:22:00,2026-05-20 00:53:00,105,3,2
5523,9,41,14,2026-05-10 12:26:00,2026-05-10 15:57:00,146,0,3
5524,5,45,6,2026-01-19 18:10:00,2026-01-19 19:28:00,195,7,3
5525,5,45,19,2026-04-13 15:36:00,2026-04-13 17:23:00,425,24,2
5526,9,33,18,2026-04-13 09:00:00,2026-04-13 09:54:00,468,3,1
5527,10,38,14,2026-02-03 14:21:00,2026-02-03 16:04:00,318,19,3
5528,4,29,7,2026-03-18 04:47:00,2026-03-18 07:16:00,249,11,1
5529,9,40,6,2026-06-12 18:23:00,2026-06-12 20:48:00,399,24,3
5530,10,1,8,2026-06-23 07:28:00,2026-06-23 08:34:00,208,7,3
5531,10,13,5,2026-05-08 21:29:00,2026-05-08 22:53:00,233,4,3
5532,7,48,14,2026-06-18 13:31:00,2026-06-18 17:08:00,224,8,3
5533,10,7,11,2026-03-17 12:31:00,2026-03-17 15:21:00,430,24,1
5534,8,14,20,2026-01-25 15:12:00,2026-01-25 16:19:00,406,0,3
5535,4,8,3,2026-03-16 00:31:00,2026-03-16 04:18:00,278,12,1
5536,7,25,2,2026-03-30 11:41:00,2026-03-30 12:45:00,216,2,1
5537,7,31,7,2026-03-15 13:11:00,2026-03-15 16:50:00,191,4,1
5538,8,50,6,2026-03-11 12:59:00,2026-03-11 14:52:00,324,1,3
5539,2,46,12,2026-06-22 12:23:00,2026-06-22 15:21:00,363,1,3
5540,4,37,20,2026-06-24 13:56:00,2026-06-24 15:52:00,132,7,2
5541,10,38,15,2026-03-22 18:04:00,2026-03-22 21:11:00,133,7,1
5542,3,42,6,2026-04-28 06:38:00,2026-04-28 07:59:00,61,2,1
5543,4,8,7,2026-03-31 22:25:00,2026-04-01 00:20:00,420,5,1
5544,5,6,13,2026-06-11 23:01:00,2026-06-11 23:35:00,401,13,1
5545,3,42,18,2026-06-24 17:47:00,2026-06-24 20:06:00,97,7,2
5546,3,24,12,2026-02-12 05:36:00,2026-02-12 09:26:00,123,6,3
5547,10,13,14,2026-04-03 03:55:00,2026-04-03 05:02:00,345,11,3
5548,6,12,3,2026-01-18 06:48:00,2026-01-18 07:58:00,450,33,3
5549,7,35,8,2026-01-31 10:52:00,2026-01-31 11:44:00,386,6,3
5550,3,5,17,2026-03-29 09:06:00,2026-03-29 11:31:00,99,3,1
5551,4,8,3,2026-04-10 17:48:00,2026-04-10 21:18:00,359,19,2
5552,3,23,14,2026-06-22 22:44:00,2026-06-23 02:31:00,173,9,1
5553,8,4,19,2026-03-22 06:07:00,2026-03-22 08:55:00,177,4,2
5554,10,32,5,2026-03-07 17:37:00,2026-03-07 19:47:00,155,9,3
5555,5,45,15,2026-01-23 22:42:00,2026-01-24 00:44:00,331,26,3
5556,9,40,6,2026-05-15 21:59:00,2026-05-16 00:33:00,54,0,1
5557,6,27,5,2026-01-27 14:51:00,2026-01-27 18:07:00,347,21,3
5558,9,33,17,2026-01-04 06:23:00,2026-01-04 07:29:00,478,16,3
5559,3,24,11,2026-04-27 00:01:00,2026-04-27 01:16:00,181,11,1
5560,8,4,18,2026-04-15 02:02:00,2026-04-15 02:38:00,466,14,3
5561,1,34,12,2026-02-13 05:25:00,2026-02-13 06:39:00,154,8,1
5562,9,41,12,2026-03-04 14:18:00,2026-03-04 17:48:00,227,14,1
5563,3,24,18,2026-02-02 03:16:00,2026-02-02 05:44:00,74,2,1
5564,3,28,11,2026-01-13 19:31:00,2026-01-13 23:30:00,334,25,1
5565,10,38,19,2026-01-12 16:48:00,2026-01-12 20:03:00,100,2,2
5566,6,12,18,2026-04-23 07:29:00,2026-04-23 09:15:00,391,22,2
5567,4,15,11,2026-01-03 23:15:00,2026-01-04 01:03:00,91,4,2
5568,10,32,11,2026-01-22 13:44:00,2026-01-22 15:22:00,212,16,2
5569,8,43,14,2026-05-28 20:38:00,2026-05-28 22:27:00,480,6,3
5570,3,5,9,2026-03-10 20:01:00,2026-03-10 23:03:00,143,6,3
5571,10,13,6,2026-05-24 03:05:00,2026-05-24 05:38:00,58,4,2
5572,6,17,11,2026-03-02 00:12:00,2026-03-02 03:08:00,311,11,1
5573,5,45,9,2026-02-04 09:29:00,2026-02-04 10:33:00,101,3,2
5574,8,10,19,2026-06-03 08:44:00,2026-06-03 11:44:00,442,11,3
5575,10,16,17,2026-01-19 21:00:00,2026-01-19 22:36:00,325,10,3
5576,9,33,12,2026-03-02 07:53:00,2026-03-02 09:18:00,53,2,3
5577,3,23,15,2026-02-20 11:49:00,2026-02-20 15:48:00,221,6,1
5578,10,1,12,2026-02-24 22:37:00,2026-02-25 00:47:00,236,12,3
5579,9,41,18,2026-05-30 03:46:00,2026-05-30 05:03:00,160,4,3
5580,8,14,16,2026-03-31 02:45:00,2026-03-31 04:50:00,389,15,2
5581,7,25,11,2026-06-19 08:58:00,2026-06-19 10:30:00,169,5,3
5582,9,33,13,2026-05-03 12:02:00,2026-05-03 12:46:00,388,12,2
5583,8,50,4,2026-01-25 11:48:00,2026-01-25 13:30:00,422,10,2
5584,1,47,7,2026-01-24 17:55:00,2026-01-24 20:24:00,398,2,3
5585,9,33,14,2026-05-30 14:35:00,2026-05-30 16:52:00,219,8,1
5586,6,12,14,2026-04-16 23:42:00,2026-04-17 02:01:00,157,1,2
5587,8,20,20,2026-05-01 18:14:00,2026-05-01 19:42:00,150,10,3
5588,7,2,17,2026-05-07 08:29:00,2026-05-07 12:09:00,336,18,3
5589,9,41,3,2026-03-26 14:24:00,2026-03-26 15:35:00,500,38,2
5590,5,45,13,2026-05-26 00:11:00,2026-05-26 04:05:00,72,3,3
5591,4,8,3,2026-01-23 09:06:00,2026-01-23 10:11:00,391,15,3
5592,6,39,12,2026-05-31 22:53:00,2026-06-01 02:15:00,161,2,2
5593,3,30,20,2026-01-18 16:53:00,2026-01-18 19:43:00,92,2,3
5594,10,32,5,2026-06-06 06:10:00,2026-06-06 07:53:00,355,13,2
5595,8,10,1,2026-04-02 09:51:00,2026-04-02 11:19:00,295,11,1
5596,4,29,5,2026-01-29 22:25:00,2026-01-30 00:52:00,395,15,1
5597,4,8,10,2026-01-27 20:10:00,2026-01-27 20:52:00,312,4,1
5598,10,9,8,2026-04-02 01:46:00,2026-04-02 02:37:00,231,17,2
5599,6,17,1,2026-02-11 12:13:00,2026-02-11 13:33:00,140,6,1
5600,6,27,15,2026-02-22 07:27:00,2026-02-22 08:39:00,494,36,2
5601,10,19,17,2026-05-11 17:04:00,2026-05-11 19:55:00,392,11,3
5602,8,43,11,2026-05-21 08:34:00,2026-05-21 12:04:00,491,4,3
5603,1,34,13,2026-02-27 17:44:00,2026-02-27 20:36:00,277,14,2
5604,3,24,7,2026-06-20 06:00:00,2026-06-20 09:40:00,165,3,3
5605,8,20,8,2026-04-15 21:36:00,2026-04-16 01:32:00,317,1,3
5606,3,24,15,2026-01-04 00:23:00,2026-01-04 02:06:00,108,1,3
5607,10,7,10,2026-04-07 17:34:00,2026-04-07 19:18:00,413,12,2
5608,4,37,7,2026-03-05 04:48:00,2026-03-05 08:39:00,494,10,2
5609,10,16,11,2026-06-14 14:50:00,2026-06-14 16:43:00,76,6,2
5610,10,18,10,2026-04-21 14:44:00,2026-04-21 16:13:00,297,21,3
5611,9,33,2,2026-04-01 03:23:00,2026-04-01 05:02:00,353,25,3
5612,9,41,11,2026-06-17 20:49:00,2026-06-17 22:08:00,79,2,1
5613,5,45,19,2026-04-05 15:57:00,2026-04-05 17:42:00,443,10,2
5614,3,24,12,2026-05-03 20:12:00,2026-05-03 21:26:00,239,9,2
5615,10,19,18,2026-06-20 14:54:00,2026-06-20 16:00:00,327,1,2
5616,9,22,17,2026-06-06 06:51:00,2026-06-06 09:02:00,251,4,1
5617,9,33,1,2026-03-28 11:29:00,2026-03-28 14:00:00,284,17,3
5618,10,1,14,2026-05-20 18:43:00,2026-05-20 19:23:00,402,27,3
5619,7,35,19,2026-01-16 22:02:00,2026-01-17 00:10:00,321,13,2
5620,8,4,18,2026-06-19 02:25:00,2026-06-19 04:45:00,131,9,2
5621,2,46,11,2026-05-21 11:24:00,2026-05-21 11:54:00,343,7,1
5622,3,28,20,2026-01-08 21:59:00,2026-01-09 01:36:00,173,0,2
5623,10,7,15,2026-02-16 02:35:00,2026-02-16 06:01:00,363,4,2
5624,3,23,11,2026-05-14 04:16:00,2026-05-14 06:26:00,498,0,3
5625,8,43,7,2026-05-21 03:51:00,2026-05-21 06:58:00,248,10,1
5626,6,27,1,2026-05-17 08:39:00,2026-05-17 11:55:00,421,31,1
5627,10,38,11,2026-01-13 13:39:00,2026-01-13 15:58:00,169,4,2
5628,7,49,14,2026-02-02 04:51:00,2026-02-02 08:37:00,119,1,1
5629,4,29,6,2026-01-29 06:57:00,2026-01-29 08:30:00,133,6,1
5630,3,24,2,2026-03-18 13:31:00,2026-03-18 15:27:00,191,1,2
5631,5,6,5,2026-03-19 17:08:00,2026-03-19 20:42:00,366,3,1
5632,4,36,4,2026-04-27 03:49:00,2026-04-27 06:03:00,373,23,3
5633,3,30,13,2026-02-25 11:06:00,2026-02-25 13:27:00,323,20,1
5634,3,30,9,2026-03-01 06:39:00,2026-03-01 09:17:00,206,0,3
5635,7,35,9,2026-06-17 04:00:00,2026-06-17 07:07:00,349,14,2
5636,8,20,7,2026-06-28 16:05:00,2026-06-28 19:01:00,58,2,3
5637,6,12,7,2026-04-27 18:56:00,2026-04-27 22:01:00,81,1,1
5638,6,27,16,2026-03-31 15:06:00,2026-03-31 16:42:00,373,5,3
5639,5,6,5,2026-04-21 00:06:00,2026-04-21 00:38:00,92,5,3
5640,10,13,3,2026-03-14 23:25:00,2026-03-15 01:11:00,147,10,3
5641,9,33,13,2026-05-10 02:18:00,2026-05-10 05:57:00,413,16,2
5642,2,3,16,2026-05-25 07:06:00,2026-05-25 08:10:00,485,4,2
5643,1,34,6,2026-01-30 09:23:00,2026-01-30 12:28:00,337,13,3
5644,10,9,15,2026-04-15 12:05:00,2026-04-15 12:57:00,164,7,3
5645,3,30,4,2026-03-20 06:11:00,2026-03-20 08:58:00,409,7,3
5646,2,3,9,2026-03-19 09:29:00,2026-03-19 12:30:00,64,1,2
5647,6,27,3,2026-04-10 02:18:00,2026-04-10 04:20:00,408,10,3
5648,3,5,13,2026-01-25 14:51:00,2026-01-25 15:52:00,315,18,1
5649,5,6,1,2026-01-26 17:59:00,2026-01-26 19:17:00,61,1,1
5650,9,33,12,2026-06-28 01:16:00,2026-06-28 04:01:00,303,0,3
5651,5,45,18,2026-06-20 08:27:00,2026-06-20 09:32:00,484,1,3
5652,4,8,9,2026-02-14 12:49:00,2026-02-14 13:25:00,84,3,3
5653,3,23,1,2026-02-28 02:09:00,2026-02-28 03:51:00,186,5,3
5654,10,9,17,2026-04-02 02:30:00,2026-04-02 05:22:00,174,6,1
5655,3,23,14,2026-04-27 16:00:00,2026-04-27 16:46:00,438,15,2
5656,7,2,13,2026-03-29 06:24:00,2026-03-29 08:19:00,436,2,3
5657,3,23,17,2026-05-02 13:31:00,2026-05-02 14:58:00,170,8,2
5658,7,35,6,2026-04-12 10:41:00,2026-04-12 14:15:00,78,5,2
5659,1,34,18,2026-05-19 16:47:00,2026-05-19 20:08:00,129,8,1
5660,7,25,13,2026-04-04 03:27:00,2026-04-04 04:41:00,325,6,1
5661,10,1,3,2026-06-09 22:20:00,2026-06-10 01:33:00,331,1,3
5662,6,39,4,2026-06-09 15:27:00,2026-06-09 16:14:00,149,5,3
5663,9,40,20,2026-04-20 13:33:00,2026-04-20 14:32:00,199,14,2
5664,3,30,11,2026-06-29 06:39:00,2026-06-29 07:36:00,305,11,2
5665,7,48,13,2026-01-30 02:53:00,2026-01-30 06:28:00,177,10,3
5666,9,40,17,2026-02-27 10:48:00,2026-02-27 13:22:00,171,4,2
5667,5,45,16,2026-04-29 20:33:00,2026-04-29 22:47:00,339,4,2
5668,8,50,13,2026-06-18 17:39:00,2026-06-18 20:16:00,265,16,3
5669,9,22,17,2026-05-09 21:39:00,2026-05-10 00:52:00,259,19,1
5670,8,10,12,2026-06-20 06:24:00,2026-06-20 07:44:00,161,3,1
5671,3,24,12,2026-06-25 10:54:00,2026-06-25 13:49:00,488,7,2
5672,8,43,19,2026-03-15 12:05:00,2026-03-15 13:56:00,56,2,1
5673,10,32,11,2026-01-03 07:53:00,2026-01-03 09:03:00,139,4,3
5674,4,29,15,2026-04-27 13:20:00,2026-04-27 14:30:00,228,17,2
5675,2,3,19,2026-05-16 23:06:00,2026-05-17 01:19:00,162,3,1
5676,6,17,14,2026-05-09 16:19:00,2026-05-09 18:33:00,401,24,1
5677,10,38,18,2026-03-17 21:16:00,2026-03-18 00:33:00,436,13,1
5678,8,10,11,2026-02-20 01:52:00,2026-02-20 04:08:00,140,6,3
5679,1,34,14,2026-02-12 12:36:00,2026-02-12 13:40:00,242,13,3
5680,5,45,2,2026-06-20 19:16:00,2026-06-20 19:55:00,442,13,3
5681,1,34,9,2026-05-10 13:23:00,2026-05-10 17:13:00,148,11,2
5682,3,24,11,2026-05-03 11:40:00,2026-05-03 12:54:00,370,23,2
5683,6,12,8,2026-05-03 02:50:00,2026-05-03 04:15:00,378,10,3
5684,10,7,5,2026-06-21 15:13:00,2026-06-21 18:41:00,106,7,2
5685,8,10,15,2026-06-29 13:31:00,2026-06-29 15:19:00,452,10,1
5686,8,10,1,2026-05-16 18:15:00,2026-05-16 19:04:00,317,22,1
5687,2,3,2,2026-05-11 22:33:00,2026-05-12 02:09:00,417,14,1
5688,8,20,17,2026-05-30 07:47:00,2026-05-30 09:48:00,482,17,3
5689,10,1,13,2026-01-04 15:04:00,2026-01-04 15:42:00,460,3,3
5690,10,7,4,2026-05-15 15:03:00,2026-05-15 18:56:00,449,33,1
5691,4,15,5,2026-01-28 05:58:00,2026-01-28 08:29:00,424,20,2
5692,4,37,19,2026-06-12 22:45:00,2026-06-13 00:28:00,484,10,1
5693,6,17,5,2026-01-14 02:51:00,2026-01-14 06:24:00,435,24,2
5694,5,6,17,2026-06-22 00:36:00,2026-06-22 04:28:00,143,1,1
5695,10,38,19,2026-02-14 02:44:00,2026-02-14 03:14:00,70,3,2
5696,7,48,14,2026-05-30 16:26:00,2026-05-30 19:26:00,350,20,2
5697,10,18,4,2026-05-26 14:41:00,2026-05-26 16:46:00,140,3,1
5698,7,31,2,2026-04-25 19:40:00,2026-04-25 20:19:00,181,0,3
5699,10,18,20,2026-06-24 13:39:00,2026-06-24 17:07:00,492,23,1
5700,9,26,1,2026-01-13 05:40:00,2026-01-13 07:22:00,317,22,1
5701,8,10,20,2026-04-06 22:39:00,2026-04-07 00:57:00,205,9,1
5702,5,6,10,2026-05-05 22:06:00,2026-05-06 00:14:00,95,6,2
5703,5,45,6,2026-01-08 21:03:00,2026-01-08 23:32:00,268,1,3
5704,4,37,6,2026-01-12 22:49:00,2026-01-13 01:31:00,477,26,1
5705,10,7,8,2026-03-27 02:05:00,2026-03-27 03:36:00,305,8,2
5706,3,30,3,2026-05-04 21:49:00,2026-05-05 01:08:00,91,1,3
5707,3,5,15,2026-01-09 07:00:00,2026-01-09 10:46:00,450,8,1
5708,4,36,3,2026-05-28 08:39:00,2026-05-28 09:52:00,317,15,2
5709,6,17,14,2026-06-16 05:07:00,2026-06-16 06:01:00,389,26,2
5710,10,7,12,2026-01-16 13:53:00,2026-01-16 15:37:00,339,15,3
5711,4,37,10,2026-05-07 19:17:00,2026-05-07 22:04:00,303,15,1
5712,7,49,3,2026-06-01 14:48:00,2026-06-01 18:19:00,197,1,1
5713,9,33,2,2026-04-07 19:01:00,2026-04-07 20:26:00,435,18,3
5714,10,38,20,2026-05-09 19:10:00,2026-05-09 22:39:00,317,14,3
5715,8,44,20,2026-03-24 17:00:00,2026-03-24 20:39:00,221,14,1
5716,9,41,8,2026-05-12 22:11:00,2026-05-12 23:54:00,322,17,1
5717,10,18,12,2026-03-06 04:03:00,2026-03-06 07:52:00,330,18,1
5718,6,27,15,2026-04-20 12:52:00,2026-04-20 16:14:00,198,0,2
5719,6,17,15,2026-04-10 07:02:00,2026-04-10 09:39:00,261,12,3
5720,9,40,13,2026-01-11 11:52:00,2026-01-11 13:22:00,177,12,1
5721,10,16,10,2026-02-01 19:01:00,2026-02-01 22:23:00,132,8,1
5722,10,9,5,2026-06-25 01:23:00,2026-06-25 02:42:00,361,25,3
5723,1,34,8,2026-06-02 13:33:00,2026-06-02 17:30:00,233,7,2
5724,2,3,9,2026-01-03 02:43:00,2026-01-03 03:24:00,283,6,1
5725,10,16,7,2026-04-20 11:30:00,2026-04-20 14:14:00,363,12,3
5726,10,18,17,2026-04-01 21:07:00,2026-04-01 23:00:00,444,4,2
5727,10,1,4,2026-05-07 13:04:00,2026-05-07 15:46:00,165,5,1
5728,7,35,10,2026-05-16 20:02:00,2026-05-16 23:19:00,261,14,2
5729,9,22,14,2026-01-13 16:01:00,2026-01-13 19:43:00,64,2,1
5730,4,29,1,2026-02-21 21:39:00,2026-02-21 23:47:00,250,8,1
5731,10,9,5,2026-01-30 10:53:00,2026-01-30 11:37:00,402,5,3
5732,9,33,9,2026-02-24 10:33:00,2026-02-24 14:13:00,102,8,1
5733,10,7,7,2026-05-29 04:26:00,2026-05-29 07:29:00,224,0,1
5734,10,16,1,2026-06-05 19:49:00,2026-06-05 22:16:00,449,35,2
5735,5,6,8,2026-04-25 03:00:00,2026-04-25 05:10:00,204,2,2
5736,8,14,16,2026-01-17 10:32:00,2026-01-17 14:29:00,329,17,2
5737,1,34,16,2026-01-02 19:39:00,2026-01-02 20:31:00,329,8,2
5738,7,31,4,2026-05-30 02:17:00,2026-05-30 04:54:00,63,3,2
5739,9,33,7,2026-06-11 11:13:00,2026-06-11 12:10:00,337,4,1
5740,8,43,7,2026-01-03 12:25:00,2026-01-03 13:48:00,85,4,3
5741,3,30,18,2026-05-03 05:09:00,2026-05-03 06:20:00,312,16,1
5742,8,21,17,2026-03-26 05:02:00,2026-03-26 05:39:00,80,0,1
5743,8,10,18,2026-03-02 07:24:00,2026-03-02 08:32:00,212,4,3
5744,7,48,13,2026-02-09 22:08:00,2026-02-09 23:10:00,450,18,1
5745,9,22,7,2026-03-03 04:01:00,2026-03-03 05:09:00,105,5,3
5746,10,16,16,2026-02-08 05:50:00,2026-02-08 08:21:00,244,13,3
5747,9,22,8,2026-04-17 13:01:00,2026-04-17 13:35:00,170,1,1
5748,8,44,3,2026-04-22 23:00:00,2026-04-22 23:56:00,122,7,2
5749,8,21,10,2026-06-01 15:26:00,2026-06-01 17:38:00,409,19,1
5750,5,6,20,2026-03-27 17:41:00,2026-03-27 19:45:00,500,39,1
5751,10,1,19,2026-04-04 07:24:00,2026-04-04 11:01:00,336,21,1
5752,1,34,13,2026-02-02 23:31:00,2026-02-03 00:40:00,391,19,3
5753,7,11,6,2026-04-16 12:35:00,2026-04-16 14:06:00,388,29,1
5754,1,34,18,2026-03-23 10:01:00,2026-03-23 12:15:00,416,29,2
5755,3,23,9,2026-05-20 08:07:00,2026-05-20 09:08:00,304,5,1
5756,10,18,3,2026-05-03 23:47:00,2026-05-04 01:07:00,125,2,2
5757,2,46,4,2026-04-11 19:25:00,2026-04-11 22:06:00,192,4,1
5758,5,6,7,2026-03-23 21:19:00,2026-03-24 01:10:00,242,17,3
5759,4,29,8,2026-04-23 10:45:00,2026-04-23 12:27:00,407,31,1
5760,5,45,11,2026-02-24 11:50:00,2026-02-24 14:30:00,179,13,2
5761,8,10,16,2026-06-11 06:12:00,2026-06-11 07:33:00,173,5,2
5762,6,12,5,2026-01-30 04:08:00,2026-01-30 05:42:00,421,12,2
5763,6,39,17,2026-06-05 15:13:00,2026-06-05 17:07:00,185,2,3
5764,3,28,8,2026-01-01 20:45:00,2026-01-01 21:30:00,444,32,3
5765,10,32,1,2026-03-25 08:32:00,2026-03-25 10:23:00,185,10,1
5766,10,18,20,2026-01-14 00:14:00,2026-01-14 01:00:00,398,4,3
5767,7,25,16,2026-04-05 17:00:00,2026-04-05 20:30:00,195,13,2
5768,5,6,12,2026-04-09 13:12:00,2026-04-09 14:57:00,487,37,3
5769,10,18,6,2026-02-07 15:51:00,2026-02-07 17:34:00,402,17,1
5770,3,5,8,2026-04-23 10:28:00,2026-04-23 11:41:00,472,16,1
5771,5,45,17,2026-03-15 11:06:00,2026-03-15 14:30:00,232,6,1
5772,8,21,17,2026-02-02 06:50:00,2026-02-02 08:09:00,460,6,1
5773,9,33,20,2026-03-07 12:02:00,2026-03-07 13:23:00,319,15,2
5774,10,18,11,2026-06-02 23:21:00,2026-06-03 00:57:00,312,21,3
5775,4,29,3,2026-05-19 05:30:00,2026-05-19 07:38:00,243,18,3
5776,1,47,20,2026-01-08 15:14:00,2026-01-08 15:59:00,423,4,2
5777,4,15,7,2026-06-15 20:42:00,2026-06-15 23:54:00,381,24,3
5778,9,33,6,2026-02-19 03:13:00,2026-02-19 07:11:00,414,4,1
5779,3,24,15,2026-03-13 20:58:00,2026-03-13 21:51:00,202,7,1
5780,9,22,9,2026-04-06 14:20:00,2026-04-06 15:05:00,489,16,1
5781,10,32,8,2026-05-19 19:46:00,2026-05-19 23:32:00,305,20,1
5782,10,7,10,2026-05-13 20:39:00,2026-05-13 23:39:00,88,2,3
5783,9,26,15,2026-05-19 08:15:00,2026-05-19 11:46:00,188,2,2
5784,10,32,15,2026-01-16 08:38:00,2026-01-16 11:08:00,439,16,1
5785,2,3,13,2026-05-22 04:36:00,2026-05-22 06:09:00,179,12,2
5786,6,39,3,2026-04-20 06:04:00,2026-04-20 06:54:00,71,3,1
5787,1,47,1,2026-04-11 12:14:00,2026-04-11 15:04:00,190,8,3
5788,8,43,10,2026-04-17 12:27:00,2026-04-17 16:27:00,128,6,3
5789,8,14,13,2026-05-24 14:17:00,2026-05-24 17:21:00,438,24,1
5790,9,26,9,2026-04-15 18:24:00,2026-04-15 20:29:00,164,4,2
5791,10,1,9,2026-05-06 02:58:00,2026-05-06 06:44:00,246,13,3
5792,4,15,16,2026-01-17 05:34:00,2026-01-17 08:49:00,471,11,2
5793,10,16,7,2026-04-26 09:10:00,2026-04-26 10:29:00,166,3,2
5794,10,7,19,2026-03-04 05:00:00,2026-03-04 08:24:00,235,4,1
5795,4,29,1,2026-04-02 04:50:00,2026-04-02 07:20:00,486,16,2
5796,3,28,20,2026-01-04 14:15:00,2026-01-04 14:52:00,58,0,2
5797,3,23,14,2026-06-18 19:56:00,2026-06-18 23:29:00,153,7,3
5798,10,18,8,2026-05-04 02:22:00,2026-05-04 04:19:00,485,19,2
5799,10,9,2,2026-06-05 12:18:00,2026-06-05 15:22:00,416,30,2
5800,9,22,18,2026-01-08 05:12:00,2026-01-08 08:53:00,446,28,3
5801,10,38,15,2026-05-18 03:41:00,2026-05-18 04:14:00,158,3,1
5802,5,6,19,2026-04-11 13:52:00,2026-04-11 14:31:00,130,7,1
5803,7,49,12,2026-05-05 21:15:00,2026-05-06 01:00:00,188,9,3
5804,8,43,7,2026-04-08 13:19:00,2026-04-08 16:11:00,436,27,3
5805,8,50,10,2026-01-03 05:58:00,2026-01-03 08:35:00,431,30,1
5806,6,39,20,2026-04-27 21:34:00,2026-04-27 23:15:00,170,12,2
5807,6,27,16,2026-03-29 07:10:00,2026-03-29 11:03:00,282,12,1
5808,7,25,15,2026-01-14 21:41:00,2026-01-14 23:36:00,377,23,2
5809,8,50,13,2026-06-06 22:36:00,2026-06-07 01:06:00,494,27,2
5810,9,40,17,2026-01-04 02:59:00,2026-01-04 05:22:00,383,25,3
5811,6,39,11,2026-06-05 19:50:00,2026-06-05 20:26:00,169,6,3
5812,8,43,5,2026-06-19 20:53:00,2026-06-19 23:19:00,264,0,2
5813,1,47,20,2026-03-23 15:52:00,2026-03-23 18:44:00,324,15,3
5814,3,23,6,2026-01-01 20:36:00,2026-01-01 22:22:00,282,6,1
5815,9,40,5,2026-03-25 22:21:00,2026-03-26 00:51:00,272,1,1
5816,8,4,20,2026-06-16 11:02:00,2026-06-16 15:01:00,232,17,3
5817,3,23,14,2026-06-02 18:03:00,2026-06-02 18:33:00,210,12,3
5818,8,10,6,2026-04-06 16:57:00,2026-04-06 17:48:00,167,4,3
5819,1,47,14,2026-01-15 08:45:00,2026-01-15 09:32:00,454,17,2
5820,9,22,17,2026-06-19 15:53:00,2026-06-19 19:01:00,494,19,1
5821,7,48,8,2026-03-15 22:06:00,2026-03-16 00:48:00,282,22,2
5822,4,8,15,2026-05-11 18:17:00,2026-05-11 19:51:00,89,5,3
5823,8,10,15,2026-04-25 05:12:00,2026-04-25 06:17:00,474,1,1
5824,8,4,1,2026-01-06 16:26:00,2026-01-06 18:25:00,198,10,2
5825,8,43,16,2026-02-14 18:14:00,2026-02-14 20:06:00,255,6,2
5826,10,7,14,2026-02-20 02:18:00,2026-02-20 04:44:00,357,5,3
5827,8,14,3,2026-04-14 06:16:00,2026-04-14 09:36:00,482,26,3
5828,7,25,6,2026-04-19 12:09:00,2026-04-19 15:28:00,308,18,3
5829,6,12,19,2026-01-05 00:53:00,2026-01-05 04:34:00,132,3,3
5830,4,36,14,2026-01-07 06:06:00,2026-01-07 08:49:00,279,13,2
5831,8,4,12,2026-05-22 14:03:00,2026-05-22 16:14:00,53,0,2
5832,9,40,8,2026-02-03 03:28:00,2026-02-03 05:11:00,389,22,2
5833,8,20,18,2026-06-28 19:01:00,2026-06-28 21:06:00,182,13,3
5834,3,5,14,2026-03-08 03:43:00,2026-03-08 05:40:00,150,11,2
5835,2,3,3,2026-04-30 20:53:00,2026-05-01 00:34:00,409,1,1
5836,6,12,8,2026-01-15 23:56:00,2026-01-16 01:02:00,135,8,1
5837,3,5,13,2026-04-22 11:18:00,2026-04-22 14:06:00,448,31,1
5838,7,49,1,2026-03-08 09:32:00,2026-03-08 12:17:00,417,19,1
5839,5,6,4,2026-06-13 06:43:00,2026-06-13 09:56:00,378,5,1
5840,1,47,5,2026-01-01 19:31:00,2026-01-01 22:02:00,172,6,3
5841,2,3,6,2026-06-13 12:57:00,2026-06-13 14:23:00,101,3,1
5842,7,35,11,2026-06-22 08:16:00,2026-06-22 10:42:00,57,2,2
5843,10,32,18,2026-02-26 21:00:00,2026-02-26 21:36:00,175,2,3
5844,2,3,8,2026-01-04 23:33:00,2026-01-05 02:12:00,249,14,3
5845,9,41,9,2026-05-12 05:03:00,2026-05-12 05:37:00,95,6,1
5846,2,46,6,2026-04-16 00:15:00,2026-04-16 02:01:00,239,5,2
5847,8,10,2,2026-03-27 17:29:00,2026-03-27 21:10:00,462,18,2
5848,7,49,11,2026-01-23 12:33:00,2026-01-23 14:27:00,341,20,3
5849,2,3,13,2026-06-10 23:27:00,2026-06-11 01:22:00,223,1,2
5850,3,23,1,2026-02-19 05:20:00,2026-02-19 05:54:00,361,4,3
5851,7,48,11,2026-06-12 09:47:00,2026-06-12 12:40:00,468,11,1
5852,7,48,10,2026-01-12 08:30:00,2026-01-12 10:54:00,227,14,1
5853,6,27,6,2026-05-07 02:05:00,2026-05-07 03:38:00,185,14,2
5854,7,2,7,2026-05-11 04:38:00,2026-05-11 08:17:00,207,5,2
5855,1,34,14,2026-06-06 18:40:00,2026-06-06 21:26:00,473,29,1
5856,9,41,2,2026-01-15 13:05:00,2026-01-15 16:28:00,182,8,3
5857,5,45,11,2026-04-25 04:31:00,2026-04-25 05:55:00,281,7,2
5858,7,48,6,2026-03-30 18:47:00,2026-03-30 21:16:00,136,8,3
5859,10,1,10,2026-03-21 15:14:00,2026-03-21 18:12:00,138,10,2
5860,9,41,5,2026-05-19 18:17:00,2026-05-19 20:52:00,429,17,2
5861,8,50,8,2026-02-23 05:41:00,2026-02-23 07:38:00,94,4,1
5862,7,35,18,2026-05-15 20:18:00,2026-05-15 21:34:00,185,1,3
5863,4,15,2,2026-05-22 22:04:00,2026-05-22 23:14:00,425,17,3
5864,8,20,18,2026-01-06 05:09:00,2026-01-06 07:34:00,103,4,2
5865,8,44,7,2026-06-15 15:39:00,2026-06-15 19:25:00,379,6,1
5866,1,47,20,2026-04-09 16:13:00,2026-04-09 19:19:00,68,2,2
5867,5,45,3,2026-01-20 13:47:00,2026-01-20 14:58:00,375,7,3
5868,7,25,19,2026-05-05 02:42:00,2026-05-05 06:14:00,369,2,3
5869,3,23,15,2026-01-29 09:27:00,2026-01-29 10:48:00,338,17,1
5870,10,19,8,2026-03-20 12:19:00,2026-03-20 14:34:00,282,0,1
5871,10,1,8,2026-04-28 13:04:00,2026-04-28 14:41:00,258,0,2
5872,9,40,16,2026-01-31 11:35:00,2026-01-31 12:50:00,78,0,1
5873,9,33,8,2026-02-05 09:02:00,2026-02-05 12:21:00,402,27,2
5874,8,43,13,2026-03-25 21:50:00,2026-03-26 00:54:00,312,21,2
5875,3,5,7,2026-05-14 23:12:00,2026-05-15 00:44:00,341,9,2
5876,10,19,14,2026-01-02 13:17:00,2026-01-02 16:49:00,109,4,1
5877,8,14,4,2026-01-28 05:58:00,2026-01-28 06:57:00,239,6,3
5878,9,22,17,2026-02-17 23:07:00,2026-02-18 02:11:00,302,6,3
5879,7,25,5,2026-04-13 12:22:00,2026-04-13 14:33:00,101,5,1
5880,3,28,2,2026-06-07 01:53:00,2026-06-07 03:32:00,181,13,3
5881,8,10,6,2026-03-02 05:09:00,2026-03-02 07:46:00,329,17,1
5882,10,1,7,2026-06-19 03:53:00,2026-06-19 06:19:00,465,25,3
5883,4,15,15,2026-01-07 16:08:00,2026-01-07 19:17:00,315,2,2
5884,10,1,7,2026-03-05 10:36:00,2026-03-05 12:51:00,193,14,2
5885,7,49,4,2026-02-14 17:40:00,2026-02-14 18:46:00,410,25,2
5886,10,32,15,2026-06-17 02:19:00,2026-06-17 05:31:00,103,1,3
5887,10,16,18,2026-05-08 13:48:00,2026-05-08 14:21:00,68,3,1
5888,7,11,15,2026-01-28 04:18:00,2026-01-28 08:08:00,334,11,1
5889,6,27,15,2026-06-19 19:00:00,2026-06-19 21:31:00,258,1,3
5890,10,9,13,2026-05-12 06:26:00,2026-05-12 10:23:00,65,2,1
5891,7,48,3,2026-01-11 12:04:00,2026-01-11 15:36:00,299,2,3
5892,7,2,4,2026-06-13 00:42:00,2026-06-13 02:37:00,92,3,3
5893,7,35,9,2026-05-08 19:04:00,2026-05-08 20:38:00,216,2,1
5894,4,8,2,2026-01-15 16:30:00,2026-01-15 18:32:00,203,12,1
5895,10,19,15,2026-05-31 01:25:00,2026-05-31 03:03:00,352,19,2
5896,10,16,1,2026-04-24 02:49:00,2026-04-24 04:01:00,100,7,1
5897,7,2,7,2026-03-04 01:19:00,2026-03-04 03:35:00,121,0,3
5898,7,31,11,2026-02-11 04:00:00,2026-02-11 06:13:00,442,17,1
5899,4,37,6,2026-01-08 15:30:00,2026-01-08 16:06:00,239,4,3
5900,4,36,8,2026-01-11 09:59:00,2026-01-11 11:44:00,85,0,3
5901,8,44,8,2026-01-14 09:06:00,2026-01-14 10:08:00,243,1,3
5902,7,49,16,2026-04-05 02:10:00,2026-04-05 02:52:00,81,3,1
5903,9,22,5,2026-05-06 06:18:00,2026-05-06 09:10:00,190,5,2
5904,9,22,19,2026-05-01 13:10:00,2026-05-01 16:46:00,495,10,3
5905,1,34,3,2026-06-26 19:43:00,2026-06-26 22:36:00,205,2,3
5906,10,9,10,2026-02-24 11:52:00,2026-02-24 15:32:00,481,9,1
5907,3,28,13,2026-01-28 14:11:00,2026-01-28 15:39:00,147,5,3
5908,5,45,2,2026-06-08 02:32:00,2026-06-08 04:53:00,226,7,3
5909,8,4,17,2026-01-08 23:01:00,2026-01-09 02:48:00,86,5,3
5910,8,44,17,2026-03-29 08:17:00,2026-03-29 10:51:00,263,4,2
5911,2,46,2,2026-06-18 07:57:00,2026-06-18 09:42:00,178,10,2
5912,8,44,1,2026-01-15 17:47:00,2026-01-15 21:30:00,211,3,3
5913,4,37,7,2026-03-15 03:30:00,2026-03-15 04:36:00,99,4,3
5914,7,35,1,2026-04-27 16:16:00,2026-04-27 18:58:00,239,0,2
5915,6,17,12,2026-02-02 03:05:00,2026-02-02 06:12:00,386,0,3
5916,3,5,4,2026-02-06 07:31:00,2026-02-06 09:25:00,86,0,3
5917,10,7,10,2026-04-28 05:29:00,2026-04-28 06:09:00,56,3,2
5918,4,8,5,2026-05-04 13:37:00,2026-05-04 16:47:00,252,14,3
5919,2,3,2,2026-06-12 01:34:00,2026-06-12 02:19:00,210,14,1
5920,6,39,19,2026-03-27 13:51:00,2026-03-27 14:24:00,142,3,1
5921,6,17,6,2026-02-04 20:08:00,2026-02-04 23:21:00,441,3,3
5922,7,2,13,2026-06-17 12:02:00,2026-06-17 15:05:00,395,0,3
5923,5,45,16,2026-02-06 02:04:00,2026-02-06 03:19:00,194,9,3
5924,9,26,6,2026-04-14 03:11:00,2026-04-14 04:46:00,263,20,1
5925,2,46,6,2026-04-15 08:02:00,2026-04-15 09:22:00,214,15,2
5926,4,37,12,2026-01-02 05:58:00,2026-01-02 07:10:00,341,9,1
5927,8,43,13,2026-05-19 01:26:00,2026-05-19 02:10:00,221,11,2
5928,2,46,17,2026-02-18 12:25:00,2026-02-18 15:20:00,237,14,1
5929,5,45,4,2026-06-22 01:23:00,2026-06-22 02:04:00,67,3,1
5930,9,33,7,2026-02-11 13:51:00,2026-02-11 14:52:00,147,3,2
5931,4,29,17,2026-05-24 06:23:00,2026-05-24 07:52:00,407,16,2
5932,1,47,11,2026-05-09 16:55:00,2026-05-09 19:07:00,297,17,3
5933,4,15,11,2026-06-23 18:56:00,2026-06-23 21:49:00,178,12,3
5934,7,2,3,2026-02-20 02:01:00,2026-02-20 03:02:00,355,17,2
5935,3,28,5,2026-04-20 06:09:00,2026-04-20 09:41:00,163,2,2
5936,10,9,18,2026-06-07 11:15:00,2026-06-07 14:46:00,231,8,2
5937,4,29,15,2026-04-11 09:28:00,2026-04-11 10:13:00,328,18,1
5938,4,15,7,2026-01-23 23:11:00,2026-01-24 01:01:00,85,0,1
5939,8,44,11,2026-06-01 14:37:00,2026-06-01 16:09:00,246,15,1
5940,7,2,5,2026-01-22 14:53:00,2026-01-22 15:55:00,160,1,2
5941,10,16,11,2026-05-15 15:17:00,2026-05-15 18:39:00,61,1,2
5942,2,46,3,2026-02-04 03:46:00,2026-02-04 05:27:00,224,16,3
5943,7,2,9,2026-05-04 20:45:00,2026-05-04 23:40:00,485,34,2
5944,8,43,12,2026-06-26 14:38:00,2026-06-26 17:38:00,284,7,2
5945,9,33,4,2026-06-19 19:59:00,2026-06-19 21:36:00,270,14,3
5946,1,34,10,2026-03-29 23:39:00,2026-03-30 02:08:00,281,12,1
5947,8,21,11,2026-04-19 10:17:00,2026-04-19 13:07:00,99,6,3
5948,1,34,1,2026-03-24 20:48:00,2026-03-24 22:31:00,249,19,2
5949,8,4,15,2026-05-14 08:50:00,2026-05-14 11:44:00,425,12,2
5950,1,34,10,2026-05-18 10:01:00,2026-05-18 11:56:00,313,6,3
5951,3,23,15,2026-01-01 10:40:00,2026-01-01 13:24:00,487,21,2
5952,9,41,8,2026-04-20 14:04:00,2026-04-20 14:45:00,192,5,3
5953,5,45,9,2026-04-02 01:34:00,2026-04-02 05:28:00,106,5,1
5954,10,1,19,2026-05-27 22:26:00,2026-05-28 00:45:00,479,19,1
5955,6,17,18,2026-04-27 17:39:00,2026-04-27 20:29:00,72,5,2
5956,7,31,20,2026-04-16 01:01:00,2026-04-16 03:07:00,475,8,1
5957,10,19,7,2026-01-19 02:40:00,2026-01-19 04:34:00,257,10,2
5958,4,36,6,2026-02-06 20:04:00,2026-02-06 23:05:00,178,12,2
5959,10,16,12,2026-01-03 06:49:00,2026-01-03 09:43:00,186,10,1
5960,7,49,3,2026-02-24 07:36:00,2026-02-24 10:56:00,447,5,1
5961,3,24,15,2026-06-22 03:38:00,2026-06-22 06:21:00,217,11,1
5962,1,34,10,2026-05-06 14:53:00,2026-05-06 16:27:00,80,5,3
5963,8,20,4,2026-04-01 19:08:00,2026-04-01 21:17:00,354,7,3
5964,8,14,19,2026-02-25 17:38:00,2026-02-25 21:05:00,366,23,1
5965,3,42,2,2026-04-25 15:02:00,2026-04-25 17:01:00,183,10,2
5966,5,45,15,2026-03-09 23:22:00,2026-03-10 01:54:00,56,0,1
5967,3,30,1,2026-05-22 04:46:00,2026-05-22 07:47:00,371,5,3
5968,3,23,11,2026-06-19 08:15:00,2026-06-19 10:30:00,320,0,3
5969,10,9,4,2026-05-22 19:58:00,2026-05-22 22:06:00,376,18,1
5970,3,24,9,2026-06-19 04:41:00,2026-06-19 07:16:00,88,1,1
5971,9,33,19,2026-03-08 05:42:00,2026-03-08 07:03:00,408,11,3
5972,2,46,17,2026-03-09 04:46:00,2026-03-09 05:23:00,373,3,2
5973,1,47,9,2026-05-18 22:06:00,2026-05-19 01:43:00,204,9,3
5974,4,29,4,2026-05-29 23:21:00,2026-05-30 01:26:00,218,7,1
5975,6,39,4,2026-04-06 14:03:00,2026-04-06 16:07:00,216,6,3
5976,10,19,8,2026-04-30 05:17:00,2026-04-30 07:06:00,362,25,1
5977,4,8,17,2026-02-15 03:30:00,2026-02-15 04:30:00,282,14,2
5978,9,41,4,2026-01-23 17:16:00,2026-01-23 20:09:00,67,0,1
5979,9,33,13,2026-03-28 04:51:00,2026-03-28 07:20:00,397,8,1
5980,10,38,5,2026-05-24 02:43:00,2026-05-24 06:32:00,263,14,2
5981,10,13,18,2026-05-31 14:58:00,2026-05-31 16:19:00,69,4,3
5982,10,9,10,2026-01-16 04:45:00,2026-01-16 07:19:00,309,22,1
5983,9,33,15,2026-01-25 10:18:00,2026-01-25 11:26:00,358,5,1
5984,1,34,9,2026-05-22 10:37:00,2026-05-22 11:50:00,230,12,1
5985,3,28,19,2026-01-09 23:00:00,2026-01-10 01:42:00,287,22,1
5986,7,48,8,2026-03-06 02:02:00,2026-03-06 04:25:00,381,28,3
5987,6,12,7,2026-04-07 19:19:00,2026-04-07 20:04:00,272,16,3
5988,4,36,9,2026-04-08 02:12:00,2026-04-08 05:21:00,221,14,1
5989,3,23,1,2026-04-04 04:47:00,2026-04-04 07:05:00,70,4,2
5990,8,10,17,2026-01-24 00:49:00,2026-01-24 03:16:00,249,9,3
5991,10,18,3,2026-05-28 09:15:00,2026-05-28 12:39:00,284,5,1
5992,7,25,7,2026-01-01 04:49:00,2026-01-01 08:00:00,232,4,2
5993,6,27,1,2026-03-26 04:07:00,2026-03-26 07:24:00,255,19,2
5994,7,35,11,2026-01-10 11:55:00,2026-01-10 12:36:00,200,4,3
5995,3,42,18,2026-02-14 17:00:00,2026-02-14 18:56:00,221,0,1
5996,2,3,12,2026-02-24 17:38:00,2026-02-24 20:55:00,194,12,2
5997,2,3,14,2026-01-13 10:27:00,2026-01-13 11:51:00,147,10,2
5998,8,20,14,2026-05-03 16:02:00,2026-05-03 19:30:00,363,20,3
5999,8,10,12,2026-06-08 08:20:00,2026-06-08 11:48:00,389,14,3
6000,7,31,18,2026-04-28 13:43:00,2026-04-28 16:21:00,500,29,1
6001,9,26,4,2026-05-25 16:24:00,2026-05-25 20:07:00,76,1,2
6002,3,28,18,2026-04-12 11:09:00,2026-04-12 15:06:00,116,5,1
6003,2,3,12,2026-01-12 23:52:00,2026-01-13 01:02:00,398,8,1
6004,8,20,18,2026-06-25 23:45:00,2026-06-26 02:02:00,134,9,3
6005,10,16,19,2026-06-24 21:40:00,2026-06-25 00:07:00,277,18,2
6006,9,33,4,2026-05-13 01:39:00,2026-05-13 03:44:00,472,21,2
6007,6,27,8,2026-03-06 15:04:00,2026-03-06 16:43:00,410,1,2
6008,9,26,11,2026-03-01 10:10:00,2026-03-01 12:40:00,472,36,3
6009,10,19,17,2026-06-19 01:37:00,2026-06-19 03:23:00,244,10,2
6010,10,16,5,2026-06-22 20:37:00,2026-06-22 23:06:00,179,13,1
6011,2,46,2,2026-03-25 23:18:00,2026-03-26 00:01:00,316,17,3
6012,10,1,15,2026-02-08 08:53:00,2026-02-08 11:41:00,175,13,1
6013,9,41,1,2026-06-06 19:39:00,2026-06-06 23:21:00,218,4,1
6014,4,8,13,2026-04-23 00:28:00,2026-04-23 02:16:00,456,28,3
6015,1,47,4,2026-03-13 04:58:00,2026-03-13 07:36:00,100,4,1
6016,7,2,3,2026-02-10 19:17:00,2026-02-10 21:11:00,390,24,3
6017,7,49,5,2026-03-22 11:38:00,2026-03-22 15:03:00,50,3,2
6018,4,29,6,2026-04-20 17:27:00,2026-04-20 21:10:00,498,12,3
6019,10,18,15,2026-01-24 01:09:00,2026-01-24 02:33:00,312,5,3
6020,7,35,18,2026-03-17 08:44:00,2026-03-17 09:19:00,366,11,1
6021,4,8,2,2026-04-09 19:48:00,2026-04-09 22:38:00,235,15,3
6022,7,11,1,2026-03-20 17:00:00,2026-03-20 20:02:00,125,9,1
6023,8,21,18,2026-03-02 00:09:00,2026-03-02 01:36:00,475,19,3
6024,10,1,6,2026-05-30 17:51:00,2026-05-30 21:50:00,230,16,2
6025,10,38,9,2026-03-20 18:08:00,2026-03-20 19:55:00,400,4,2
6026,10,9,12,2026-04-03 16:17:00,2026-04-03 18:46:00,299,14,1
6027,10,16,17,2026-06-10 05:30:00,2026-06-10 08:43:00,270,16,3
6028,9,22,7,2026-04-04 16:11:00,2026-04-04 17:29:00,64,0,1
6029,8,50,11,2026-04-02 18:11:00,2026-04-02 21:16:00,68,2,3
6030,10,18,8,2026-05-01 11:23:00,2026-05-01 13:56:00,459,35,2
6031,1,34,2,2026-06-23 20:49:00,2026-06-23 23:17:00,80,5,3
6032,10,38,8,2026-03-02 10:56:00,2026-03-02 12:12:00,156,5,3
6033,7,35,13,2026-01-14 10:24:00,2026-01-14 13:18:00,102,3,1
6034,10,7,5,2026-02-16 16:54:00,2026-02-16 18:39:00,478,12,3
6035,6,12,15,2026-06-16 02:26:00,2026-06-16 04:44:00,266,5,2
6036,4,37,11,2026-06-23 17:24:00,2026-06-23 17:58:00,199,1,2
6037,8,50,11,2026-02-09 02:12:00,2026-02-09 03:52:00,274,16,1
6038,5,6,12,2026-04-28 08:34:00,2026-04-28 11:59:00,150,5,3
6039,8,44,15,2026-03-07 03:59:00,2026-03-07 04:35:00,295,4,1
6040,9,22,10,2026-04-15 16:25:00,2026-04-15 17:19:00,304,20,3
6041,10,16,19,2026-04-06 22:01:00,2026-04-07 00:44:00,485,25,2
6042,8,43,12,2026-04-24 10:34:00,2026-04-24 14:32:00,252,7,1
6043,10,18,15,2026-03-21 07:33:00,2026-03-21 09:40:00,265,17,1
6044,9,22,7,2026-02-22 10:19:00,2026-02-22 12:13:00,53,0,3
6045,8,4,15,2026-05-18 07:45:00,2026-05-18 11:26:00,149,10,3
6046,3,5,10,2026-05-30 18:17:00,2026-05-30 18:58:00,81,0,2
6047,8,14,16,2026-04-29 06:29:00,2026-04-29 10:19:00,457,12,1
6048,8,4,2,2026-06-11 06:29:00,2026-06-11 08:59:00,91,5,1
6049,9,41,11,2026-06-23 16:22:00,2026-06-23 17:48:00,234,17,1
6050,2,46,9,2026-02-15 05:49:00,2026-02-15 06:38:00,450,1,2
6051,1,47,14,2026-01-04 16:42:00,2026-01-04 17:46:00,425,2,3
6052,6,27,20,2026-05-09 04:11:00,2026-05-09 06:43:00,390,16,1
6053,3,42,3,2026-06-21 20:54:00,2026-06-21 21:27:00,388,6,2
6054,3,5,2,2026-02-25 16:44:00,2026-02-25 20:24:00,485,7,2
6055,10,18,10,2026-05-21 07:38:00,2026-05-21 09:50:00,55,2,3
6056,10,9,4,2026-01-10 12:52:00,2026-01-10 13:38:00,183,13,1
6057,10,32,14,2026-01-19 15:31:00,2026-01-19 19:11:00,148,1,3
6058,6,12,3,2026-05-16 05:47:00,2026-05-16 09:01:00,254,2,2
6059,1,34,8,2026-03-19 22:44:00,2026-03-20 02:24:00,258,2,1
6060,6,17,3,2026-05-15 14:13:00,2026-05-15 17:34:00,486,36,1
6061,9,41,12,2026-06-18 14:14:00,2026-06-18 16:46:00,411,7,2
6062,6,17,16,2026-04-19 08:03:00,2026-04-19 08:41:00,185,1,1
6063,3,28,5,2026-05-20 05:13:00,2026-05-20 08:22:00,475,9,2
6064,3,24,12,2026-02-06 15:53:00,2026-02-06 19:22:00,142,9,3
6065,9,22,9,2026-03-27 14:55:00,2026-03-27 16:32:00,96,4,3
6066,8,44,2,2026-01-13 06:11:00,2026-01-13 09:32:00,487,15,3
6067,7,48,15,2026-04-06 04:42:00,2026-04-06 08:05:00,241,0,2
6068,6,27,15,2026-05-19 10:31:00,2026-05-19 14:00:00,247,5,3
6069,4,29,16,2026-02-21 07:02:00,2026-02-21 10:26:00,217,3,3
6070,4,15,3,2026-06-14 21:53:00,2026-06-14 23:28:00,297,2,1
6071,6,27,1,2026-06-07 14:25:00,2026-06-07 15:11:00,470,27,2
6072,6,12,12,2026-06-17 00:35:00,2026-06-17 04:31:00,334,0,1
6073,5,6,7,2026-02-24 13:48:00,2026-02-24 15:46:00,117,1,1
6074,7,31,11,2026-02-04 22:56:00,2026-02-05 02:45:00,146,8,2
6075,7,11,15,2026-05-08 00:32:00,2026-05-08 03:47:00,432,12,3
6076,9,22,4,2026-04-20 03:47:00,2026-04-20 06:59:00,270,16,1
6077,6,27,2,2026-05-19 21:52:00,2026-05-20 01:47:00,416,31,2
6078,8,20,9,2026-03-07 14:30:00,2026-03-07 16:02:00,205,5,1
6079,3,24,4,2026-04-28 16:32:00,2026-04-28 17:48:00,318,12,3
6080,10,1,7,2026-02-06 06:47:00,2026-02-06 08:26:00,121,6,2
6081,7,11,5,2026-05-10 16:58:00,2026-05-10 20:25:00,73,5,1
6082,2,3,5,2026-05-26 22:27:00,2026-05-27 02:23:00,229,12,3
6083,6,39,11,2026-03-13 19:05:00,2026-03-13 21:43:00,426,28,3
6084,8,21,8,2026-02-13 12:10:00,2026-02-13 15:06:00,465,1,1
6085,3,28,19,2026-05-03 22:43:00,2026-05-04 00:07:00,97,0,1
6086,8,44,18,2026-01-22 08:00:00,2026-01-22 10:38:00,488,29,1
6087,7,31,5,2026-06-22 01:36:00,2026-06-22 05:10:00,345,5,2
6088,10,18,6,2026-02-06 11:13:00,2026-02-06 15:13:00,314,23,1
6089,9,41,8,2026-06-05 22:44:00,2026-06-06 00:23:00,188,9,1
6090,9,41,20,2026-02-06 14:42:00,2026-02-06 16:24:00,86,5,3
6091,6,39,14,2026-01-26 03:32:00,2026-01-26 05:53:00,69,5,3
6092,9,33,10,2026-03-08 03:14:00,2026-03-08 05:54:00,333,10,3
6093,10,1,18,2026-06-08 22:24:00,2026-06-09 00:02:00,227,12,2
6094,10,38,11,2026-05-06 16:15:00,2026-05-06 18:26:00,195,14,3
6095,4,29,7,2026-06-01 19:41:00,2026-06-01 23:27:00,451,31,3
6096,9,40,19,2026-01-19 21:59:00,2026-01-19 23:01:00,296,10,1
6097,10,7,7,2026-05-08 10:42:00,2026-05-08 13:58:00,213,12,3
6098,10,7,1,2026-05-22 23:51:00,2026-05-23 03:32:00,449,26,2
6099,1,34,5,2026-05-21 22:03:00,2026-05-21 23:16:00,121,6,3
6100,10,16,16,2026-04-29 11:20:00,2026-04-29 14:13:00,289,4,2
6101,10,32,6,2026-03-22 14:26:00,2026-03-22 17:57:00,132,5,3
6102,9,40,10,2026-04-07 11:45:00,2026-04-07 12:45:00,498,1,2
6103,7,31,5,2026-04-04 23:09:00,2026-04-05 02:37:00,414,12,3
6104,10,16,18,2026-05-25 14:25:00,2026-05-25 15:49:00,329,21,3
6105,4,37,6,2026-01-06 10:14:00,2026-01-06 13:40:00,399,28,3
6106,3,30,13,2026-06-18 15:15:00,2026-06-18 16:23:00,417,22,2
6107,10,7,9,2026-06-06 09:09:00,2026-06-06 10:06:00,376,18,1
6108,5,45,5,2026-06-13 19:46:00,2026-06-13 21:08:00,138,7,3
6109,7,48,16,2026-04-02 06:02:00,2026-04-02 07:40:00,57,4,1
6110,8,44,12,2026-01-08 14:05:00,2026-01-08 17:55:00,271,3,3
6111,3,24,1,2026-04-24 00:47:00,2026-04-24 03:40:00,429,11,2
6112,10,1,14,2026-03-17 11:44:00,2026-03-17 15:17:00,379,9,2
6113,3,5,6,2026-03-07 01:33:00,2026-03-07 03:48:00,322,14,1
6114,7,31,12,2026-04-04 10:41:00,2026-04-04 12:05:00,268,14,2
6115,10,19,20,2026-02-12 11:54:00,2026-02-12 12:29:00,228,7,3
6116,2,46,10,2026-05-19 00:02:00,2026-05-19 03:38:00,471,6,3
6117,7,2,4,2026-04-29 10:03:00,2026-04-29 11:06:00,75,1,2
6118,10,13,4,2026-04-29 10:19:00,2026-04-29 12:16:00,352,27,1
6119,6,17,8,2026-03-13 03:31:00,2026-03-13 06:37:00,296,23,1
6120,4,37,3,2026-03-12 14:39:00,2026-03-12 17:30:00,298,5,3
6121,3,24,6,2026-04-08 18:51:00,2026-04-08 22:47:00,215,16,3
6122,9,26,1,2026-04-25 08:20:00,2026-04-25 09:38:00,302,0,2
6123,8,44,2,2026-02-15 21:46:00,2026-02-16 00:51:00,96,0,1
6124,7,25,12,2026-05-21 11:45:00,2026-05-21 12:56:00,410,4,2
6125,10,32,9,2026-03-21 02:41:00,2026-03-21 06:16:00,479,2,2
6126,8,50,17,2026-04-24 21:29:00,2026-04-25 01:20:00,285,11,3
6127,10,19,16,2026-06-28 03:36:00,2026-06-28 07:34:00,122,3,3
6128,3,42,16,2026-06-27 13:07:00,2026-06-27 14:10:00,238,3,2
6129,8,21,9,2026-02-18 03:22:00,2026-02-18 05:15:00,489,27,2
6130,9,41,5,2026-05-25 09:56:00,2026-05-25 11:18:00,131,7,1
6131,8,4,12,2026-02-20 10:23:00,2026-02-20 12:19:00,163,7,3
6132,7,31,9,2026-05-21 10:26:00,2026-05-21 11:13:00,291,11,1
6133,9,41,6,2026-03-29 13:00:00,2026-03-29 16:03:00,101,7,1
6134,10,32,1,2026-05-29 09:52:00,2026-05-29 12:04:00,254,9,2
6135,10,32,2,2026-02-25 06:55:00,2026-02-25 07:59:00,467,9,3
6136,9,33,9,2026-05-03 18:00:00,2026-05-03 20:40:00,454,6,2
6137,6,39,3,2026-03-25 01:00:00,2026-03-25 04:37:00,387,12,3
6138,4,8,17,2026-01-27 11:35:00,2026-01-27 12:23:00,373,14,1
6139,8,4,20,2026-01-11 19:53:00,2026-01-11 22:03:00,304,0,3
6140,3,23,7,2026-05-30 18:07:00,2026-05-30 21:13:00,233,11,1
6141,9,26,17,2026-01-14 11:41:00,2026-01-14 13:29:00,312,24,2
6142,5,45,14,2026-05-07 06:45:00,2026-05-07 07:56:00,224,2,1
6143,10,1,16,2026-03-10 12:59:00,2026-03-10 15:27:00,295,5,2
6144,8,4,2,2026-03-16 21:50:00,2026-03-16 23:50:00,192,8,3
6145,8,4,6,2026-06-17 15:26:00,2026-06-17 16:16:00,99,0,2
6146,5,6,11,2026-05-07 18:47:00,2026-05-07 21:55:00,367,13,3
6147,10,13,16,2026-06-19 07:29:00,2026-06-19 10:55:00,350,25,3
6148,9,40,19,2026-06-10 06:33:00,2026-06-10 09:17:00,406,21,2
6149,7,31,4,2026-06-04 17:13:00,2026-06-04 20:20:00,397,13,2
6150,10,32,12,2026-03-23 21:23:00,2026-03-23 21:56:00,458,10,2
6151,4,36,2,2026-01-26 23:57:00,2026-01-27 01:52:00,297,11,3
6152,8,4,10,2026-05-13 18:12:00,2026-05-13 21:36:00,409,19,2
6153,9,33,5,2026-02-27 11:35:00,2026-02-27 13:02:00,192,8,2
6154,9,41,7,2026-04-24 05:21:00,2026-04-24 07:11:00,286,12,1
6155,10,9,19,2026-02-13 09:48:00,2026-02-13 11:31:00,324,16,2
6156,4,8,2,2026-03-02 16:04:00,2026-03-02 19:06:00,51,3,3
6157,8,14,8,2026-06-18 10:38:00,2026-06-18 11:51:00,238,10,3
6158,10,18,19,2026-05-17 00:31:00,2026-05-17 02:43:00,373,13,1
6159,5,45,2,2026-02-09 06:13:00,2026-02-09 09:51:00,61,2,1
6160,9,22,15,2026-02-06 06:17:00,2026-02-06 08:29:00,416,2,2
6161,4,37,19,2026-03-09 02:49:00,2026-03-09 05:49:00,183,7,2
6162,8,10,8,2026-02-13 05:13:00,2026-02-13 07:42:00,140,0,2
6163,6,27,11,2026-04-24 22:13:00,2026-04-25 00:41:00,112,7,1
6164,8,4,16,2026-02-26 04:43:00,2026-02-26 05:44:00,121,0,3
6165,6,39,11,2026-03-24 22:50:00,2026-03-25 01:01:00,87,6,2
6166,10,16,9,2026-05-15 23:08:00,2026-05-16 01:32:00,308,15,1
6167,1,47,17,2026-06-12 21:02:00,2026-06-13 00:14:00,255,14,2
6168,9,40,3,2026-03-27 00:39:00,2026-03-27 02:13:00,316,7,1
6169,8,43,5,2026-01-06 04:44:00,2026-01-06 05:50:00,403,32,1
6170,7,35,16,2026-06-15 17:59:00,2026-06-15 19:11:00,175,6,3
6171,7,2,10,2026-02-02 02:21:00,2026-02-02 03:23:00,142,4,3
6172,9,40,5,2026-06-25 09:39:00,2026-06-25 11:37:00,224,15,3
6173,8,20,13,2026-03-15 11:13:00,2026-03-15 14:32:00,472,7,2
6174,9,22,16,2026-01-06 02:26:00,2026-01-06 04:42:00,60,0,1
6175,10,1,17,2026-04-09 11:28:00,2026-04-09 12:12:00,283,9,1
6176,5,45,8,2026-05-30 03:37:00,2026-05-30 04:56:00,409,30,1
6177,6,12,3,2026-04-21 19:08:00,2026-04-21 22:28:00,445,12,2
6178,4,8,4,2026-05-09 08:58:00,2026-05-09 12:26:00,127,5,3
6179,8,20,8,2026-04-22 22:07:00,2026-04-22 23:11:00,486,2,3
6180,9,22,15,2026-04-20 19:52:00,2026-04-20 23:46:00,308,23,2
6181,4,29,11,2026-01-25 00:08:00,2026-01-25 03:34:00,415,28,2
6182,6,27,6,2026-02-11 03:02:00,2026-02-11 06:59:00,344,22,1
6183,9,41,15,2026-05-27 09:19:00,2026-05-27 12:34:00,305,10,3
6184,10,16,14,2026-05-14 03:22:00,2026-05-14 04:07:00,353,19,3
6185,3,5,3,2026-03-11 05:22:00,2026-03-11 07:28:00,140,4,1
6186,8,14,4,2026-01-12 00:26:00,2026-01-12 01:31:00,307,13,1
6187,9,40,8,2026-04-17 18:25:00,2026-04-17 20:37:00,282,11,1
6188,9,33,5,2026-05-17 08:26:00,2026-05-17 11:41:00,185,13,2
6189,7,35,4,2026-03-11 20:49:00,2026-03-11 23:30:00,242,9,2
6190,8,14,4,2026-01-28 02:57:00,2026-01-28 06:09:00,172,10,3
6191,10,32,17,2026-06-27 03:47:00,2026-06-27 06:02:00,189,10,3
6192,10,38,3,2026-01-15 12:39:00,2026-01-15 15:19:00,496,29,2
6193,5,45,20,2026-04-15 20:26:00,2026-04-15 21:37:00,183,5,2
6194,8,4,1,2026-01-02 19:14:00,2026-01-02 21:34:00,395,25,3
6195,10,7,20,2026-06-11 20:08:00,2026-06-11 20:46:00,302,16,3
6196,2,46,18,2026-03-02 09:29:00,2026-03-02 12:36:00,99,7,1
6197,5,6,1,2026-02-14 16:44:00,2026-02-14 20:18:00,339,10,3
6198,3,24,17,2026-04-14 04:10:00,2026-04-14 04:53:00,130,8,3
6199,3,24,3,2026-06-06 01:31:00,2026-06-06 03:51:00,308,20,2
6200,3,24,9,2026-03-14 23:11:00,2026-03-15 02:59:00,75,3,1
6201,3,30,9,2026-01-03 08:49:00,2026-01-03 10:10:00,461,23,3
6202,10,38,1,2026-06-25 23:27:00,2026-06-26 02:28:00,111,5,2
6203,4,8,10,2026-06-05 17:07:00,2026-06-05 18:47:00,424,21,1
6204,7,35,9,2026-05-22 13:08:00,2026-05-22 16:25:00,129,10,1
6205,3,28,7,2026-06-19 06:00:00,2026-06-19 07:54:00,256,17,2
6206,8,44,10,2026-02-09 13:02:00,2026-02-09 16:44:00,340,4,2
6207,7,11,20,2026-01-12 12:46:00,2026-01-12 13:36:00,413,4,1
6208,10,18,20,2026-03-22 13:44:00,2026-03-22 15:11:00,103,3,1
6209,8,14,3,2026-06-08 18:16:00,2026-06-08 22:09:00,358,12,2
6210,7,31,12,2026-02-17 01:08:00,2026-02-17 03:19:00,319,1,2
6211,7,25,2,2026-03-13 08:39:00,2026-03-13 09:17:00,177,0,3
6212,8,4,5,2026-02-09 06:06:00,2026-02-09 08:10:00,116,0,2
6213,7,11,6,2026-01-23 08:50:00,2026-01-23 11:22:00,56,0,2
6214,3,30,3,2026-06-07 18:51:00,2026-06-07 20:24:00,339,12,3
6215,10,38,13,2026-03-20 04:35:00,2026-03-20 06:13:00,219,13,2
6216,3,5,1,2026-05-30 08:55:00,2026-05-30 11:20:00,94,3,3
6217,6,17,15,2026-06-20 10:50:00,2026-06-20 13:56:00,128,2,3
6218,8,20,12,2026-05-25 16:23:00,2026-05-25 19:42:00,131,2,3
6219,10,9,16,2026-03-25 13:17:00,2026-03-25 14:30:00,456,19,2
6220,8,44,8,2026-04-25 00:49:00,2026-04-25 02:23:00,123,2,2
6221,8,20,7,2026-01-26 10:38:00,2026-01-26 13:17:00,251,14,3
6222,8,50,10,2026-03-16 14:00:00,2026-03-16 15:24:00,74,5,1
6223,6,12,11,2026-02-13 21:40:00,2026-02-14 00:34:00,102,1,2
6224,4,8,17,2026-03-18 12:53:00,2026-03-18 16:21:00,177,4,1
6225,5,45,19,2026-04-25 21:27:00,2026-04-25 23:31:00,172,6,3
6226,5,45,13,2026-04-18 04:28:00,2026-04-18 05:37:00,65,1,3
6227,4,29,7,2026-06-11 13:59:00,2026-06-11 15:10:00,75,4,2
6228,8,50,11,2026-03-08 19:53:00,2026-03-08 20:39:00,286,1,2
6229,5,6,11,2026-06-10 21:56:00,2026-06-11 00:06:00,169,8,3
6230,9,26,19,2026-01-09 14:44:00,2026-01-09 16:16:00,59,0,1
6231,10,38,13,2026-05-05 03:20:00,2026-05-05 05:43:00,488,23,1
6232,8,20,14,2026-06-11 01:44:00,2026-06-11 04:20:00,297,11,3
6233,2,46,11,2026-04-07 23:36:00,2026-04-08 01:44:00,55,4,3
6234,9,33,2,2026-03-02 07:11:00,2026-03-02 07:55:00,305,23,2
6235,7,35,15,2026-02-19 08:14:00,2026-02-19 09:46:00,350,9,2
6236,7,49,11,2026-02-07 23:03:00,2026-02-08 01:48:00,231,1,3
6237,7,31,16,2026-03-06 02:29:00,2026-03-06 04:49:00,52,0,2
6238,8,50,12,2026-05-23 16:05:00,2026-05-23 17:30:00,266,17,1
6239,6,17,20,2026-06-12 10:30:00,2026-06-12 13:36:00,354,16,1
6240,8,44,6,2026-01-22 07:25:00,2026-01-22 08:03:00,183,4,3
6241,8,14,9,2026-01-16 14:26:00,2026-01-16 18:23:00,229,2,2
6242,10,38,15,2026-05-13 05:36:00,2026-05-13 08:09:00,292,6,1
6243,3,5,8,2026-03-07 13:30:00,2026-03-07 17:02:00,357,18,3
6244,8,43,19,2026-03-22 06:52:00,2026-03-22 10:30:00,104,4,1
6245,7,25,18,2026-06-15 08:29:00,2026-06-15 11:02:00,402,30,3
6246,5,6,13,2026-04-01 01:51:00,2026-04-01 03:44:00,238,4,1
6247,8,43,3,2026-04-09 12:51:00,2026-04-09 13:58:00,357,0,3
6248,7,48,1,2026-04-18 19:16:00,2026-04-18 23:14:00,475,5,1
6249,1,47,10,2026-04-15 13:03:00,2026-04-15 16:00:00,376,28,2
6250,8,50,16,2026-05-04 05:05:00,2026-05-04 06:21:00,307,13,2
6251,1,47,6,2026-06-12 07:06:00,2026-06-12 09:50:00,455,20,2
6252,4,37,1,2026-06-05 20:33:00,2026-06-06 00:23:00,432,9,2
6253,7,35,11,2026-02-04 08:38:00,2026-02-04 11:07:00,147,4,1
6254,6,39,2,2026-01-04 01:07:00,2026-01-04 01:52:00,409,27,2
6255,8,4,15,2026-03-31 15:11:00,2026-03-31 17:32:00,125,4,3
6256,1,34,6,2026-04-08 06:14:00,2026-04-08 08:33:00,373,3,2
6257,3,30,12,2026-01-26 02:22:00,2026-01-26 03:22:00,325,13,1
6258,3,28,20,2026-03-01 01:28:00,2026-03-01 04:45:00,372,14,1
6259,3,30,8,2026-01-05 17:45:00,2026-01-05 18:17:00,243,1,2
6260,8,10,19,2026-02-10 00:21:00,2026-02-10 03:34:00,83,2,2
6261,10,32,1,2026-02-21 14:23:00,2026-02-21 15:10:00,236,0,3
6262,7,25,19,2026-06-18 09:42:00,2026-06-18 12:29:00,195,8,1
6263,6,12,7,2026-04-29 23:18:00,2026-04-30 03:18:00,121,8,2
6264,10,1,15,2026-01-22 18:10:00,2026-01-22 19:37:00,326,15,3
6265,9,40,1,2026-01-15 10:05:00,2026-01-15 12:46:00,50,2,2
6266,10,18,5,2026-06-11 12:58:00,2026-06-11 15:58:00,231,9,3
6267,4,29,4,2026-05-14 21:10:00,2026-05-14 23:39:00,498,31,2
6268,9,22,20,2026-05-13 08:59:00,2026-05-13 11:12:00,337,13,2
6269,10,18,19,2026-03-14 20:45:00,2026-03-15 00:08:00,334,15,1
6270,8,14,12,2026-05-12 20:02:00,2026-05-12 21:00:00,448,7,1
6271,5,6,3,2026-04-05 12:19:00,2026-04-05 13:43:00,346,11,1
6272,6,17,12,2026-04-26 05:47:00,2026-04-26 07:30:00,146,7,2
6273,10,7,17,2026-02-23 02:00:00,2026-02-23 03:39:00,471,5,1
6274,10,18,8,2026-02-05 05:23:00,2026-02-05 08:00:00,488,8,1
6275,7,35,8,2026-06-14 17:55:00,2026-06-14 20:38:00,51,2,3
6276,4,29,16,2026-01-23 12:42:00,2026-01-23 16:13:00,498,35,3
6277,8,44,12,2026-06-22 08:37:00,2026-06-22 11:16:00,233,17,1
6278,3,23,16,2026-02-08 07:55:00,2026-02-08 10:41:00,196,6,1
6279,8,20,13,2026-05-09 06:39:00,2026-05-09 10:39:00,213,7,3
6280,5,45,11,2026-04-05 09:17:00,2026-04-05 11:24:00,472,18,1
6281,8,44,3,2026-05-04 20:44:00,2026-05-05 00:17:00,390,28,1
6282,4,37,10,2026-01-07 03:49:00,2026-01-07 05:30:00,72,0,1
6283,10,16,8,2026-03-24 17:05:00,2026-03-24 18:47:00,400,16,1
6284,7,25,11,2026-04-27 14:27:00,2026-04-27 16:45:00,189,9,1
6285,10,7,13,2026-04-16 11:34:00,2026-04-16 13:26:00,214,15,2
6286,4,15,2,2026-06-15 12:05:00,2026-06-15 15:10:00,428,26,1
6287,10,7,14,2026-01-18 02:19:00,2026-01-18 04:26:00,81,1,3
6288,5,6,19,2026-06-23 12:52:00,2026-06-23 14:30:00,204,13,2
6289,1,47,4,2026-03-19 22:31:00,2026-03-20 00:54:00,408,13,1
6290,3,5,18,2026-02-03 00:43:00,2026-02-03 01:53:00,168,2,1
6291,8,4,6,2026-05-23 07:27:00,2026-05-23 10:32:00,77,2,2
6292,4,36,19,2026-05-10 17:05:00,2026-05-10 19:41:00,393,31,1
6293,3,24,7,2026-02-12 02:20:00,2026-02-12 03:17:00,410,31,1
6294,7,49,18,2026-02-16 15:14:00,2026-02-16 16:01:00,373,23,3
6295,6,39,2,2026-01-29 16:19:00,2026-01-29 17:35:00,303,22,3
6296,3,5,20,2026-01-09 22:02:00,2026-01-09 23:00:00,457,17,2
6297,3,30,10,2026-01-22 02:58:00,2026-01-22 05:50:00,159,2,2
6298,5,6,20,2026-04-21 03:51:00,2026-04-21 05:30:00,79,0,1
6299,7,35,11,2026-02-02 05:17:00,2026-02-02 06:42:00,230,14,2
6300,10,19,9,2026-05-31 05:36:00,2026-05-31 06:48:00,258,18,3
6301,7,49,4,2026-05-11 08:30:00,2026-05-11 11:14:00,231,9,3
6302,10,32,12,2026-06-09 03:28:00,2026-06-09 05:31:00,262,15,2
6303,4,37,17,2026-05-19 03:49:00,2026-05-19 05:14:00,491,13,1
6304,7,49,14,2026-03-21 07:42:00,2026-03-21 08:38:00,395,27,3
6305,8,4,3,2026-05-08 16:20:00,2026-05-08 17:06:00,120,5,3
6306,8,10,14,2026-05-07 05:50:00,2026-05-07 07:10:00,464,9,2
6307,10,7,13,2026-05-31 13:16:00,2026-05-31 16:58:00,275,18,2
6308,10,16,16,2026-02-28 16:10:00,2026-02-28 16:53:00,399,1,2
6309,10,32,9,2026-05-13 18:56:00,2026-05-13 20:07:00,388,19,2
6310,8,14,12,2026-01-14 03:26:00,2026-01-14 04:41:00,488,0,3
6311,3,30,3,2026-05-20 08:26:00,2026-05-20 11:37:00,133,0,2
6312,3,23,5,2026-03-03 05:50:00,2026-03-03 08:39:00,202,15,2
6313,8,10,6,2026-02-13 05:31:00,2026-02-13 07:33:00,54,1,2
6314,7,49,14,2026-06-10 00:37:00,2026-06-10 04:33:00,140,0,3
6315,8,20,9,2026-01-05 02:27:00,2026-01-05 04:45:00,329,0,2
6316,9,41,8,2026-01-02 11:21:00,2026-01-02 12:02:00,478,26,3
6317,8,10,3,2026-06-16 06:19:00,2026-06-16 10:08:00,263,6,1
6318,6,12,6,2026-01-23 07:36:00,2026-01-23 11:17:00,100,5,1
6319,6,12,6,2026-05-21 13:37:00,2026-05-21 17:22:00,106,2,3
6320,10,1,11,2026-01-20 01:33:00,2026-01-20 04:07:00,172,10,1
6321,10,7,2,2026-04-23 01:16:00,2026-04-23 02:19:00,268,16,3
6322,4,36,9,2026-05-31 17:04:00,2026-05-31 18:53:00,431,2,3
6323,8,44,2,2026-02-05 18:12:00,2026-02-05 18:50:00,399,27,3
6324,9,26,20,2026-01-26 17:02:00,2026-01-26 20:32:00,253,9,1
6325,7,31,9,2026-05-16 13:21:00,2026-05-16 15:10:00,111,7,1
6326,6,27,19,2026-05-12 02:03:00,2026-05-12 04:48:00,354,5,3
6327,6,39,14,2026-02-08 06:51:00,2026-02-08 08:34:00,84,5,2
6328,10,1,10,2026-01-21 00:58:00,2026-01-21 02:52:00,353,24,3
6329,7,31,2,2026-02-23 09:48:00,2026-02-23 10:56:00,370,27,2
6330,4,15,15,2026-01-03 02:24:00,2026-01-03 06:21:00,183,13,1
6331,7,48,20,2026-04-29 22:55:00,2026-04-30 00:29:00,381,0,1
6332,8,43,4,2026-03-13 02:21:00,2026-03-13 03:14:00,370,11,3
6333,8,44,12,2026-03-09 18:28:00,2026-03-09 19:41:00,364,0,3
6334,6,39,1,2026-05-24 06:20:00,2026-05-24 09:25:00,291,17,2
6335,3,24,17,2026-04-03 11:49:00,2026-04-03 13:06:00,406,10,2
6336,6,39,8,2026-01-29 19:09:00,2026-01-29 21:32:00,332,20,2
6337,3,28,12,2026-04-21 16:00:00,2026-04-21 18:13:00,349,15,3
6338,2,46,7,2026-04-17 04:38:00,2026-04-17 08:24:00,224,1,2
6339,8,50,2,2026-05-29 11:47:00,2026-05-29 12:58:00,351,16,3
6340,4,15,8,2026-04-12 00:56:00,2026-04-12 02:54:00,156,7,2
6341,7,31,19,2026-06-25 05:40:00,2026-06-25 09:40:00,222,3,3
6342,8,43,16,2026-03-06 11:10:00,2026-03-06 12:22:00,493,23,2
6343,2,3,12,2026-06-20 12:06:00,2026-06-20 13:40:00,367,7,2
6344,8,50,5,2026-01-09 19:08:00,2026-01-09 22:23:00,429,24,3
6345,1,34,19,2026-06-07 03:27:00,2026-06-07 07:25:00,466,10,2
6346,7,11,4,2026-02-14 21:33:00,2026-02-15 00:32:00,488,7,1
6347,2,46,11,2026-05-31 19:11:00,2026-05-31 21:34:00,131,8,3
6348,8,43,14,2026-04-20 08:03:00,2026-04-20 11:33:00,343,4,3
6349,4,37,8,2026-02-03 01:53:00,2026-02-03 05:45:00,84,4,2
6350,8,44,4,2026-02-17 19:16:00,2026-02-17 22:58:00,386,4,2
6351,8,4,7,2026-03-29 02:28:00,2026-03-29 03:57:00,438,11,1
6352,10,1,12,2026-06-29 05:58:00,2026-06-29 09:28:00,116,1,3
6353,7,11,7,2026-03-29 15:26:00,2026-03-29 17:03:00,192,8,3
6354,2,46,7,2026-01-19 04:15:00,2026-01-19 07:41:00,442,1,1
6355,8,20,2,2026-06-29 04:40:00,2026-06-29 05:13:00,276,18,3
6356,4,15,5,2026-01-29 19:00:00,2026-01-29 21:26:00,258,12,3
6357,10,19,4,2026-05-28 13:47:00,2026-05-28 17:13:00,334,24,2
6358,1,34,18,2026-03-15 15:05:00,2026-03-15 15:55:00,240,8,2
6359,10,13,16,2026-01-31 07:57:00,2026-01-31 10:11:00,291,16,3
6360,10,9,10,2026-05-22 19:31:00,2026-05-22 22:42:00,234,13,1
6361,10,9,8,2026-05-28 07:15:00,2026-05-28 11:13:00,157,3,2
6362,3,42,16,2026-01-23 04:58:00,2026-01-23 06:12:00,97,5,1
6363,9,22,19,2026-04-13 02:35:00,2026-04-13 04:53:00,99,0,2
6364,1,47,8,2026-03-17 21:05:00,2026-03-17 23:04:00,77,1,1
6365,4,36,6,2026-06-07 08:59:00,2026-06-07 11:46:00,240,0,2
6366,8,14,12,2026-01-24 07:17:00,2026-01-24 09:30:00,381,20,3
6367,7,49,1,2026-06-02 15:06:00,2026-06-02 17:04:00,52,0,3
6368,7,49,18,2026-03-23 17:57:00,2026-03-23 20:43:00,426,29,1
6369,6,27,13,2026-05-12 23:21:00,2026-05-13 02:47:00,400,17,2
6370,9,41,12,2026-02-23 22:55:00,2026-02-24 01:28:00,213,12,1
6371,4,37,16,2026-02-28 19:55:00,2026-02-28 23:13:00,359,8,1
6372,10,9,2,2026-06-25 19:05:00,2026-06-25 19:49:00,117,5,1
6373,10,1,6,2026-02-02 06:26:00,2026-02-02 10:14:00,228,7,1
6374,3,23,4,2026-05-16 23:52:00,2026-05-17 01:00:00,116,0,1
6375,10,1,8,2026-04-28 09:58:00,2026-04-28 11:38:00,333,22,3
6376,9,40,19,2026-05-13 09:46:00,2026-05-13 11:53:00,289,12,2
6377,6,27,6,2026-06-03 10:20:00,2026-06-03 14:13:00,223,5,3
6378,8,50,9,2026-06-02 06:57:00,2026-06-02 10:45:00,213,1,1
6379,6,39,18,2026-03-08 08:50:00,2026-03-08 10:18:00,419,18,3
6380,8,44,8,2026-03-17 01:43:00,2026-03-17 04:23:00,98,6,3
6381,10,13,4,2026-06-16 00:00:00,2026-06-16 03:02:00,296,2,3
6382,1,47,9,2026-02-26 16:39:00,2026-02-26 20:17:00,416,15,2
6383,8,10,9,2026-05-01 04:33:00,2026-05-01 05:06:00,298,6,1
6384,10,38,3,2026-05-16 22:00:00,2026-05-16 23:46:00,94,5,1
6385,9,26,8,2026-02-23 04:01:00,2026-02-23 05:55:00,227,0,2
6386,8,14,2,2026-01-09 16:27:00,2026-01-09 19:35:00,152,9,2
6387,9,26,9,2026-02-05 03:22:00,2026-02-05 04:02:00,346,0,2
6388,2,46,14,2026-01-30 21:02:00,2026-01-31 00:21:00,58,3,3
6389,4,15,8,2026-06-22 17:26:00,2026-06-22 18:50:00,492,22,2
6390,4,36,9,2026-02-25 18:33:00,2026-02-25 20:06:00,85,2,1
6391,6,39,20,2026-06-02 09:48:00,2026-06-02 10:55:00,356,3,2
6392,3,23,11,2026-03-18 15:41:00,2026-03-18 17:41:00,176,2,1
6393,10,38,9,2026-01-10 15:40:00,2026-01-10 17:19:00,145,1,3
6394,1,34,19,2026-04-09 08:59:00,2026-04-09 12:47:00,298,18,2
6395,8,44,5,2026-05-03 17:11:00,2026-05-03 19:41:00,330,19,2
6396,6,12,9,2026-01-06 22:47:00,2026-01-07 02:12:00,196,13,2
6397,7,31,14,2026-03-11 11:34:00,2026-03-11 15:04:00,417,29,1
6398,8,43,16,2026-05-27 13:00:00,2026-05-27 13:57:00,414,21,2
6399,8,44,6,2026-03-27 22:57:00,2026-03-28 00:25:00,360,18,1
6400,4,36,16,2026-01-24 13:02:00,2026-01-24 15:47:00,106,1,2
6401,8,4,16,2026-01-05 19:22:00,2026-01-05 20:12:00,157,5,2
6402,7,11,9,2026-04-02 08:11:00,2026-04-02 11:33:00,110,6,1
6403,3,42,15,2026-03-22 11:15:00,2026-03-22 14:01:00,65,4,1
6404,8,20,8,2026-02-20 16:58:00,2026-02-20 19:03:00,138,10,3
6405,8,44,6,2026-02-04 15:49:00,2026-02-04 17:05:00,332,0,1
6406,8,20,3,2026-05-14 05:22:00,2026-05-14 08:03:00,304,8,1
6407,8,43,17,2026-02-18 08:34:00,2026-02-18 09:30:00,54,0,2
6408,7,35,2,2026-02-22 06:17:00,2026-02-22 07:03:00,426,29,2
6409,10,13,2,2026-05-25 00:34:00,2026-05-25 02:41:00,81,2,2
6410,2,3,7,2026-03-08 10:31:00,2026-03-08 11:31:00,122,3,2
6411,8,44,13,2026-01-04 05:56:00,2026-01-04 06:40:00,225,5,1
6412,10,38,5,2026-02-27 04:52:00,2026-02-27 05:26:00,216,15,1
6413,7,25,4,2026-04-04 06:35:00,2026-04-04 09:06:00,497,11,3
6414,7,49,11,2026-04-21 20:17:00,2026-04-21 21:34:00,437,23,3
6415,10,13,19,2026-06-05 18:27:00,2026-06-05 19:44:00,476,34,3
6416,10,1,5,2026-02-12 05:18:00,2026-02-12 09:15:00,439,21,1
6417,8,43,6,2026-05-27 15:38:00,2026-05-27 17:25:00,244,14,3
6418,3,23,13,2026-05-11 20:52:00,2026-05-11 22:36:00,442,14,3
6419,8,14,11,2026-01-01 21:57:00,2026-01-02 01:13:00,179,0,2
6420,10,19,8,2026-04-01 19:56:00,2026-04-01 20:45:00,334,5,2
6421,10,13,8,2026-04-30 04:22:00,2026-04-30 07:48:00,331,14,1
6422,10,38,4,2026-04-03 00:36:00,2026-04-03 04:10:00,168,6,1
6423,8,10,12,2026-05-31 07:25:00,2026-05-31 08:35:00,249,4,2
6424,10,32,11,2026-05-02 06:30:00,2026-05-02 08:49:00,397,13,1
6425,8,21,19,2026-03-05 12:03:00,2026-03-05 15:15:00,50,2,3
6426,7,31,13,2026-03-12 05:46:00,2026-03-12 09:21:00,169,7,1
6427,8,50,4,2026-04-29 14:21:00,2026-04-29 17:07:00,367,15,3
6428,4,15,11,2026-01-06 05:58:00,2026-01-06 07:55:00,331,21,1
6429,8,4,12,2026-02-05 20:06:00,2026-02-05 20:36:00,124,7,2
6430,4,36,2,2026-02-04 15:22:00,2026-02-04 18:51:00,461,27,1
6431,10,13,3,2026-02-02 08:56:00,2026-02-02 10:36:00,458,16,3
6432,10,7,15,2026-02-08 14:53:00,2026-02-08 17:00:00,282,3,1
6433,10,1,2,2026-04-28 01:26:00,2026-04-28 05:15:00,153,0,2
6434,8,43,4,2026-05-23 07:26:00,2026-05-23 10:10:00,278,3,1
6435,3,30,11,2026-01-15 07:24:00,2026-01-15 11:05:00,77,5,3
6436,2,3,18,2026-02-27 08:57:00,2026-02-27 10:56:00,269,8,1
6437,10,18,17,2026-06-13 15:01:00,2026-06-13 16:10:00,358,1,3
6438,4,29,7,2026-01-03 17:20:00,2026-01-03 21:08:00,325,8,1
6439,10,19,12,2026-02-18 06:17:00,2026-02-18 10:12:00,57,3,1
6440,10,9,13,2026-05-24 22:15:00,2026-05-25 00:21:00,262,9,3
6441,10,18,14,2026-01-10 14:19:00,2026-01-10 17:41:00,327,3,3
6442,2,46,7,2026-03-31 23:04:00,2026-04-01 02:58:00,221,5,2
6443,9,41,14,2026-05-26 15:52:00,2026-05-26 17:45:00,235,17,3
6444,7,2,18,2026-01-12 10:15:00,2026-01-12 11:49:00,194,14,2
6445,4,37,12,2026-01-14 03:42:00,2026-01-14 06:33:00,192,3,2
6446,3,28,5,2026-04-05 10:57:00,2026-04-05 12:58:00,265,6,1
6447,3,5,15,2026-05-05 11:32:00,2026-05-05 12:48:00,155,3,2
6448,2,46,9,2026-05-22 16:25:00,2026-05-22 19:55:00,219,12,1
6449,5,45,1,2026-04-19 17:26:00,2026-04-19 21:09:00,427,14,2
6450,8,44,7,2026-02-14 12:17:00,2026-02-14 16:07:00,152,4,3
6451,4,36,9,2026-06-13 04:46:00,2026-06-13 05:26:00,479,22,2
6452,8,10,7,2026-06-29 11:25:00,2026-06-29 13:22:00,417,17,3
6453,4,15,13,2026-03-25 04:30:00,2026-03-25 07:00:00,195,12,3
6454,5,6,10,2026-06-09 16:09:00,2026-06-09 19:46:00,443,9,2
6455,6,17,13,2026-01-16 20:08:00,2026-01-16 21:45:00,73,3,2
6456,3,23,1,2026-04-23 21:11:00,2026-04-23 23:36:00,396,28,1
6457,7,25,3,2026-02-09 09:20:00,2026-02-09 13:01:00,135,3,3
6458,7,11,17,2026-03-16 15:42:00,2026-03-16 17:17:00,206,5,2
6459,9,40,19,2026-05-24 17:13:00,2026-05-24 19:44:00,125,7,1
6460,7,31,15,2026-01-14 19:11:00,2026-01-14 19:52:00,379,26,2
6461,4,37,7,2026-03-10 18:07:00,2026-03-10 19:16:00,207,6,3
6462,10,9,7,2026-05-27 08:08:00,2026-05-27 09:49:00,394,6,3
6463,10,1,6,2026-06-11 18:24:00,2026-06-11 19:26:00,238,5,1
6464,4,29,2,2026-04-13 16:36:00,2026-04-13 19:29:00,96,6,2
6465,2,46,13,2026-02-09 04:38:00,2026-02-09 08:05:00,123,8,3
6466,3,28,9,2026-06-26 02:46:00,2026-06-26 05:53:00,341,2,3
6467,8,10,20,2026-02-17 08:35:00,2026-02-17 10:40:00,312,15,3
6468,8,20,3,2026-01-24 03:51:00,2026-01-24 07:35:00,395,0,2
6469,8,14,12,2026-03-07 00:51:00,2026-03-07 03:39:00,151,4,3
6470,7,35,16,2026-03-20 07:02:00,2026-03-20 09:04:00,499,12,3
6471,8,20,10,2026-01-06 18:28:00,2026-01-06 19:17:00,57,2,3
6472,5,6,20,2026-02-23 03:46:00,2026-02-23 06:23:00,465,14,1
6473,10,16,8,2026-01-01 17:15:00,2026-01-01 20:27:00,424,6,3
6474,1,34,3,2026-03-20 22:58:00,2026-03-21 00:01:00,188,11,2
6475,3,42,16,2026-06-24 01:40:00,2026-06-24 05:38:00,447,9,3
6476,8,10,16,2026-05-14 10:24:00,2026-05-14 13:31:00,351,23,1
6477,6,27,10,2026-05-05 23:41:00,2026-05-06 03:41:00,79,5,1
6478,8,4,7,2026-01-21 09:55:00,2026-01-21 10:57:00,216,14,3
6479,3,42,13,2026-02-21 07:19:00,2026-02-21 11:07:00,347,25,3
6480,7,49,2,2026-01-09 19:00:00,2026-01-09 21:43:00,327,24,2
6481,4,8,19,2026-05-12 19:06:00,2026-05-12 21:43:00,262,13,2
6482,10,7,20,2026-06-13 02:07:00,2026-06-13 04:17:00,294,12,1
6483,10,1,17,2026-01-04 07:22:00,2026-01-04 10:54:00,349,3,3
6484,9,40,10,2026-04-25 23:23:00,2026-04-26 02:13:00,104,7,1
6485,10,7,6,2026-02-16 09:55:00,2026-02-16 11:09:00,75,2,2
6486,10,1,5,2026-06-18 07:42:00,2026-06-18 08:14:00,359,21,2
6487,4,36,14,2026-06-17 20:26:00,2026-06-18 00:20:00,115,6,2
6488,8,20,14,2026-06-29 23:32:00,2026-06-30 03:21:00,78,3,3
6489,6,39,16,2026-02-03 01:53:00,2026-02-03 04:56:00,344,26,3
6490,9,40,4,2026-05-06 15:32:00,2026-05-06 16:30:00,70,1,2
6491,10,1,10,2026-06-05 15:31:00,2026-06-05 16:19:00,179,13,1
6492,10,18,18,2026-03-31 16:49:00,2026-03-31 20:02:00,287,4,3
6493,2,3,4,2026-03-04 21:59:00,2026-03-05 00:00:00,246,7,2
6494,3,23,17,2026-02-09 22:34:00,2026-02-10 01:01:00,117,0,1
6495,4,8,4,2026-02-10 20:15:00,2026-02-10 22:25:00,133,4,1
6496,6,39,8,2026-06-21 23:52:00,2026-06-22 00:31:00,218,4,1
6497,10,32,3,2026-05-28 08:46:00,2026-05-28 12:37:00,415,17,3
6498,4,36,1,2026-03-16 03:33:00,2026-03-16 05:09:00,190,7,2
6499,4,29,4,2026-03-03 16:35:00,2026-03-03 17:28:00,241,14,2
6500,4,15,14,2026-03-29 20:49:00,2026-03-30 00:24:00,172,0,3
6501,9,26,2,2026-05-30 17:10:00,2026-05-30 18:32:00,440,21,3
6502,10,18,13,2026-02-17 18:03:00,2026-02-17 19:05:00,310,13,2
6503,8,4,13,2026-01-17 14:52:00,2026-01-17 15:46:00,441,0,1
6504,3,28,6,2026-06-20 17:18:00,2026-06-20 18:08:00,204,10,3
6505,4,37,11,2026-06-14 00:39:00,2026-06-14 02:29:00,139,7,1
6506,7,49,18,2026-05-28 17:44:00,2026-05-28 18:56:00,384,30,2
6507,8,50,20,2026-06-21 13:43:00,2026-06-21 15:05:00,51,3,2
6508,1,34,13,2026-01-29 17:44:00,2026-01-29 18:22:00,381,30,1
6509,10,32,7,2026-01-02 02:00:00,2026-01-02 05:22:00,366,21,3
6510,7,48,6,2026-04-24 23:41:00,2026-04-25 01:53:00,268,15,3
6511,8,20,8,2026-06-06 18:21:00,2026-06-06 19:00:00,475,25,1
6512,6,17,7,2026-02-22 04:05:00,2026-02-22 05:04:00,308,21,2
6513,8,44,15,2026-04-30 20:00:00,2026-04-30 21:23:00,256,16,2
6514,8,20,7,2026-06-05 06:20:00,2026-06-05 08:44:00,259,10,2
6515,3,30,15,2026-06-05 10:27:00,2026-06-05 11:45:00,461,8,2
6516,7,25,5,2026-03-08 20:46:00,2026-03-08 21:27:00,213,12,3
6517,6,12,7,2026-05-31 00:31:00,2026-05-31 02:11:00,95,6,2
6518,3,42,10,2026-02-02 11:23:00,2026-02-02 12:29:00,106,2,1
6519,6,39,5,2026-05-04 21:54:00,2026-05-05 01:51:00,473,35,3
6520,1,34,12,2026-05-22 01:04:00,2026-05-22 04:41:00,307,6,1
6521,6,17,15,2026-03-05 12:45:00,2026-03-05 16:26:00,321,5,2
6522,3,30,7,2026-04-18 00:49:00,2026-04-18 04:10:00,136,5,2
6523,6,39,20,2026-04-29 18:43:00,2026-04-29 21:04:00,156,3,1
6524,8,50,12,2026-05-06 04:05:00,2026-05-06 05:18:00,268,4,3
6525,9,26,18,2026-04-04 21:32:00,2026-04-04 22:05:00,159,4,1
6526,8,4,10,2026-05-27 08:22:00,2026-05-27 10:37:00,233,3,1
6527,3,23,7,2026-02-28 23:58:00,2026-03-01 03:25:00,201,9,2
6528,4,37,17,2026-03-31 10:58:00,2026-03-31 12:31:00,143,6,1
6529,9,40,7,2026-02-23 17:21:00,2026-02-23 20:36:00,390,1,3
6530,5,45,2,2026-01-13 14:34:00,2026-01-13 16:47:00,138,2,3
6531,8,44,6,2026-02-12 01:47:00,2026-02-12 04:15:00,97,0,2
6532,8,44,13,2026-04-10 13:37:00,2026-04-10 14:34:00,476,22,1
6533,6,39,15,2026-06-11 01:26:00,2026-06-11 05:03:00,442,24,2
6534,5,45,3,2026-04-04 22:52:00,2026-04-05 00:30:00,312,13,3
6535,4,29,11,2026-05-02 21:36:00,2026-05-02 23:25:00,93,6,1
6536,8,43,18,2026-02-13 20:17:00,2026-02-13 21:16:00,343,12,3
6537,7,35,3,2026-03-08 12:32:00,2026-03-08 15:10:00,162,3,1
6538,4,8,4,2026-04-21 13:56:00,2026-04-21 16:15:00,133,4,2
6539,3,24,20,2026-03-03 04:37:00,2026-03-03 07:38:00,427,8,2
6540,7,2,17,2026-02-21 06:16:00,2026-02-21 09:12:00,116,7,2
6541,10,19,4,2026-01-12 03:08:00,2026-01-12 05:55:00,441,8,3
6542,6,39,19,2026-01-21 17:59:00,2026-01-21 20:06:00,71,2,2
6543,6,27,1,2026-03-20 02:23:00,2026-03-20 06:15:00,141,1,3
6544,9,22,8,2026-05-13 16:17:00,2026-05-13 16:49:00,296,11,3
6545,3,42,8,2026-06-08 10:31:00,2026-06-08 14:24:00,58,1,2
6546,8,14,15,2026-06-24 04:06:00,2026-06-24 04:56:00,351,25,3
6547,5,45,3,2026-04-23 05:36:00,2026-04-23 06:56:00,496,29,2
6548,1,34,3,2026-04-10 05:20:00,2026-04-10 06:37:00,385,6,1
6549,7,49,4,2026-01-23 04:49:00,2026-01-23 08:44:00,311,10,1
6550,9,22,2,2026-06-03 22:18:00,2026-06-03 23:25:00,220,10,3
6551,2,46,1,2026-03-03 18:00:00,2026-03-03 19:42:00,69,0,2
6552,8,43,15,2026-03-03 12:22:00,2026-03-03 14:43:00,295,18,1
6553,8,44,6,2026-04-27 17:38:00,2026-04-27 18:41:00,335,6,2
6554,8,10,5,2026-06-12 14:47:00,2026-06-12 16:24:00,81,4,2
6555,3,42,13,2026-06-11 22:15:00,2026-06-12 02:04:00,406,6,3
6556,9,40,1,2026-03-19 00:36:00,2026-03-19 04:02:00,373,1,3
6557,8,4,2,2026-05-23 09:34:00,2026-05-23 12:24:00,207,14,1
6558,4,15,15,2026-01-18 06:34:00,2026-01-18 08:23:00,469,8,1
6559,8,10,3,2026-04-27 16:38:00,2026-04-27 19:44:00,273,4,3
6560,6,39,16,2026-01-24 17:23:00,2026-01-24 19:54:00,228,15,2
6561,10,18,11,2026-05-05 16:29:00,2026-05-05 20:00:00,112,2,3
6562,2,46,11,2026-06-05 17:03:00,2026-06-05 19:18:00,411,21,3
6563,10,1,8,2026-06-10 15:01:00,2026-06-10 18:14:00,140,6,3
6564,5,45,4,2026-01-18 01:00:00,2026-01-18 02:44:00,242,17,2
6565,2,3,1,2026-02-01 22:16:00,2026-02-01 23:14:00,244,10,3
6566,4,8,4,2026-06-20 21:16:00,2026-06-20 21:55:00,280,0,3
6567,7,25,16,2026-01-08 13:23:00,2026-01-08 15:49:00,336,23,1
6568,9,41,7,2026-04-29 17:56:00,2026-04-29 21:32:00,148,1,1
6569,3,24,5,2026-05-01 20:54:00,2026-05-01 22:06:00,215,9,2
6570,9,22,8,2026-05-25 20:02:00,2026-05-25 22:50:00,258,17,1
6571,7,49,19,2026-01-10 19:07:00,2026-01-10 22:10:00,313,13,2
6572,10,9,17,2026-01-21 17:02:00,2026-01-21 17:48:00,412,30,3
6573,3,30,4,2026-04-16 11:58:00,2026-04-16 15:45:00,463,23,1
6574,9,26,14,2026-02-04 13:03:00,2026-02-04 13:59:00,332,23,1
6575,9,41,11,2026-06-17 14:36:00,2026-06-17 18:16:00,390,24,2
6576,4,29,4,2026-02-15 22:56:00,2026-02-15 23:42:00,497,37,1
6577,7,49,13,2026-06-21 06:18:00,2026-06-21 08:42:00,491,6,3
6578,3,28,14,2026-01-20 09:29:00,2026-01-20 11:13:00,265,10,3
6579,10,19,6,2026-03-05 17:07:00,2026-03-05 20:07:00,188,3,3
6580,8,20,9,2026-06-25 14:22:00,2026-06-25 16:29:00,66,0,2
6581,8,4,12,2026-05-25 08:59:00,2026-05-25 11:59:00,141,0,2
6582,5,6,4,2026-05-08 04:51:00,2026-05-08 08:26:00,243,13,2
6583,7,48,14,2026-05-21 08:11:00,2026-05-21 12:06:00,206,2,2
6584,3,24,13,2026-01-07 11:19:00,2026-01-07 12:14:00,145,5,1
6585,7,11,9,2026-04-15 18:14:00,2026-04-15 20:25:00,66,4,2
6586,5,6,14,2026-04-25 01:45:00,2026-04-25 02:19:00,343,18,3
6587,3,42,9,2026-01-09 10:59:00,2026-01-09 11:46:00,148,4,3
6588,10,16,15,2026-03-04 10:35:00,2026-03-04 11:15:00,50,0,1
6589,9,22,7,2026-02-14 19:47:00,2026-02-14 22:23:00,410,28,2
6590,9,41,12,2026-02-16 12:38:00,2026-02-16 13:40:00,447,34,1
6591,7,48,13,2026-01-01 08:27:00,2026-01-01 09:22:00,480,34,2
6592,10,16,17,2026-02-11 06:19:00,2026-02-11 09:17:00,259,17,3
6593,8,50,20,2026-01-12 10:22:00,2026-01-12 11:42:00,122,6,2
6594,6,27,15,2026-03-06 04:27:00,2026-03-06 06:05:00,146,6,3
6595,7,2,3,2026-03-23 14:01:00,2026-03-23 14:32:00,363,25,3
6596,9,26,5,2026-06-04 06:41:00,2026-06-04 07:30:00,240,12,3
6597,10,16,4,2026-05-30 11:05:00,2026-05-30 15:05:00,254,14,2
6598,10,16,12,2026-06-19 06:21:00,2026-06-19 08:21:00,107,5,2
6599,7,49,15,2026-02-24 05:41:00,2026-02-24 08:03:00,269,9,1
6600,8,43,14,2026-05-02 22:49:00,2026-05-03 01:37:00,391,21,3
6601,8,4,5,2026-04-17 10:53:00,2026-04-17 12:05:00,107,0,2
6602,7,11,18,2026-03-19 18:36:00,2026-03-19 19:06:00,64,1,2
6603,10,1,19,2026-06-10 19:42:00,2026-06-10 23:38:00,273,12,3
6604,10,1,14,2026-05-27 15:01:00,2026-05-27 15:42:00,445,34,2
6605,4,29,18,2026-01-07 16:30:00,2026-01-07 19:07:00,154,5,1
6606,9,26,17,2026-04-07 19:56:00,2026-04-07 21:48:00,328,14,2
6607,10,1,20,2026-03-09 04:16:00,2026-03-09 05:09:00,199,6,3
6608,4,29,20,2026-04-01 10:52:00,2026-04-01 12:55:00,487,2,1
6609,1,47,10,2026-04-25 13:03:00,2026-04-25 15:50:00,71,3,3
6610,8,43,16,2026-04-12 13:25:00,2026-04-12 14:27:00,216,0,3
6611,8,4,2,2026-05-22 13:19:00,2026-05-22 16:13:00,321,23,1
6612,10,19,11,2026-03-31 05:28:00,2026-03-31 06:55:00,371,0,3
6613,5,45,19,2026-03-16 17:38:00,2026-03-16 19:19:00,451,30,2
6614,6,27,14,2026-02-19 10:39:00,2026-02-19 11:32:00,410,13,2
6615,3,24,4,2026-01-26 00:32:00,2026-01-26 02:54:00,375,18,3
6616,3,24,6,2026-03-04 15:07:00,2026-03-04 17:22:00,400,25,3
6617,8,43,14,2026-05-31 13:38:00,2026-05-31 16:41:00,350,4,2
6618,6,39,13,2026-06-09 10:19:00,2026-06-09 13:50:00,326,18,2
6619,7,31,18,2026-02-11 06:48:00,2026-02-11 07:45:00,464,15,2
6620,6,27,6,2026-04-04 20:45:00,2026-04-04 22:56:00,371,22,3
6621,4,8,2,2026-02-28 03:08:00,2026-02-28 06:28:00,378,20,1
6622,2,3,2,2026-05-09 06:58:00,2026-05-09 08:21:00,470,37,2
6623,8,14,2,2026-01-15 10:05:00,2026-01-15 12:16:00,233,5,1
6624,8,10,1,2026-01-26 04:52:00,2026-01-26 05:23:00,371,17,2
6625,7,2,5,2026-03-06 04:56:00,2026-03-06 05:41:00,308,17,2
6626,10,7,6,2026-04-19 05:02:00,2026-04-19 06:28:00,428,23,2
6627,10,9,19,2026-02-15 21:00:00,2026-02-15 22:35:00,203,6,1
6628,3,5,13,2026-03-03 09:57:00,2026-03-03 11:27:00,82,5,2
6629,7,31,5,2026-05-15 15:15:00,2026-05-15 16:49:00,172,7,1
6630,8,20,5,2026-04-16 01:58:00,2026-04-16 04:07:00,204,1,2
6631,10,38,11,2026-04-04 21:29:00,2026-04-04 23:24:00,389,17,2
6632,6,39,6,2026-05-07 18:24:00,2026-05-07 22:13:00,136,1,1
6633,7,48,10,2026-01-02 01:17:00,2026-01-02 02:56:00,200,13,3
6634,2,3,6,2026-02-12 14:48:00,2026-02-12 15:41:00,276,19,1
6635,9,40,15,2026-06-05 07:13:00,2026-06-05 10:46:00,359,18,3
6636,8,21,19,2026-01-02 02:15:00,2026-01-02 03:46:00,186,8,3
6637,10,7,20,2026-02-01 01:08:00,2026-02-01 03:53:00,338,7,2
6638,9,33,16,2026-05-29 23:04:00,2026-05-30 02:43:00,418,20,3
6639,10,1,10,2026-06-10 15:24:00,2026-06-10 17:36:00,343,15,3
6640,3,24,4,2026-03-26 01:08:00,2026-03-26 04:18:00,120,7,2
6641,2,46,13,2026-04-08 13:50:00,2026-04-08 14:48:00,151,2,1
6642,7,11,15,2026-06-12 00:13:00,2026-06-12 02:02:00,389,23,2
6643,6,17,18,2026-03-06 06:03:00,2026-03-06 09:59:00,311,7,2
6644,7,25,15,2026-04-01 14:19:00,2026-04-01 17:25:00,448,29,2
6645,8,44,14,2026-06-02 03:02:00,2026-06-02 04:26:00,261,7,3
6646,1,47,6,2026-06-12 18:12:00,2026-06-12 20:05:00,348,8,2
6647,7,11,3,2026-04-02 23:58:00,2026-04-03 01:36:00,343,11,2
6648,8,20,20,2026-06-24 14:39:00,2026-06-24 18:18:00,212,16,2
6649,7,11,4,2026-04-29 03:33:00,2026-04-29 05:35:00,416,22,3
6650,3,24,8,2026-02-19 14:58:00,2026-02-19 16:01:00,366,19,3
6651,3,24,9,2026-06-07 23:02:00,2026-06-08 02:58:00,353,6,2
6652,7,11,14,2026-04-25 09:13:00,2026-04-25 11:32:00,246,8,2
6653,7,25,10,2026-01-06 11:21:00,2026-01-06 13:11:00,187,1,3
6654,3,24,5,2026-01-11 20:14:00,2026-01-11 22:36:00,289,0,2
6655,9,22,5,2026-04-24 12:17:00,2026-04-24 14:49:00,266,0,3
6656,10,19,10,2026-02-27 21:09:00,2026-02-28 00:25:00,339,16,1
6657,10,38,12,2026-05-19 00:44:00,2026-05-19 03:11:00,316,11,2
6658,9,26,5,2026-01-01 18:47:00,2026-01-01 21:17:00,447,12,1
6659,3,28,6,2026-06-03 02:02:00,2026-06-03 03:20:00,189,12,1
6660,7,49,14,2026-04-05 09:47:00,2026-04-05 12:59:00,478,14,3
6661,9,26,15,2026-04-12 15:33:00,2026-04-12 18:47:00,489,25,2
6662,9,40,14,2026-05-03 00:28:00,2026-05-03 03:02:00,429,19,1
6663,10,16,8,2026-02-08 16:23:00,2026-02-08 17:47:00,82,4,2
6664,4,36,20,2026-02-21 22:46:00,2026-02-22 02:00:00,414,12,1
6665,8,4,19,2026-06-07 12:17:00,2026-06-07 14:38:00,220,7,3
6666,10,38,6,2026-02-19 09:46:00,2026-02-19 10:58:00,167,1,3
6667,8,50,16,2026-05-10 00:06:00,2026-05-10 01:43:00,278,8,1
6668,9,22,19,2026-02-03 14:49:00,2026-02-03 15:48:00,285,5,1
6669,3,28,13,2026-04-28 22:36:00,2026-04-28 23:22:00,55,1,3
6670,7,2,12,2026-04-24 17:17:00,2026-04-24 20:21:00,475,6,1
6671,10,19,16,2026-06-18 20:37:00,2026-06-18 22:31:00,423,16,3
6672,10,1,3,2026-03-25 22:02:00,2026-03-25 22:43:00,189,11,1
6673,3,28,9,2026-01-26 05:51:00,2026-01-26 09:03:00,243,1,2
6674,10,16,16,2026-04-09 21:49:00,2026-04-10 00:12:00,419,27,3
6675,8,44,8,2026-01-10 00:09:00,2026-01-10 02:43:00,360,5,1
6676,10,38,5,2026-02-18 10:25:00,2026-02-18 11:16:00,419,20,2
6677,6,12,6,2026-04-04 22:25:00,2026-04-04 23:05:00,179,6,1
6678,3,5,9,2026-02-20 16:14:00,2026-02-20 19:19:00,338,18,3
6679,9,22,16,2026-05-25 21:40:00,2026-05-26 00:59:00,419,30,2
6680,4,37,19,2026-02-22 04:10:00,2026-02-22 07:08:00,129,7,3
6681,6,39,18,2026-05-21 11:14:00,2026-05-21 14:44:00,298,20,2
6682,10,38,8,2026-03-16 10:43:00,2026-03-16 14:09:00,252,17,2
6683,7,35,7,2026-06-06 00:13:00,2026-06-06 02:21:00,219,1,1
6684,9,33,12,2026-03-12 05:57:00,2026-03-12 09:32:00,75,1,3
6685,8,14,5,2026-02-05 16:51:00,2026-02-05 19:09:00,283,1,3
6686,5,6,7,2026-04-23 13:20:00,2026-04-23 16:07:00,359,3,2
6687,9,41,8,2026-04-27 07:18:00,2026-04-27 08:52:00,252,4,1
6688,3,42,4,2026-06-05 18:41:00,2026-06-05 19:35:00,193,5,1
6689,8,21,10,2026-01-05 09:58:00,2026-01-05 13:39:00,350,5,2
6690,10,1,2,2026-01-09 05:20:00,2026-01-09 08:02:00,478,17,1
6691,5,6,15,2026-02-08 09:20:00,2026-02-08 11:39:00,264,6,3
6692,3,30,20,2026-01-29 04:54:00,2026-01-29 07:15:00,424,22,1
6693,4,8,15,2026-04-20 17:42:00,2026-04-20 20:21:00,123,7,2
6694,10,7,2,2026-01-11 14:44:00,2026-01-11 16:55:00,68,2,2
6695,9,33,1,2026-03-27 18:54:00,2026-03-27 22:45:00,217,1,2
6696,3,24,2,2026-05-07 12:18:00,2026-05-07 14:01:00,377,27,3
6697,9,40,7,2026-04-22 11:05:00,2026-04-22 12:38:00,426,20,1
6698,8,20,16,2026-06-25 06:41:00,2026-06-25 08:45:00,141,10,2
6699,10,13,8,2026-01-27 12:52:00,2026-01-27 16:06:00,291,10,1
6700,1,47,13,2026-04-15 07:22:00,2026-04-15 09:02:00,104,4,3
6701,10,32,20,2026-06-22 00:17:00,2026-06-22 03:34:00,330,7,3
6702,3,5,11,2026-06-15 05:00:00,2026-06-15 06:41:00,336,19,2
6703,1,47,11,2026-03-07 21:04:00,2026-03-07 23:28:00,71,1,3
6704,3,30,10,2026-03-22 23:56:00,2026-03-23 02:32:00,441,14,2
6705,3,42,12,2026-01-06 18:50:00,2026-01-06 20:38:00,272,1,2
6706,10,16,7,2026-01-05 05:22:00,2026-01-05 06:10:00,305,11,1
6707,9,41,2,2026-04-19 20:25:00,2026-04-19 20:56:00,147,1,3
6708,10,16,8,2026-05-11 15:26:00,2026-05-11 16:39:00,70,4,2
6709,6,12,1,2026-04-23 12:07:00,2026-04-23 15:45:00,253,17,2
6710,6,17,5,2026-03-24 09:17:00,2026-03-24 12:10:00,428,17,1
6711,10,16,1,2026-03-11 07:40:00,2026-03-11 08:28:00,338,24,3
6712,1,47,16,2026-01-07 23:09:00,2026-01-08 00:50:00,337,9,2
6713,10,19,4,2026-02-14 15:26:00,2026-02-14 17:51:00,81,3,1
6714,10,7,18,2026-01-15 21:11:00,2026-01-16 00:08:00,465,35,3
6715,5,6,6,2026-06-19 03:09:00,2026-06-19 05:31:00,118,0,3
6716,4,29,6,2026-01-12 00:44:00,2026-01-12 03:57:00,429,24,1
6717,7,48,12,2026-05-24 16:25:00,2026-05-24 19:39:00,469,34,1
6718,5,6,13,2026-04-10 21:13:00,2026-04-10 22:38:00,302,14,1
6719,7,48,15,2026-05-23 04:00:00,2026-05-23 04:51:00,118,0,3
6720,5,6,6,2026-04-07 08:23:00,2026-04-07 09:12:00,469,18,3
6721,9,40,13,2026-04-02 19:15:00,2026-04-02 23:13:00,265,7,3
6722,10,1,11,2026-04-19 08:27:00,2026-04-19 09:48:00,203,12,2
6723,8,20,16,2026-04-11 03:29:00,2026-04-11 05:13:00,428,6,2
6724,9,22,17,2026-03-25 06:51:00,2026-03-25 07:38:00,207,0,3
6725,7,25,13,2026-01-13 22:49:00,2026-01-14 00:36:00,243,11,2
6726,5,6,3,2026-01-26 19:38:00,2026-01-26 21:33:00,246,8,2
6727,6,39,5,2026-04-08 21:48:00,2026-04-09 00:04:00,240,16,1
6728,5,45,6,2026-04-27 00:01:00,2026-04-27 03:44:00,351,9,1
6729,8,4,13,2026-05-08 18:27:00,2026-05-08 20:46:00,364,11,3
6730,9,26,17,2026-04-11 17:13:00,2026-04-11 19:40:00,472,6,1
6731,10,19,1,2026-01-30 17:18:00,2026-01-30 18:16:00,164,5,1
6732,7,2,20,2026-06-25 14:07:00,2026-06-25 17:07:00,363,12,3
6733,8,10,19,2026-05-23 03:37:00,2026-05-23 04:10:00,197,13,1
6734,9,33,2,2026-05-20 04:35:00,2026-05-20 08:22:00,310,1,1
6735,10,32,10,2026-06-17 15:58:00,2026-06-17 16:31:00,168,7,2
6736,6,17,2,2026-02-01 04:01:00,2026-02-01 05:31:00,130,2,2
6737,10,13,1,2026-01-26 08:52:00,2026-01-26 10:43:00,155,8,1
6738,4,29,2,2026-05-08 01:15:00,2026-05-08 03:09:00,149,5,3
6739,9,33,5,2026-04-30 21:41:00,2026-05-01 00:12:00,283,12,3
6740,10,16,8,2026-06-22 13:37:00,2026-06-22 16:07:00,266,1,3
6741,2,46,10,2026-02-09 13:30:00,2026-02-09 17:20:00,189,13,1
6742,9,40,12,2026-05-19 22:14:00,2026-05-20 00:12:00,473,29,2
6743,8,50,16,2026-01-24 18:45:00,2026-01-24 20:26:00,304,6,2
6744,5,45,3,2026-04-16 02:36:00,2026-04-16 04:55:00,80,0,3
6745,4,36,11,2026-06-14 17:39:00,2026-06-14 18:55:00,285,1,2
6746,1,34,2,2026-01-12 06:23:00,2026-01-12 07:29:00,218,10,3
6747,8,14,5,2026-03-30 16:27:00,2026-03-30 18:57:00,346,19,3
6748,7,25,4,2026-04-18 23:40:00,2026-04-19 01:29:00,88,0,3
6749,6,17,4,2026-06-10 22:45:00,2026-06-11 01:29:00,397,9,2
6750,3,5,20,2026-04-26 06:43:00,2026-04-26 08:40:00,236,14,2
6751,10,19,5,2026-01-05 10:48:00,2026-01-05 12:38:00,60,3,2
6752,4,8,17,2026-06-10 12:16:00,2026-06-10 12:52:00,430,25,1
6753,10,1,15,2026-02-12 13:41:00,2026-02-12 17:32:00,488,15,3
6754,6,17,8,2026-04-04 04:24:00,2026-04-04 07:08:00,137,7,3
6755,7,11,20,2026-05-26 14:25:00,2026-05-26 16:18:00,260,3,2
6756,7,25,15,2026-01-17 17:01:00,2026-01-17 18:58:00,299,20,1
6757,3,23,16,2026-03-24 11:50:00,2026-03-24 12:56:00,65,3,2
6758,3,24,4,2026-03-31 22:15:00,2026-03-31 22:57:00,191,2,1
6759,3,28,6,2026-02-14 22:09:00,2026-02-14 23:44:00,215,5,1
6760,9,33,12,2026-04-21 18:23:00,2026-04-21 20:15:00,99,4,3
6761,8,10,15,2026-04-14 17:16:00,2026-04-14 19:18:00,89,5,1
6762,7,31,16,2026-06-08 02:36:00,2026-06-08 03:14:00,248,3,2
6763,9,22,6,2026-06-07 03:32:00,2026-06-07 05:47:00,488,16,3
6764,7,25,17,2026-04-21 02:53:00,2026-04-21 04:31:00,490,12,1
6765,3,23,9,2026-04-17 20:06:00,2026-04-17 22:41:00,153,3,3
6766,3,23,14,2026-05-25 12:09:00,2026-05-25 16:09:00,342,20,2
6767,4,37,4,2026-06-02 02:42:00,2026-06-02 05:59:00,236,13,3
6768,4,37,13,2026-06-19 20:03:00,2026-06-19 20:41:00,394,20,2
6769,7,2,5,2026-05-05 03:18:00,2026-05-05 06:18:00,212,7,1
6770,5,6,18,2026-06-04 09:17:00,2026-06-04 12:56:00,423,30,1
6771,6,17,17,2026-05-19 06:37:00,2026-05-19 09:05:00,339,18,2
6772,8,14,19,2026-06-27 16:44:00,2026-06-27 20:05:00,433,32,1
6773,7,35,14,2026-02-15 21:57:00,2026-02-16 00:09:00,357,26,1
6774,7,49,18,2026-03-26 16:44:00,2026-03-26 19:06:00,366,19,1
6775,4,8,7,2026-04-15 14:17:00,2026-04-15 16:44:00,116,2,2
6776,3,23,11,2026-03-20 20:35:00,2026-03-20 22:30:00,156,3,1
6777,7,31,6,2026-01-24 23:58:00,2026-01-25 02:53:00,341,19,2
6778,7,2,7,2026-05-19 14:22:00,2026-05-19 17:06:00,183,10,1
6779,4,29,13,2026-06-17 08:53:00,2026-06-17 09:37:00,251,10,1
6780,7,25,2,2026-02-05 22:07:00,2026-02-05 23:58:00,236,6,2
6781,4,8,1,2026-06-19 09:18:00,2026-06-19 11:28:00,384,24,3
6782,6,17,11,2026-04-09 12:56:00,2026-04-09 14:52:00,306,1,3
6783,10,9,14,2026-03-24 19:26:00,2026-03-24 20:26:00,358,24,2
6784,1,34,10,2026-06-25 11:40:00,2026-06-25 13:53:00,80,5,1
6785,3,23,20,2026-05-07 09:18:00,2026-05-07 10:04:00,463,35,1
6786,9,22,3,2026-01-04 18:09:00,2026-01-04 20:38:00,150,2,1
6787,3,5,19,2026-03-26 01:17:00,2026-03-26 04:04:00,100,6,1
6788,7,11,2,2026-04-26 18:12:00,2026-04-26 21:30:00,359,0,1
6789,7,31,11,2026-01-27 09:50:00,2026-01-27 12:32:00,413,28,1
6790,4,29,8,2026-05-03 09:17:00,2026-05-03 12:20:00,438,15,1
6791,4,37,14,2026-03-09 00:31:00,2026-03-09 02:01:00,118,4,2
6792,10,7,10,2026-04-03 17:54:00,2026-04-03 19:58:00,189,9,3
6793,1,34,4,2026-01-19 00:58:00,2026-01-19 01:52:00,321,10,3
6794,3,30,14,2026-05-17 22:02:00,2026-05-18 01:16:00,229,7,2
6795,8,50,3,2026-05-21 11:23:00,2026-05-21 13:00:00,387,20,2
6796,3,23,10,2026-01-27 11:44:00,2026-01-27 15:05:00,236,17,1
6797,10,7,10,2026-03-21 05:39:00,2026-03-21 09:34:00,77,4,3
6798,9,40,3,2026-06-21 11:11:00,2026-06-21 14:09:00,149,11,1
6799,7,31,1,2026-02-05 21:13:00,2026-02-05 23:43:00,136,3,2
6800,8,44,6,2026-06-11 13:58:00,2026-06-11 15:08:00,178,0,2
6801,10,38,20,2026-04-22 07:05:00,2026-04-22 08:55:00,469,19,2
6802,4,8,6,2026-04-05 18:12:00,2026-04-05 21:40:00,160,5,2
6803,1,34,16,2026-03-09 12:44:00,2026-03-09 13:37:00,375,17,2
6804,6,27,15,2026-01-09 06:41:00,2026-01-09 08:25:00,54,0,1
6805,9,26,9,2026-04-08 04:46:00,2026-04-08 05:29:00,257,6,2
6806,10,13,11,2026-02-09 08:51:00,2026-02-09 11:43:00,153,9,2
6807,7,35,17,2026-06-13 14:00:00,2026-06-13 17:05:00,362,9,3
6808,5,6,11,2026-01-31 17:09:00,2026-01-31 17:47:00,407,0,3
6809,2,3,10,2026-04-09 08:25:00,2026-04-09 09:31:00,381,19,2
6810,8,20,18,2026-04-15 10:01:00,2026-04-15 11:13:00,146,2,1
6811,7,11,14,2026-06-04 20:42:00,2026-06-04 22:20:00,292,18,2
6812,6,27,15,2026-05-29 14:26:00,2026-05-29 16:16:00,406,11,2
6813,10,1,11,2026-05-29 20:28:00,2026-05-29 21:33:00,303,17,1
6814,4,15,20,2026-03-30 17:19:00,2026-03-30 20:15:00,173,3,2
6815,3,24,8,2026-06-29 20:57:00,2026-06-29 21:45:00,438,12,1
6816,10,38,4,2026-05-06 13:03:00,2026-05-06 15:12:00,269,3,3
6817,6,39,2,2026-04-21 11:23:00,2026-04-21 14:27:00,134,5,2
6818,8,10,2,2026-04-28 15:15:00,2026-04-28 17:07:00,308,16,3
6819,4,8,13,2026-01-30 17:27:00,2026-01-30 20:21:00,252,17,2
6820,9,22,18,2026-01-05 01:13:00,2026-01-05 04:32:00,94,7,2
6821,3,28,1,2026-04-10 23:12:00,2026-04-11 01:18:00,196,12,3
6822,9,26,13,2026-01-27 10:55:00,2026-01-27 14:22:00,461,19,1
6823,6,39,11,2026-06-11 01:28:00,2026-06-11 04:54:00,333,18,3
6824,8,44,20,2026-01-12 06:05:00,2026-01-12 10:05:00,456,21,1
6825,1,47,16,2026-03-27 09:29:00,2026-03-27 10:47:00,116,5,1
6826,4,36,1,2026-01-06 15:08:00,2026-01-06 18:32:00,295,5,1
6827,2,46,19,2026-04-22 05:37:00,2026-04-22 07:31:00,441,1,1
6828,5,6,2,2026-02-05 05:21:00,2026-02-05 09:11:00,171,1,1
6829,10,32,14,2026-01-30 07:18:00,2026-01-30 09:38:00,78,4,1
6830,3,42,13,2026-04-11 00:37:00,2026-04-11 03:34:00,424,5,2
6831,8,10,10,2026-06-05 17:52:00,2026-06-05 20:21:00,257,13,1
6832,8,14,18,2026-06-14 18:43:00,2026-06-14 21:06:00,376,22,1
6833,10,7,5,2026-01-02 20:25:00,2026-01-02 22:25:00,251,13,3
6834,3,24,15,2026-03-23 18:01:00,2026-03-23 20:32:00,376,8,3
6835,4,37,16,2026-02-07 00:52:00,2026-02-07 01:28:00,351,4,2
6836,9,26,9,2026-02-10 05:53:00,2026-02-10 07:02:00,63,4,2
6837,10,18,8,2026-04-08 14:50:00,2026-04-08 18:11:00,243,0,2
6838,4,15,2,2026-06-24 06:00:00,2026-06-24 07:01:00,148,10,3
6839,9,26,15,2026-05-14 08:15:00,2026-05-14 10:00:00,341,13,3
6840,8,21,12,2026-03-20 13:36:00,2026-03-20 16:52:00,397,16,3
6841,7,2,5,2026-06-22 00:35:00,2026-06-22 04:00:00,153,1,1
6842,10,16,3,2026-01-29 00:55:00,2026-01-29 04:02:00,121,0,1
6843,3,42,12,2026-04-21 05:57:00,2026-04-21 06:50:00,194,6,2
6844,3,5,6,2026-02-28 22:57:00,2026-03-01 00:10:00,183,0,2
6845,8,10,19,2026-03-18 02:23:00,2026-03-18 02:55:00,71,4,1
6846,8,44,17,2026-05-16 03:06:00,2026-05-16 04:08:00,199,12,2
6847,4,29,1,2026-05-03 13:08:00,2026-05-03 16:30:00,102,7,1
6848,9,40,6,2026-06-23 00:58:00,2026-06-23 03:52:00,312,8,2
6849,6,12,11,2026-02-21 20:12:00,2026-02-21 21:06:00,275,2,1
6850,10,1,11,2026-06-23 19:32:00,2026-06-23 21:44:00,338,24,1
6851,10,18,6,2026-04-17 05:27:00,2026-04-17 08:16:00,494,11,2
6852,3,42,14,2026-01-31 14:23:00,2026-01-31 18:15:00,152,7,1
6853,1,47,2,2026-03-12 13:49:00,2026-03-12 16:36:00,134,5,1
6854,8,4,7,2026-03-10 01:50:00,2026-03-10 04:30:00,276,15,2
6855,9,22,10,2026-04-18 07:31:00,2026-04-18 09:19:00,172,2,2
6856,4,29,6,2026-02-05 17:58:00,2026-02-05 20:33:00,363,4,3
6857,10,32,2,2026-04-25 11:36:00,2026-04-25 14:10:00,259,13,2
6858,9,41,3,2026-05-02 12:12:00,2026-05-02 14:59:00,94,6,1
6859,7,31,11,2026-06-08 06:26:00,2026-06-08 08:15:00,414,26,1
6860,3,24,19,2026-02-03 12:09:00,2026-02-03 15:53:00,121,1,1
6861,6,39,20,2026-01-07 11:10:00,2026-01-07 11:53:00,241,9,2
6862,1,47,11,2026-01-08 01:51:00,2026-01-08 03:05:00,313,9,1
6863,10,16,17,2026-01-07 01:37:00,2026-01-07 03:20:00,193,12,2
6864,8,4,18,2026-03-21 02:35:00,2026-03-21 04:33:00,483,32,3
6865,8,14,10,2026-04-22 04:43:00,2026-04-22 05:47:00,117,4,2
6866,10,7,19,2026-05-17 09:49:00,2026-05-17 13:35:00,57,3,2
6867,9,26,17,2026-01-29 09:32:00,2026-01-29 11:56:00,208,13,3
6868,1,47,18,2026-02-06 03:49:00,2026-02-06 06:46:00,188,7,2
6869,4,36,8,2026-06-21 01:08:00,2026-06-21 03:16:00,386,12,1
6870,3,23,19,2026-05-03 06:27:00,2026-05-03 08:53:00,323,19,3
6871,8,14,7,2026-02-10 04:57:00,2026-02-10 06:40:00,125,2,3
6872,8,21,4,2026-05-06 20:34:00,2026-05-06 21:06:00,205,15,3
6873,7,35,13,2026-04-13 04:17:00,2026-04-13 06:38:00,126,3,3
6874,9,26,10,2026-05-05 12:20:00,2026-05-05 16:13:00,167,0,2
6875,1,34,7,2026-06-01 14:44:00,2026-06-01 16:24:00,201,2,3
6876,10,38,5,2026-02-28 07:12:00,2026-02-28 09:36:00,371,29,1
6877,8,44,1,2026-06-12 07:16:00,2026-06-12 09:44:00,152,0,3
6878,3,42,4,2026-05-07 15:10:00,2026-05-07 18:18:00,135,9,3
6879,4,8,2,2026-02-25 00:11:00,2026-02-25 03:32:00,234,16,3
6880,10,1,15,2026-02-22 07:21:00,2026-02-22 10:23:00,271,10,2
6881,10,7,7,2026-06-17 22:53:00,2026-06-18 02:47:00,458,5,3
6882,10,19,19,2026-03-15 00:51:00,2026-03-15 03:28:00,427,7,3
6883,9,22,1,2026-03-24 19:19:00,2026-03-24 21:32:00,181,8,1
6884,4,36,13,2026-05-12 12:40:00,2026-05-12 14:15:00,393,7,3
6885,9,22,13,2026-01-14 20:09:00,2026-01-14 21:03:00,349,21,2
6886,2,3,15,2026-02-08 20:15:00,2026-02-08 20:49:00,139,5,1
6887,3,24,17,2026-02-12 14:52:00,2026-02-12 15:44:00,107,0,3
6888,4,29,10,2026-01-29 22:40:00,2026-01-30 01:57:00,491,4,2
6889,3,23,5,2026-04-30 05:29:00,2026-04-30 06:14:00,421,4,2
6890,3,23,16,2026-05-19 11:54:00,2026-05-19 12:48:00,473,4,2
6891,2,46,6,2026-03-22 19:12:00,2026-03-22 19:52:00,115,1,1
6892,5,45,17,2026-05-05 03:42:00,2026-05-05 06:34:00,422,17,2
6893,8,4,8,2026-01-05 19:41:00,2026-01-05 23:24:00,494,30,2
6894,4,37,16,2026-04-18 01:00:00,2026-04-18 03:09:00,456,1,3
6895,8,43,8,2026-06-17 08:59:00,2026-06-17 09:58:00,246,14,1
6896,3,30,17,2026-05-28 19:55:00,2026-05-28 23:26:00,250,0,3
6897,5,6,20,2026-03-21 19:13:00,2026-03-21 22:56:00,129,0,1
6898,7,11,20,2026-04-28 17:25:00,2026-04-28 18:30:00,300,23,2
6899,10,1,12,2026-05-15 04:38:00,2026-05-15 08:07:00,304,17,2
6900,3,30,11,2026-01-03 23:38:00,2026-01-04 03:02:00,233,11,3
6901,6,39,5,2026-05-22 07:03:00,2026-05-22 08:45:00,355,17,1
6902,4,36,9,2026-06-06 23:22:00,2026-06-07 03:07:00,95,6,2
6903,10,1,10,2026-01-10 14:01:00,2026-01-10 16:29:00,423,5,2
6904,8,50,10,2026-05-14 21:02:00,2026-05-15 00:57:00,137,6,1
6905,8,44,1,2026-02-10 02:27:00,2026-02-10 04:33:00,187,12,2
6906,6,17,2,2026-03-05 09:54:00,2026-03-05 12:02:00,433,16,1
6907,1,34,4,2026-01-30 17:03:00,2026-01-30 18:50:00,133,3,2
6908,8,14,2,2026-02-23 20:59:00,2026-02-23 23:03:00,266,14,3
6909,9,40,6,2026-02-12 04:54:00,2026-02-12 06:53:00,486,12,1
6910,1,34,20,2026-02-21 02:28:00,2026-02-21 05:04:00,106,1,1
6911,10,19,14,2026-01-09 16:01:00,2026-01-09 18:41:00,143,3,2
6912,6,12,8,2026-05-14 19:49:00,2026-05-14 21:57:00,420,6,2
6913,8,10,20,2026-02-15 10:30:00,2026-02-15 13:50:00,367,1,2
6914,6,12,8,2026-02-27 08:00:00,2026-02-27 09:54:00,280,17,1
6915,3,24,3,2026-06-09 10:29:00,2026-06-09 13:25:00,50,2,1
6916,7,35,9,2026-01-23 01:07:00,2026-01-23 03:27:00,256,3,2
6917,6,27,17,2026-01-29 11:29:00,2026-01-29 14:23:00,265,6,3
6918,10,1,9,2026-01-20 10:25:00,2026-01-20 12:42:00,460,3,3
6919,3,24,18,2026-02-20 18:34:00,2026-02-20 20:11:00,343,5,2
6920,7,35,8,2026-06-04 22:58:00,2026-06-04 23:30:00,102,2,2
6921,4,8,8,2026-04-15 20:40:00,2026-04-15 21:47:00,273,15,2
6922,3,24,16,2026-02-09 01:31:00,2026-02-09 04:51:00,478,7,2
6923,9,33,12,2026-04-13 13:56:00,2026-04-13 14:30:00,450,18,2
6924,3,42,5,2026-05-07 04:46:00,2026-05-07 07:41:00,223,4,1
6925,10,32,12,2026-02-10 12:04:00,2026-02-10 14:50:00,94,6,1
6926,4,37,10,2026-06-03 13:05:00,2026-06-03 16:06:00,212,8,2
6927,4,37,9,2026-03-18 13:20:00,2026-03-18 16:54:00,160,11,1
6928,5,45,3,2026-02-11 17:11:00,2026-02-11 19:26:00,251,11,1
6929,10,13,6,2026-06-04 05:38:00,2026-06-04 09:14:00,117,2,3
6930,9,41,3,2026-04-10 22:52:00,2026-04-11 02:12:00,146,2,1
6931,6,12,19,2026-04-15 18:45:00,2026-04-15 21:39:00,109,2,1
6932,7,11,6,2026-02-21 15:44:00,2026-02-21 17:07:00,411,25,2
6933,9,26,10,2026-04-20 10:01:00,2026-04-20 11:09:00,350,5,1
6934,9,33,18,2026-06-19 16:29:00,2026-06-19 19:46:00,89,3,1
6935,8,43,8,2026-01-31 13:54:00,2026-01-31 16:58:00,280,3,2
6936,3,28,4,2026-01-31 15:24:00,2026-01-31 17:41:00,342,5,3
6937,7,31,14,2026-04-02 17:24:00,2026-04-02 19:59:00,224,2,3
6938,8,50,13,2026-02-10 00:10:00,2026-02-10 02:36:00,310,17,1
6939,3,28,8,2026-03-31 21:20:00,2026-04-01 01:11:00,316,4,2
6940,3,30,8,2026-02-19 00:12:00,2026-02-19 02:00:00,189,3,1
6941,3,28,12,2026-04-18 01:33:00,2026-04-18 05:24:00,467,16,1
6942,3,42,4,2026-03-01 08:33:00,2026-03-01 09:44:00,164,4,3
6943,3,30,3,2026-04-28 12:16:00,2026-04-28 14:16:00,430,10,3
6944,6,27,3,2026-04-20 15:59:00,2026-04-20 16:41:00,237,2,1
6945,10,19,5,2026-06-01 00:39:00,2026-06-01 03:13:00,308,18,1
6946,1,34,16,2026-05-14 23:53:00,2026-05-15 02:54:00,98,0,3
6947,8,50,18,2026-03-16 00:33:00,2026-03-16 03:12:00,273,1,3
6948,10,38,9,2026-05-18 13:47:00,2026-05-18 14:45:00,216,5,2
6949,10,13,7,2026-05-02 09:06:00,2026-05-02 10:22:00,489,14,1
6950,3,28,17,2026-05-08 21:58:00,2026-05-08 23:09:00,473,21,3
6951,7,48,15,2026-05-01 03:28:00,2026-05-01 06:48:00,77,6,2
6952,10,7,15,2026-06-06 15:10:00,2026-06-06 18:32:00,444,23,1
6953,10,1,18,2026-04-11 09:00:00,2026-04-11 12:24:00,206,1,1
6954,3,28,12,2026-02-08 16:26:00,2026-02-08 18:36:00,399,24,3
6955,8,21,14,2026-04-17 12:43:00,2026-04-17 14:21:00,310,5,1
6956,7,2,18,2026-05-24 17:31:00,2026-05-24 21:28:00,161,7,2
6957,3,24,8,2026-04-10 04:16:00,2026-04-10 07:27:00,380,2,1
6958,10,1,19,2026-05-10 17:17:00,2026-05-10 18:24:00,106,1,2
6959,10,19,10,2026-04-29 02:45:00,2026-04-29 06:27:00,480,34,2
6960,2,3,15,2026-05-09 19:40:00,2026-05-09 22:38:00,394,18,2
6961,8,21,11,2026-01-29 21:51:00,2026-01-29 22:44:00,457,16,3
6962,8,20,8,2026-06-13 01:14:00,2026-06-13 03:08:00,70,4,3
6963,8,43,20,2026-02-21 12:41:00,2026-02-21 15:05:00,217,6,2
6964,9,22,14,2026-01-15 14:56:00,2026-01-15 16:10:00,167,8,1
6965,8,14,2,2026-05-17 19:33:00,2026-05-17 22:31:00,332,0,1
6966,8,10,11,2026-04-23 10:53:00,2026-04-23 11:31:00,244,14,1
6967,8,14,17,2026-05-01 17:32:00,2026-05-01 18:02:00,199,9,3
6968,10,16,8,2026-01-04 18:25:00,2026-01-04 20:58:00,114,3,2
6969,10,7,15,2026-03-12 18:33:00,2026-03-12 20:38:00,273,15,1
6970,5,45,17,2026-06-25 01:27:00,2026-06-25 03:36:00,450,8,3
6971,3,42,9,2026-06-01 18:23:00,2026-06-01 22:05:00,211,8,1
6972,7,2,3,2026-03-08 06:05:00,2026-03-08 09:00:00,439,25,3
6973,3,28,7,2026-01-29 21:17:00,2026-01-29 22:59:00,217,3,2
6974,3,42,4,2026-04-25 09:33:00,2026-04-25 10:43:00,126,7,3
6975,10,1,10,2026-01-15 20:46:00,2026-01-15 23:50:00,276,12,1
6976,6,12,6,2026-05-12 09:17:00,2026-05-12 11:59:00,450,26,1
6977,5,45,9,2026-01-29 01:11:00,2026-01-29 04:31:00,180,7,1
6978,10,1,3,2026-05-27 04:44:00,2026-05-27 06:24:00,191,10,3
6979,9,40,17,2026-03-20 07:24:00,2026-03-20 08:15:00,495,34,1
6980,9,40,12,2026-02-11 13:01:00,2026-02-11 14:34:00,351,21,1
6981,8,10,15,2026-03-10 02:58:00,2026-03-10 06:11:00,270,15,3
6982,10,7,18,2026-04-02 18:11:00,2026-04-02 18:59:00,244,7,3
6983,9,22,2,2026-01-10 14:51:00,2026-01-10 16:06:00,453,28,3
6984,8,14,13,2026-02-01 02:59:00,2026-02-01 05:17:00,449,18,2
6985,7,31,13,2026-02-01 12:49:00,2026-02-01 16:07:00,64,4,2
6986,10,38,10,2026-06-19 16:23:00,2026-06-19 17:10:00,335,18,3
6987,7,31,13,2026-06-07 00:02:00,2026-06-07 00:45:00,127,6,1
6988,9,33,9,2026-05-23 16:15:00,2026-05-23 16:56:00,60,0,3
6989,6,17,12,2026-06-28 07:41:00,2026-06-28 11:12:00,461,1,2
6990,10,7,20,2026-03-15 12:35:00,2026-03-15 14:41:00,289,1,2
6991,9,26,10,2026-04-17 15:18:00,2026-04-17 16:43:00,78,1,3
6992,8,44,17,2026-04-15 04:52:00,2026-04-15 07:33:00,286,9,1
6993,3,5,6,2026-04-04 06:43:00,2026-04-04 08:58:00,427,6,1
6994,5,45,2,2026-06-26 22:32:00,2026-06-26 23:02:00,157,8,2
6995,7,35,3,2026-04-29 14:17:00,2026-04-29 17:54:00,232,17,1
6996,2,3,5,2026-01-22 23:33:00,2026-01-23 00:21:00,476,17,1
6997,4,8,12,2026-02-08 04:24:00,2026-02-08 06:01:00,220,2,3
6998,9,22,5,2026-03-16 03:30:00,2026-03-16 04:17:00,391,25,1
6999,10,32,6,2026-01-13 06:28:00,2026-01-13 08:34:00,387,2,3
7000,2,46,13,2026-05-21 20:55:00,2026-05-21 23:25:00,102,2,3
7001,3,28,8,2026-06-04 09:41:00,2026-06-04 11:58:00,165,3,3
7002,8,4,16,2026-04-17 05:37:00,2026-04-17 08:02:00,99,3,3
7003,6,27,4,2026-02-27 11:52:00,2026-02-27 15:12:00,321,25,3
7004,10,38,6,2026-03-08 21:40:00,2026-03-09 00:09:00,350,17,2
7005,7,2,4,2026-03-26 02:35:00,2026-03-26 04:21:00,209,9,3
7006,4,15,8,2026-05-13 08:55:00,2026-05-13 10:16:00,133,9,3
7007,3,30,8,2026-02-08 05:15:00,2026-02-08 06:53:00,410,21,3
7008,1,47,1,2026-03-17 18:43:00,2026-03-17 19:22:00,276,7,2
7009,8,44,6,2026-04-22 06:08:00,2026-04-22 08:23:00,125,7,3
7010,4,15,1,2026-03-13 11:19:00,2026-03-13 13:54:00,207,6,2
7011,4,36,11,2026-03-26 19:33:00,2026-03-26 20:38:00,307,16,3
7012,3,24,5,2026-02-10 04:19:00,2026-02-10 06:22:00,369,1,1
7013,10,32,14,2026-05-04 11:12:00,2026-05-04 13:50:00,498,14,1
7014,2,3,20,2026-02-24 02:40:00,2026-02-24 04:18:00,473,25,2
7015,1,34,8,2026-02-27 03:09:00,2026-02-27 04:49:00,125,8,2
7016,4,15,16,2026-05-18 21:47:00,2026-05-18 23:54:00,349,15,2
7017,6,17,4,2026-03-10 05:29:00,2026-03-10 06:06:00,269,4,3
7018,3,24,20,2026-06-28 02:14:00,2026-06-28 05:49:00,481,22,2
7019,10,32,4,2026-02-21 09:14:00,2026-02-21 13:09:00,161,0,3
7020,3,28,4,2026-05-18 21:09:00,2026-05-18 23:48:00,488,38,1
7021,4,15,10,2026-06-07 14:01:00,2026-06-07 16:48:00,400,3,2
7022,8,14,15,2026-04-05 11:07:00,2026-04-05 12:38:00,414,29,3
7023,6,17,19,2026-03-11 00:54:00,2026-03-11 02:45:00,292,13,1
7024,2,3,13,2026-01-29 19:19:00,2026-01-29 22:38:00,352,26,1
7025,10,1,10,2026-06-13 06:59:00,2026-06-13 07:46:00,113,6,3
7026,6,17,19,2026-04-19 11:10:00,2026-04-19 12:05:00,246,0,2
7027,8,43,3,2026-05-16 20:09:00,2026-05-16 21:45:00,247,15,2
7028,2,46,9,2026-05-27 09:25:00,2026-05-27 10:02:00,367,21,2
7029,8,43,16,2026-05-04 14:38:00,2026-05-04 16:56:00,128,1,2
7030,6,12,13,2026-06-24 13:32:00,2026-06-24 14:59:00,477,19,1
7031,10,9,11,2026-02-19 08:22:00,2026-02-19 11:01:00,355,4,1
7032,3,30,1,2026-03-29 09:54:00,2026-03-29 11:24:00,240,5,2
7033,9,26,8,2026-03-11 08:02:00,2026-03-11 08:42:00,404,24,1
7034,7,11,20,2026-02-27 04:00:00,2026-02-27 06:38:00,217,1,3
7035,9,41,6,2026-06-05 17:50:00,2026-06-05 19:02:00,180,4,1
7036,10,19,20,2026-01-02 02:06:00,2026-01-02 02:41:00,67,0,3
7037,7,2,13,2026-04-02 11:54:00,2026-04-02 15:28:00,255,5,3
7038,10,19,2,2026-01-16 12:34:00,2026-01-16 14:40:00,242,3,2
7039,6,17,10,2026-04-07 15:35:00,2026-04-07 16:44:00,295,19,2
7040,8,50,10,2026-03-07 15:14:00,2026-03-07 18:05:00,94,0,2
7041,10,18,15,2026-04-03 12:46:00,2026-04-03 15:59:00,495,6,1
7042,8,21,2,2026-04-26 04:52:00,2026-04-26 07:28:00,222,11,2
7043,5,6,12,2026-02-19 01:51:00,2026-02-19 04:51:00,144,0,3
7044,6,39,4,2026-03-17 22:30:00,2026-03-18 00:08:00,266,10,1
7045,3,30,6,2026-01-19 10:54:00,2026-01-19 13:30:00,65,1,3
7046,8,4,2,2026-01-21 03:18:00,2026-01-21 06:40:00,394,0,2
7047,10,38,15,2026-04-06 16:11:00,2026-04-06 19:45:00,360,23,1
7048,7,2,14,2026-04-15 07:14:00,2026-04-15 10:45:00,149,8,3
7049,2,3,7,2026-05-05 02:21:00,2026-05-05 05:07:00,112,1,3
7050,8,21,8,2026-04-04 09:48:00,2026-04-04 11:51:00,451,10,3
7051,10,19,8,2026-04-11 05:54:00,2026-04-11 08:40:00,203,4,3
7052,9,33,8,2026-01-08 16:58:00,2026-01-08 18:33:00,449,10,1
7053,6,27,18,2026-04-01 14:30:00,2026-04-01 18:20:00,402,30,1
7054,4,15,11,2026-02-04 11:35:00,2026-02-04 14:51:00,456,33,3
7055,7,49,17,2026-05-06 12:49:00,2026-05-06 15:09:00,248,9,3
7056,10,18,1,2026-02-15 20:07:00,2026-02-15 22:44:00,413,5,1
7057,3,24,2,2026-01-11 06:35:00,2026-01-11 09:27:00,63,4,2
7058,10,19,4,2026-01-27 06:25:00,2026-01-27 07:20:00,73,4,3
7059,9,40,2,2026-05-31 16:58:00,2026-05-31 20:47:00,296,11,2
7060,1,47,9,2026-06-23 06:33:00,2026-06-23 08:33:00,318,0,1
7061,9,33,17,2026-04-19 11:30:00,2026-04-19 14:08:00,392,26,1
7062,6,17,16,2026-05-05 15:01:00,2026-05-05 16:51:00,307,7,1
7063,8,4,13,2026-03-05 16:28:00,2026-03-05 18:54:00,436,27,1
7064,9,41,1,2026-04-25 10:16:00,2026-04-25 13:41:00,405,27,2
7065,7,31,6,2026-03-27 19:43:00,2026-03-27 22:03:00,148,1,3
7066,3,23,1,2026-05-25 01:00:00,2026-05-25 02:29:00,250,7,1
7067,7,31,17,2026-04-16 06:25:00,2026-04-16 09:23:00,317,10,3
7068,8,43,13,2026-04-27 03:58:00,2026-04-27 05:16:00,367,9,1
7069,8,21,13,2026-01-25 17:15:00,2026-01-25 19:26:00,184,11,3
7070,8,21,4,2026-03-31 13:55:00,2026-03-31 15:34:00,169,0,2
7071,8,20,1,2026-03-31 19:33:00,2026-03-31 20:19:00,336,3,3
7072,6,12,5,2026-02-26 19:20:00,2026-02-26 21:30:00,151,3,1
7073,7,35,3,2026-03-30 19:09:00,2026-03-30 22:36:00,448,2,1
7074,10,13,9,2026-01-01 17:28:00,2026-01-01 21:19:00,486,30,1
7075,1,34,14,2026-03-23 00:25:00,2026-03-23 04:04:00,188,10,1
7076,8,4,14,2026-04-06 20:56:00,2026-04-06 23:09:00,124,7,1
7077,10,16,7,2026-03-16 13:52:00,2026-03-16 17:26:00,317,18,3
7078,4,36,5,2026-01-15 21:27:00,2026-01-16 00:33:00,469,24,3
7079,4,8,15,2026-02-08 09:58:00,2026-02-08 12:33:00,161,10,3
7080,10,9,15,2026-06-12 16:04:00,2026-06-12 18:05:00,181,1,1
7081,10,9,4,2026-06-15 17:01:00,2026-06-15 20:23:00,157,12,1
7082,10,16,8,2026-06-19 07:20:00,2026-06-19 08:31:00,246,9,1
7083,3,30,4,2026-04-28 07:28:00,2026-04-28 10:07:00,187,14,1
7084,7,11,20,2026-02-21 01:18:00,2026-02-21 02:01:00,101,7,2
7085,6,12,5,2026-04-30 22:22:00,2026-04-30 23:56:00,72,1,2
7086,4,8,8,2026-05-26 09:39:00,2026-05-26 10:59:00,435,31,3
7087,4,8,12,2026-06-27 09:14:00,2026-06-27 11:01:00,342,14,2
7088,7,25,1,2026-01-14 21:20:00,2026-01-14 22:34:00,152,6,1
7089,8,20,15,2026-05-04 05:22:00,2026-05-04 07:24:00,287,6,2
7090,10,19,5,2026-03-12 17:02:00,2026-03-12 19:33:00,465,36,1
7091,4,36,18,2026-06-20 17:29:00,2026-06-20 19:18:00,121,7,1
7092,6,27,8,2026-06-18 13:05:00,2026-06-18 14:08:00,477,30,2
7093,1,34,2,2026-03-29 18:04:00,2026-03-29 21:36:00,417,13,2
7094,1,47,3,2026-02-11 01:37:00,2026-02-11 02:16:00,441,1,1
7095,7,31,6,2026-01-03 03:09:00,2026-01-03 05:07:00,406,26,2
7096,8,44,6,2026-02-13 05:22:00,2026-02-13 06:58:00,117,5,3
7097,6,27,15,2026-01-02 03:23:00,2026-01-02 06:30:00,465,17,3
7098,10,18,17,2026-01-20 15:45:00,2026-01-20 18:48:00,247,4,2
7099,6,12,17,2026-05-18 18:15:00,2026-05-18 18:58:00,277,20,1
7100,8,10,11,2026-02-23 07:51:00,2026-02-23 08:56:00,271,3,2
7101,10,19,11,2026-06-01 21:14:00,2026-06-02 00:55:00,185,1,1
7102,10,9,14,2026-06-01 11:11:00,2026-06-01 14:16:00,394,3,3
7103,3,24,6,2026-06-17 01:15:00,2026-06-17 04:21:00,123,2,1
7104,2,3,18,2026-05-25 17:27:00,2026-05-25 18:53:00,175,2,2
7105,4,29,13,2026-03-24 23:16:00,2026-03-25 01:47:00,286,0,2
7106,6,12,10,2026-05-10 11:25:00,2026-05-10 13:36:00,92,3,3
7107,7,49,4,2026-03-31 13:05:00,2026-03-31 14:48:00,211,13,2
7108,9,26,7,2026-06-27 21:24:00,2026-06-27 22:16:00,388,12,2
7109,9,26,12,2026-05-10 12:38:00,2026-05-10 14:28:00,103,2,3
7110,10,9,10,2026-06-19 01:27:00,2026-06-19 02:41:00,403,25,1
7111,9,33,19,2026-01-31 13:44:00,2026-01-31 16:40:00,118,2,1
7112,9,40,7,2026-02-02 00:47:00,2026-02-02 04:40:00,445,32,3
7113,6,39,7,2026-01-20 14:53:00,2026-01-20 16:45:00,491,13,1
7114,8,44,15,2026-06-27 17:21:00,2026-06-27 20:42:00,351,4,2
7115,3,24,11,2026-02-17 22:39:00,2026-02-18 00:01:00,442,31,3
7116,8,14,12,2026-01-29 03:31:00,2026-01-29 05:06:00,182,2,3
7117,10,9,14,2026-02-04 18:18:00,2026-02-04 21:22:00,499,19,3
7118,7,31,8,2026-05-20 19:42:00,2026-05-20 20:54:00,442,33,2
7119,6,17,6,2026-04-18 01:59:00,2026-04-18 05:35:00,444,15,1
7120,1,47,9,2026-03-18 07:52:00,2026-03-18 09:02:00,198,4,3
7121,7,25,6,2026-03-11 07:48:00,2026-03-11 09:41:00,496,27,2
7122,4,37,1,2026-02-17 04:57:00,2026-02-17 06:42:00,135,4,1
7123,5,45,4,2026-04-15 13:41:00,2026-04-15 14:27:00,423,18,3
7124,10,7,7,2026-04-22 15:02:00,2026-04-22 16:34:00,372,20,1
7125,3,42,17,2026-01-16 19:28:00,2026-01-16 20:16:00,76,0,3
7126,8,21,7,2026-03-29 12:54:00,2026-03-29 15:10:00,494,7,3
7127,8,21,2,2026-01-19 13:07:00,2026-01-19 14:41:00,321,5,1
7128,8,10,11,2026-05-06 20:54:00,2026-05-07 00:50:00,207,16,3
7129,9,26,10,2026-02-18 16:48:00,2026-02-18 19:30:00,193,3,3
7130,9,22,9,2026-01-21 01:51:00,2026-01-21 02:42:00,293,19,2
7131,3,23,14,2026-06-19 09:07:00,2026-06-19 09:38:00,334,2,1
7132,3,24,12,2026-06-18 07:08:00,2026-06-18 10:03:00,398,2,1
7133,4,29,20,2026-02-25 14:40:00,2026-02-25 18:19:00,215,5,2
7134,10,19,4,2026-04-30 04:34:00,2026-04-30 05:34:00,58,0,2
7135,8,21,9,2026-03-23 00:39:00,2026-03-23 03:25:00,124,6,3
7136,10,16,13,2026-02-26 03:34:00,2026-02-26 05:38:00,487,30,3
7137,10,19,16,2026-03-05 02:09:00,2026-03-05 04:33:00,64,1,2
7138,2,3,10,2026-04-04 01:56:00,2026-04-04 05:28:00,489,21,2
7139,3,23,18,2026-03-14 10:12:00,2026-03-14 13:13:00,200,13,2
7140,7,31,3,2026-05-17 22:51:00,2026-05-17 23:45:00,423,4,2
7141,9,41,4,2026-02-24 01:18:00,2026-02-24 05:04:00,327,14,1
7142,8,21,8,2026-04-30 04:02:00,2026-04-30 04:46:00,100,1,1
7143,6,27,3,2026-01-15 08:52:00,2026-01-15 10:23:00,67,5,1
7144,7,25,6,2026-03-29 14:52:00,2026-03-29 16:31:00,143,5,3
7145,8,21,16,2026-04-16 23:00:00,2026-04-17 01:23:00,106,7,1
7146,8,10,17,2026-05-26 09:06:00,2026-05-26 13:04:00,339,17,3
7147,8,4,4,2026-03-09 00:15:00,2026-03-09 02:55:00,321,2,1
7148,7,11,11,2026-01-31 06:58:00,2026-01-31 09:15:00,90,1,1
7149,3,28,3,2026-01-27 21:17:00,2026-01-27 23:43:00,160,4,2
7150,10,7,9,2026-05-04 15:03:00,2026-05-04 16:50:00,243,0,1
7151,10,9,18,2026-03-24 05:32:00,2026-03-24 07:40:00,236,17,3
7152,2,46,9,2026-03-20 21:01:00,2026-03-21 00:13:00,91,1,2
7153,2,3,9,2026-01-05 17:51:00,2026-01-05 21:14:00,363,14,2
7154,3,23,10,2026-05-12 20:18:00,2026-05-13 00:15:00,188,11,2
7155,1,47,4,2026-01-25 07:00:00,2026-01-25 10:01:00,168,10,2
7156,4,8,7,2026-03-22 03:43:00,2026-03-22 07:23:00,326,24,1
7157,7,48,20,2026-02-13 14:30:00,2026-02-13 15:19:00,125,0,1
7158,4,36,18,2026-01-17 12:02:00,2026-01-17 12:38:00,394,25,1
7159,5,6,3,2026-03-12 12:19:00,2026-03-12 15:49:00,88,0,3
7160,4,29,19,2026-05-10 21:30:00,2026-05-10 23:54:00,365,4,3
7161,8,20,4,2026-02-17 03:36:00,2026-02-17 07:08:00,462,29,2
7162,6,17,20,2026-04-24 19:51:00,2026-04-24 22:45:00,467,23,3
7163,9,33,12,2026-01-05 02:16:00,2026-01-05 05:25:00,169,0,2
7164,8,14,4,2026-05-07 06:12:00,2026-05-07 07:10:00,207,6,3
7165,10,1,3,2026-03-16 03:34:00,2026-03-16 07:27:00,349,24,2
7166,7,48,16,2026-06-27 16:13:00,2026-06-27 19:57:00,318,4,1
7167,5,6,10,2026-01-17 19:05:00,2026-01-17 20:29:00,167,6,3
7168,2,46,11,2026-02-01 12:31:00,2026-02-01 14:58:00,224,13,3
7169,8,10,7,2026-06-20 09:22:00,2026-06-20 11:10:00,327,21,1
7170,4,37,11,2026-04-11 01:06:00,2026-04-11 04:00:00,349,25,1
7171,6,27,14,2026-05-28 02:00:00,2026-05-28 04:49:00,289,17,2
7172,3,28,11,2026-03-25 11:13:00,2026-03-25 13:16:00,323,18,1
7173,8,21,11,2026-01-20 08:34:00,2026-01-20 11:52:00,108,6,2
7174,10,1,15,2026-04-22 20:17:00,2026-04-23 00:09:00,489,30,3
7175,7,11,4,2026-06-16 02:14:00,2026-06-16 04:56:00,433,10,2
7176,7,49,14,2026-04-29 14:00:00,2026-04-29 15:52:00,274,17,1
7177,8,44,14,2026-03-15 15:24:00,2026-03-15 17:26:00,498,25,1
7178,8,4,17,2026-06-24 01:58:00,2026-06-24 05:43:00,346,8,1
7179,4,37,16,2026-03-29 07:02:00,2026-03-29 08:54:00,449,6,3
7180,7,25,3,2026-06-27 23:48:00,2026-06-28 03:26:00,223,14,3
7181,4,29,16,2026-03-20 23:10:00,2026-03-21 02:23:00,170,2,1
7182,6,39,3,2026-06-18 08:07:00,2026-06-18 11:23:00,475,27,2
7183,7,49,14,2026-05-28 01:09:00,2026-05-28 03:37:00,262,1,3
7184,3,30,1,2026-04-24 05:14:00,2026-04-24 05:50:00,449,20,3
7185,8,14,20,2026-03-28 23:21:00,2026-03-29 02:57:00,183,9,3
7186,3,30,3,2026-02-22 05:37:00,2026-02-22 07:46:00,305,16,1
7187,8,50,12,2026-06-21 18:42:00,2026-06-21 20:12:00,287,8,3
7188,8,21,6,2026-01-24 03:42:00,2026-01-24 06:52:00,50,0,3
7189,5,6,19,2026-06-19 01:07:00,2026-06-19 03:33:00,75,2,3
7190,7,2,7,2026-03-17 16:35:00,2026-03-17 18:47:00,178,8,3
7191,8,21,2,2026-02-17 17:30:00,2026-02-17 20:18:00,405,12,2
7192,8,50,18,2026-04-14 16:06:00,2026-04-14 18:27:00,137,1,2
7193,3,30,4,2026-03-15 19:35:00,2026-03-15 21:23:00,91,6,1
7194,5,6,12,2026-04-09 21:08:00,2026-04-10 00:36:00,470,17,2
7195,4,37,5,2026-03-31 01:34:00,2026-03-31 05:09:00,347,15,2
7196,9,41,5,2026-06-05 16:09:00,2026-06-05 20:06:00,332,13,2
7197,2,46,13,2026-06-17 03:59:00,2026-06-17 07:13:00,265,15,1
7198,10,9,7,2026-01-22 13:42:00,2026-01-22 15:59:00,80,1,2
7199,4,15,1,2026-04-08 16:54:00,2026-04-08 19:11:00,233,6,2
7200,3,5,7,2026-02-16 21:37:00,2026-02-17 01:18:00,192,2,2
7201,9,26,10,2026-05-24 08:05:00,2026-05-24 11:52:00,326,24,2
7202,6,39,10,2026-04-15 07:39:00,2026-04-15 09:02:00,466,15,3
7203,7,48,9,2026-04-27 18:34:00,2026-04-27 19:24:00,318,24,1
7204,5,6,13,2026-02-03 08:58:00,2026-02-03 10:21:00,245,19,2
7205,9,26,15,2026-05-15 19:03:00,2026-05-15 23:03:00,307,19,2
7206,4,8,11,2026-02-17 01:36:00,2026-02-17 02:34:00,269,14,3
7207,9,40,13,2026-06-03 15:49:00,2026-06-03 19:30:00,147,4,1
7208,9,40,16,2026-03-05 19:19:00,2026-03-05 20:42:00,223,6,1
7209,4,8,19,2026-04-22 19:27:00,2026-04-22 23:17:00,387,26,3
7210,6,27,18,2026-02-07 09:01:00,2026-02-07 10:33:00,381,11,2
7211,9,26,18,2026-04-04 12:11:00,2026-04-04 15:25:00,442,29,2
7212,10,19,20,2026-05-06 10:45:00,2026-05-06 13:38:00,347,13,1
7213,10,18,1,2026-03-11 04:32:00,2026-03-11 07:21:00,474,2,3
7214,10,7,3,2026-05-07 18:44:00,2026-05-07 21:04:00,168,11,3
7215,10,19,6,2026-02-25 12:17:00,2026-02-25 13:53:00,385,3,2
7216,10,1,1,2026-05-26 08:07:00,2026-05-26 11:44:00,231,10,3
7217,2,46,2,2026-06-25 09:46:00,2026-06-25 10:40:00,238,13,2
7218,4,36,3,2026-01-11 20:01:00,2026-01-11 20:31:00,55,1,1
7219,10,32,6,2026-03-18 06:42:00,2026-03-18 08:02:00,129,1,1
7220,10,7,1,2026-01-25 17:14:00,2026-01-25 18:22:00,245,17,1
7221,7,11,2,2026-03-06 03:24:00,2026-03-06 06:52:00,244,2,3
7222,10,19,8,2026-02-15 01:32:00,2026-02-15 05:24:00,462,10,2
7223,1,47,1,2026-01-26 02:20:00,2026-01-26 04:44:00,140,8,1
7224,10,1,10,2026-03-30 20:51:00,2026-03-30 22:31:00,148,8,1
7225,6,27,9,2026-06-13 03:05:00,2026-06-13 04:22:00,252,6,1
7226,4,36,3,2026-02-04 05:51:00,2026-02-04 09:20:00,337,26,3
7227,10,18,8,2026-05-13 17:10:00,2026-05-13 18:27:00,400,25,1
7228,6,17,13,2026-06-08 13:29:00,2026-06-08 14:59:00,159,1,1
7229,4,37,15,2026-04-03 10:38:00,2026-04-03 13:53:00,299,18,3
7230,6,12,10,2026-02-26 01:36:00,2026-02-26 04:10:00,475,35,2
7231,10,38,15,2026-03-13 06:55:00,2026-03-13 09:09:00,171,8,2
7232,10,19,9,2026-03-11 23:18:00,2026-03-12 03:04:00,400,31,2
7233,1,34,9,2026-01-02 17:52:00,2026-01-02 21:40:00,366,28,3
7234,4,8,17,2026-02-24 04:00:00,2026-02-24 04:54:00,336,4,2
7235,7,11,8,2026-04-12 00:03:00,2026-04-12 02:40:00,196,6,1
7236,7,48,19,2026-02-24 16:24:00,2026-02-24 18:05:00,377,1,2
7237,2,3,12,2026-05-01 00:20:00,2026-05-01 01:35:00,96,6,1
7238,9,33,17,2026-03-06 23:53:00,2026-03-07 01:44:00,455,26,2
7239,10,13,8,2026-04-12 13:18:00,2026-04-12 16:46:00,454,16,3
7240,8,10,5,2026-01-15 06:05:00,2026-01-15 09:47:00,131,8,3
7241,8,10,14,2026-06-03 10:13:00,2026-06-03 12:03:00,421,11,2
7242,10,9,8,2026-02-02 22:39:00,2026-02-03 00:41:00,374,3,1
7243,8,20,1,2026-04-09 16:13:00,2026-04-09 17:49:00,182,5,3
7244,10,38,8,2026-03-31 12:54:00,2026-03-31 13:32:00,140,2,3
7245,8,21,5,2026-03-05 10:38:00,2026-03-05 11:40:00,178,8,3
7246,8,21,12,2026-01-07 09:05:00,2026-01-07 10:34:00,302,10,2
7247,8,4,1,2026-04-08 00:53:00,2026-04-08 03:01:00,286,3,2
7248,7,11,2,2026-01-05 09:09:00,2026-01-05 12:34:00,441,30,3
7249,7,48,19,2026-05-25 13:07:00,2026-05-25 14:54:00,201,14,1
7250,10,1,17,2026-03-21 01:50:00,2026-03-21 04:12:00,53,1,2
7251,5,6,1,2026-02-15 08:10:00,2026-02-15 10:44:00,151,8,3
7252,7,49,2,2026-04-20 04:56:00,2026-04-20 06:43:00,237,12,3
7253,7,2,18,2026-05-16 02:41:00,2026-05-16 03:55:00,158,11,3
7254,4,36,15,2026-01-28 01:46:00,2026-01-28 03:24:00,309,4,1
7255,4,15,2,2026-05-23 03:30:00,2026-05-23 05:26:00,267,10,2
7256,10,18,1,2026-05-09 03:28:00,2026-05-09 05:16:00,131,7,1
7257,4,8,13,2026-02-23 06:10:00,2026-02-23 06:54:00,498,11,2
7258,2,46,1,2026-04-22 16:42:00,2026-04-22 17:57:00,187,1,2
7259,8,21,12,2026-03-03 16:25:00,2026-03-03 18:37:00,186,8,2
7260,2,3,3,2026-04-15 15:25:00,2026-04-15 18:20:00,77,0,1
7261,4,15,1,2026-03-21 05:43:00,2026-03-21 07:11:00,252,13,3
7262,9,33,7,2026-05-23 05:37:00,2026-05-23 06:22:00,181,2,2
7263,9,26,3,2026-05-28 03:38:00,2026-05-28 07:03:00,417,22,3
7264,10,38,17,2026-06-20 13:41:00,2026-06-20 16:54:00,489,35,2
7265,6,17,13,2026-03-29 08:02:00,2026-03-29 11:57:00,90,5,3
7266,7,48,3,2026-03-11 14:15:00,2026-03-11 18:08:00,451,21,2
7267,9,22,13,2026-02-09 08:55:00,2026-02-09 09:31:00,248,14,2
7268,7,2,14,2026-05-28 20:20:00,2026-05-28 22:40:00,245,1,2
7269,10,9,18,2026-04-30 21:04:00,2026-05-01 00:59:00,77,5,3
7270,9,41,7,2026-04-16 22:06:00,2026-04-17 01:35:00,359,10,3
7271,3,24,2,2026-06-13 08:31:00,2026-06-13 09:30:00,429,3,2
7272,3,24,11,2026-02-15 11:49:00,2026-02-15 14:46:00,72,3,1
7273,10,32,16,2026-03-09 23:44:00,2026-03-10 03:12:00,162,3,3
7274,10,19,3,2026-04-17 07:33:00,2026-04-17 08:52:00,285,18,2
7275,3,42,2,2026-05-18 23:29:00,2026-05-19 00:44:00,93,2,1
7276,1,34,2,2026-06-27 05:31:00,2026-06-27 06:23:00,189,14,1
7277,2,46,5,2026-04-23 16:00:00,2026-04-23 19:12:00,262,7,3
7278,3,28,3,2026-05-15 02:36:00,2026-05-15 03:39:00,439,25,1
7279,10,19,2,2026-06-05 14:39:00,2026-06-05 16:26:00,237,1,1
7280,10,1,1,2026-05-11 05:27:00,2026-05-11 07:32:00,364,26,2
7281,9,26,2,2026-01-29 07:29:00,2026-01-29 11:08:00,251,6,2
7282,5,45,5,2026-04-21 03:32:00,2026-04-21 05:09:00,235,5,2
7283,10,32,8,2026-05-25 07:05:00,2026-05-25 09:12:00,468,33,1
7284,6,27,14,2026-01-08 14:20:00,2026-01-08 15:09:00,200,1,2
7285,10,32,11,2026-06-28 09:02:00,2026-06-28 10:16:00,283,6,1
7286,10,9,12,2026-02-26 10:03:00,2026-02-26 11:15:00,482,22,2
7287,2,46,1,2026-04-22 02:07:00,2026-04-22 03:50:00,323,0,1
7288,6,17,6,2026-03-05 01:01:00,2026-03-05 03:54:00,52,3,2
7289,7,35,9,2026-06-07 16:34:00,2026-06-07 19:54:00,438,8,2
7290,7,48,7,2026-05-08 19:51:00,2026-05-08 20:59:00,157,5,3
7291,6,12,19,2026-01-28 10:49:00,2026-01-28 13:05:00,321,17,2
7292,1,34,6,2026-03-09 16:43:00,2026-03-09 20:37:00,316,11,2
7293,10,16,19,2026-01-30 01:25:00,2026-01-30 02:40:00,114,3,2
7294,7,35,20,2026-02-07 03:07:00,2026-02-07 05:04:00,246,12,2
7295,6,17,1,2026-02-22 01:46:00,2026-02-22 02:19:00,393,1,1
7296,9,40,17,2026-03-13 02:03:00,2026-03-13 04:08:00,82,3,2
7297,8,10,18,2026-02-27 14:13:00,2026-02-27 17:02:00,99,3,3
7298,8,21,18,2026-06-21 14:31:00,2026-06-21 15:10:00,111,3,3
7299,8,20,15,2026-03-21 05:03:00,2026-03-21 07:47:00,452,20,2
7300,9,40,18,2026-05-06 23:55:00,2026-05-07 02:20:00,354,15,2
7301,3,42,10,2026-03-10 15:44:00,2026-03-10 17:49:00,427,24,2
7302,2,46,3,2026-05-29 23:31:00,2026-05-30 00:27:00,468,17,3
7303,4,8,3,2026-04-25 01:47:00,2026-04-25 03:23:00,378,5,2
7304,8,44,13,2026-05-22 12:06:00,2026-05-22 15:12:00,127,8,3
7305,3,42,3,2026-02-08 01:32:00,2026-02-08 04:31:00,214,2,1
7306,10,38,12,2026-01-06 23:54:00,2026-01-07 01:13:00,229,7,3
7307,10,32,4,2026-01-15 03:40:00,2026-01-15 04:49:00,213,6,1
7308,1,34,1,2026-06-09 15:26:00,2026-06-09 17:32:00,190,6,2
7309,6,39,8,2026-06-14 12:22:00,2026-06-14 14:21:00,348,24,3
7310,3,23,13,2026-06-12 21:12:00,2026-06-12 21:56:00,340,8,2
7311,6,39,15,2026-04-24 07:39:00,2026-04-24 10:50:00,253,12,2
7312,3,23,17,2026-01-16 21:47:00,2026-01-16 23:38:00,326,22,3
7313,8,14,10,2026-04-28 00:36:00,2026-04-28 02:06:00,366,20,1
7314,6,17,3,2026-01-02 16:46:00,2026-01-02 17:49:00,77,1,1
7315,8,4,20,2026-02-09 23:05:00,2026-02-10 02:41:00,340,4,1
7316,8,50,19,2026-02-19 01:19:00,2026-02-19 02:38:00,253,13,2
7317,8,43,6,2026-03-26 04:18:00,2026-03-26 05:18:00,176,5,3
7318,7,31,8,2026-05-27 02:54:00,2026-05-27 03:50:00,402,10,2
7319,6,27,12,2026-04-07 07:23:00,2026-04-07 09:28:00,258,13,2
7320,7,2,7,2026-01-02 00:22:00,2026-01-02 04:13:00,328,1,1
7321,3,23,16,2026-05-08 16:42:00,2026-05-08 18:06:00,381,4,3
7322,7,35,17,2026-06-15 15:45:00,2026-06-15 19:40:00,425,32,1
7323,3,28,6,2026-05-02 13:59:00,2026-05-02 16:31:00,204,10,1
7324,2,3,18,2026-06-15 14:33:00,2026-06-15 15:05:00,89,4,1
7325,10,32,1,2026-04-05 20:59:00,2026-04-05 23:32:00,378,25,3
7326,3,30,5,2026-02-16 13:45:00,2026-02-16 16:12:00,341,6,3
7327,4,29,11,2026-06-20 18:20:00,2026-06-20 19:09:00,175,2,2
7328,3,23,14,2026-03-03 14:57:00,2026-03-03 17:24:00,167,2,2
7329,7,11,16,2026-06-16 22:58:00,2026-06-17 01:16:00,471,1,2
7330,5,45,11,2026-04-30 16:49:00,2026-04-30 18:56:00,73,1,2
7331,3,24,13,2026-02-05 03:25:00,2026-02-05 06:52:00,186,7,1
7332,3,42,13,2026-01-12 00:42:00,2026-01-12 04:28:00,223,4,3
7333,10,32,20,2026-04-16 02:25:00,2026-04-16 04:21:00,211,0,2
7334,7,2,9,2026-05-15 07:26:00,2026-05-15 09:27:00,433,6,1
7335,7,31,14,2026-01-14 02:27:00,2026-01-14 03:00:00,495,31,3
7336,7,31,8,2026-05-25 00:31:00,2026-05-25 01:18:00,307,17,2
7337,1,47,14,2026-03-25 19:59:00,2026-03-25 23:59:00,278,0,2
7338,9,40,4,2026-01-31 11:29:00,2026-01-31 12:20:00,192,3,3
7339,6,17,8,2026-05-21 00:35:00,2026-05-21 02:57:00,426,20,3
7340,10,32,10,2026-01-12 13:06:00,2026-01-12 15:37:00,144,1,1
7341,9,22,11,2026-03-28 02:00:00,2026-03-28 02:43:00,329,24,1
7342,3,28,1,2026-03-07 10:56:00,2026-03-07 13:37:00,243,15,2
7343,9,22,13,2026-03-03 22:20:00,2026-03-03 23:52:00,272,20,1
7344,10,16,20,2026-05-07 07:48:00,2026-05-07 09:52:00,112,8,1
7345,10,9,9,2026-06-06 15:57:00,2026-06-06 17:06:00,357,19,2
7346,9,33,8,2026-03-03 07:55:00,2026-03-03 09:18:00,93,6,2
7347,8,21,9,2026-01-18 04:38:00,2026-01-18 05:18:00,170,13,2
7348,2,3,17,2026-03-09 00:50:00,2026-03-09 03:28:00,333,19,1
7349,3,5,4,2026-01-29 22:36:00,2026-01-30 02:30:00,86,0,2
7350,8,14,13,2026-03-13 15:05:00,2026-03-13 18:15:00,71,3,3
7351,7,2,6,2026-03-31 08:57:00,2026-03-31 11:41:00,404,12,2
7352,4,36,20,2026-04-22 10:02:00,2026-04-22 10:34:00,80,3,2
7353,10,19,10,2026-01-26 02:11:00,2026-01-26 04:13:00,192,3,2
7354,3,5,14,2026-03-21 04:52:00,2026-03-21 05:48:00,396,22,3
7355,7,49,5,2026-02-18 12:18:00,2026-02-18 14:51:00,244,7,2
7356,9,33,3,2026-06-12 04:28:00,2026-06-12 06:22:00,396,8,2
7357,3,5,11,2026-04-12 02:23:00,2026-04-12 04:06:00,62,2,3
7358,8,14,10,2026-05-31 15:13:00,2026-05-31 18:51:00,194,6,1
7359,6,17,3,2026-06-23 04:05:00,2026-06-23 06:15:00,454,1,1
7360,6,17,14,2026-03-02 09:28:00,2026-03-02 11:38:00,153,7,1
7361,7,48,1,2026-05-08 02:12:00,2026-05-08 05:21:00,76,4,3
7362,9,26,5,2026-05-02 02:32:00,2026-05-02 03:33:00,67,4,1
7363,5,45,6,2026-03-28 20:18:00,2026-03-28 23:56:00,310,16,3
7364,4,37,3,2026-02-12 08:12:00,2026-02-12 11:03:00,280,1,3
7365,8,14,17,2026-01-24 10:59:00,2026-01-24 13:31:00,339,4,1
7366,8,44,1,2026-01-23 14:00:00,2026-01-23 17:03:00,163,7,1
7367,4,15,14,2026-03-24 05:23:00,2026-03-24 08:38:00,443,20,1
7368,10,7,10,2026-02-27 05:49:00,2026-02-27 09:11:00,170,9,3
7369,10,7,9,2026-01-30 03:59:00,2026-01-30 07:54:00,207,1,3
7370,4,15,16,2026-02-20 15:52:00,2026-02-20 18:36:00,121,1,2
7371,3,42,11,2026-05-07 23:29:00,2026-05-08 00:19:00,128,4,3
7372,9,26,11,2026-02-13 20:47:00,2026-02-13 23:35:00,135,9,2
7373,6,39,9,2026-03-14 19:23:00,2026-03-14 21:58:00,394,26,1
7374,10,16,11,2026-04-26 18:51:00,2026-04-26 22:01:00,421,33,2
7375,1,34,7,2026-05-11 01:55:00,2026-05-11 03:42:00,457,36,1
7376,9,22,20,2026-06-18 23:16:00,2026-06-19 02:05:00,69,0,3
7377,10,18,10,2026-06-02 08:02:00,2026-06-02 09:44:00,242,8,3
7378,5,6,18,2026-04-10 16:18:00,2026-04-10 20:03:00,226,9,3
7379,4,15,18,2026-01-29 23:45:00,2026-01-30 02:51:00,299,22,1
7380,1,34,5,2026-06-13 14:12:00,2026-06-13 15:40:00,290,12,3
7381,4,8,11,2026-04-14 04:20:00,2026-04-14 05:50:00,226,12,3
7382,8,50,17,2026-01-21 10:33:00,2026-01-21 13:39:00,419,28,1
7383,4,36,14,2026-05-04 22:58:00,2026-05-05 00:52:00,265,4,2
7384,8,10,14,2026-05-20 16:14:00,2026-05-20 18:51:00,467,37,3
7385,9,22,11,2026-01-12 10:12:00,2026-01-12 13:32:00,289,19,1
7386,7,35,15,2026-04-25 07:05:00,2026-04-25 11:03:00,325,18,3
7387,5,45,11,2026-04-23 17:46:00,2026-04-23 18:22:00,328,18,3
7388,5,6,5,2026-03-08 11:04:00,2026-03-08 12:51:00,140,9,1
7389,2,3,10,2026-02-23 06:35:00,2026-02-23 09:45:00,437,12,3
7390,6,12,7,2026-01-29 10:37:00,2026-01-29 11:57:00,421,28,2
7391,8,4,8,2026-04-27 23:59:00,2026-04-28 01:40:00,363,25,3
7392,3,28,17,2026-03-12 18:58:00,2026-03-12 22:19:00,234,17,3
7393,10,16,5,2026-04-14 04:45:00,2026-04-14 07:33:00,440,34,3
7394,3,23,5,2026-03-11 11:00:00,2026-03-11 12:59:00,290,5,3
7395,4,29,1,2026-05-16 09:00:00,2026-05-16 11:50:00,471,28,2
7396,9,22,18,2026-05-12 22:21:00,2026-05-12 23:21:00,281,15,1
7397,9,33,3,2026-01-14 03:58:00,2026-01-14 07:00:00,320,25,2
7398,9,26,4,2026-06-12 13:38:00,2026-06-12 14:09:00,83,1,2
7399,8,14,4,2026-02-04 02:18:00,2026-02-04 03:40:00,493,18,1
7400,3,23,9,2026-02-15 18:21:00,2026-02-15 19:52:00,445,20,1
7401,2,3,17,2026-01-17 05:39:00,2026-01-17 06:35:00,366,16,3
7402,2,3,11,2026-01-30 00:01:00,2026-01-30 01:46:00,127,2,1
7403,7,35,17,2026-01-27 16:58:00,2026-01-27 20:26:00,51,1,2
7404,4,36,16,2026-06-24 17:06:00,2026-06-24 20:12:00,473,7,3
7405,9,26,19,2026-04-19 02:29:00,2026-04-19 04:01:00,445,16,1
7406,9,40,18,2026-06-18 20:39:00,2026-06-18 23:44:00,203,16,1
7407,7,31,4,2026-05-30 15:33:00,2026-05-30 17:55:00,143,5,3
7408,4,36,7,2026-02-11 03:53:00,2026-02-11 04:55:00,131,4,2
7409,8,14,4,2026-02-15 15:12:00,2026-02-15 16:46:00,254,13,2
7410,1,47,20,2026-05-11 12:00:00,2026-05-11 13:01:00,233,8,2
7411,4,15,8,2026-05-31 19:23:00,2026-05-31 22:56:00,228,4,3
7412,8,20,17,2026-05-18 08:15:00,2026-05-18 12:13:00,317,25,1
7413,6,39,10,2026-03-07 05:55:00,2026-03-07 07:58:00,291,3,1
7414,3,23,10,2026-01-03 01:37:00,2026-01-03 03:55:00,139,0,2
7415,7,11,11,2026-04-21 19:13:00,2026-04-21 19:50:00,283,1,2
7416,2,3,5,2026-05-22 20:38:00,2026-05-22 21:09:00,403,9,3
7417,10,7,9,2026-06-16 11:41:00,2026-06-16 12:41:00,394,21,1
7418,10,32,6,2026-01-24 15:46:00,2026-01-24 16:52:00,201,5,2
7419,4,29,17,2026-03-26 08:51:00,2026-03-26 12:45:00,117,4,3
7420,1,47,17,2026-05-21 05:03:00,2026-05-21 08:10:00,232,12,2
7421,8,4,2,2026-01-24 00:07:00,2026-01-24 01:21:00,483,10,3
7422,1,34,15,2026-03-27 03:32:00,2026-03-27 07:23:00,286,18,2
7423,9,40,16,2026-03-10 10:06:00,2026-03-10 13:22:00,436,12,1
7424,6,27,2,2026-01-10 21:24:00,2026-01-10 22:59:00,212,12,3
7425,9,26,2,2026-03-08 14:38:00,2026-03-08 15:31:00,166,4,2
7426,7,31,18,2026-02-19 12:14:00,2026-02-19 15:52:00,414,15,1
7427,9,41,16,2026-02-14 15:44:00,2026-02-14 16:45:00,342,11,1
7428,3,23,7,2026-03-05 08:33:00,2026-03-05 12:14:00,339,5,1
7429,7,11,20,2026-04-12 09:24:00,2026-04-12 11:00:00,408,7,3
7430,10,1,5,2026-04-25 23:43:00,2026-04-26 03:00:00,310,1,3
7431,9,40,7,2026-02-16 18:01:00,2026-02-16 19:51:00,416,31,1
7432,7,25,10,2026-01-25 07:35:00,2026-01-25 08:14:00,224,5,2
7433,10,19,15,2026-05-05 02:51:00,2026-05-05 06:44:00,327,3,1
7434,7,2,2,2026-04-25 21:10:00,2026-04-25 21:50:00,281,14,3
7435,1,47,9,2026-02-22 03:50:00,2026-02-22 05:41:00,272,7,1
7436,9,22,16,2026-05-26 11:17:00,2026-05-26 13:34:00,312,9,3
7437,3,28,10,2026-04-10 15:31:00,2026-04-10 17:49:00,401,18,1
7438,10,9,11,2026-01-21 01:58:00,2026-01-21 02:32:00,392,0,2
7439,10,9,9,2026-01-13 18:30:00,2026-01-13 21:36:00,301,4,2
7440,4,8,7,2026-04-14 21:54:00,2026-04-15 01:09:00,303,11,2
7441,10,38,3,2026-06-28 03:42:00,2026-06-28 04:38:00,465,16,1
7442,3,30,3,2026-01-12 08:17:00,2026-01-12 12:13:00,289,9,1
7443,8,43,19,2026-04-01 06:41:00,2026-04-01 08:33:00,320,9,1
7444,10,16,17,2026-06-10 13:34:00,2026-06-10 15:15:00,419,28,1
7445,9,41,5,2026-03-02 04:16:00,2026-03-02 06:11:00,162,3,2
7446,4,29,4,2026-05-04 18:22:00,2026-05-04 19:32:00,114,8,2
7447,7,49,18,2026-03-27 11:09:00,2026-03-27 14:02:00,193,1,3
7448,8,44,9,2026-02-12 00:26:00,2026-02-12 02:27:00,230,18,2
7449,8,4,5,2026-06-12 14:19:00,2026-06-12 18:09:00,171,7,2
7450,10,16,7,2026-04-24 03:50:00,2026-04-24 05:55:00,444,27,2
7451,10,32,14,2026-02-17 10:14:00,2026-02-17 13:40:00,423,28,2
7452,4,8,7,2026-01-04 09:06:00,2026-01-04 11:40:00,212,11,3
7453,7,25,9,2026-05-26 09:20:00,2026-05-26 11:58:00,182,11,2
7454,2,46,13,2026-06-08 09:54:00,2026-06-08 11:03:00,137,9,2
7455,10,32,2,2026-04-23 08:35:00,2026-04-23 11:30:00,361,4,2
7456,3,24,19,2026-05-13 19:39:00,2026-05-13 21:28:00,341,14,1
7457,4,36,6,2026-04-28 11:56:00,2026-04-28 15:10:00,303,22,1
7458,7,49,15,2026-04-30 20:58:00,2026-04-30 21:31:00,105,6,1
7459,6,17,19,2026-06-13 03:22:00,2026-06-13 04:30:00,150,11,1
7460,4,37,1,2026-04-05 18:28:00,2026-04-05 20:58:00,315,22,2
7461,4,37,14,2026-01-04 08:10:00,2026-01-04 12:01:00,491,33,3
7462,10,16,19,2026-03-17 18:30:00,2026-03-17 19:53:00,368,13,1
7463,9,40,4,2026-06-23 19:41:00,2026-06-23 20:57:00,174,8,1
7464,10,18,19,2026-02-25 19:48:00,2026-02-25 23:17:00,115,5,2
7465,5,6,16,2026-01-22 14:00:00,2026-01-22 17:53:00,353,13,3
7466,8,10,7,2026-01-21 15:17:00,2026-01-21 17:14:00,278,18,1
7467,8,14,12,2026-03-30 16:24:00,2026-03-30 18:41:00,203,12,2
7468,10,7,19,2026-06-06 23:46:00,2026-06-07 03:19:00,267,11,2
7469,10,1,8,2026-02-07 05:17:00,2026-02-07 08:05:00,297,8,1
7470,7,11,3,2026-06-16 21:40:00,2026-06-17 01:07:00,311,12,3
7471,7,11,16,2026-02-19 08:28:00,2026-02-19 09:22:00,248,9,2
7472,3,24,6,2026-04-28 14:37:00,2026-04-28 17:58:00,499,23,1
7473,2,3,4,2026-04-23 17:12:00,2026-04-23 21:09:00,58,2,3
7474,3,42,20,2026-02-06 04:12:00,2026-02-06 08:08:00,393,1,2
7475,7,25,17,2026-01-09 22:35:00,2026-01-10 00:41:00,323,13,2
7476,2,3,10,2026-04-18 02:56:00,2026-04-18 04:24:00,165,9,1
7477,3,28,14,2026-01-18 11:08:00,2026-01-18 12:30:00,343,3,1
7478,3,5,8,2026-01-15 01:37:00,2026-01-15 05:19:00,239,6,3
7479,3,24,15,2026-03-28 23:58:00,2026-03-29 00:32:00,92,4,3
7480,7,35,19,2026-04-20 21:05:00,2026-04-20 23:49:00,402,5,2
7481,7,48,17,2026-06-17 21:59:00,2026-06-17 22:48:00,397,17,3
7482,4,37,10,2026-02-13 15:47:00,2026-02-13 17:07:00,95,1,1
7483,10,1,9,2026-01-01 11:55:00,2026-01-01 14:47:00,159,6,1
7484,10,18,11,2026-05-01 22:26:00,2026-05-02 01:43:00,389,29,1
7485,7,48,11,2026-03-18 11:49:00,2026-03-18 14:06:00,72,0,1
7486,10,7,19,2026-05-13 01:43:00,2026-05-13 03:21:00,363,25,1
7487,6,39,14,2026-03-15 07:45:00,2026-03-15 11:23:00,180,11,1
7488,2,46,5,2026-01-15 02:20:00,2026-01-15 06:12:00,143,11,3
7489,8,50,6,2026-02-14 06:04:00,2026-02-14 07:10:00,123,1,3
7490,8,14,19,2026-03-30 09:58:00,2026-03-30 13:32:00,337,2,1
7491,3,42,2,2026-05-05 00:53:00,2026-05-05 04:02:00,414,14,3
7492,3,23,2,2026-02-15 13:23:00,2026-02-15 15:23:00,222,10,2
7493,10,19,1,2026-03-19 00:07:00,2026-03-19 03:58:00,175,1,1
7494,7,25,4,2026-03-21 20:34:00,2026-03-21 23:24:00,162,3,1
7495,7,31,11,2026-03-28 18:32:00,2026-03-28 19:14:00,347,13,1
7496,10,9,20,2026-03-08 02:56:00,2026-03-08 06:21:00,176,9,2
7497,9,26,19,2026-01-30 00:18:00,2026-01-30 03:41:00,345,16,1
7498,8,21,4,2026-04-19 06:55:00,2026-04-19 10:07:00,69,5,1
7499,9,41,20,2026-04-23 06:11:00,2026-04-23 07:33:00,103,4,3
7500,7,31,4,2026-06-21 22:42:00,2026-06-22 01:15:00,155,10,2
7501,4,29,4,2026-01-18 13:09:00,2026-01-18 15:16:00,401,28,1
7502,9,33,12,2026-06-06 16:18:00,2026-06-06 20:02:00,100,0,2
7503,8,10,20,2026-01-06 09:10:00,2026-01-06 11:42:00,496,18,2
7504,8,21,15,2026-03-17 18:22:00,2026-03-17 19:06:00,294,21,2
7505,4,8,10,2026-02-18 08:22:00,2026-02-18 10:02:00,404,26,2
7506,8,20,2,2026-06-15 12:20:00,2026-06-15 14:18:00,452,27,1
7507,3,23,17,2026-04-12 23:45:00,2026-04-13 00:41:00,436,28,1
7508,7,48,9,2026-01-23 10:13:00,2026-01-23 13:10:00,63,1,1
7509,8,20,16,2026-06-17 10:03:00,2026-06-17 13:10:00,163,9,1
7510,10,13,8,2026-01-20 19:39:00,2026-01-20 22:16:00,232,5,2
7511,8,21,6,2026-05-19 06:15:00,2026-05-19 10:14:00,385,22,2
7512,9,33,9,2026-03-16 17:13:00,2026-03-16 17:53:00,331,17,2
7513,6,39,10,2026-04-11 06:43:00,2026-04-11 08:41:00,497,19,2
7514,6,27,10,2026-04-29 02:39:00,2026-04-29 05:29:00,232,7,3
7515,10,16,19,2026-01-03 14:44:00,2026-01-03 15:48:00,109,3,2
7516,3,23,3,2026-04-08 12:49:00,2026-04-08 15:56:00,490,38,1
7517,10,32,19,2026-04-12 06:33:00,2026-04-12 07:17:00,466,25,2
7518,10,19,3,2026-01-08 12:47:00,2026-01-08 16:34:00,112,2,1
7519,8,4,15,2026-05-05 09:48:00,2026-05-05 13:16:00,261,18,3
7520,7,2,2,2026-06-10 08:03:00,2026-06-10 12:01:00,97,5,1
7521,9,33,6,2026-04-15 09:10:00,2026-04-15 10:26:00,355,25,3
7522,7,2,10,2026-01-28 21:57:00,2026-01-29 01:20:00,61,2,2
7523,7,49,17,2026-05-21 09:51:00,2026-05-21 10:33:00,88,1,3
7524,7,35,18,2026-05-17 18:39:00,2026-05-17 21:44:00,100,5,1
7525,9,41,2,2026-02-27 17:25:00,2026-02-27 18:05:00,65,3,1
7526,3,28,8,2026-02-27 18:47:00,2026-02-27 21:48:00,275,11,2
7527,8,50,20,2026-06-03 08:27:00,2026-06-03 09:01:00,222,17,2
7528,10,9,7,2026-01-03 11:48:00,2026-01-03 15:41:00,383,17,3
7529,4,37,5,2026-01-28 21:43:00,2026-01-28 23:07:00,479,21,3
7530,10,18,7,2026-06-15 18:38:00,2026-06-15 19:59:00,110,3,3
7531,1,34,4,2026-06-11 14:55:00,2026-06-11 16:11:00,224,4,2
7532,9,40,17,2026-01-15 11:32:00,2026-01-15 14:18:00,377,14,3
7533,4,37,5,2026-06-04 05:06:00,2026-06-04 08:12:00,356,27,2
7534,8,43,15,2026-01-20 17:26:00,2026-01-20 21:03:00,325,3,1
7535,4,36,9,2026-06-23 13:49:00,2026-06-23 15:27:00,182,6,2
7536,3,5,15,2026-06-19 18:07:00,2026-06-19 19:03:00,92,1,2
7537,4,37,18,2026-01-19 00:11:00,2026-01-19 03:17:00,243,2,2
7538,1,47,12,2026-03-18 11:03:00,2026-03-18 14:01:00,440,31,3
7539,10,9,16,2026-03-12 21:24:00,2026-03-12 22:57:00,251,7,3
7540,10,19,10,2026-06-19 20:28:00,2026-06-19 23:12:00,419,28,3
7541,4,29,8,2026-06-19 17:44:00,2026-06-19 21:19:00,113,8,2
7542,3,28,6,2026-01-24 07:26:00,2026-01-24 08:08:00,468,1,1
7543,5,6,17,2026-06-08 21:18:00,2026-06-08 21:55:00,496,37,3
7544,5,6,8,2026-04-13 11:07:00,2026-04-13 13:34:00,165,12,2
7545,4,29,16,2026-03-19 11:08:00,2026-03-19 15:02:00,189,4,3
7546,9,33,1,2026-05-18 04:15:00,2026-05-18 05:41:00,97,3,3
7547,1,34,4,2026-03-23 13:01:00,2026-03-23 15:24:00,245,1,3
7548,3,30,12,2026-02-27 19:07:00,2026-02-27 20:14:00,331,10,3
7549,10,19,5,2026-03-27 21:55:00,2026-03-27 23:39:00,344,16,2
7550,8,21,1,2026-05-08 03:13:00,2026-05-08 06:59:00,167,1,2
7551,10,19,15,2026-05-22 22:52:00,2026-05-23 00:15:00,360,22,3
7552,10,9,15,2026-02-02 22:29:00,2026-02-03 00:25:00,131,1,1
7553,9,33,1,2026-03-02 21:57:00,2026-03-03 00:12:00,225,11,3
7554,9,41,13,2026-03-12 18:57:00,2026-03-12 20:26:00,457,30,2
7555,8,4,2,2026-03-21 06:34:00,2026-03-21 08:02:00,369,19,1
7556,6,39,20,2026-03-13 08:45:00,2026-03-13 12:23:00,288,10,2
7557,8,50,4,2026-05-29 15:56:00,2026-05-29 16:46:00,77,3,3
7558,7,2,10,2026-06-29 06:39:00,2026-06-29 10:14:00,304,17,2
7559,6,27,3,2026-03-13 22:25:00,2026-03-14 00:21:00,98,3,2
7560,5,6,6,2026-05-05 17:47:00,2026-05-05 18:30:00,388,21,3
7561,2,3,4,2026-02-18 21:22:00,2026-02-18 22:46:00,401,6,1
7562,5,6,6,2026-02-08 12:53:00,2026-02-08 16:26:00,359,13,1
7563,5,6,19,2026-02-09 18:08:00,2026-02-09 21:16:00,409,12,1
7564,8,44,4,2026-05-12 06:06:00,2026-05-12 07:57:00,397,26,2
7565,8,50,14,2026-04-19 09:19:00,2026-04-19 10:52:00,143,10,3
7566,3,30,18,2026-04-22 07:50:00,2026-04-22 10:41:00,352,7,1
7567,10,32,3,2026-03-15 07:12:00,2026-03-15 11:09:00,282,13,2
7568,1,47,10,2026-04-12 21:06:00,2026-04-13 00:44:00,373,9,1
7569,8,50,18,2026-06-20 15:52:00,2026-06-20 18:52:00,335,8,3
7570,10,1,5,2026-03-20 04:08:00,2026-03-20 05:26:00,484,24,2
7571,9,26,10,2026-06-27 00:26:00,2026-06-27 02:43:00,103,6,2
7572,6,27,12,2026-02-22 13:56:00,2026-02-22 16:13:00,408,24,2
7573,8,20,7,2026-02-15 17:50:00,2026-02-15 20:13:00,370,28,2
7574,6,12,7,2026-02-12 10:46:00,2026-02-12 12:04:00,162,10,2
7575,3,5,16,2026-03-27 02:54:00,2026-03-27 04:58:00,363,5,3
7576,3,23,10,2026-06-07 11:45:00,2026-06-07 13:26:00,297,18,1
7577,10,38,4,2026-02-27 08:04:00,2026-02-27 09:48:00,346,25,1
7578,10,9,15,2026-04-18 13:36:00,2026-04-18 17:17:00,275,15,1
7579,6,12,2,2026-05-14 08:58:00,2026-05-14 10:38:00,310,22,1
7580,2,3,8,2026-01-10 21:50:00,2026-01-10 23:44:00,339,2,1
7581,3,30,10,2026-01-26 16:14:00,2026-01-26 20:02:00,198,3,1
7582,10,9,14,2026-04-30 23:02:00,2026-05-01 02:15:00,216,13,2
7583,4,15,12,2026-03-02 18:01:00,2026-03-02 20:54:00,58,2,1
7584,9,33,1,2026-04-08 04:32:00,2026-04-08 05:24:00,369,15,1
7585,10,7,9,2026-04-17 12:10:00,2026-04-17 14:39:00,146,8,2
7586,9,40,11,2026-05-17 00:32:00,2026-05-17 02:35:00,350,18,2
7587,8,21,12,2026-03-28 16:12:00,2026-03-28 17:27:00,86,2,3
7588,4,37,4,2026-04-22 00:17:00,2026-04-22 01:42:00,101,2,1
7589,7,49,19,2026-04-10 23:09:00,2026-04-11 01:31:00,105,3,2
7590,10,1,4,2026-03-01 08:46:00,2026-03-01 10:48:00,461,8,2
7591,10,9,20,2026-01-25 21:03:00,2026-01-25 21:42:00,260,5,2
7592,4,8,2,2026-05-19 17:21:00,2026-05-19 20:05:00,52,2,2
7593,8,44,18,2026-05-05 18:29:00,2026-05-05 21:43:00,398,21,1
7594,2,46,16,2026-03-25 21:43:00,2026-03-26 01:38:00,60,1,3
7595,9,41,17,2026-05-06 00:41:00,2026-05-06 02:26:00,341,19,1
7596,8,14,7,2026-01-27 10:21:00,2026-01-27 11:40:00,358,7,3
7597,2,3,10,2026-03-04 01:27:00,2026-03-04 02:55:00,455,9,3
7598,2,3,10,2026-02-14 09:05:00,2026-02-14 11:34:00,67,3,2
7599,2,3,5,2026-03-26 16:20:00,2026-03-26 18:19:00,149,9,2
7600,3,42,8,2026-02-10 22:27:00,2026-02-11 01:16:00,457,12,2
7601,9,41,17,2026-05-20 10:43:00,2026-05-20 12:42:00,51,3,1
7602,3,5,20,2026-04-07 08:30:00,2026-04-07 09:41:00,164,7,3
7603,8,21,1,2026-01-06 10:16:00,2026-01-06 11:41:00,199,4,2
7604,9,26,15,2026-03-10 13:57:00,2026-03-10 17:56:00,408,23,2
7605,4,29,14,2026-04-13 20:45:00,2026-04-13 23:23:00,247,3,1
7606,4,29,4,2026-03-23 13:43:00,2026-03-23 16:25:00,363,7,3
7607,3,24,6,2026-05-26 16:48:00,2026-05-26 19:16:00,76,4,3
7608,7,31,2,2026-05-19 19:18:00,2026-05-19 19:56:00,256,1,2
7609,10,7,2,2026-05-04 12:35:00,2026-05-04 13:57:00,363,22,3
7610,8,20,3,2026-05-27 19:34:00,2026-05-27 20:11:00,401,26,2
7611,2,3,12,2026-05-06 04:11:00,2026-05-06 06:15:00,129,1,3
7612,6,12,18,2026-05-01 09:48:00,2026-05-01 11:12:00,64,4,1
7613,7,2,9,2026-04-10 12:54:00,2026-04-10 16:20:00,104,4,3
7614,9,40,4,2026-06-04 10:27:00,2026-06-04 11:56:00,477,14,2
7615,7,31,14,2026-05-01 13:23:00,2026-05-01 16:54:00,129,4,3
7616,4,29,17,2026-01-23 15:09:00,2026-01-23 18:54:00,453,20,2
7617,8,43,16,2026-06-24 07:34:00,2026-06-24 10:13:00,234,0,1
7618,4,29,19,2026-03-25 00:46:00,2026-03-25 02:30:00,297,17,3
7619,2,3,3,2026-01-31 15:54:00,2026-01-31 17:52:00,274,6,1
7620,9,41,19,2026-06-22 10:07:00,2026-06-22 12:48:00,440,28,1
7621,8,14,2,2026-05-21 13:57:00,2026-05-21 17:50:00,421,2,3
7622,6,39,20,2026-03-22 03:36:00,2026-03-22 06:51:00,497,6,1
7623,3,23,6,2026-03-11 21:35:00,2026-03-12 00:19:00,288,2,3
7624,7,48,19,2026-01-26 12:26:00,2026-01-26 15:16:00,286,10,3
7625,7,49,18,2026-01-15 09:57:00,2026-01-15 10:51:00,207,15,1
7626,4,37,1,2026-06-02 18:16:00,2026-06-02 21:44:00,54,1,2
7627,10,1,15,2026-01-31 00:36:00,2026-01-31 01:10:00,54,0,3
7628,10,13,8,2026-06-15 10:23:00,2026-06-15 14:12:00,198,11,2
7629,7,11,4,2026-01-28 08:12:00,2026-01-28 08:45:00,292,3,2
7630,6,12,15,2026-01-22 05:02:00,2026-01-22 08:20:00,80,1,1
7631,8,20,10,2026-06-12 23:17:00,2026-06-13 00:22:00,152,8,3
7632,8,20,8,2026-03-28 11:38:00,2026-03-28 13:28:00,264,12,1
7633,10,19,16,2026-02-23 04:23:00,2026-02-23 05:34:00,167,12,3
7634,3,5,2,2026-01-05 11:17:00,2026-01-05 14:36:00,415,33,2
7635,3,28,3,2026-04-05 01:48:00,2026-04-05 04:09:00,177,3,2
7636,3,30,9,2026-01-02 10:21:00,2026-01-02 11:11:00,357,8,3
7637,4,37,3,2026-05-12 23:58:00,2026-05-13 01:29:00,167,8,3
7638,7,35,19,2026-01-04 19:05:00,2026-01-04 22:40:00,71,3,2
7639,4,15,12,2026-05-19 20:28:00,2026-05-19 22:22:00,403,9,2
7640,7,11,12,2026-03-04 13:20:00,2026-03-04 13:52:00,431,24,2
7641,2,3,2,2026-03-15 10:08:00,2026-03-15 11:41:00,327,10,3
7642,10,13,10,2026-06-11 05:27:00,2026-06-11 06:39:00,438,29,1
7643,7,25,2,2026-01-12 16:20:00,2026-01-12 19:26:00,267,19,1
7644,9,40,20,2026-01-22 16:07:00,2026-01-22 18:00:00,399,0,2
7645,10,16,11,2026-06-20 19:56:00,2026-06-20 21:04:00,82,1,1
7646,3,42,11,2026-01-02 00:11:00,2026-01-02 03:25:00,308,5,2
7647,4,29,12,2026-01-07 12:06:00,2026-01-07 13:21:00,371,17,3
7648,7,11,3,2026-05-04 06:58:00,2026-05-04 08:04:00,462,16,1
7649,6,17,10,2026-04-22 16:35:00,2026-04-22 19:39:00,366,25,1
7650,10,16,1,2026-03-08 19:14:00,2026-03-08 20:24:00,160,10,2
7651,10,19,12,2026-04-11 10:01:00,2026-04-11 13:57:00,305,16,3
7652,8,10,15,2026-01-25 02:32:00,2026-01-25 05:43:00,146,1,1
7653,10,38,10,2026-03-15 04:08:00,2026-03-15 04:58:00,215,2,3
7654,8,4,3,2026-01-12 06:50:00,2026-01-12 10:49:00,484,32,3
7655,6,12,18,2026-05-05 21:29:00,2026-05-05 22:21:00,158,1,3
7656,8,4,1,2026-05-21 02:42:00,2026-05-21 04:34:00,177,3,1
7657,7,25,10,2026-03-03 00:36:00,2026-03-03 03:06:00,364,8,2
7658,6,17,18,2026-03-26 23:57:00,2026-03-27 03:30:00,491,33,3
7659,7,48,9,2026-06-20 04:52:00,2026-06-20 07:13:00,247,6,1
7660,9,41,15,2026-01-20 23:33:00,2026-01-21 02:35:00,451,14,1
7661,3,5,3,2026-06-24 01:59:00,2026-06-24 02:33:00,319,0,2
7662,7,11,2,2026-06-20 04:13:00,2026-06-20 07:53:00,255,3,3
7663,9,26,16,2026-04-23 07:43:00,2026-04-23 10:06:00,75,4,3
7664,10,38,5,2026-04-05 20:23:00,2026-04-05 23:24:00,104,4,1
7665,8,10,10,2026-05-13 15:43:00,2026-05-13 17:01:00,347,10,2
7666,8,20,2,2026-06-02 19:45:00,2026-06-02 20:33:00,216,6,2
7667,10,9,18,2026-05-20 03:48:00,2026-05-20 05:37:00,171,6,3
7668,7,2,9,2026-01-02 20:46:00,2026-01-02 23:45:00,142,0,1
7669,10,18,16,2026-04-04 10:47:00,2026-04-04 12:09:00,73,2,1
7670,3,30,7,2026-02-27 21:46:00,2026-02-28 01:06:00,358,15,3
7671,8,10,11,2026-03-03 11:31:00,2026-03-03 14:36:00,135,10,1
7672,7,2,10,2026-03-03 15:43:00,2026-03-03 16:34:00,343,22,2
7673,2,3,3,2026-03-19 01:46:00,2026-03-19 05:21:00,372,1,3
7674,8,10,3,2026-05-02 09:10:00,2026-05-02 10:24:00,285,19,3
7675,10,7,15,2026-02-25 20:45:00,2026-02-25 21:42:00,441,2,3
7676,8,10,14,2026-05-18 07:40:00,2026-05-18 09:32:00,252,6,2
7677,10,16,5,2026-01-26 21:05:00,2026-01-26 22:07:00,53,2,3
7678,3,30,20,2026-02-21 21:58:00,2026-02-22 01:54:00,439,5,3
7679,3,28,3,2026-01-30 14:06:00,2026-01-30 15:25:00,387,23,2
7680,7,31,14,2026-03-02 11:46:00,2026-03-02 13:02:00,137,6,3
7681,8,10,10,2026-04-22 06:15:00,2026-04-22 07:17:00,97,5,3
7682,10,9,2,2026-05-13 14:18:00,2026-05-13 15:40:00,358,0,2
7683,10,38,13,2026-05-04 09:27:00,2026-05-04 12:22:00,289,0,2
7684,4,15,1,2026-02-27 22:51:00,2026-02-28 00:09:00,350,20,1
7685,10,16,16,2026-02-11 05:47:00,2026-02-11 07:34:00,336,8,3
7686,10,9,19,2026-01-30 20:26:00,2026-01-30 23:47:00,332,9,3
7687,1,47,6,2026-04-08 04:50:00,2026-04-08 07:27:00,53,1,2
7688,2,46,4,2026-03-10 14:21:00,2026-03-10 16:26:00,403,9,2
7689,3,28,10,2026-04-07 16:04:00,2026-04-07 18:32:00,178,4,2
7690,10,18,13,2026-05-04 10:14:00,2026-05-04 11:38:00,210,12,2
7691,1,47,4,2026-03-17 01:33:00,2026-03-17 03:39:00,497,31,2
7692,4,36,14,2026-06-23 10:07:00,2026-06-23 12:36:00,408,32,2
7693,3,30,17,2026-02-11 14:07:00,2026-02-11 16:05:00,304,20,1
7694,1,47,19,2026-06-28 05:03:00,2026-06-28 06:32:00,236,13,3
7695,7,35,20,2026-03-13 15:49:00,2026-03-13 19:01:00,261,2,3
7696,10,38,9,2026-01-04 17:54:00,2026-01-04 21:36:00,376,11,3
7697,6,39,5,2026-02-09 01:38:00,2026-02-09 05:33:00,357,3,1
7698,8,50,18,2026-05-25 23:39:00,2026-05-26 02:18:00,183,9,2
7699,9,41,2,2026-03-23 03:33:00,2026-03-23 05:03:00,211,4,2
7700,9,40,5,2026-03-20 19:58:00,2026-03-20 22:15:00,244,5,1
7701,7,31,14,2026-03-22 07:09:00,2026-03-22 07:55:00,141,8,1
7702,6,17,3,2026-03-01 15:42:00,2026-03-01 17:41:00,280,4,2
7703,8,14,8,2026-01-20 19:29:00,2026-01-20 20:24:00,438,10,3
7704,8,50,15,2026-03-11 03:32:00,2026-03-11 05:23:00,199,7,3
7705,8,21,15,2026-03-03 12:48:00,2026-03-03 13:24:00,136,7,1
7706,10,19,19,2026-02-09 18:10:00,2026-02-09 20:48:00,451,17,2
7707,5,6,15,2026-03-12 17:32:00,2026-03-12 18:30:00,459,30,2
7708,6,39,1,2026-05-01 18:33:00,2026-05-01 21:06:00,295,4,2
7709,10,7,18,2026-05-29 08:14:00,2026-05-29 10:51:00,380,7,3
7710,10,32,10,2026-06-28 07:31:00,2026-06-28 10:31:00,357,11,2
7711,7,11,6,2026-01-28 23:09:00,2026-01-28 23:55:00,443,17,2
7712,8,4,4,2026-06-23 12:34:00,2026-06-23 15:25:00,302,4,2
7713,3,28,2,2026-04-04 08:58:00,2026-04-04 10:43:00,468,32,3
7714,10,16,18,2026-01-29 10:40:00,2026-01-29 12:32:00,330,11,2
7715,4,15,13,2026-06-18 12:41:00,2026-06-18 15:14:00,420,5,2
7716,5,45,16,2026-06-19 09:06:00,2026-06-19 13:04:00,459,10,1
7717,3,28,5,2026-01-04 16:31:00,2026-01-04 18:39:00,169,11,3
7718,4,15,3,2026-03-10 21:53:00,2026-03-10 23:21:00,253,14,2
7719,3,24,6,2026-05-28 23:51:00,2026-05-29 03:15:00,311,7,3
7720,3,5,14,2026-06-21 17:15:00,2026-06-21 18:34:00,56,3,1
7721,10,13,4,2026-06-18 15:07:00,2026-06-18 18:36:00,383,13,2
7722,7,2,1,2026-05-25 15:55:00,2026-05-25 16:57:00,436,3,3
7723,6,17,10,2026-06-17 13:10:00,2026-06-17 15:06:00,230,2,2
7724,10,16,2,2026-05-27 15:11:00,2026-05-27 15:43:00,85,4,3
7725,8,50,10,2026-06-26 07:51:00,2026-06-26 09:24:00,425,19,3
7726,10,19,6,2026-06-17 05:42:00,2026-06-17 07:30:00,417,31,1
7727,4,36,11,2026-05-03 17:35:00,2026-05-03 20:58:00,346,12,3
7728,3,42,17,2026-05-03 01:48:00,2026-05-03 04:49:00,96,2,3
7729,3,42,11,2026-03-26 20:46:00,2026-03-26 23:52:00,461,6,1
7730,8,50,4,2026-04-05 05:17:00,2026-04-05 08:30:00,233,8,2
7731,8,4,14,2026-04-20 22:46:00,2026-04-21 02:02:00,434,17,2
7732,9,41,17,2026-06-09 18:18:00,2026-06-09 19:47:00,475,30,3
7733,2,46,19,2026-04-23 15:25:00,2026-04-23 17:54:00,165,10,2
7734,8,14,7,2026-03-02 17:46:00,2026-03-02 19:58:00,306,19,2
7735,10,32,6,2026-01-16 13:16:00,2026-01-16 14:03:00,464,27,1
7736,9,22,17,2026-01-05 07:37:00,2026-01-05 08:39:00,117,2,1
7737,7,25,3,2026-05-04 00:56:00,2026-05-04 04:17:00,404,19,1
7738,4,29,4,2026-06-21 23:28:00,2026-06-22 02:16:00,225,11,3
7739,10,32,17,2026-04-24 01:05:00,2026-04-24 01:46:00,474,31,1
7740,7,31,20,2026-04-19 07:52:00,2026-04-19 10:55:00,444,5,2
7741,1,47,3,2026-05-06 01:17:00,2026-05-06 02:14:00,54,3,2
7742,7,25,1,2026-03-30 20:27:00,2026-03-30 21:13:00,415,7,2
7743,8,50,6,2026-01-14 00:56:00,2026-01-14 02:35:00,233,2,1
7744,7,31,17,2026-06-13 03:53:00,2026-06-13 07:09:00,160,2,3
7745,6,17,17,2026-06-22 06:37:00,2026-06-22 07:08:00,460,13,1
7746,2,46,1,2026-05-03 10:16:00,2026-05-03 10:59:00,353,13,1
7747,8,44,9,2026-04-24 19:48:00,2026-04-24 20:19:00,342,26,1
7748,4,29,4,2026-01-04 12:22:00,2026-01-04 14:37:00,319,15,3
7749,10,13,8,2026-01-12 21:40:00,2026-01-12 22:41:00,63,2,1
7750,10,38,10,2026-02-14 03:50:00,2026-02-14 04:37:00,394,18,1
7751,3,42,20,2026-02-26 12:49:00,2026-02-26 13:26:00,63,0,1
7752,7,48,3,2026-02-11 21:33:00,2026-02-11 23:37:00,259,17,1
7753,9,26,18,2026-01-06 07:24:00,2026-01-06 10:51:00,406,8,3
7754,9,41,13,2026-03-21 02:34:00,2026-03-21 06:01:00,130,7,3
7755,6,39,9,2026-04-26 18:30:00,2026-04-26 19:18:00,184,12,3
7756,8,44,3,2026-05-20 16:59:00,2026-05-20 17:45:00,274,20,3
7757,3,24,7,2026-04-09 10:02:00,2026-04-09 12:35:00,157,7,1
7758,6,39,16,2026-04-01 06:04:00,2026-04-01 09:16:00,397,10,2
7759,1,47,10,2026-01-10 11:15:00,2026-01-10 14:40:00,300,6,2
7760,7,11,14,2026-04-02 01:54:00,2026-04-02 03:05:00,76,4,1
7761,2,3,18,2026-06-05 07:50:00,2026-06-05 10:10:00,284,3,3
7762,10,9,19,2026-03-03 18:14:00,2026-03-03 19:23:00,214,14,3
7763,1,34,19,2026-01-20 08:31:00,2026-01-20 09:29:00,290,21,2
7764,10,38,6,2026-04-29 13:52:00,2026-04-29 17:52:00,494,12,2
7765,8,14,2,2026-01-20 12:42:00,2026-01-20 14:49:00,426,8,2
7766,3,23,7,2026-02-18 22:37:00,2026-02-18 23:20:00,450,11,2
7767,6,27,15,2026-01-30 09:51:00,2026-01-30 13:21:00,129,1,1
7768,7,31,9,2026-01-29 16:13:00,2026-01-29 18:44:00,201,9,2
7769,7,35,19,2026-04-05 22:27:00,2026-04-06 01:57:00,449,1,3
7770,10,38,16,2026-02-05 03:45:00,2026-02-05 04:38:00,409,14,3
7771,3,5,10,2026-03-15 03:50:00,2026-03-15 05:44:00,388,10,2
7772,5,45,14,2026-03-05 03:00:00,2026-03-05 05:00:00,121,6,3
7773,3,24,13,2026-05-26 08:12:00,2026-05-26 11:49:00,237,12,1
7774,6,17,3,2026-05-24 20:24:00,2026-05-24 22:19:00,156,4,3
7775,7,49,1,2026-06-02 00:11:00,2026-06-02 01:17:00,417,19,2
7776,3,24,2,2026-06-27 23:05:00,2026-06-28 00:48:00,330,8,1
7777,4,37,15,2026-02-14 22:02:00,2026-02-15 00:39:00,339,6,3
7778,1,47,17,2026-01-20 16:06:00,2026-01-20 17:55:00,237,12,1
7779,10,1,9,2026-06-20 08:58:00,2026-06-20 11:08:00,190,6,1
7780,10,16,5,2026-03-12 10:14:00,2026-03-12 11:56:00,57,3,3
7781,7,2,14,2026-01-26 16:53:00,2026-01-26 18:59:00,183,0,1
7782,6,17,9,2026-06-09 22:43:00,2026-06-10 02:18:00,99,4,2
7783,8,10,12,2026-03-21 10:00:00,2026-03-21 11:19:00,164,7,1
7784,5,45,12,2026-04-11 15:26:00,2026-04-11 17:56:00,402,8,1
7785,7,49,17,2026-05-08 02:13:00,2026-05-08 03:38:00,234,3,2
7786,3,42,19,2026-05-30 06:27:00,2026-05-30 07:45:00,179,11,3
7787,5,45,12,2026-04-11 23:59:00,2026-04-12 03:28:00,407,25,2
7788,6,27,5,2026-06-05 12:17:00,2026-06-05 14:43:00,485,26,3
7789,8,14,7,2026-01-26 05:11:00,2026-01-26 08:51:00,460,18,3
7790,3,30,18,2026-04-20 02:07:00,2026-04-20 02:58:00,159,9,2
7791,2,46,17,2026-06-16 19:39:00,2026-06-16 22:55:00,195,3,2
7792,3,23,2,2026-02-25 06:11:00,2026-02-25 08:18:00,100,2,3
7793,1,47,12,2026-05-12 17:52:00,2026-05-12 18:57:00,490,5,3
7794,1,47,5,2026-03-27 10:32:00,2026-03-27 13:09:00,59,4,2
7795,6,27,7,2026-04-15 09:16:00,2026-04-15 13:04:00,399,25,3
7796,7,49,11,2026-05-08 13:50:00,2026-05-08 15:45:00,328,2,3
7797,3,24,18,2026-02-08 07:14:00,2026-02-08 08:03:00,201,5,1
7798,10,18,15,2026-01-18 01:02:00,2026-01-18 04:36:00,251,19,2
7799,3,5,16,2026-05-03 12:29:00,2026-05-03 13:55:00,209,9,2
7800,7,2,6,2026-04-14 20:57:00,2026-04-14 22:06:00,252,14,3
7801,1,34,13,2026-05-28 22:00:00,2026-05-28 22:49:00,497,26,3
7802,8,44,11,2026-04-05 10:30:00,2026-04-05 13:41:00,202,6,1
7803,10,1,14,2026-01-20 15:36:00,2026-01-20 16:58:00,500,12,1
7804,3,30,19,2026-03-22 09:57:00,2026-03-22 12:32:00,419,1,2
7805,3,30,11,2026-05-14 06:04:00,2026-05-14 10:01:00,98,3,1
7806,7,49,3,2026-04-04 06:18:00,2026-04-04 09:55:00,233,9,1
7807,1,47,14,2026-06-21 06:53:00,2026-06-21 10:33:00,205,15,2
7808,6,12,4,2026-04-07 04:59:00,2026-04-07 08:26:00,335,20,1
7809,9,33,15,2026-02-27 12:04:00,2026-02-27 13:40:00,471,13,3
7810,9,40,13,2026-02-18 00:46:00,2026-02-18 04:40:00,259,11,1
7811,8,20,18,2026-03-08 13:10:00,2026-03-08 16:42:00,239,13,1
7812,10,38,7,2026-01-09 01:44:00,2026-01-09 05:35:00,360,15,1
7813,7,11,9,2026-05-12 14:58:00,2026-05-12 18:36:00,213,11,3
7814,4,15,20,2026-04-08 11:13:00,2026-04-08 15:09:00,275,8,2
7815,8,44,6,2026-03-05 19:16:00,2026-03-05 21:22:00,443,13,2
7816,8,14,11,2026-05-07 10:37:00,2026-05-07 12:25:00,343,24,2
7817,4,29,19,2026-06-13 01:06:00,2026-06-13 03:39:00,135,9,3
7818,4,29,18,2026-03-20 19:41:00,2026-03-20 22:47:00,70,0,3
7819,10,18,7,2026-04-17 06:07:00,2026-04-17 07:32:00,289,5,3
7820,4,15,1,2026-03-07 13:45:00,2026-03-07 16:39:00,308,11,3
7821,6,27,2,2026-03-13 15:16:00,2026-03-13 16:37:00,294,1,1
7822,4,29,2,2026-01-08 04:16:00,2026-01-08 08:11:00,433,5,3
7823,1,47,2,2026-05-04 19:57:00,2026-05-04 21:51:00,119,5,1
7824,5,6,15,2026-03-08 23:46:00,2026-03-09 03:33:00,336,20,1
7825,8,50,8,2026-05-10 13:26:00,2026-05-10 15:51:00,345,9,3
7826,10,16,19,2026-01-30 09:36:00,2026-01-30 10:16:00,265,4,3
7827,10,16,1,2026-02-10 10:40:00,2026-02-10 12:26:00,110,1,2
7828,6,17,19,2026-05-12 12:54:00,2026-05-12 15:07:00,176,13,2
7829,8,4,13,2026-03-01 05:05:00,2026-03-01 07:51:00,310,22,3
7830,8,14,5,2026-02-13 04:30:00,2026-02-13 06:14:00,415,5,2
7831,10,38,8,2026-06-26 19:45:00,2026-06-26 20:18:00,239,19,3
7832,9,26,14,2026-05-02 21:33:00,2026-05-02 22:06:00,472,24,2
7833,10,1,4,2026-05-03 17:19:00,2026-05-03 19:15:00,161,1,3
7834,6,12,20,2026-05-28 02:59:00,2026-05-28 05:43:00,57,0,1
7835,8,4,8,2026-02-21 09:49:00,2026-02-21 11:03:00,225,1,3
7836,7,48,4,2026-01-24 17:55:00,2026-01-24 21:17:00,337,5,2
7837,10,19,16,2026-06-26 11:39:00,2026-06-26 12:23:00,444,9,3
7838,8,43,5,2026-03-16 20:34:00,2026-03-17 00:29:00,273,17,2
7839,4,29,6,2026-03-16 22:39:00,2026-03-17 00:50:00,435,21,1
7840,3,42,8,2026-04-10 15:36:00,2026-04-10 18:59:00,399,13,3
7841,3,23,18,2026-05-22 10:35:00,2026-05-22 11:58:00,78,3,1
7842,10,7,5,2026-01-14 07:32:00,2026-01-14 09:57:00,491,19,1
7843,10,1,8,2026-04-17 05:53:00,2026-04-17 07:22:00,180,12,2
7844,10,19,3,2026-05-14 13:32:00,2026-05-14 16:06:00,158,3,1
7845,3,5,17,2026-06-20 22:01:00,2026-06-21 00:51:00,237,5,1
7846,5,6,16,2026-04-15 22:24:00,2026-04-16 01:00:00,422,28,2
7847,5,45,15,2026-03-13 14:31:00,2026-03-13 16:26:00,448,25,3
7848,10,7,10,2026-01-28 17:07:00,2026-01-28 19:31:00,391,30,3
7849,3,30,10,2026-01-07 22:46:00,2026-01-08 01:43:00,166,6,1
7850,10,19,5,2026-06-18 04:04:00,2026-06-18 07:40:00,160,5,3
7851,6,17,3,2026-02-16 09:07:00,2026-02-16 11:41:00,357,24,3
7852,4,15,8,2026-01-22 14:36:00,2026-01-22 15:24:00,99,7,2
7853,7,25,9,2026-04-09 06:19:00,2026-04-09 09:33:00,425,2,3
7854,6,39,11,2026-03-27 14:54:00,2026-03-27 18:22:00,216,12,2
7855,6,12,7,2026-03-14 17:51:00,2026-03-14 20:24:00,209,4,2
7856,10,19,5,2026-04-01 20:44:00,2026-04-01 23:07:00,470,18,2
7857,9,41,7,2026-05-09 07:21:00,2026-05-09 11:21:00,102,7,1
7858,10,1,2,2026-04-22 22:07:00,2026-04-23 01:06:00,204,6,1
7859,3,30,10,2026-06-15 17:49:00,2026-06-15 19:38:00,388,1,1
7860,10,19,16,2026-04-01 03:36:00,2026-04-01 05:59:00,162,9,3
7861,3,5,16,2026-02-20 08:13:00,2026-02-20 10:16:00,424,26,1
7862,10,32,13,2026-01-24 01:44:00,2026-01-24 04:59:00,365,20,3
7863,8,14,7,2026-06-28 21:59:00,2026-06-29 00:53:00,52,2,1
7864,1,47,18,2026-01-15 19:46:00,2026-01-15 20:30:00,111,4,3
7865,3,23,8,2026-06-15 15:02:00,2026-06-15 16:05:00,383,17,1
7866,10,19,1,2026-02-25 22:42:00,2026-02-25 23:24:00,266,9,3
7867,3,24,4,2026-05-24 01:16:00,2026-05-24 01:46:00,209,1,3
7868,4,29,16,2026-04-05 19:10:00,2026-04-05 21:32:00,92,6,1
7869,6,27,6,2026-02-08 00:42:00,2026-02-08 03:42:00,445,5,2
7870,9,41,11,2026-02-04 22:02:00,2026-02-05 00:58:00,327,25,2
7871,1,34,6,2026-03-26 23:43:00,2026-03-27 02:55:00,446,0,3
7872,9,33,12,2026-01-13 15:13:00,2026-01-13 17:00:00,278,11,1
7873,6,17,7,2026-03-25 03:21:00,2026-03-25 04:37:00,157,10,2
7874,2,46,11,2026-06-24 09:23:00,2026-06-24 12:30:00,267,0,1
7875,7,31,8,2026-01-03 06:41:00,2026-01-03 08:48:00,146,5,1
7876,10,38,14,2026-01-19 23:41:00,2026-01-20 03:21:00,213,4,2
7877,10,18,2,2026-03-18 20:29:00,2026-03-19 00:16:00,346,2,1
7878,8,14,4,2026-04-13 20:11:00,2026-04-13 22:01:00,128,7,1
7879,1,47,11,2026-01-29 12:14:00,2026-01-29 13:24:00,292,8,2
7880,9,41,2,2026-06-17 08:50:00,2026-06-17 09:23:00,221,4,3
7881,6,17,1,2026-06-13 14:54:00,2026-06-13 16:43:00,463,8,3
7882,6,39,16,2026-01-15 06:19:00,2026-01-15 07:48:00,140,11,1
7883,10,16,16,2026-05-08 03:18:00,2026-05-08 06:37:00,62,2,2
7884,4,37,20,2026-04-21 11:09:00,2026-04-21 14:25:00,415,28,2
7885,8,20,19,2026-03-16 00:24:00,2026-03-16 01:20:00,185,4,3
7886,10,19,11,2026-03-08 20:20:00,2026-03-08 21:01:00,52,0,3
7887,10,32,10,2026-05-25 18:18:00,2026-05-25 21:06:00,127,0,2
7888,3,30,16,2026-04-04 02:33:00,2026-04-04 06:32:00,293,6,2
7889,9,22,10,2026-05-23 21:01:00,2026-05-24 00:17:00,321,11,2
7890,8,44,4,2026-01-28 20:24:00,2026-01-29 00:00:00,289,20,2
7891,10,13,20,2026-03-27 11:46:00,2026-03-27 14:57:00,139,9,3
7892,4,29,14,2026-01-25 22:16:00,2026-01-26 00:29:00,69,2,1
7893,8,21,18,2026-05-18 01:53:00,2026-05-18 02:34:00,409,8,3
7894,3,28,4,2026-06-24 23:45:00,2026-06-25 00:39:00,367,25,1
7895,9,22,9,2026-01-23 11:41:00,2026-01-23 12:41:00,138,8,1
7896,6,12,9,2026-06-24 02:15:00,2026-06-24 04:56:00,444,25,2
7897,10,16,20,2026-06-13 13:19:00,2026-06-13 16:21:00,424,0,3
7898,9,40,8,2026-02-19 06:12:00,2026-02-19 07:33:00,459,22,2
7899,9,22,2,2026-02-18 10:46:00,2026-02-18 13:51:00,345,9,2
7900,2,46,13,2026-04-12 14:27:00,2026-04-12 18:04:00,402,9,2
7901,6,27,3,2026-03-24 05:39:00,2026-03-24 06:49:00,382,5,1
7902,4,8,18,2026-06-19 09:12:00,2026-06-19 11:09:00,151,1,1
7903,6,17,1,2026-01-27 05:33:00,2026-01-27 07:50:00,170,3,3
7904,9,26,3,2026-06-17 01:45:00,2026-06-17 05:24:00,161,3,3
7905,9,40,12,2026-02-06 01:39:00,2026-02-06 05:01:00,157,5,3
7906,9,33,20,2026-04-14 02:00:00,2026-04-14 05:04:00,187,11,1
7907,8,43,3,2026-03-05 03:41:00,2026-03-05 05:25:00,435,12,3
7908,6,17,14,2026-06-09 22:36:00,2026-06-10 02:18:00,84,2,1
7909,6,12,16,2026-06-17 21:19:00,2026-06-17 23:02:00,130,10,2
7910,10,18,20,2026-03-01 14:04:00,2026-03-01 16:06:00,331,20,2
7911,8,10,19,2026-01-02 01:16:00,2026-01-02 04:02:00,467,12,3
7912,7,49,16,2026-03-29 08:33:00,2026-03-29 12:31:00,255,19,2
7913,10,1,7,2026-03-07 16:07:00,2026-03-07 17:33:00,74,2,2
7914,10,38,9,2026-02-20 19:17:00,2026-02-20 21:06:00,317,8,3
7915,9,41,7,2026-01-22 13:07:00,2026-01-22 16:47:00,73,3,2
7916,5,6,4,2026-06-07 11:03:00,2026-06-07 12:04:00,195,3,1
7917,7,49,14,2026-05-19 06:22:00,2026-05-19 08:24:00,460,6,1
7918,10,13,6,2026-05-08 19:03:00,2026-05-08 22:25:00,200,10,3
7919,6,12,8,2026-02-07 18:15:00,2026-02-07 20:29:00,311,5,1
7920,1,34,3,2026-02-13 23:39:00,2026-02-14 00:14:00,392,27,3
7921,7,48,15,2026-02-03 11:38:00,2026-02-03 13:04:00,386,1,3
7922,4,29,16,2026-02-16 00:48:00,2026-02-16 02:15:00,56,0,1
7923,6,39,12,2026-03-30 04:57:00,2026-03-30 07:27:00,199,11,2
7924,8,44,12,2026-05-12 19:53:00,2026-05-12 22:42:00,135,8,1
7925,10,7,5,2026-05-12 09:51:00,2026-05-12 11:37:00,365,22,3
7926,6,27,12,2026-05-16 10:29:00,2026-05-16 12:54:00,339,18,3
7927,4,36,18,2026-03-30 07:09:00,2026-03-30 07:57:00,366,28,3
7928,7,48,3,2026-02-20 03:13:00,2026-02-20 06:51:00,210,4,1
7929,5,45,16,2026-06-27 02:11:00,2026-06-27 03:47:00,471,33,3
7930,3,23,1,2026-06-05 03:13:00,2026-06-05 05:16:00,303,4,2
7931,4,8,2,2026-05-01 00:34:00,2026-05-01 04:00:00,110,6,2
7932,8,44,4,2026-05-05 20:57:00,2026-05-05 21:28:00,167,7,1
7933,6,17,7,2026-02-03 16:33:00,2026-02-03 19:29:00,176,5,3
7934,10,18,18,2026-03-06 13:45:00,2026-03-06 16:51:00,348,6,2
7935,6,39,4,2026-02-08 03:02:00,2026-02-08 04:10:00,258,8,1
7936,7,25,19,2026-06-26 22:28:00,2026-06-27 00:00:00,480,11,3
7937,10,19,17,2026-01-26 23:32:00,2026-01-27 01:19:00,389,16,1
7938,10,38,11,2026-06-21 12:10:00,2026-06-21 14:49:00,190,4,2
7939,3,5,18,2026-06-06 14:32:00,2026-06-06 16:35:00,229,13,3
7940,3,23,6,2026-02-28 18:31:00,2026-02-28 19:33:00,237,4,1
7941,1,47,2,2026-06-28 08:33:00,2026-06-28 12:24:00,300,2,2
7942,6,27,12,2026-04-01 04:59:00,2026-04-01 08:49:00,467,35,3
7943,5,45,18,2026-06-07 03:57:00,2026-06-07 05:09:00,237,17,3
7944,3,5,14,2026-02-01 18:25:00,2026-02-01 19:28:00,57,4,1
7945,4,15,16,2026-03-26 20:11:00,2026-03-26 22:46:00,280,2,2
7946,7,31,7,2026-04-08 11:30:00,2026-04-08 13:32:00,85,0,2
7947,8,20,5,2026-05-19 21:45:00,2026-05-20 00:56:00,167,12,3
7948,4,15,5,2026-04-14 05:07:00,2026-04-14 07:03:00,139,8,1
7949,10,7,20,2026-03-04 09:09:00,2026-03-04 12:35:00,390,16,3
7950,2,3,13,2026-05-10 17:37:00,2026-05-10 20:00:00,110,4,2
7951,2,3,8,2026-01-09 23:59:00,2026-01-10 03:15:00,319,11,2
7952,5,6,14,2026-03-21 00:01:00,2026-03-21 03:45:00,168,7,2
7953,2,46,17,2026-04-28 17:00:00,2026-04-28 18:02:00,240,11,2
7954,3,30,18,2026-02-16 07:15:00,2026-02-16 08:56:00,161,8,3
7955,5,45,3,2026-05-16 13:48:00,2026-05-16 15:03:00,99,4,1
7956,4,15,3,2026-03-30 14:35:00,2026-03-30 17:13:00,121,3,3
7957,10,9,3,2026-03-07 14:54:00,2026-03-07 15:40:00,69,0,3
7958,7,49,3,2026-04-19 21:43:00,2026-04-20 00:25:00,300,13,2
7959,7,25,11,2026-01-28 14:32:00,2026-01-28 16:16:00,116,4,3
7960,10,32,2,2026-02-12 20:55:00,2026-02-12 22:21:00,293,5,3
7961,7,49,12,2026-01-26 03:28:00,2026-01-26 04:35:00,125,5,2
7962,8,14,12,2026-06-12 07:49:00,2026-06-12 09:02:00,344,2,1
7963,10,1,2,2026-05-05 00:44:00,2026-05-05 02:11:00,150,5,2
7964,10,13,4,2026-02-25 14:16:00,2026-02-25 16:19:00,339,17,2
7965,2,46,15,2026-04-10 00:54:00,2026-04-10 02:50:00,55,0,1
7966,5,45,1,2026-03-16 16:49:00,2026-03-16 17:47:00,361,9,2
7967,3,5,8,2026-02-03 06:48:00,2026-02-03 09:00:00,275,6,2
7968,9,33,9,2026-04-30 03:25:00,2026-04-30 06:01:00,480,28,3
7969,5,45,9,2026-06-09 17:56:00,2026-06-09 21:47:00,366,26,1
7970,7,48,9,2026-02-16 02:53:00,2026-02-16 05:21:00,149,6,1
7971,3,24,10,2026-02-17 06:18:00,2026-02-17 08:51:00,304,1,3
7972,10,13,13,2026-06-09 04:34:00,2026-06-09 08:02:00,92,2,3
7973,9,40,11,2026-04-03 06:47:00,2026-04-03 08:17:00,281,18,3
7974,9,33,7,2026-05-01 03:05:00,2026-05-01 05:32:00,222,12,1
7975,4,29,6,2026-01-29 07:40:00,2026-01-29 11:19:00,224,5,1
7976,4,15,14,2026-03-03 10:32:00,2026-03-03 14:00:00,428,20,1
7977,7,11,4,2026-04-12 19:50:00,2026-04-12 21:26:00,282,9,3
7978,7,49,1,2026-01-23 10:11:00,2026-01-23 11:08:00,258,11,3
7979,3,23,19,2026-05-27 08:31:00,2026-05-27 09:24:00,85,5,1
7980,4,37,14,2026-06-07 08:44:00,2026-06-07 12:41:00,199,12,2
7981,7,11,6,2026-04-06 12:36:00,2026-04-06 14:25:00,186,7,2
7982,9,33,19,2026-04-08 03:01:00,2026-04-08 04:23:00,358,21,2
7983,6,39,19,2026-02-13 00:16:00,2026-02-13 03:30:00,465,36,3
7984,3,23,6,2026-01-30 09:56:00,2026-01-30 13:50:00,324,10,1
7985,4,15,7,2026-04-28 19:52:00,2026-04-28 22:57:00,154,10,3
7986,10,32,20,2026-05-27 02:01:00,2026-05-27 03:52:00,165,7,1
7987,3,5,13,2026-05-13 18:00:00,2026-05-13 21:59:00,259,1,3
7988,10,32,10,2026-03-02 21:11:00,2026-03-02 23:31:00,495,22,2
7989,4,29,7,2026-01-30 03:48:00,2026-01-30 07:44:00,225,1,2
7990,7,31,19,2026-04-19 02:03:00,2026-04-19 03:35:00,368,3,3
7991,9,41,20,2026-06-01 20:02:00,2026-06-02 00:02:00,186,3,1
7992,2,3,3,2026-03-05 05:19:00,2026-03-05 07:19:00,221,13,3
7993,6,17,4,2026-03-16 04:37:00,2026-03-16 08:31:00,411,19,3
7994,6,39,7,2026-01-23 09:07:00,2026-01-23 11:01:00,116,4,3
7995,10,7,20,2026-05-24 07:16:00,2026-05-24 11:16:00,78,0,2
7996,10,38,4,2026-02-27 01:56:00,2026-02-27 04:32:00,175,10,3
7997,9,41,10,2026-04-12 02:45:00,2026-04-12 03:39:00,150,1,3
7998,10,9,8,2026-05-29 21:44:00,2026-05-29 22:27:00,164,7,2
7999,6,39,10,2026-04-17 22:56:00,2026-04-18 01:19:00,450,15,1
8000,7,11,2,2026-04-16 22:54:00,2026-04-17 00:51:00,55,0,2
8001,6,17,15,2026-06-23 04:24:00,2026-06-23 07:17:00,169,11,3
8002,10,38,14,2026-06-16 20:53:00,2026-06-16 23:52:00,204,9,3
8003,4,37,12,2026-06-14 14:18:00,2026-06-14 16:58:00,230,6,2
8004,10,32,17,2026-05-19 20:24:00,2026-05-19 23:38:00,353,5,2
8005,6,12,13,2026-02-12 23:30:00,2026-02-13 02:36:00,275,18,1
8006,10,7,18,2026-03-07 06:36:00,2026-03-07 09:18:00,408,3,3
8007,7,2,18,2026-02-19 07:16:00,2026-02-19 08:46:00,165,3,3
8008,10,7,5,2026-01-02 10:45:00,2026-01-02 12:18:00,209,14,1
8009,3,28,15,2026-06-17 13:50:00,2026-06-17 15:23:00,446,35,2
8010,9,22,9,2026-06-04 19:30:00,2026-06-04 22:03:00,61,2,1
8011,8,14,10,2026-06-27 20:19:00,2026-06-27 21:16:00,450,13,2
8012,10,18,6,2026-01-06 23:29:00,2026-01-07 02:18:00,241,13,2
8013,10,19,14,2026-06-03 10:46:00,2026-06-03 12:25:00,356,20,2
8014,10,19,18,2026-05-04 01:43:00,2026-05-04 03:33:00,212,4,2
8015,10,7,3,2026-01-19 23:29:00,2026-01-20 03:08:00,487,1,2
8016,10,7,7,2026-01-05 06:47:00,2026-01-05 09:07:00,495,23,1
8017,7,11,13,2026-01-14 21:39:00,2026-01-15 00:34:00,274,4,2
8018,7,49,4,2026-03-12 20:21:00,2026-03-12 22:30:00,150,0,3
8019,3,5,8,2026-05-26 18:52:00,2026-05-26 21:30:00,467,8,3
8020,4,29,9,2026-01-21 22:05:00,2026-01-22 00:11:00,380,14,1
8021,8,14,7,2026-06-10 11:47:00,2026-06-10 13:49:00,218,15,2
8022,3,28,5,2026-05-01 21:00:00,2026-05-02 00:35:00,384,23,3
8023,2,46,13,2026-03-02 14:16:00,2026-03-02 17:35:00,227,12,2
8024,3,23,16,2026-04-28 18:21:00,2026-04-28 21:18:00,183,13,3
8025,2,46,16,2026-04-29 21:50:00,2026-04-29 23:00:00,222,16,2
8026,10,7,7,2026-02-22 17:36:00,2026-02-22 19:55:00,68,1,3
8027,5,6,7,2026-06-07 12:24:00,2026-06-07 15:46:00,317,0,1
8028,1,47,17,2026-03-25 20:14:00,2026-03-25 21:31:00,433,6,2
8029,1,47,17,2026-03-24 12:53:00,2026-03-24 16:32:00,411,25,3
8030,9,40,7,2026-02-22 20:14:00,2026-02-22 21:24:00,83,1,1
8031,7,11,14,2026-06-23 13:16:00,2026-06-23 15:20:00,182,6,2
8032,8,14,19,2026-05-31 18:49:00,2026-05-31 20:53:00,347,1,2
8033,4,8,11,2026-04-06 05:16:00,2026-04-06 08:56:00,332,7,1
8034,7,25,8,2026-01-14 10:46:00,2026-01-14 13:28:00,488,17,3
8035,9,33,18,2026-05-15 23:17:00,2026-05-16 00:26:00,374,7,2
8036,10,7,7,2026-03-19 23:01:00,2026-03-20 00:32:00,78,3,3
8037,10,13,20,2026-05-25 18:12:00,2026-05-25 22:12:00,183,10,3
8038,10,7,11,2026-02-10 07:55:00,2026-02-10 08:30:00,462,32,3
8039,3,24,3,2026-06-10 18:59:00,2026-06-10 20:25:00,346,10,1
8040,10,7,7,2026-02-27 02:06:00,2026-02-27 03:42:00,158,2,1
8041,3,5,18,2026-03-22 01:46:00,2026-03-22 03:54:00,483,13,1
8042,6,39,18,2026-03-06 21:53:00,2026-03-06 22:32:00,259,13,1
8043,6,39,10,2026-04-01 00:19:00,2026-04-01 02:26:00,64,3,3
8044,8,50,17,2026-04-22 17:30:00,2026-04-22 19:17:00,247,2,2
8045,10,13,1,2026-02-17 07:01:00,2026-02-17 09:18:00,110,4,2
8046,1,34,1,2026-05-12 00:23:00,2026-05-12 00:53:00,321,12,1
8047,3,28,3,2026-03-13 12:15:00,2026-03-13 14:54:00,226,14,2
8048,10,1,3,2026-02-06 15:34:00,2026-02-06 19:29:00,292,3,2
8049,10,19,16,2026-03-20 23:41:00,2026-03-21 01:00:00,123,0,3
8050,8,20,10,2026-05-25 18:22:00,2026-05-25 20:15:00,116,5,1
8051,4,15,2,2026-05-31 11:24:00,2026-05-31 14:24:00,224,15,3
8052,10,19,15,2026-01-05 14:14:00,2026-01-05 16:10:00,320,5,2
8053,8,14,20,2026-01-27 04:17:00,2026-01-27 07:18:00,61,0,1
8054,2,3,9,2026-05-27 13:48:00,2026-05-27 16:11:00,432,8,3
8055,10,7,17,2026-01-05 12:07:00,2026-01-05 13:43:00,150,2,2
8056,2,46,6,2026-04-19 10:13:00,2026-04-19 12:46:00,307,10,3
8057,2,46,6,2026-05-20 00:07:00,2026-05-20 03:53:00,275,1,1
8058,6,27,11,2026-01-09 14:17:00,2026-01-09 15:26:00,125,8,3
8059,9,26,17,2026-03-21 12:05:00,2026-03-21 12:46:00,340,1,2
8060,5,6,15,2026-02-17 19:27:00,2026-02-17 21:16:00,233,1,3
8061,3,42,11,2026-01-08 00:57:00,2026-01-08 02:17:00,436,19,3
8062,2,3,7,2026-04-03 02:21:00,2026-04-03 04:16:00,149,11,3
8063,10,16,1,2026-04-14 16:57:00,2026-04-14 20:16:00,250,18,2
8064,3,28,15,2026-05-09 13:03:00,2026-05-09 15:08:00,163,9,3
8065,5,45,19,2026-02-27 09:02:00,2026-02-27 12:15:00,62,4,2
8066,9,40,16,2026-06-03 14:09:00,2026-06-03 15:53:00,84,6,3
8067,7,35,20,2026-04-19 05:34:00,2026-04-19 06:47:00,355,25,2
8068,8,43,9,2026-06-13 06:44:00,2026-06-13 09:12:00,172,1,2
8069,9,41,5,2026-05-09 23:22:00,2026-05-10 03:18:00,224,15,1
8070,3,23,13,2026-06-25 19:24:00,2026-06-25 21:16:00,176,3,2
8071,10,32,17,2026-04-13 19:53:00,2026-04-13 22:28:00,426,26,2
8072,10,13,2,2026-04-15 10:12:00,2026-04-15 10:47:00,290,3,2
8073,10,38,8,2026-05-07 08:30:00,2026-05-07 09:34:00,452,1,1
8074,7,2,5,2026-06-25 12:32:00,2026-06-25 14:54:00,416,19,2
8075,7,11,11,2026-03-10 02:01:00,2026-03-10 02:33:00,453,12,3
8076,10,19,9,2026-06-05 15:15:00,2026-06-05 16:30:00,209,11,1
8077,4,36,1,2026-03-25 14:41:00,2026-03-25 18:24:00,373,26,1
8078,4,29,20,2026-04-09 02:05:00,2026-04-09 05:04:00,315,2,2
8079,10,7,2,2026-01-24 06:41:00,2026-01-24 07:31:00,395,7,2
8080,7,35,18,2026-03-06 17:10:00,2026-03-06 21:07:00,230,17,3
8081,6,27,15,2026-01-16 12:56:00,2026-01-16 14:41:00,358,20,3
8082,8,43,20,2026-03-12 11:09:00,2026-03-12 12:37:00,152,7,2
8083,7,25,11,2026-03-30 07:52:00,2026-03-30 09:37:00,282,10,2
8084,2,46,14,2026-03-13 03:34:00,2026-03-13 04:49:00,427,16,3
8085,9,33,15,2026-01-22 21:17:00,2026-01-23 01:02:00,241,3,2
8086,6,12,14,2026-01-04 22:09:00,2026-01-05 00:08:00,194,8,3
8087,8,14,7,2026-01-16 09:15:00,2026-01-16 12:22:00,485,21,2
8088,2,3,3,2026-06-08 22:51:00,2026-06-09 02:12:00,220,5,3
8089,8,44,20,2026-01-21 07:03:00,2026-01-21 09:43:00,171,11,3
8090,10,19,10,2026-05-17 14:53:00,2026-05-17 15:28:00,166,7,1
8091,8,21,19,2026-06-25 12:54:00,2026-06-25 15:27:00,66,3,2
8092,3,23,4,2026-01-28 14:22:00,2026-01-28 16:23:00,154,1,3
8093,10,32,7,2026-06-05 06:20:00,2026-06-05 10:12:00,138,10,3
8094,3,5,10,2026-04-06 11:34:00,2026-04-06 14:56:00,260,11,2
8095,9,40,18,2026-04-15 20:21:00,2026-04-15 23:31:00,358,16,3
8096,6,17,5,2026-01-26 12:46:00,2026-01-26 13:25:00,439,2,2
8097,6,27,14,2026-03-17 17:46:00,2026-03-17 18:25:00,408,25,2
8098,7,11,2,2026-02-10 03:15:00,2026-02-10 03:45:00,315,9,2
8099,9,40,6,2026-01-11 06:44:00,2026-01-11 08:51:00,209,3,1
8100,10,18,5,2026-06-04 17:33:00,2026-06-04 19:39:00,396,19,1
8101,8,4,1,2026-04-06 14:35:00,2026-04-06 17:41:00,229,17,1
8102,7,11,13,2026-04-08 03:52:00,2026-04-08 05:12:00,416,14,2
8103,6,12,3,2026-05-26 11:14:00,2026-05-26 13:28:00,365,5,1
8104,4,15,16,2026-02-03 17:12:00,2026-02-03 19:10:00,473,32,3
8105,8,21,1,2026-04-03 09:38:00,2026-04-03 11:33:00,284,4,1
8106,9,41,15,2026-02-16 23:40:00,2026-02-17 02:58:00,176,1,1
8107,2,3,15,2026-05-25 20:34:00,2026-05-25 22:21:00,246,2,2
8108,7,48,18,2026-04-04 00:45:00,2026-04-04 03:58:00,308,8,3
8109,3,5,10,2026-06-10 16:33:00,2026-06-10 17:36:00,209,13,2
8110,1,47,20,2026-02-03 09:12:00,2026-02-03 12:00:00,494,18,3
8111,3,42,10,2026-06-27 08:57:00,2026-06-27 11:15:00,371,2,3
8112,7,2,5,2026-03-04 10:28:00,2026-03-04 13:59:00,350,4,1
8113,3,5,11,2026-03-01 01:21:00,2026-03-01 04:57:00,320,8,2
8114,3,28,12,2026-03-07 18:52:00,2026-03-07 22:17:00,146,3,1
8115,7,31,19,2026-02-16 03:41:00,2026-02-16 05:45:00,139,5,2
8116,6,12,2,2026-04-01 00:48:00,2026-04-01 01:54:00,363,3,3
8117,9,33,20,2026-04-19 02:42:00,2026-04-19 03:19:00,292,19,3
8118,9,40,3,2026-01-11 21:32:00,2026-01-12 00:17:00,249,15,2
8119,9,26,1,2026-06-03 17:04:00,2026-06-03 18:24:00,424,31,2
8120,7,31,20,2026-01-05 15:09:00,2026-01-05 17:29:00,78,2,1
8121,1,47,5,2026-03-17 11:23:00,2026-03-17 13:45:00,266,7,1
8122,9,40,10,2026-05-09 00:05:00,2026-05-09 01:02:00,349,14,3
8123,8,21,12,2026-06-24 21:25:00,2026-06-25 00:46:00,302,16,2
8124,4,37,6,2026-02-20 17:13:00,2026-02-20 20:08:00,190,0,1
8125,8,4,6,2026-03-10 02:59:00,2026-03-10 05:28:00,368,25,1
8126,2,3,6,2026-01-12 11:15:00,2026-01-12 12:23:00,106,7,2
8127,4,8,12,2026-05-27 16:24:00,2026-05-27 17:24:00,250,16,3
8128,10,9,2,2026-03-10 21:44:00,2026-03-10 22:25:00,196,7,2
8129,9,41,13,2026-05-17 15:46:00,2026-05-17 16:23:00,442,17,2
8130,8,14,14,2026-01-10 20:15:00,2026-01-10 22:30:00,154,7,3
8131,7,48,3,2026-06-10 13:58:00,2026-06-10 16:33:00,176,1,2
8132,1,34,5,2026-01-13 05:52:00,2026-01-13 09:10:00,100,4,2
8133,8,14,6,2026-02-07 04:02:00,2026-02-07 07:04:00,53,3,1
8134,10,1,8,2026-02-22 23:55:00,2026-02-23 00:55:00,200,5,3
8135,6,17,20,2026-03-28 07:41:00,2026-03-28 08:41:00,226,0,3
8136,3,28,7,2026-06-22 20:56:00,2026-06-23 00:25:00,199,2,3
8137,10,38,10,2026-01-20 18:00:00,2026-01-20 21:05:00,291,10,2
8138,10,19,13,2026-05-29 11:56:00,2026-05-29 15:34:00,67,0,2
8139,2,46,7,2026-01-01 23:11:00,2026-01-02 01:58:00,145,2,3
8140,8,50,6,2026-01-28 18:57:00,2026-01-28 22:39:00,398,24,1
8141,8,50,10,2026-03-12 11:56:00,2026-03-12 15:16:00,165,5,1
8142,10,9,14,2026-03-03 21:45:00,2026-03-04 01:35:00,92,4,2
8143,3,23,14,2026-03-11 21:22:00,2026-03-12 00:44:00,369,3,3
8144,3,23,14,2026-06-13 00:54:00,2026-06-13 04:40:00,370,27,3
8145,8,21,12,2026-03-26 23:14:00,2026-03-27 03:07:00,392,11,1
8146,9,26,13,2026-02-10 10:10:00,2026-02-10 13:48:00,341,17,2
8147,8,20,18,2026-05-28 05:46:00,2026-05-28 08:44:00,56,2,2
8148,10,1,8,2026-03-04 07:24:00,2026-03-04 09:24:00,498,7,1
8149,6,39,14,2026-05-04 23:20:00,2026-05-04 23:52:00,212,13,1
8150,1,34,6,2026-04-02 07:38:00,2026-04-02 09:38:00,298,14,1
8151,6,17,10,2026-01-02 17:04:00,2026-01-02 18:16:00,142,5,3
8152,8,20,3,2026-03-28 12:54:00,2026-03-28 15:52:00,128,5,2
8153,3,30,7,2026-03-24 18:28:00,2026-03-24 20:38:00,167,9,1
8154,1,34,15,2026-04-26 16:54:00,2026-04-26 19:57:00,352,12,2
8155,10,16,16,2026-01-23 08:45:00,2026-01-23 09:51:00,473,9,2
8156,8,4,19,2026-05-16 05:04:00,2026-05-16 08:45:00,127,0,1
8157,6,17,9,2026-02-06 19:46:00,2026-02-06 22:09:00,205,4,3
8158,10,32,13,2026-05-01 07:09:00,2026-05-01 08:15:00,213,2,3
8159,1,34,4,2026-01-21 11:54:00,2026-01-21 15:10:00,284,12,2
8160,7,35,3,2026-03-15 08:44:00,2026-03-15 09:52:00,473,20,1
8161,7,11,14,2026-01-08 06:41:00,2026-01-08 08:15:00,441,1,2
8162,1,47,9,2026-06-19 14:17:00,2026-06-19 15:25:00,465,25,2
8163,10,9,2,2026-06-26 19:42:00,2026-06-26 22:51:00,478,16,3
8164,8,14,8,2026-03-05 02:21:00,2026-03-05 03:01:00,184,11,1
8165,8,50,5,2026-03-09 22:01:00,2026-03-10 01:19:00,61,0,2
8166,3,23,15,2026-02-02 02:40:00,2026-02-02 05:26:00,84,2,2
8167,2,3,17,2026-04-12 18:18:00,2026-04-12 19:14:00,111,6,1
8168,7,49,19,2026-03-10 06:36:00,2026-03-10 07:34:00,175,11,3
8169,9,33,8,2026-01-26 13:50:00,2026-01-26 16:12:00,231,5,1
8170,10,7,5,2026-03-10 00:54:00,2026-03-10 03:33:00,359,1,2
8171,10,38,3,2026-05-27 23:52:00,2026-05-28 00:42:00,100,3,2
8172,7,11,14,2026-03-17 19:19:00,2026-03-17 20:35:00,148,6,1
8173,4,36,3,2026-02-25 01:32:00,2026-02-25 04:32:00,403,18,1
8174,10,9,2,2026-01-03 16:16:00,2026-01-03 19:49:00,314,13,1
8175,9,22,18,2026-04-09 11:34:00,2026-04-09 14:23:00,182,10,3
8176,9,40,5,2026-03-02 00:44:00,2026-03-02 03:34:00,237,9,3
8177,7,35,11,2026-02-23 18:57:00,2026-02-23 20:01:00,252,6,2
8178,3,23,17,2026-06-12 15:07:00,2026-06-12 15:42:00,374,27,2
8179,10,16,12,2026-04-15 23:13:00,2026-04-16 00:58:00,495,7,2
8180,3,30,16,2026-06-04 13:30:00,2026-06-04 14:48:00,364,5,3
8181,7,11,19,2026-01-29 11:40:00,2026-01-29 12:36:00,470,14,3
8182,9,40,5,2026-04-28 19:32:00,2026-04-28 20:41:00,112,0,1
8183,10,16,8,2026-02-19 07:45:00,2026-02-19 08:18:00,324,24,3
8184,10,19,15,2026-05-13 18:40:00,2026-05-13 19:28:00,291,13,3
8185,3,30,3,2026-01-16 07:05:00,2026-01-16 08:06:00,273,12,2
8186,10,16,6,2026-03-11 18:46:00,2026-03-11 20:12:00,414,16,3
8187,6,12,12,2026-05-20 22:10:00,2026-05-21 00:28:00,361,5,2
8188,5,6,13,2026-03-30 19:02:00,2026-03-30 20:29:00,66,2,1
8189,6,39,3,2026-01-16 21:22:00,2026-01-16 23:22:00,486,20,1
8190,2,3,11,2026-04-08 23:46:00,2026-04-09 03:37:00,204,3,2
8191,3,23,15,2026-06-21 19:48:00,2026-06-21 20:33:00,186,8,1
8192,10,32,15,2026-03-15 06:15:00,2026-03-15 07:41:00,425,8,2
8193,6,39,19,2026-05-09 00:49:00,2026-05-09 04:42:00,66,2,2
8194,7,11,8,2026-02-02 02:05:00,2026-02-02 04:04:00,253,0,2
8195,10,32,13,2026-05-31 14:10:00,2026-05-31 16:04:00,346,3,2
8196,10,1,16,2026-04-20 01:08:00,2026-04-20 03:55:00,79,4,2
8197,6,12,19,2026-01-13 19:37:00,2026-01-13 23:04:00,72,0,3
8198,7,25,11,2026-02-20 08:01:00,2026-02-20 10:45:00,490,5,2
8199,9,33,10,2026-05-27 00:06:00,2026-05-27 01:22:00,119,7,3
8200,6,39,8,2026-06-25 19:32:00,2026-06-25 22:32:00,281,0,2
8201,9,26,3,2026-03-11 08:53:00,2026-03-11 11:55:00,259,15,3
8202,2,3,18,2026-06-15 07:00:00,2026-06-15 10:40:00,302,1,3
8203,9,26,6,2026-03-18 16:34:00,2026-03-18 17:45:00,409,16,3
8204,8,20,13,2026-03-25 02:56:00,2026-03-25 06:54:00,211,1,3
8205,4,36,10,2026-04-17 00:16:00,2026-04-17 03:22:00,370,22,2
8206,6,27,3,2026-05-14 07:49:00,2026-05-14 11:08:00,208,2,3
8207,8,4,1,2026-03-03 22:16:00,2026-03-03 22:54:00,300,2,3
8208,10,18,2,2026-03-24 02:42:00,2026-03-24 04:40:00,98,3,1
8209,4,36,3,2026-01-10 10:47:00,2026-01-10 14:00:00,60,1,2
8210,10,32,13,2026-02-09 16:54:00,2026-02-09 19:45:00,105,4,2
8211,9,26,10,2026-05-15 14:29:00,2026-05-15 17:05:00,363,25,1
8212,3,23,8,2026-06-10 10:34:00,2026-06-10 11:57:00,262,2,3
8213,2,46,10,2026-05-08 07:22:00,2026-05-08 09:50:00,183,12,2
8214,7,31,15,2026-05-27 15:30:00,2026-05-27 17:29:00,391,28,3
8215,7,35,14,2026-05-11 15:30:00,2026-05-11 16:16:00,333,15,2
8216,8,4,15,2026-06-14 10:25:00,2026-06-14 13:21:00,430,25,1
8217,1,47,3,2026-06-09 03:39:00,2026-06-09 07:17:00,172,3,3
8218,4,37,5,2026-02-26 06:02:00,2026-02-26 08:55:00,377,14,2
8219,3,28,6,2026-04-11 07:11:00,2026-04-11 11:08:00,218,12,1
8220,9,22,13,2026-03-04 17:09:00,2026-03-04 19:57:00,437,11,1
8221,2,3,14,2026-06-12 12:03:00,2026-06-12 12:52:00,420,18,1
8222,4,29,16,2026-04-20 08:43:00,2026-04-20 09:13:00,383,23,1
8223,8,44,19,2026-03-26 21:39:00,2026-03-27 00:24:00,394,5,3
8224,8,4,2,2026-06-05 06:25:00,2026-06-05 07:48:00,280,15,3
8225,3,5,10,2026-05-09 07:21:00,2026-05-09 10:18:00,88,4,2
8226,1,34,2,2026-04-04 10:48:00,2026-04-04 13:28:00,120,7,3
8227,8,50,14,2026-02-15 15:38:00,2026-02-15 17:38:00,118,7,2
8228,6,12,10,2026-06-09 00:03:00,2026-06-09 02:32:00,258,13,3
8229,1,34,8,2026-02-26 13:07:00,2026-02-26 16:27:00,338,14,1
8230,8,14,19,2026-05-03 06:29:00,2026-05-03 08:00:00,206,5,1
8231,2,3,9,2026-05-07 07:39:00,2026-05-07 08:43:00,391,19,3
8232,10,32,5,2026-03-02 03:47:00,2026-03-02 04:54:00,461,20,3
8233,8,10,1,2026-04-09 17:55:00,2026-04-09 19:27:00,433,6,2
8234,8,44,16,2026-06-02 00:29:00,2026-06-02 03:48:00,214,6,1
8235,6,12,11,2026-02-02 21:27:00,2026-02-02 22:17:00,82,3,3
8236,8,21,5,2026-06-16 00:07:00,2026-06-16 03:46:00,181,1,3
8237,4,36,11,2026-02-16 08:05:00,2026-02-16 08:58:00,445,6,3
8238,6,17,1,2026-02-08 23:27:00,2026-02-09 00:37:00,418,1,2
8239,8,21,13,2026-05-06 03:18:00,2026-05-06 06:42:00,229,7,3
8240,7,49,4,2026-01-24 19:02:00,2026-01-24 22:14:00,302,11,3
8241,6,17,13,2026-06-07 00:24:00,2026-06-07 01:10:00,199,13,1
8242,2,3,9,2026-04-28 08:42:00,2026-04-28 11:49:00,70,0,2
8243,5,6,12,2026-01-29 19:15:00,2026-01-29 22:24:00,316,6,1
8244,7,31,12,2026-04-24 03:08:00,2026-04-24 04:34:00,371,0,3
8245,4,15,19,2026-04-05 05:18:00,2026-04-05 08:09:00,413,9,3
8246,4,36,17,2026-03-29 07:21:00,2026-03-29 09:16:00,394,14,1
8247,1,47,1,2026-04-02 10:18:00,2026-04-02 13:42:00,495,36,2
8248,7,2,19,2026-06-12 22:06:00,2026-06-12 23:04:00,407,26,3
8249,3,23,19,2026-04-16 18:35:00,2026-04-16 20:11:00,106,0,1
8250,8,21,13,2026-03-30 15:27:00,2026-03-30 17:53:00,279,3,3
8251,10,16,9,2026-04-13 07:16:00,2026-04-13 10:21:00,492,9,1
8252,4,37,7,2026-02-20 14:22:00,2026-02-20 16:23:00,141,6,1
8253,8,4,12,2026-03-01 18:29:00,2026-03-01 19:48:00,298,19,3
8254,3,42,4,2026-02-28 06:00:00,2026-02-28 08:37:00,82,0,2
8255,10,1,4,2026-01-21 18:03:00,2026-01-21 19:14:00,378,0,1
8256,9,40,16,2026-01-21 00:40:00,2026-01-21 01:41:00,149,4,2
8257,1,47,5,2026-02-10 15:53:00,2026-02-10 18:45:00,120,7,2
8258,7,11,13,2026-06-13 18:01:00,2026-06-13 19:30:00,486,5,1
8259,4,37,16,2026-06-27 12:54:00,2026-06-27 14:33:00,416,32,1
8260,6,12,1,2026-04-03 02:06:00,2026-04-03 03:49:00,305,22,2
8261,2,3,8,2026-04-08 00:20:00,2026-04-08 01:08:00,154,2,2
8262,2,46,2,2026-06-28 19:22:00,2026-06-28 23:12:00,327,11,2
8263,7,35,19,2026-03-02 19:58:00,2026-03-02 21:54:00,418,22,1
8264,8,44,17,2026-02-06 05:44:00,2026-02-06 07:33:00,223,17,1
8265,1,34,12,2026-03-12 12:39:00,2026-03-12 14:05:00,415,9,1
8266,1,34,6,2026-04-13 01:28:00,2026-04-13 03:53:00,223,16,1
8267,2,46,10,2026-01-28 01:22:00,2026-01-28 04:13:00,57,4,3
8268,5,45,6,2026-06-03 02:57:00,2026-06-03 04:30:00,461,21,1
8269,8,21,17,2026-04-16 13:07:00,2026-04-16 13:55:00,220,3,2
8270,5,45,13,2026-03-17 02:55:00,2026-03-17 05:40:00,226,15,3
8271,7,48,8,2026-05-26 20:09:00,2026-05-26 23:54:00,351,7,1
8272,10,16,17,2026-06-26 04:43:00,2026-06-26 06:55:00,265,9,1
8273,3,23,17,2026-02-14 04:00:00,2026-02-14 06:17:00,250,13,2
8274,5,6,4,2026-06-05 03:16:00,2026-06-05 06:45:00,62,0,2
8275,9,40,7,2026-03-31 02:07:00,2026-03-31 02:51:00,92,3,1
8276,3,5,14,2026-03-28 20:39:00,2026-03-28 21:32:00,460,5,1
8277,9,40,14,2026-05-11 11:02:00,2026-05-11 14:16:00,498,36,3
8278,7,25,20,2026-01-29 04:32:00,2026-01-29 05:28:00,312,12,2
8279,5,6,18,2026-04-13 19:57:00,2026-04-13 21:22:00,281,4,3
8280,6,39,1,2026-03-25 11:41:00,2026-03-25 15:32:00,221,13,2
8281,7,31,3,2026-06-21 13:47:00,2026-06-21 14:55:00,51,0,2
8282,8,43,20,2026-05-25 00:19:00,2026-05-25 01:30:00,302,14,1
8283,7,2,16,2026-01-25 10:54:00,2026-01-25 13:15:00,474,14,1
8284,8,10,2,2026-06-16 05:46:00,2026-06-16 06:50:00,174,0,2
8285,10,19,17,2026-01-08 18:58:00,2026-01-08 22:29:00,55,3,3
8286,7,48,3,2026-06-09 18:14:00,2026-06-09 19:52:00,256,8,3
8287,1,34,4,2026-03-13 06:22:00,2026-03-13 07:03:00,298,4,2
8288,8,4,8,2026-05-30 00:29:00,2026-05-30 03:01:00,55,2,1
8289,3,28,18,2026-03-22 14:40:00,2026-03-22 15:10:00,290,18,1
8290,8,10,4,2026-06-09 23:51:00,2026-06-10 02:18:00,377,27,1
8291,9,41,9,2026-06-12 04:23:00,2026-06-12 07:48:00,367,4,1
8292,7,2,11,2026-04-03 11:51:00,2026-04-03 13:13:00,451,33,1
8293,8,44,15,2026-02-20 11:57:00,2026-02-20 12:59:00,147,0,3
8294,4,29,4,2026-04-07 10:55:00,2026-04-07 14:14:00,426,22,1
8295,10,9,11,2026-04-13 04:49:00,2026-04-13 07:34:00,222,4,1
8296,1,34,6,2026-03-02 22:26:00,2026-03-03 01:27:00,403,9,2
8297,5,6,1,2026-03-24 08:41:00,2026-03-24 12:03:00,82,2,1
8298,9,33,15,2026-04-24 17:10:00,2026-04-24 18:24:00,169,13,3
8299,8,43,2,2026-03-07 16:44:00,2026-03-07 17:19:00,79,1,1
8300,3,5,9,2026-01-18 05:58:00,2026-01-18 07:57:00,313,5,2
8301,5,6,15,2026-05-02 03:49:00,2026-05-02 07:35:00,189,10,1
8302,7,35,4,2026-05-26 13:21:00,2026-05-26 16:33:00,223,4,3
8303,2,46,5,2026-06-13 09:04:00,2026-06-13 12:13:00,319,4,2
8304,4,8,1,2026-04-07 09:25:00,2026-04-07 12:45:00,131,0,2
8305,9,40,7,2026-04-04 20:27:00,2026-04-04 22:58:00,223,10,2
8306,10,1,1,2026-04-27 09:16:00,2026-04-27 11:21:00,453,5,2
8307,8,4,11,2026-04-18 05:08:00,2026-04-18 06:29:00,466,24,2
8308,8,20,4,2026-05-29 09:45:00,2026-05-29 13:12:00,429,11,2
8309,10,7,5,2026-06-03 06:14:00,2026-06-03 09:01:00,129,5,2
8310,4,8,5,2026-05-07 20:03:00,2026-05-07 21:21:00,253,16,1
8311,3,42,15,2026-03-15 04:18:00,2026-03-15 05:45:00,285,19,3
8312,10,16,5,2026-06-23 06:57:00,2026-06-23 10:30:00,140,4,1
8313,7,48,1,2026-06-16 16:27:00,2026-06-16 18:04:00,122,0,3
8314,6,39,1,2026-03-25 10:31:00,2026-03-25 12:07:00,306,13,2
8315,8,50,18,2026-06-18 09:00:00,2026-06-18 12:32:00,341,7,3
8316,3,24,6,2026-01-14 15:40:00,2026-01-14 16:27:00,486,19,2
8317,3,23,5,2026-01-08 19:14:00,2026-01-08 20:39:00,297,16,1
8318,3,5,20,2026-05-06 20:11:00,2026-05-06 23:56:00,451,7,3
8319,6,17,18,2026-04-17 07:59:00,2026-04-17 09:10:00,91,4,3
8320,4,36,5,2026-05-03 04:11:00,2026-05-03 05:21:00,184,10,2
8321,9,41,6,2026-04-10 04:41:00,2026-04-10 08:31:00,498,5,2
8322,4,15,2,2026-06-22 11:27:00,2026-06-22 12:27:00,55,2,2
8323,8,43,17,2026-02-21 22:35:00,2026-02-21 23:29:00,354,12,1
8324,1,34,15,2026-01-17 06:01:00,2026-01-17 08:25:00,373,14,3
8325,9,41,12,2026-04-02 04:01:00,2026-04-02 05:05:00,489,32,1
8326,5,6,15,2026-03-05 12:15:00,2026-03-05 13:50:00,270,6,3
8327,5,45,13,2026-03-21 05:20:00,2026-03-21 08:00:00,443,15,2
8328,9,41,11,2026-04-26 01:25:00,2026-04-26 02:51:00,202,0,1
8329,8,44,4,2026-05-29 00:11:00,2026-05-29 04:05:00,193,0,3
8330,8,21,3,2026-04-25 20:42:00,2026-04-25 21:43:00,380,5,1
8331,4,15,3,2026-05-19 14:49:00,2026-05-19 15:27:00,418,23,2
8332,9,33,19,2026-04-27 10:46:00,2026-04-27 12:51:00,352,23,2
8333,8,21,8,2026-04-22 07:10:00,2026-04-22 08:39:00,265,14,2
8334,10,13,17,2026-06-01 03:21:00,2026-06-01 04:24:00,283,19,3
8335,8,10,11,2026-02-26 12:59:00,2026-02-26 15:19:00,301,4,3
8336,4,29,3,2026-03-02 21:33:00,2026-03-02 23:03:00,92,4,1
8337,3,24,4,2026-03-13 08:31:00,2026-03-13 09:02:00,405,1,3
8338,9,26,11,2026-06-28 01:56:00,2026-06-28 04:53:00,363,3,1
8339,4,8,3,2026-04-18 10:29:00,2026-04-18 14:12:00,213,10,1
8340,7,2,15,2026-02-04 07:27:00,2026-02-04 10:16:00,461,29,1
8341,10,18,5,2026-05-07 22:57:00,2026-05-08 02:18:00,251,5,1
8342,10,1,17,2026-02-07 15:25:00,2026-02-07 18:41:00,282,14,3
8343,9,33,10,2026-03-31 03:56:00,2026-03-31 04:27:00,286,15,1
8344,3,24,4,2026-05-03 09:35:00,2026-05-03 10:48:00,327,4,3
8345,8,4,5,2026-04-26 08:35:00,2026-04-26 10:31:00,409,2,2
8346,10,18,10,2026-02-27 22:41:00,2026-02-27 23:19:00,195,1,1
8347,4,29,19,2026-04-20 02:05:00,2026-04-20 04:33:00,393,23,1
8348,10,7,6,2026-05-11 04:00:00,2026-05-11 06:12:00,383,17,2
8349,10,18,1,2026-02-20 01:30:00,2026-02-20 02:52:00,68,0,2
8350,8,43,6,2026-05-26 12:34:00,2026-05-26 16:10:00,424,20,1
8351,8,10,15,2026-02-14 02:29:00,2026-02-14 03:14:00,297,9,2
8352,8,43,8,2026-03-20 04:16:00,2026-03-20 07:53:00,378,18,3
8353,9,26,16,2026-04-29 20:28:00,2026-04-29 22:28:00,129,9,3
8354,8,14,19,2026-01-23 10:10:00,2026-01-23 13:08:00,350,4,2
8355,10,16,17,2026-01-27 14:49:00,2026-01-27 15:32:00,339,26,2
8356,8,14,18,2026-06-09 22:20:00,2026-06-10 00:47:00,244,2,3
8357,6,12,5,2026-03-26 05:10:00,2026-03-26 09:00:00,451,9,1
8358,6,39,5,2026-01-08 02:59:00,2026-01-08 06:56:00,152,0,1
8359,8,43,19,2026-03-08 02:05:00,2026-03-08 05:36:00,117,2,2
8360,6,12,9,2026-01-10 12:33:00,2026-01-10 13:40:00,123,2,1
8361,6,17,10,2026-04-01 09:34:00,2026-04-01 12:13:00,177,3,3
8362,7,48,7,2026-02-18 20:31:00,2026-02-18 23:19:00,198,14,3
8363,9,22,18,2026-01-29 17:24:00,2026-01-29 19:36:00,363,20,3
8364,6,27,2,2026-03-19 10:56:00,2026-03-19 13:19:00,78,5,1
8365,8,4,15,2026-05-18 13:36:00,2026-05-18 17:00:00,122,2,3
8366,7,11,3,2026-04-20 15:06:00,2026-04-20 17:55:00,70,1,2
8367,8,21,12,2026-05-28 13:54:00,2026-05-28 17:46:00,420,16,2
8368,6,27,14,2026-06-22 02:57:00,2026-06-22 06:22:00,116,3,3
8369,3,23,7,2026-05-01 12:20:00,2026-05-01 15:45:00,298,8,3
8370,9,22,8,2026-05-26 04:03:00,2026-05-26 05:22:00,335,12,3
8371,10,19,8,2026-06-11 22:03:00,2026-06-11 22:35:00,53,2,1
8372,9,33,3,2026-02-27 20:58:00,2026-02-28 00:09:00,295,6,2
8373,4,37,11,2026-06-18 00:58:00,2026-06-18 02:47:00,212,12,1
8374,2,46,15,2026-06-26 22:26:00,2026-06-27 01:07:00,328,10,2
8375,3,24,10,2026-06-23 09:31:00,2026-06-23 12:22:00,461,17,2
8376,10,7,8,2026-04-08 02:21:00,2026-04-08 04:08:00,479,4,3
8377,7,2,11,2026-05-26 20:39:00,2026-05-26 23:49:00,219,15,3
8378,7,49,16,2026-05-20 10:23:00,2026-05-20 13:15:00,335,13,3
8379,9,22,10,2026-02-15 18:25:00,2026-02-15 20:05:00,115,1,2
8380,10,9,5,2026-03-31 07:35:00,2026-03-31 08:42:00,208,1,2
8381,9,41,7,2026-06-03 23:47:00,2026-06-04 01:11:00,168,0,1
8382,8,21,15,2026-04-04 06:57:00,2026-04-04 08:51:00,60,4,1
8383,7,35,17,2026-03-09 01:11:00,2026-03-09 04:25:00,129,4,3
8384,10,32,10,2026-04-06 10:22:00,2026-04-06 10:53:00,122,5,3
8385,7,2,20,2026-01-23 03:04:00,2026-01-23 06:24:00,340,22,1
8386,10,16,10,2026-01-18 16:17:00,2026-01-18 18:44:00,90,3,2
8387,10,1,18,2026-06-29 19:56:00,2026-06-29 21:04:00,334,20,2
8388,4,36,10,2026-02-23 15:25:00,2026-02-23 18:41:00,468,4,1
8389,4,8,18,2026-03-05 02:04:00,2026-03-05 05:44:00,195,13,3
8390,7,25,20,2026-03-08 01:28:00,2026-03-08 05:19:00,219,15,2
8391,3,28,14,2026-05-27 09:08:00,2026-05-27 10:44:00,52,3,1
8392,2,46,8,2026-01-18 04:04:00,2026-01-18 05:55:00,445,11,2
8393,1,47,19,2026-05-04 08:46:00,2026-05-04 09:34:00,285,16,3
8394,4,36,10,2026-01-21 15:47:00,2026-01-21 18:53:00,104,7,1
8395,6,12,5,2026-04-30 13:49:00,2026-04-30 17:41:00,76,0,3
8396,7,48,10,2026-06-16 05:47:00,2026-06-16 08:56:00,175,5,1
8397,6,39,4,2026-01-01 00:29:00,2026-01-01 02:00:00,298,2,2
8398,10,32,6,2026-06-14 23:41:00,2026-06-15 01:43:00,65,3,2
8399,3,30,6,2026-04-28 02:35:00,2026-04-28 03:40:00,98,5,2
8400,10,19,12,2026-03-07 22:09:00,2026-03-07 23:44:00,285,9,1
8401,2,46,19,2026-03-19 06:33:00,2026-03-19 07:48:00,470,12,2
8402,10,32,10,2026-05-28 09:04:00,2026-05-28 11:39:00,448,13,1
8403,7,11,3,2026-04-30 10:05:00,2026-04-30 13:58:00,312,11,3
8404,10,13,10,2026-01-13 13:50:00,2026-01-13 16:11:00,274,21,3
8405,3,30,2,2026-05-26 23:10:00,2026-05-27 01:04:00,321,22,3
8406,9,40,14,2026-02-12 04:24:00,2026-02-12 05:39:00,143,3,1
8407,8,10,3,2026-06-26 20:40:00,2026-06-26 22:29:00,345,4,1
8408,8,4,8,2026-01-23 17:27:00,2026-01-23 18:21:00,470,13,2
8409,5,45,4,2026-01-27 08:32:00,2026-01-27 12:32:00,74,5,2
8410,7,11,6,2026-03-08 08:16:00,2026-03-08 09:21:00,237,10,1
8411,10,7,20,2026-03-20 00:21:00,2026-03-20 01:26:00,367,3,1
8412,9,41,1,2026-03-25 13:09:00,2026-03-25 13:57:00,234,17,1
8413,8,4,20,2026-03-30 07:09:00,2026-03-30 10:53:00,217,15,2
8414,4,36,11,2026-05-28 15:21:00,2026-05-28 15:51:00,305,18,2
8415,1,34,6,2026-06-29 23:48:00,2026-06-30 02:40:00,91,6,3
8416,3,28,4,2026-06-05 17:05:00,2026-06-05 18:54:00,145,5,3
8417,9,22,12,2026-03-27 02:59:00,2026-03-27 04:16:00,182,0,3
8418,3,24,15,2026-05-30 21:35:00,2026-05-30 23:37:00,109,5,1
8419,2,3,4,2026-03-23 02:10:00,2026-03-23 04:15:00,452,18,1
8420,3,42,19,2026-03-14 01:35:00,2026-03-14 05:00:00,191,7,3
8421,4,36,8,2026-06-16 01:28:00,2026-06-16 03:43:00,286,5,2
8422,3,28,9,2026-06-05 12:48:00,2026-06-05 15:03:00,83,0,3
8423,6,17,8,2026-05-07 07:40:00,2026-05-07 09:00:00,400,24,1
8424,2,3,14,2026-05-18 22:22:00,2026-05-18 23:12:00,59,0,1
8425,6,27,15,2026-01-01 01:19:00,2026-01-01 02:27:00,374,3,1
8426,8,14,5,2026-01-29 08:00:00,2026-01-29 08:54:00,143,9,2
8427,3,30,12,2026-02-28 06:50:00,2026-02-28 10:13:00,498,29,2
8428,9,33,12,2026-06-01 21:32:00,2026-06-01 23:42:00,376,8,1
8429,3,5,16,2026-02-07 13:45:00,2026-02-07 16:33:00,53,3,3
8430,10,7,11,2026-04-01 05:52:00,2026-04-01 06:53:00,88,4,3
8431,2,46,8,2026-02-18 15:41:00,2026-02-18 16:22:00,444,29,1
8432,8,14,13,2026-05-26 11:13:00,2026-05-26 13:59:00,214,1,2
8433,10,32,16,2026-06-09 11:24:00,2026-06-09 13:12:00,207,13,2
8434,9,22,9,2026-06-06 15:44:00,2026-06-06 16:25:00,126,7,2
8435,8,44,10,2026-04-09 12:27:00,2026-04-09 14:24:00,401,14,2
8436,8,20,10,2026-04-03 23:19:00,2026-04-04 03:02:00,305,8,1
8437,2,46,19,2026-04-07 22:43:00,2026-04-07 23:56:00,467,28,3
8438,8,44,8,2026-01-19 07:04:00,2026-01-19 10:05:00,493,28,1
8439,10,1,7,2026-02-24 02:25:00,2026-02-24 03:32:00,277,1,2
8440,6,17,5,2026-04-29 11:28:00,2026-04-29 13:20:00,383,12,3
8441,8,4,7,2026-05-06 09:18:00,2026-05-06 10:04:00,254,5,2
8442,2,3,18,2026-06-14 23:30:00,2026-06-15 03:07:00,317,14,2
8443,2,3,10,2026-04-01 13:31:00,2026-04-01 16:13:00,72,5,1
8444,3,28,2,2026-05-22 11:38:00,2026-05-22 12:28:00,408,18,1
8445,4,29,14,2026-01-03 20:40:00,2026-01-03 23:20:00,92,6,1
8446,9,33,15,2026-06-09 06:24:00,2026-06-09 08:18:00,159,9,2
8447,3,30,11,2026-01-29 01:48:00,2026-01-29 03:43:00,148,5,3
8448,3,5,14,2026-01-13 07:17:00,2026-01-13 09:14:00,309,22,1
8449,8,4,2,2026-03-16 14:10:00,2026-03-16 17:16:00,500,5,3
8450,9,22,7,2026-04-25 01:43:00,2026-04-25 02:30:00,481,16,1
8451,3,24,19,2026-02-09 06:47:00,2026-02-09 07:33:00,469,29,3
8452,10,13,11,2026-01-31 23:37:00,2026-02-01 00:30:00,357,11,1
8453,9,26,7,2026-03-15 20:28:00,2026-03-15 22:06:00,81,5,3
8454,7,35,15,2026-01-24 16:59:00,2026-01-24 19:55:00,293,4,2
8455,7,11,17,2026-02-28 08:11:00,2026-02-28 11:27:00,189,1,3
8456,2,3,19,2026-01-04 16:16:00,2026-01-04 17:33:00,54,0,1
8457,10,7,8,2026-01-23 19:23:00,2026-01-23 23:09:00,404,0,3
8458,4,29,12,2026-05-25 12:45:00,2026-05-25 14:15:00,399,21,3
8459,10,7,9,2026-02-17 15:55:00,2026-02-17 19:30:00,426,8,2
8460,6,12,10,2026-01-10 16:50:00,2026-01-10 20:34:00,171,3,1
8461,8,10,3,2026-05-13 18:56:00,2026-05-13 21:07:00,348,9,2
8462,6,27,17,2026-04-02 05:10:00,2026-04-02 05:45:00,295,19,3
8463,8,50,11,2026-02-21 10:18:00,2026-02-21 12:30:00,328,12,1
8464,8,4,5,2026-04-25 09:49:00,2026-04-25 13:36:00,108,7,2
8465,8,43,13,2026-02-16 12:05:00,2026-02-16 15:23:00,88,1,3
8466,9,41,2,2026-05-30 07:51:00,2026-05-30 10:56:00,141,4,2
8467,5,45,9,2026-05-15 00:43:00,2026-05-15 02:52:00,385,7,2
8468,10,16,6,2026-05-26 03:07:00,2026-05-26 06:41:00,237,15,3
8469,3,5,3,2026-01-15 03:36:00,2026-01-15 04:12:00,195,15,1
8470,8,10,3,2026-04-09 00:40:00,2026-04-09 01:45:00,220,0,1
8471,9,22,10,2026-01-07 00:54:00,2026-01-07 02:13:00,186,0,3
8472,9,22,7,2026-03-13 04:22:00,2026-03-13 05:22:00,208,14,3
8473,9,33,6,2026-02-14 04:51:00,2026-02-14 08:30:00,410,21,1
8474,3,30,2,2026-05-11 20:58:00,2026-05-11 23:43:00,273,3,2
8475,4,8,15,2026-03-06 23:27:00,2026-03-07 01:40:00,101,4,3
8476,9,26,6,2026-03-12 22:41:00,2026-03-12 23:25:00,394,10,2
8477,6,39,18,2026-06-08 22:15:00,2026-06-09 01:42:00,119,9,1
8478,8,43,1,2026-02-10 12:13:00,2026-02-10 16:12:00,477,4,1
8479,7,25,3,2026-05-17 09:22:00,2026-05-17 13:05:00,154,10,2
8480,10,16,1,2026-02-13 19:58:00,2026-02-13 23:01:00,251,9,1
8481,2,46,20,2026-01-07 17:01:00,2026-01-07 19:20:00,464,15,3
8482,10,7,18,2026-04-25 14:55:00,2026-04-25 18:26:00,173,1,2
8483,8,10,16,2026-06-01 22:57:00,2026-06-02 00:54:00,174,6,1
8484,1,47,11,2026-05-20 07:54:00,2026-05-20 09:55:00,328,3,2
8485,9,40,19,2026-01-12 18:22:00,2026-01-12 20:16:00,67,3,1
8486,4,29,5,2026-01-13 21:49:00,2026-01-13 22:25:00,173,2,1
8487,8,4,7,2026-01-07 10:06:00,2026-01-07 12:25:00,470,9,1
8488,7,35,18,2026-04-11 07:20:00,2026-04-11 08:43:00,267,8,2
8489,3,28,15,2026-05-14 22:07:00,2026-05-14 23:48:00,288,8,2
8490,3,28,18,2026-06-16 01:46:00,2026-06-16 03:51:00,103,7,3
8491,5,6,15,2026-06-03 08:10:00,2026-06-03 11:24:00,166,6,2
8492,7,2,11,2026-06-05 20:49:00,2026-06-05 22:56:00,124,3,2
8493,9,33,1,2026-02-17 07:01:00,2026-02-17 09:14:00,256,9,1
8494,3,24,16,2026-04-30 20:12:00,2026-04-30 22:40:00,210,6,1
8495,10,16,19,2026-06-04 11:48:00,2026-06-04 15:04:00,60,0,2
8496,3,24,3,2026-06-24 13:18:00,2026-06-24 15:48:00,305,10,2
8497,7,49,16,2026-06-02 09:22:00,2026-06-02 12:26:00,427,28,1
8498,4,15,9,2026-06-08 01:51:00,2026-06-08 04:00:00,212,7,1
8499,7,2,7,2026-05-25 07:05:00,2026-05-25 11:05:00,193,9,2
8500,5,6,2,2026-04-30 00:02:00,2026-04-30 03:34:00,232,6,1
8501,10,16,2,2026-04-02 06:04:00,2026-04-02 06:38:00,123,5,3
8502,8,20,9,2026-04-23 13:16:00,2026-04-23 17:09:00,103,2,2
8503,10,1,19,2026-04-28 20:34:00,2026-04-28 22:44:00,291,1,2
8504,3,23,5,2026-01-25 20:24:00,2026-01-25 22:03:00,213,4,3
8505,10,16,12,2026-06-24 10:15:00,2026-06-24 12:33:00,108,3,1
8506,4,37,15,2026-05-11 06:53:00,2026-05-11 09:46:00,324,6,2
8507,3,28,7,2026-04-29 06:41:00,2026-04-29 07:32:00,103,6,3
8508,8,14,18,2026-05-19 14:11:00,2026-05-19 16:26:00,147,3,1
8509,9,40,20,2026-06-23 00:31:00,2026-06-23 01:45:00,366,15,2
8510,4,15,13,2026-02-18 00:35:00,2026-02-18 03:48:00,96,5,1
8511,10,1,13,2026-05-20 22:28:00,2026-05-21 00:03:00,376,10,3
8512,1,34,20,2026-02-21 08:10:00,2026-02-21 11:28:00,482,36,3
8513,8,43,4,2026-06-02 00:32:00,2026-06-02 03:52:00,141,4,1
8514,7,49,12,2026-03-18 07:52:00,2026-03-18 11:06:00,354,0,2
8515,3,24,15,2026-04-23 22:16:00,2026-04-24 02:03:00,50,2,3
8516,6,17,13,2026-05-28 11:14:00,2026-05-28 14:48:00,300,10,2
8517,8,14,13,2026-02-23 21:15:00,2026-02-23 23:33:00,64,3,2
8518,8,10,12,2026-01-07 02:53:00,2026-01-07 05:03:00,76,3,2
8519,4,36,12,2026-05-07 01:18:00,2026-05-07 04:08:00,356,15,2
8520,5,6,17,2026-06-26 00:47:00,2026-06-26 01:51:00,361,24,2
8521,7,35,13,2026-06-28 05:48:00,2026-06-28 08:21:00,391,13,1
8522,10,7,16,2026-06-04 18:49:00,2026-06-04 21:16:00,429,8,2
8523,3,5,12,2026-06-29 12:09:00,2026-06-29 14:33:00,178,2,3
8524,10,16,10,2026-05-04 05:45:00,2026-05-04 07:22:00,395,16,1
8525,4,36,4,2026-04-20 10:10:00,2026-04-20 12:22:00,382,1,3
8526,7,11,5,2026-02-05 17:05:00,2026-02-05 17:51:00,395,23,2
8527,7,11,19,2026-03-30 11:38:00,2026-03-30 12:49:00,132,8,1
8528,10,18,14,2026-06-24 16:43:00,2026-06-24 20:33:00,393,0,2
8529,10,19,2,2026-05-14 21:40:00,2026-05-14 23:56:00,423,1,2
8530,8,44,7,2026-02-14 09:09:00,2026-02-14 11:15:00,421,12,2
8531,4,36,8,2026-03-22 20:13:00,2026-03-22 22:13:00,249,8,3
8532,10,1,16,2026-02-25 11:02:00,2026-02-25 11:32:00,440,5,1
8533,6,27,10,2026-01-18 15:45:00,2026-01-18 17:01:00,71,5,2
8534,9,26,8,2026-06-12 09:36:00,2026-06-12 10:08:00,112,1,1
8535,6,27,9,2026-05-30 07:06:00,2026-05-30 08:04:00,117,5,2
8536,6,27,12,2026-04-08 15:21:00,2026-04-08 18:31:00,423,18,1
8537,8,4,17,2026-05-06 19:50:00,2026-05-06 23:27:00,251,13,3
8538,6,39,15,2026-04-28 02:22:00,2026-04-28 03:16:00,381,20,2
8539,4,15,11,2026-04-16 05:00:00,2026-04-16 08:05:00,230,14,2
8540,2,3,3,2026-03-27 10:56:00,2026-03-27 11:37:00,476,28,1
8541,10,13,15,2026-06-12 17:32:00,2026-06-12 19:42:00,278,16,1
8542,4,37,13,2026-01-11 20:05:00,2026-01-11 23:39:00,295,10,2
8543,8,44,18,2026-01-19 19:14:00,2026-01-19 21:10:00,500,24,3
8544,10,38,1,2026-03-28 01:41:00,2026-03-28 02:21:00,305,8,2
8545,2,3,17,2026-02-16 01:33:00,2026-02-16 03:18:00,274,7,1
8546,7,2,18,2026-05-29 02:30:00,2026-05-29 03:50:00,334,2,2
8547,10,9,4,2026-04-26 11:13:00,2026-04-26 14:40:00,180,3,2
8548,10,13,14,2026-06-15 14:54:00,2026-06-15 17:18:00,92,5,3
8549,3,42,20,2026-02-20 17:03:00,2026-02-20 20:03:00,382,22,3
8550,10,32,12,2026-03-24 20:40:00,2026-03-24 22:26:00,189,7,2
8551,8,44,15,2026-02-28 02:53:00,2026-02-28 06:30:00,438,4,2
8552,9,26,14,2026-03-17 01:35:00,2026-03-17 02:39:00,352,15,2
8553,9,26,16,2026-03-05 13:44:00,2026-03-05 16:50:00,362,10,2
8554,2,46,4,2026-03-01 13:01:00,2026-03-01 16:43:00,141,2,1
8555,8,10,4,2026-05-13 02:14:00,2026-05-13 03:38:00,360,1,2
8556,9,33,7,2026-06-29 15:51:00,2026-06-29 17:55:00,136,8,1
8557,7,49,18,2026-05-05 14:52:00,2026-05-05 16:00:00,167,6,3
8558,6,39,13,2026-06-17 07:43:00,2026-06-17 10:59:00,418,33,1
8559,10,1,17,2026-03-31 19:38:00,2026-03-31 21:04:00,278,13,1
8560,9,40,18,2026-03-03 22:17:00,2026-03-04 01:30:00,232,7,1
8561,3,5,19,2026-03-27 00:46:00,2026-03-27 03:13:00,212,16,1
8562,2,3,17,2026-04-02 14:59:00,2026-04-02 16:23:00,145,0,3
8563,10,32,8,2026-01-27 19:43:00,2026-01-27 20:28:00,90,3,1
8564,6,17,8,2026-02-21 22:05:00,2026-02-21 22:42:00,416,2,3
8565,7,11,17,2026-05-28 08:34:00,2026-05-28 11:47:00,90,5,1
8566,4,37,1,2026-01-26 00:45:00,2026-01-26 01:27:00,157,6,1
8567,7,49,12,2026-06-28 23:59:00,2026-06-29 02:36:00,398,11,3
8568,9,33,13,2026-01-08 07:25:00,2026-01-08 09:09:00,487,36,1
8569,4,36,6,2026-04-16 00:34:00,2026-04-16 02:20:00,111,4,2
8570,8,4,15,2026-03-14 04:35:00,2026-03-14 07:01:00,117,5,3
8571,8,20,14,2026-05-09 22:33:00,2026-05-09 23:20:00,411,14,3
8572,2,3,3,2026-03-02 21:46:00,2026-03-02 23:42:00,401,15,1
8573,5,6,4,2026-05-23 06:32:00,2026-05-23 07:40:00,153,9,2
8574,7,35,19,2026-03-20 07:37:00,2026-03-20 08:39:00,184,5,2
8575,10,38,10,2026-04-07 01:10:00,2026-04-07 03:43:00,364,4,2
8576,3,42,10,2026-05-22 19:25:00,2026-05-22 22:10:00,157,8,1
8577,8,44,1,2026-04-04 08:00:00,2026-04-04 10:44:00,340,4,2
8578,4,15,4,2026-04-29 21:27:00,2026-04-30 00:40:00,480,18,1
8579,9,33,17,2026-04-30 17:08:00,2026-04-30 19:02:00,396,25,1
8580,6,27,10,2026-06-15 16:23:00,2026-06-15 19:12:00,149,4,1
8581,6,39,15,2026-02-21 05:19:00,2026-02-21 06:31:00,249,4,2
8582,7,49,16,2026-05-07 18:23:00,2026-05-07 20:49:00,209,1,2
8583,6,39,20,2026-04-03 15:24:00,2026-04-03 17:49:00,492,6,2
8584,6,17,10,2026-03-26 06:05:00,2026-03-26 09:12:00,483,24,2
8585,3,30,14,2026-02-10 15:05:00,2026-02-10 17:07:00,180,6,3
8586,10,19,17,2026-06-12 08:52:00,2026-06-12 11:42:00,103,4,2
8587,6,27,3,2026-03-02 15:43:00,2026-03-02 18:45:00,282,9,2
8588,10,7,15,2026-05-22 02:09:00,2026-05-22 05:43:00,263,15,2
8589,8,44,19,2026-03-06 02:46:00,2026-03-06 05:26:00,478,29,2
8590,7,31,2,2026-01-30 16:15:00,2026-01-30 18:19:00,482,37,2
8591,8,4,2,2026-05-04 04:58:00,2026-05-04 06:41:00,298,10,3
8592,7,49,6,2026-01-08 21:24:00,2026-01-08 22:57:00,89,3,2
8593,4,29,5,2026-04-05 18:22:00,2026-04-05 18:54:00,383,28,2
8594,5,45,20,2026-06-04 14:25:00,2026-06-04 15:48:00,140,3,1
8595,3,28,9,2026-05-05 06:13:00,2026-05-05 08:23:00,265,15,3
8596,7,48,7,2026-04-21 22:03:00,2026-04-21 23:28:00,286,15,1
8597,10,16,5,2026-03-30 07:34:00,2026-03-30 08:27:00,347,4,3
8598,9,22,12,2026-03-21 06:33:00,2026-03-21 08:33:00,305,18,3
8599,10,7,6,2026-04-28 01:47:00,2026-04-28 04:47:00,480,4,1
8600,10,13,8,2026-05-19 18:55:00,2026-05-19 19:57:00,149,6,1
8601,10,32,16,2026-02-28 12:55:00,2026-02-28 16:23:00,276,11,1
8602,9,40,6,2026-05-20 21:43:00,2026-05-21 00:10:00,397,25,1
8603,5,45,9,2026-06-02 23:00:00,2026-06-03 02:55:00,293,13,1
8604,10,18,14,2026-02-11 17:59:00,2026-02-11 20:03:00,238,2,2
8605,6,39,8,2026-05-12 18:46:00,2026-05-12 21:43:00,240,0,3
8606,9,33,1,2026-04-21 06:09:00,2026-04-21 09:44:00,352,0,1
8607,6,17,8,2026-03-29 00:09:00,2026-03-29 02:55:00,286,17,1
8608,6,27,16,2026-05-30 13:40:00,2026-05-30 16:10:00,340,20,1
8609,4,36,15,2026-05-22 22:32:00,2026-05-22 23:38:00,227,3,3
8610,4,36,14,2026-04-03 04:13:00,2026-04-03 06:51:00,225,0,2
8611,8,50,17,2026-05-27 10:12:00,2026-05-27 12:38:00,443,16,3
8612,6,27,4,2026-01-20 01:18:00,2026-01-20 05:10:00,461,17,3
8613,10,9,9,2026-02-11 17:48:00,2026-02-11 20:18:00,298,8,3
8614,8,14,20,2026-01-27 17:34:00,2026-01-27 18:27:00,210,7,2
8615,8,20,12,2026-03-15 14:07:00,2026-03-15 18:03:00,435,34,1
8616,2,3,17,2026-04-16 22:31:00,2026-04-17 02:18:00,440,2,1
8617,9,33,14,2026-03-27 15:04:00,2026-03-27 18:46:00,349,6,3
8618,4,15,7,2026-02-19 11:06:00,2026-02-19 14:40:00,356,27,3
8619,8,4,12,2026-03-07 09:58:00,2026-03-07 12:54:00,144,9,3
8620,5,45,9,2026-05-06 09:22:00,2026-05-06 09:55:00,412,15,3
8621,4,36,17,2026-05-19 22:30:00,2026-05-20 00:22:00,123,1,1
8622,7,11,4,2026-03-15 22:25:00,2026-03-15 23:42:00,179,6,1
8623,9,33,4,2026-05-25 07:06:00,2026-05-25 08:06:00,189,0,1
8624,9,40,12,2026-06-01 04:29:00,2026-06-01 07:15:00,82,2,1
8625,10,7,19,2026-04-25 18:42:00,2026-04-25 19:45:00,464,33,1
8626,6,27,13,2026-03-22 10:47:00,2026-03-22 13:29:00,169,13,2
8627,6,12,17,2026-05-04 17:38:00,2026-05-04 19:04:00,230,2,1
8628,9,41,6,2026-04-29 12:57:00,2026-04-29 14:16:00,119,1,1
8629,10,13,7,2026-02-27 20:09:00,2026-02-27 21:06:00,412,26,1
8630,3,24,20,2026-04-22 05:31:00,2026-04-22 08:36:00,185,13,2
8631,8,50,19,2026-05-05 19:52:00,2026-05-05 21:47:00,201,15,3
8632,9,33,2,2026-03-17 03:01:00,2026-03-17 03:39:00,285,8,2
8633,3,42,17,2026-02-20 20:22:00,2026-02-20 23:10:00,382,20,1
8634,10,9,11,2026-04-09 18:37:00,2026-04-09 21:18:00,122,4,3
8635,7,48,16,2026-05-29 09:15:00,2026-05-29 11:27:00,468,2,1
8636,5,45,7,2026-06-20 11:40:00,2026-06-20 15:40:00,122,5,2
8637,9,26,10,2026-01-08 21:22:00,2026-01-08 23:29:00,481,17,1
8638,4,8,20,2026-04-12 18:59:00,2026-04-12 21:58:00,316,9,3
8639,9,26,1,2026-03-12 22:59:00,2026-03-13 00:25:00,254,9,3
8640,9,33,15,2026-06-27 09:32:00,2026-06-27 12:52:00,184,10,2
8641,7,48,20,2026-02-22 15:30:00,2026-02-22 16:27:00,434,22,3
8642,9,26,10,2026-01-31 20:17:00,2026-01-31 22:06:00,264,8,2
8643,10,9,17,2026-01-19 16:19:00,2026-01-19 17:17:00,403,3,2
8644,7,49,18,2026-05-03 22:57:00,2026-05-04 00:13:00,387,4,2
8645,3,28,10,2026-06-20 17:10:00,2026-06-20 20:48:00,59,0,3
8646,4,37,4,2026-04-16 21:19:00,2026-04-16 22:08:00,64,0,1
8647,3,28,3,2026-04-10 06:31:00,2026-04-10 08:54:00,318,22,2
8648,7,11,16,2026-05-26 07:46:00,2026-05-26 10:36:00,247,7,3
8649,6,17,12,2026-06-14 00:38:00,2026-06-14 04:05:00,309,21,3
8650,8,4,13,2026-01-22 07:43:00,2026-01-22 08:39:00,161,0,1
8651,10,32,20,2026-06-24 20:58:00,2026-06-24 21:44:00,449,28,2
8652,8,43,20,2026-03-22 04:04:00,2026-03-22 06:25:00,303,19,1
8653,6,39,2,2026-05-30 07:14:00,2026-05-30 10:30:00,183,6,2
8654,4,15,5,2026-04-18 16:33:00,2026-04-18 17:26:00,407,16,3
8655,4,8,8,2026-04-01 10:42:00,2026-04-01 11:31:00,448,9,1
8656,10,19,13,2026-05-21 06:59:00,2026-05-21 10:03:00,102,4,2
8657,4,29,2,2026-03-12 15:26:00,2026-03-12 17:54:00,276,16,2
8658,4,8,15,2026-01-12 03:48:00,2026-01-12 04:36:00,315,14,1
8659,3,24,14,2026-06-15 08:13:00,2026-06-15 10:25:00,191,1,1
8660,5,45,9,2026-06-08 07:14:00,2026-06-08 09:47:00,125,9,3
8661,9,26,8,2026-05-07 20:31:00,2026-05-07 21:23:00,447,21,1
8662,9,41,16,2026-03-16 04:16:00,2026-03-16 04:51:00,92,7,2
8663,8,10,1,2026-01-16 03:29:00,2026-01-16 04:48:00,492,24,3
8664,10,19,8,2026-06-20 04:05:00,2026-06-20 05:06:00,75,5,2
8665,6,27,9,2026-02-20 11:29:00,2026-02-20 15:07:00,431,29,2
8666,8,10,14,2026-03-03 10:37:00,2026-03-03 12:54:00,202,15,2
8667,2,46,7,2026-04-30 00:59:00,2026-04-30 02:51:00,315,15,2
8668,10,16,6,2026-02-26 13:54:00,2026-02-26 15:11:00,155,2,2
8669,6,27,19,2026-06-19 13:26:00,2026-06-19 14:28:00,284,16,1
8670,3,24,11,2026-02-15 11:40:00,2026-02-15 13:02:00,169,12,3
8671,9,33,4,2026-03-29 05:48:00,2026-03-29 08:22:00,80,6,1
8672,6,17,1,2026-03-27 23:35:00,2026-03-28 02:23:00,88,0,1
8673,7,48,12,2026-05-17 23:44:00,2026-05-18 01:15:00,156,1,3
8674,7,49,4,2026-05-27 04:59:00,2026-05-27 07:59:00,105,4,1
8675,7,11,19,2026-01-21 11:22:00,2026-01-21 12:16:00,147,8,3
8676,6,12,3,2026-03-24 19:52:00,2026-03-24 20:23:00,207,6,2
8677,10,13,8,2026-04-26 19:10:00,2026-04-26 20:02:00,401,3,1
8678,8,20,9,2026-06-29 14:32:00,2026-06-29 17:50:00,320,22,1
8679,10,7,9,2026-03-05 22:52:00,2026-03-06 02:24:00,106,8,1
8680,8,44,20,2026-05-30 07:19:00,2026-05-30 09:52:00,94,1,1
8681,8,10,20,2026-02-18 18:09:00,2026-02-18 22:09:00,418,5,2
8682,7,35,17,2026-05-05 20:20:00,2026-05-05 21:04:00,484,23,3
8683,10,38,1,2026-01-11 04:41:00,2026-01-11 08:28:00,265,6,1
8684,5,45,3,2026-01-20 23:33:00,2026-01-21 01:27:00,111,2,1
8685,8,4,16,2026-05-09 08:50:00,2026-05-09 11:52:00,281,10,2
8686,5,6,3,2026-04-25 11:40:00,2026-04-25 13:18:00,447,25,1
8687,3,24,16,2026-06-12 04:09:00,2026-06-12 04:51:00,309,24,2
8688,8,21,17,2026-03-06 03:29:00,2026-03-06 06:40:00,478,15,1
8689,2,3,19,2026-06-23 13:27:00,2026-06-23 14:14:00,172,10,3
8690,7,35,2,2026-05-28 02:55:00,2026-05-28 06:49:00,444,1,1
8691,10,38,4,2026-04-01 14:29:00,2026-04-01 15:08:00,233,3,1
8692,9,41,10,2026-01-13 03:13:00,2026-01-13 07:05:00,122,8,3
8693,3,24,11,2026-06-19 01:12:00,2026-06-19 02:15:00,65,4,1
8694,10,1,1,2026-06-27 16:21:00,2026-06-27 19:42:00,340,11,1
8695,4,36,19,2026-03-12 15:32:00,2026-03-12 17:47:00,282,13,3
8696,9,26,12,2026-04-29 04:00:00,2026-04-29 06:43:00,431,7,1
8697,6,27,6,2026-02-15 14:23:00,2026-02-15 15:36:00,179,9,1
8698,6,17,18,2026-04-15 09:22:00,2026-04-15 11:20:00,136,10,2
8699,4,15,6,2026-02-28 16:19:00,2026-02-28 18:56:00,476,10,3
8700,1,47,9,2026-05-06 09:16:00,2026-05-06 10:14:00,187,9,2
8701,10,7,6,2026-03-02 20:27:00,2026-03-02 21:23:00,262,0,3
8702,1,34,18,2026-01-15 16:58:00,2026-01-15 20:36:00,392,15,1
8703,7,11,5,2026-05-11 21:58:00,2026-05-11 22:43:00,485,17,2
8704,8,4,7,2026-06-19 05:08:00,2026-06-19 07:09:00,202,8,1
8705,9,22,12,2026-01-08 20:28:00,2026-01-09 00:20:00,372,2,2
8706,6,12,16,2026-01-17 14:04:00,2026-01-17 17:34:00,320,7,2
8707,8,14,14,2026-06-03 08:17:00,2026-06-03 08:50:00,82,3,2
8708,7,35,8,2026-03-10 13:19:00,2026-03-10 15:22:00,389,27,2
8709,2,3,4,2026-03-09 23:23:00,2026-03-10 00:50:00,145,10,1
8710,3,5,2,2026-03-06 22:33:00,2026-03-07 02:07:00,262,6,3
8711,9,40,6,2026-05-07 16:24:00,2026-05-07 20:01:00,329,20,2
8712,4,36,19,2026-04-24 17:08:00,2026-04-24 20:35:00,80,4,1
8713,1,47,17,2026-05-10 20:06:00,2026-05-10 21:50:00,193,10,1
8714,10,32,12,2026-01-17 05:34:00,2026-01-17 06:11:00,178,10,1
8715,10,32,19,2026-05-25 07:36:00,2026-05-25 10:18:00,59,2,3
8716,6,27,17,2026-02-13 13:06:00,2026-02-13 14:59:00,324,10,3
8717,8,44,7,2026-06-25 14:13:00,2026-06-25 16:18:00,277,4,2
8718,8,44,3,2026-05-19 22:49:00,2026-05-20 01:19:00,422,30,3
8719,9,26,16,2026-06-08 02:10:00,2026-06-08 05:28:00,151,8,3
8720,8,14,18,2026-01-20 01:14:00,2026-01-20 03:44:00,386,8,1
8721,10,9,1,2026-04-04 03:27:00,2026-04-04 05:01:00,424,4,2
8722,9,33,17,2026-02-11 22:29:00,2026-02-11 23:34:00,450,32,3
8723,7,2,19,2026-03-14 00:13:00,2026-03-14 03:09:00,306,0,2
8724,4,36,15,2026-05-31 00:16:00,2026-05-31 03:59:00,141,0,1
8725,10,16,14,2026-01-17 15:12:00,2026-01-17 15:56:00,437,31,3
8726,10,7,6,2026-06-28 22:22:00,2026-06-29 00:28:00,460,4,3
8727,3,42,3,2026-05-25 06:14:00,2026-05-25 08:42:00,60,0,3
8728,9,41,6,2026-03-27 05:38:00,2026-03-27 07:05:00,266,2,1
8729,1,47,18,2026-03-31 15:36:00,2026-03-31 16:43:00,122,9,3
8730,10,9,14,2026-05-18 17:46:00,2026-05-18 20:48:00,243,5,1
8731,3,23,18,2026-05-09 04:32:00,2026-05-09 06:03:00,483,2,2
8732,4,37,2,2026-04-22 10:08:00,2026-04-22 12:01:00,482,32,2
8733,7,11,14,2026-04-29 07:54:00,2026-04-29 11:44:00,323,16,3
8734,5,6,16,2026-01-23 23:03:00,2026-01-24 01:54:00,445,0,3
8735,4,37,19,2026-01-11 14:46:00,2026-01-11 17:20:00,470,0,3
8736,1,34,19,2026-03-13 13:34:00,2026-03-13 15:55:00,224,8,2
8737,9,40,19,2026-02-14 12:32:00,2026-02-14 15:25:00,199,12,1
8738,6,17,3,2026-04-19 21:25:00,2026-04-20 00:51:00,270,1,1
8739,10,1,17,2026-03-25 16:47:00,2026-03-25 20:43:00,428,28,1
8740,10,16,15,2026-03-26 03:33:00,2026-03-26 05:13:00,94,2,3
8741,1,34,7,2026-02-23 05:54:00,2026-02-23 07:47:00,459,13,3
8742,8,44,18,2026-02-16 07:28:00,2026-02-16 10:03:00,399,9,1
8743,3,23,19,2026-04-12 01:07:00,2026-04-12 02:11:00,338,8,2
8744,8,10,3,2026-03-23 21:26:00,2026-03-23 23:40:00,255,19,1
8745,6,17,9,2026-02-10 13:24:00,2026-02-10 15:29:00,198,5,3
8746,9,40,19,2026-01-11 16:46:00,2026-01-11 17:56:00,500,19,1
8747,10,9,9,2026-06-18 03:43:00,2026-06-18 07:40:00,460,0,2
8748,3,24,5,2026-01-19 21:32:00,2026-01-19 23:11:00,193,6,2
8749,9,40,7,2026-01-11 05:12:00,2026-01-11 05:52:00,168,0,1
8750,5,45,12,2026-06-12 01:10:00,2026-06-12 04:22:00,470,15,3
8751,8,43,20,2026-04-24 06:38:00,2026-04-24 07:51:00,331,9,2
8752,3,23,18,2026-03-29 22:05:00,2026-03-29 23:04:00,182,11,3
8753,7,25,5,2026-02-18 19:46:00,2026-02-18 20:41:00,368,23,1
8754,2,46,7,2026-01-20 04:03:00,2026-01-20 07:58:00,412,32,1
8755,1,47,15,2026-04-04 23:50:00,2026-04-05 03:45:00,409,16,1
8756,4,8,5,2026-01-23 00:33:00,2026-01-23 02:33:00,394,9,3
8757,7,2,6,2026-02-07 22:51:00,2026-02-07 23:41:00,184,1,3
8758,4,29,14,2026-01-28 05:19:00,2026-01-28 08:43:00,121,5,2
8759,4,15,8,2026-02-02 13:31:00,2026-02-02 14:48:00,336,16,2
8760,7,31,2,2026-06-27 22:51:00,2026-06-28 00:23:00,252,2,1
8761,3,24,16,2026-03-26 01:01:00,2026-03-26 04:27:00,349,27,3
8762,7,48,12,2026-06-09 08:19:00,2026-06-09 09:48:00,290,22,3
8763,9,40,3,2026-04-21 13:44:00,2026-04-21 15:24:00,200,2,3
8764,8,21,8,2026-06-10 19:02:00,2026-06-10 22:00:00,320,12,3
8765,3,42,1,2026-03-24 02:36:00,2026-03-24 05:44:00,175,12,3
8766,9,26,5,2026-05-15 03:41:00,2026-05-15 04:40:00,257,12,1
8767,8,10,10,2026-01-19 01:48:00,2026-01-19 05:22:00,129,1,2
8768,10,7,19,2026-02-27 23:50:00,2026-02-28 02:47:00,58,0,2
8769,1,47,10,2026-05-24 05:18:00,2026-05-24 07:59:00,438,27,3
8770,7,35,4,2026-05-12 13:08:00,2026-05-12 14:09:00,332,7,1
8771,9,41,3,2026-01-22 05:09:00,2026-01-22 06:14:00,400,26,1
8772,8,21,3,2026-03-16 21:12:00,2026-03-17 01:03:00,283,9,1
8773,1,34,12,2026-05-16 17:16:00,2026-05-16 21:12:00,425,18,2
8774,9,41,11,2026-06-10 22:12:00,2026-06-10 23:37:00,423,14,2
8775,7,48,20,2026-03-05 04:31:00,2026-03-05 07:11:00,244,8,3
8776,3,5,3,2026-05-03 17:28:00,2026-05-03 19:04:00,233,5,1
8777,4,29,18,2026-06-09 10:27:00,2026-06-09 12:38:00,424,13,1
8778,2,46,8,2026-01-02 23:38:00,2026-01-03 03:19:00,235,11,1
8779,10,18,17,2026-03-19 17:04:00,2026-03-19 20:06:00,444,32,1
8780,1,34,19,2026-06-14 02:27:00,2026-06-14 06:21:00,75,3,1
8781,7,48,19,2026-02-15 15:58:00,2026-02-15 17:44:00,149,3,1
8782,10,13,20,2026-01-22 22:28:00,2026-01-23 00:59:00,322,20,1
8783,6,12,10,2026-06-25 22:39:00,2026-06-26 01:21:00,367,20,2
8784,10,9,9,2026-06-14 17:22:00,2026-06-14 18:23:00,70,4,1
8785,10,9,10,2026-06-06 00:01:00,2026-06-06 03:54:00,411,19,1
8786,8,44,10,2026-05-15 21:44:00,2026-05-16 00:36:00,337,1,3
8787,9,22,11,2026-06-14 20:39:00,2026-06-14 22:47:00,245,5,1
8788,10,7,16,2026-06-06 22:29:00,2026-06-07 00:53:00,57,1,2
8789,8,43,15,2026-05-05 05:27:00,2026-05-05 06:37:00,365,2,3
8790,10,16,6,2026-01-16 22:52:00,2026-01-17 02:50:00,485,20,2
8791,2,46,20,2026-04-23 04:12:00,2026-04-23 04:50:00,102,4,2
8792,3,30,9,2026-03-19 03:04:00,2026-03-19 04:47:00,84,4,3
8793,10,18,9,2026-04-23 20:27:00,2026-04-23 21:26:00,314,10,1
8794,3,30,18,2026-03-19 11:15:00,2026-03-19 12:13:00,301,17,1
8795,3,30,10,2026-04-20 04:53:00,2026-04-20 07:57:00,498,8,3
8796,10,38,18,2026-01-24 15:31:00,2026-01-24 16:29:00,322,1,1
8797,8,50,14,2026-01-06 18:38:00,2026-01-06 19:50:00,386,5,1
8798,10,32,6,2026-04-26 08:49:00,2026-04-26 09:19:00,144,8,2
8799,7,49,14,2026-04-20 18:35:00,2026-04-20 20:41:00,83,5,3
8800,8,50,15,2026-04-12 05:59:00,2026-04-12 08:43:00,92,0,2
8801,10,19,14,2026-05-13 15:54:00,2026-05-13 19:10:00,426,17,1
8802,7,11,9,2026-01-13 05:30:00,2026-01-13 08:00:00,91,3,3
8803,7,49,16,2026-01-22 22:20:00,2026-01-23 01:49:00,58,1,2
8804,3,23,15,2026-03-28 11:29:00,2026-03-28 14:56:00,447,20,3
8805,4,8,17,2026-04-07 16:30:00,2026-04-07 17:09:00,196,14,2
8806,8,20,20,2026-04-19 22:41:00,2026-04-19 23:28:00,163,8,3
8807,10,9,16,2026-04-17 07:41:00,2026-04-17 08:41:00,91,4,3
8808,8,21,12,2026-06-07 07:28:00,2026-06-07 08:35:00,227,6,2
8809,8,10,15,2026-06-25 16:18:00,2026-06-25 17:47:00,288,10,3
8810,10,13,15,2026-03-17 03:02:00,2026-03-17 06:53:00,303,18,3
8811,10,9,12,2026-04-15 23:30:00,2026-04-16 01:36:00,76,4,3
8812,7,35,14,2026-03-11 21:32:00,2026-03-11 22:20:00,337,15,3
8813,10,19,20,2026-01-07 11:10:00,2026-01-07 12:47:00,500,36,2
8814,4,36,20,2026-06-05 20:52:00,2026-06-06 00:52:00,379,18,1
8815,9,22,11,2026-06-07 17:16:00,2026-06-07 18:10:00,426,6,1
8816,9,26,3,2026-06-06 09:45:00,2026-06-06 11:41:00,181,0,1
8817,3,30,1,2026-04-06 15:25:00,2026-04-06 17:29:00,227,4,3
8818,10,19,11,2026-01-25 11:28:00,2026-01-25 13:40:00,459,34,3
8819,6,27,8,2026-02-28 00:48:00,2026-02-28 04:42:00,492,31,3
8820,5,6,4,2026-03-13 19:53:00,2026-03-13 21:35:00,196,12,2
8821,10,19,6,2026-03-26 08:47:00,2026-03-26 09:37:00,346,7,1
8822,2,46,14,2026-01-24 07:29:00,2026-01-24 10:57:00,444,13,3
8823,7,31,17,2026-05-05 22:52:00,2026-05-06 00:25:00,296,14,3
8824,10,7,4,2026-04-04 01:24:00,2026-04-04 04:36:00,194,7,2
8825,8,10,2,2026-05-29 12:12:00,2026-05-29 15:39:00,428,3,1
8826,10,16,6,2026-01-04 15:39:00,2026-01-04 17:13:00,483,14,2
8827,10,32,6,2026-05-21 22:57:00,2026-05-22 01:12:00,445,17,1
8828,4,15,13,2026-05-06 12:19:00,2026-05-06 13:18:00,212,10,3
8829,5,6,15,2026-05-02 04:47:00,2026-05-02 08:05:00,351,8,1
8830,4,37,1,2026-03-27 23:49:00,2026-03-28 02:20:00,159,4,1
8831,10,32,9,2026-03-27 23:27:00,2026-03-28 02:10:00,143,3,1
8832,9,22,11,2026-05-26 03:24:00,2026-05-26 06:16:00,334,23,3
8833,5,6,14,2026-05-01 11:45:00,2026-05-01 12:32:00,225,17,2
8834,7,31,12,2026-03-14 15:10:00,2026-03-14 16:59:00,75,5,3
8835,10,7,11,2026-03-19 01:52:00,2026-03-19 02:59:00,190,3,3
8836,3,42,2,2026-04-25 06:36:00,2026-04-25 07:37:00,96,7,1
8837,9,33,14,2026-03-25 03:54:00,2026-03-25 05:19:00,343,9,1
8838,10,7,13,2026-04-06 14:50:00,2026-04-06 16:40:00,102,3,1
8839,8,10,3,2026-06-28 15:39:00,2026-06-28 19:10:00,219,4,2
8840,9,26,6,2026-04-19 13:29:00,2026-04-19 15:01:00,415,3,1
8841,3,23,3,2026-04-21 07:00:00,2026-04-21 10:47:00,476,22,2
8842,6,17,9,2026-01-18 19:57:00,2026-01-18 23:05:00,354,10,3
8843,8,4,1,2026-01-28 06:07:00,2026-01-28 08:26:00,225,11,1
8844,9,22,15,2026-01-14 09:48:00,2026-01-14 12:32:00,265,2,2
8845,3,30,16,2026-05-27 16:19:00,2026-05-27 18:32:00,419,32,1
8846,10,9,8,2026-01-26 07:41:00,2026-01-26 11:14:00,364,18,2
8847,3,30,12,2026-04-10 15:08:00,2026-04-10 17:43:00,304,22,2
8848,7,31,14,2026-05-21 03:14:00,2026-05-21 03:47:00,206,8,1
8849,4,8,5,2026-01-26 18:35:00,2026-01-26 20:19:00,439,17,1
8850,10,16,9,2026-02-07 23:33:00,2026-02-08 03:09:00,364,25,3
8851,4,15,7,2026-02-04 06:45:00,2026-02-04 09:26:00,405,15,3
8852,6,12,13,2026-06-24 07:07:00,2026-06-24 07:50:00,186,3,2
8853,10,9,7,2026-05-03 00:52:00,2026-05-03 02:06:00,249,2,1
8854,5,6,1,2026-04-21 06:07:00,2026-04-21 06:39:00,484,27,1
8855,4,37,13,2026-01-04 15:09:00,2026-01-04 17:53:00,473,6,2
8856,8,21,17,2026-02-15 07:53:00,2026-02-15 11:26:00,247,13,2
8857,1,47,8,2026-03-16 05:15:00,2026-03-16 07:49:00,302,16,2
8858,8,44,4,2026-03-05 05:48:00,2026-03-05 08:40:00,414,0,1
8859,8,20,16,2026-03-20 03:29:00,2026-03-20 07:14:00,314,16,1
8860,9,26,10,2026-05-23 07:10:00,2026-05-23 10:18:00,338,9,2
8861,7,31,7,2026-03-08 12:20:00,2026-03-08 13:29:00,105,5,1
8862,8,20,15,2026-05-06 10:07:00,2026-05-06 11:10:00,200,12,3
8863,10,1,5,2026-05-24 07:04:00,2026-05-24 07:57:00,220,9,2
8864,10,32,18,2026-02-24 02:20:00,2026-02-24 03:21:00,172,7,3
8865,9,22,20,2026-02-19 02:09:00,2026-02-19 04:48:00,223,5,2
8866,1,47,4,2026-04-28 09:28:00,2026-04-28 12:29:00,60,2,2
8867,9,33,13,2026-06-14 14:29:00,2026-06-14 16:09:00,105,2,3
8868,4,36,2,2026-01-06 00:37:00,2026-01-06 02:04:00,367,2,2
8869,7,48,13,2026-03-14 04:19:00,2026-03-14 05:34:00,140,7,2
8870,4,15,4,2026-02-14 11:53:00,2026-02-14 14:53:00,334,19,1
8871,10,9,18,2026-02-23 14:43:00,2026-02-23 16:08:00,472,19,2
8872,7,2,15,2026-05-13 01:28:00,2026-05-13 03:46:00,175,6,2
8873,3,5,5,2026-06-02 13:43:00,2026-06-02 16:26:00,451,29,2
8874,10,1,1,2026-02-09 17:26:00,2026-02-09 21:21:00,500,18,2
8875,7,11,4,2026-04-27 01:16:00,2026-04-27 02:57:00,268,20,1
8876,8,14,5,2026-01-22 19:57:00,2026-01-22 21:46:00,443,18,2
8877,3,5,1,2026-05-03 05:31:00,2026-05-03 08:18:00,288,3,2
8878,10,13,11,2026-04-21 00:01:00,2026-04-21 00:52:00,106,8,2
8879,10,1,2,2026-01-03 16:06:00,2026-01-03 16:36:00,222,7,1
8880,8,10,7,2026-05-01 22:52:00,2026-05-02 01:09:00,66,0,1
8881,4,37,8,2026-06-05 18:03:00,2026-06-05 19:19:00,372,21,2
8882,8,4,7,2026-03-09 15:19:00,2026-03-09 18:01:00,88,0,1
8883,9,41,6,2026-06-02 23:54:00,2026-06-03 03:11:00,470,11,1
8884,6,39,10,2026-06-11 23:28:00,2026-06-12 00:13:00,95,4,2
8885,8,50,9,2026-06-23 15:25:00,2026-06-23 15:57:00,272,11,2
8886,3,42,2,2026-02-08 11:16:00,2026-02-08 12:39:00,217,9,1
8887,7,2,5,2026-02-27 17:15:00,2026-02-27 18:52:00,171,9,3
8888,8,44,16,2026-06-14 21:32:00,2026-06-15 00:55:00,498,20,2
8889,2,3,7,2026-06-04 06:48:00,2026-06-04 09:11:00,109,1,1
8890,8,20,16,2026-03-17 14:31:00,2026-03-17 16:39:00,73,0,3
8891,8,20,14,2026-04-26 10:41:00,2026-04-26 14:41:00,365,16,1
8892,10,19,20,2026-04-03 22:09:00,2026-04-03 23:19:00,410,8,2
8893,5,45,13,2026-05-21 03:54:00,2026-05-21 06:43:00,170,7,2
8894,10,38,16,2026-02-20 11:39:00,2026-02-20 15:30:00,443,25,2
8895,8,50,12,2026-01-07 02:14:00,2026-01-07 04:57:00,305,11,1
8896,9,41,3,2026-03-14 09:45:00,2026-03-14 11:16:00,407,18,2
8897,8,4,3,2026-01-06 04:20:00,2026-01-06 05:52:00,289,1,2
8898,3,5,8,2026-06-09 12:41:00,2026-06-09 14:30:00,54,2,1
8899,5,6,5,2026-03-17 03:12:00,2026-03-17 05:27:00,233,13,2
8900,3,23,12,2026-01-02 03:19:00,2026-01-02 06:02:00,447,13,2
8901,10,32,15,2026-06-19 22:36:00,2026-06-19 23:43:00,201,13,2
8902,7,11,11,2026-02-20 22:50:00,2026-02-21 00:24:00,96,3,2
8903,7,31,18,2026-01-24 06:37:00,2026-01-24 08:00:00,488,7,2
8904,4,15,14,2026-04-09 08:14:00,2026-04-09 10:18:00,104,2,3
8905,10,1,2,2026-04-23 13:28:00,2026-04-23 16:43:00,491,35,1
8906,8,20,3,2026-05-30 15:48:00,2026-05-30 19:47:00,279,17,2
8907,8,50,17,2026-05-07 16:31:00,2026-05-07 17:53:00,126,6,3
8908,4,15,2,2026-03-27 01:34:00,2026-03-27 04:44:00,199,15,3
8909,10,32,4,2026-02-17 03:24:00,2026-02-17 04:49:00,441,4,2
8910,7,2,17,2026-02-09 12:08:00,2026-02-09 15:13:00,328,12,1
8911,8,44,18,2026-03-27 19:48:00,2026-03-27 23:27:00,443,31,1
8912,1,47,8,2026-02-06 11:41:00,2026-02-06 13:21:00,215,12,2
8913,1,47,16,2026-06-01 15:30:00,2026-06-01 16:23:00,309,22,3
8914,3,24,1,2026-03-22 04:46:00,2026-03-22 06:45:00,475,27,2
8915,10,9,12,2026-03-26 10:14:00,2026-03-26 12:24:00,371,29,2
8916,6,12,7,2026-05-18 05:06:00,2026-05-18 08:52:00,71,0,2
8917,9,22,10,2026-03-30 13:39:00,2026-03-30 16:15:00,397,21,2
8918,4,29,4,2026-03-22 07:37:00,2026-03-22 10:56:00,256,15,1
8919,4,29,19,2026-06-10 17:38:00,2026-06-10 20:18:00,191,3,3
8920,10,13,7,2026-06-24 04:31:00,2026-06-24 08:07:00,317,16,3
8921,9,40,9,2026-01-31 13:29:00,2026-01-31 16:58:00,130,7,1
8922,4,36,12,2026-02-22 08:08:00,2026-02-22 09:02:00,375,7,2
8923,5,45,19,2026-01-19 19:34:00,2026-01-19 22:37:00,119,3,3
8924,7,25,4,2026-04-03 16:15:00,2026-04-03 19:21:00,472,7,3
8925,10,18,17,2026-04-04 06:50:00,2026-04-04 10:05:00,443,6,1
8926,8,10,11,2026-05-10 17:25:00,2026-05-10 18:48:00,210,13,2
8927,7,48,14,2026-05-22 10:21:00,2026-05-22 11:42:00,275,19,2
8928,10,9,18,2026-04-04 16:10:00,2026-04-04 18:40:00,424,30,3
8929,5,6,16,2026-05-03 16:10:00,2026-05-03 17:55:00,92,6,1
8930,10,9,11,2026-02-16 12:16:00,2026-02-16 15:13:00,204,4,1
8931,7,49,5,2026-03-11 05:19:00,2026-03-11 09:11:00,87,1,1
8932,7,35,6,2026-05-09 21:07:00,2026-05-10 00:37:00,478,21,3
8933,7,2,19,2026-02-11 00:35:00,2026-02-11 01:47:00,373,8,1
8934,5,45,20,2026-02-26 07:46:00,2026-02-26 08:38:00,300,22,3
8935,6,39,18,2026-02-21 19:16:00,2026-02-21 22:20:00,215,7,3
8936,4,8,4,2026-02-14 16:49:00,2026-02-14 20:46:00,402,0,2
8937,9,40,11,2026-04-24 18:22:00,2026-04-24 19:45:00,97,0,3
8938,10,18,7,2026-06-03 05:25:00,2026-06-03 09:17:00,76,3,2
8939,3,5,1,2026-05-21 20:58:00,2026-05-22 00:55:00,178,8,1
8940,5,45,1,2026-06-19 22:50:00,2026-06-20 00:23:00,239,5,1
8941,3,28,12,2026-06-09 22:43:00,2026-06-09 23:57:00,95,2,1
8942,2,3,9,2026-01-06 09:53:00,2026-01-06 13:07:00,228,14,3
8943,3,24,13,2026-06-06 23:09:00,2026-06-07 01:24:00,347,8,3
8944,8,44,18,2026-04-09 06:33:00,2026-04-09 07:05:00,383,23,3
8945,7,31,1,2026-01-11 10:36:00,2026-01-11 11:35:00,343,27,1
8946,8,4,6,2026-02-11 16:29:00,2026-02-11 19:10:00,101,7,2
8947,9,40,4,2026-03-09 00:12:00,2026-03-09 02:31:00,397,4,3
8948,10,16,11,2026-05-10 01:38:00,2026-05-10 04:58:00,71,4,2
8949,9,41,6,2026-06-16 10:43:00,2026-06-16 12:56:00,455,28,3
8950,8,20,13,2026-04-15 22:07:00,2026-04-15 23:51:00,116,2,1
8951,3,28,16,2026-02-13 14:49:00,2026-02-13 17:23:00,425,31,3
8952,2,46,10,2026-03-18 18:13:00,2026-03-18 20:24:00,181,7,2
8953,3,23,11,2026-04-28 17:59:00,2026-04-28 18:40:00,491,31,1
8954,7,48,11,2026-02-14 09:18:00,2026-02-14 11:43:00,316,23,2
8955,4,29,5,2026-03-09 00:55:00,2026-03-09 04:29:00,128,5,3
8956,7,31,2,2026-03-17 16:15:00,2026-03-17 17:22:00,264,10,3
8957,10,7,16,2026-06-20 20:46:00,2026-06-21 00:33:00,385,20,1
8958,10,16,16,2026-04-04 08:15:00,2026-04-04 09:57:00,82,6,3
8959,3,30,6,2026-03-10 20:54:00,2026-03-10 22:16:00,369,2,1
8960,7,2,2,2026-05-20 03:33:00,2026-05-20 06:08:00,318,22,3
8961,3,30,11,2026-06-08 18:35:00,2026-06-08 19:28:00,245,11,1
8962,3,23,9,2026-04-15 18:43:00,2026-04-15 19:14:00,437,27,3
8963,7,2,2,2026-04-15 00:49:00,2026-04-15 03:21:00,396,2,2
8964,7,11,14,2026-03-11 14:19:00,2026-03-11 17:03:00,294,2,2
8965,5,6,10,2026-02-01 15:39:00,2026-02-01 19:07:00,211,11,1
8966,9,22,17,2026-03-31 01:44:00,2026-03-31 04:38:00,361,8,2
8967,10,1,19,2026-01-20 08:31:00,2026-01-20 09:38:00,195,6,1
8968,10,7,1,2026-02-08 10:11:00,2026-02-08 12:52:00,190,3,1
8969,10,13,17,2026-01-24 02:10:00,2026-01-24 04:21:00,69,4,1
8970,3,42,20,2026-06-10 05:22:00,2026-06-10 07:23:00,101,4,2
8971,7,48,16,2026-04-01 22:58:00,2026-04-02 01:31:00,142,6,1
8972,4,8,20,2026-06-27 11:51:00,2026-06-27 12:51:00,220,11,2
8973,10,16,12,2026-05-23 04:43:00,2026-05-23 05:33:00,186,3,1
8974,2,46,14,2026-05-08 13:47:00,2026-05-08 15:33:00,438,32,1
8975,6,17,3,2026-01-31 16:31:00,2026-01-31 20:16:00,166,5,1
8976,10,32,17,2026-02-12 02:33:00,2026-02-12 03:59:00,483,22,2
8977,8,10,3,2026-04-12 11:35:00,2026-04-12 15:15:00,226,4,2
8978,5,45,20,2026-02-05 21:08:00,2026-02-05 22:29:00,486,29,3
8979,5,45,18,2026-06-14 10:37:00,2026-06-14 14:05:00,209,13,2
8980,6,39,2,2026-04-15 08:01:00,2026-04-15 11:51:00,125,1,3
8981,8,44,20,2026-04-08 06:27:00,2026-04-08 07:33:00,500,4,2
8982,8,43,12,2026-01-08 16:09:00,2026-01-08 17:39:00,97,1,2
8983,8,43,7,2026-01-31 11:38:00,2026-01-31 13:20:00,148,10,3
8984,6,17,18,2026-05-22 17:36:00,2026-05-22 18:33:00,374,23,3
8985,10,38,14,2026-03-13 22:54:00,2026-03-14 00:05:00,313,11,3
8986,8,21,12,2026-06-10 10:56:00,2026-06-10 14:27:00,131,5,3
8987,3,42,19,2026-04-10 13:05:00,2026-04-10 16:02:00,454,7,2
8988,10,13,8,2026-01-08 13:45:00,2026-01-08 17:25:00,262,5,1
8989,3,23,18,2026-01-14 00:31:00,2026-01-14 02:05:00,244,16,1
8990,8,50,2,2026-02-25 00:44:00,2026-02-25 04:24:00,119,8,1
8991,8,43,4,2026-05-13 04:51:00,2026-05-13 05:59:00,156,9,1
8992,8,21,13,2026-03-07 02:23:00,2026-03-07 06:05:00,420,22,2
8993,9,33,8,2026-02-03 09:51:00,2026-02-03 12:50:00,90,5,2
8994,8,20,17,2026-01-20 04:34:00,2026-01-20 05:17:00,395,9,3
8995,8,10,12,2026-05-24 23:44:00,2026-05-25 02:09:00,475,25,1
8996,10,9,16,2026-06-10 12:05:00,2026-06-10 14:36:00,439,21,2
8997,10,1,19,2026-01-04 18:41:00,2026-01-04 19:47:00,304,15,1
8998,10,32,14,2026-04-05 09:15:00,2026-04-05 12:04:00,415,3,2
8999,10,9,8,2026-04-14 00:52:00,2026-04-14 01:49:00,329,15,3
9000,6,12,11,2026-03-27 11:06:00,2026-03-27 12:10:00,88,2,3
9001,5,6,11,2026-01-20 00:17:00,2026-01-20 00:55:00,115,4,3
9002,9,40,14,2026-06-03 04:31:00,2026-06-03 05:33:00,292,4,3
9003,3,24,20,2026-04-08 10:27:00,2026-04-08 12:25:00,461,31,2
9004,8,20,5,2026-03-05 08:43:00,2026-03-05 09:13:00,130,3,2
9005,6,17,7,2026-06-27 10:00:00,2026-06-27 13:01:00,136,8,3
9006,4,37,7,2026-06-26 22:29:00,2026-06-27 02:13:00,51,0,3
9007,7,48,4,2026-01-15 09:01:00,2026-01-15 12:29:00,401,13,2
9008,10,16,15,2026-01-04 19:10:00,2026-01-04 19:55:00,491,17,3
9009,7,11,15,2026-02-02 23:03:00,2026-02-03 02:44:00,284,21,3
9010,4,15,4,2026-04-01 14:42:00,2026-04-01 15:51:00,95,1,2
9011,7,25,14,2026-06-20 13:11:00,2026-06-20 14:45:00,132,3,1
9012,9,41,4,2026-04-23 10:16:00,2026-04-23 13:38:00,54,3,3
9013,10,7,3,2026-01-26 08:46:00,2026-01-26 10:45:00,463,6,1
9014,9,41,19,2026-02-19 01:11:00,2026-02-19 01:58:00,408,1,2
9015,3,28,3,2026-02-23 14:57:00,2026-02-23 17:18:00,398,0,1
9016,9,26,10,2026-03-02 04:38:00,2026-03-02 08:03:00,75,1,2
9017,9,40,6,2026-01-15 01:59:00,2026-01-15 04:38:00,226,17,2
9018,9,22,11,2026-02-27 23:28:00,2026-02-28 01:17:00,289,5,3
9019,2,46,8,2026-06-13 04:45:00,2026-06-13 07:43:00,106,1,2
9020,4,15,17,2026-05-26 01:44:00,2026-05-26 03:48:00,383,0,2
9021,8,14,6,2026-04-09 09:01:00,2026-04-09 11:56:00,119,1,1
9022,6,17,2,2026-01-12 00:07:00,2026-01-12 00:42:00,482,38,1
9023,7,25,8,2026-04-29 20:06:00,2026-04-29 23:05:00,194,10,2
9024,9,41,7,2026-05-29 05:04:00,2026-05-29 05:41:00,396,16,1
9025,3,5,19,2026-06-02 07:39:00,2026-06-02 08:38:00,149,4,2
9026,7,2,6,2026-06-19 18:31:00,2026-06-19 20:40:00,484,15,2
9027,10,13,16,2026-03-29 20:56:00,2026-03-30 00:39:00,247,1,2
9028,9,33,7,2026-06-15 19:33:00,2026-06-15 22:53:00,316,0,2
9029,3,42,11,2026-01-16 11:22:00,2026-01-16 13:19:00,216,9,1
9030,4,8,17,2026-05-02 02:27:00,2026-05-02 04:01:00,200,14,3
9031,7,35,6,2026-02-23 02:03:00,2026-02-23 03:07:00,345,10,2
9032,4,37,15,2026-06-13 07:19:00,2026-06-13 11:15:00,88,4,2
9033,4,36,11,2026-06-16 16:48:00,2026-06-16 18:56:00,231,7,3
9034,3,30,13,2026-05-20 02:12:00,2026-05-20 03:13:00,310,19,2
9035,10,32,12,2026-05-26 13:59:00,2026-05-26 16:14:00,290,6,2
9036,10,16,5,2026-04-21 19:17:00,2026-04-21 22:05:00,248,9,3
9037,3,30,20,2026-05-12 04:58:00,2026-05-12 07:06:00,476,34,1
9038,9,26,3,2026-02-05 22:32:00,2026-02-05 23:23:00,192,9,3
9039,6,17,11,2026-02-22 03:46:00,2026-02-22 05:02:00,472,21,3
9040,7,2,16,2026-01-08 22:17:00,2026-01-09 00:37:00,399,21,3
9041,6,17,7,2026-05-06 02:16:00,2026-05-06 06:04:00,371,12,1
9042,5,6,8,2026-02-08 14:07:00,2026-02-08 15:50:00,246,19,1
9043,10,32,13,2026-02-20 13:42:00,2026-02-20 17:16:00,329,19,3
9044,5,6,1,2026-05-03 12:45:00,2026-05-03 13:54:00,73,2,3
9045,3,30,4,2026-02-01 04:05:00,2026-02-01 05:53:00,442,29,1
9046,10,7,9,2026-05-07 00:07:00,2026-05-07 04:04:00,129,2,2
9047,10,7,4,2026-06-02 09:52:00,2026-06-02 12:02:00,460,9,3
9048,7,35,13,2026-02-18 08:37:00,2026-02-18 10:12:00,360,28,2
9049,1,47,13,2026-01-31 21:14:00,2026-01-31 23:43:00,401,30,3
9050,3,30,8,2026-04-03 12:37:00,2026-04-03 14:20:00,144,2,3
9051,10,9,5,2026-03-09 20:09:00,2026-03-09 23:40:00,126,6,1
9052,7,2,5,2026-05-04 23:13:00,2026-05-05 00:30:00,319,4,2
9053,6,12,20,2026-01-04 08:23:00,2026-01-04 11:11:00,327,25,2
9054,8,50,14,2026-04-21 06:23:00,2026-04-21 09:47:00,293,12,3
9055,3,24,14,2026-04-09 17:39:00,2026-04-09 20:49:00,356,24,2
9056,1,34,14,2026-02-27 09:05:00,2026-02-27 10:06:00,313,1,1
9057,7,2,2,2026-01-24 05:24:00,2026-01-24 07:22:00,270,12,2
9058,10,16,18,2026-06-21 22:11:00,2026-06-22 00:50:00,147,7,1
9059,3,30,4,2026-01-16 19:05:00,2026-01-16 20:24:00,339,5,1
9060,3,28,18,2026-06-04 02:51:00,2026-06-04 03:41:00,358,25,2
9061,3,42,7,2026-04-11 11:44:00,2026-04-11 14:09:00,277,6,1
9062,5,6,4,2026-05-10 17:44:00,2026-05-10 20:26:00,170,1,1
9063,7,31,13,2026-01-12 14:19:00,2026-01-12 16:14:00,495,36,1
9064,3,30,17,2026-04-05 15:40:00,2026-04-05 16:18:00,340,6,3
9065,5,6,19,2026-05-30 06:33:00,2026-05-30 09:19:00,268,8,1
9066,3,24,5,2026-02-05 01:57:00,2026-02-05 02:57:00,135,5,1
9067,10,1,17,2026-04-05 14:41:00,2026-04-05 16:44:00,262,11,2
9068,9,33,3,2026-03-15 06:07:00,2026-03-15 08:46:00,310,5,1
9069,8,10,1,2026-04-22 19:18:00,2026-04-22 20:42:00,377,20,2
9070,6,12,13,2026-02-28 02:56:00,2026-02-28 03:42:00,245,17,3
9071,4,29,7,2026-03-20 16:37:00,2026-03-20 17:17:00,328,10,3
9072,10,9,15,2026-03-03 05:18:00,2026-03-03 06:54:00,471,1,2
9073,4,36,20,2026-03-16 23:05:00,2026-03-17 01:49:00,411,30,3
9074,7,31,12,2026-03-02 09:40:00,2026-03-02 12:17:00,482,15,1
9075,7,2,8,2026-05-26 15:26:00,2026-05-26 19:15:00,132,8,2
9076,8,10,13,2026-03-09 08:11:00,2026-03-09 12:00:00,277,15,1
9077,6,39,8,2026-03-15 18:37:00,2026-03-15 22:37:00,406,11,3
9078,8,4,20,2026-01-23 06:25:00,2026-01-23 08:15:00,498,28,2
9079,2,46,19,2026-06-29 06:37:00,2026-06-29 07:50:00,402,1,3
9080,3,24,19,2026-04-04 20:16:00,2026-04-04 21:15:00,362,9,3
9081,3,42,20,2026-01-04 07:09:00,2026-01-04 08:34:00,353,25,2
9082,9,22,4,2026-05-24 11:30:00,2026-05-24 12:17:00,416,2,3
9083,10,9,6,2026-03-29 21:42:00,2026-03-30 01:22:00,361,6,3
9084,2,46,9,2026-01-05 22:40:00,2026-01-05 23:19:00,129,5,3
9085,3,23,13,2026-03-24 20:11:00,2026-03-25 00:01:00,65,4,3
9086,4,36,6,2026-03-24 21:15:00,2026-03-24 22:39:00,462,26,1
9087,8,43,20,2026-05-12 12:11:00,2026-05-12 16:04:00,113,5,2
9088,1,47,5,2026-03-31 15:37:00,2026-03-31 16:51:00,379,3,2
9089,3,23,11,2026-01-01 08:21:00,2026-01-01 09:07:00,234,9,1
9090,9,33,16,2026-05-19 20:38:00,2026-05-20 00:23:00,93,6,3
9091,3,42,14,2026-04-23 19:26:00,2026-04-23 22:01:00,367,7,3
9092,3,28,3,2026-06-09 04:53:00,2026-06-09 05:58:00,251,12,2
9093,3,5,16,2026-01-10 05:01:00,2026-01-10 08:27:00,349,18,2
9094,3,30,5,2026-06-09 15:59:00,2026-06-09 18:06:00,56,0,2
9095,6,17,16,2026-01-01 12:29:00,2026-01-01 13:48:00,478,23,1
9096,7,25,20,2026-01-24 08:08:00,2026-01-24 10:50:00,74,4,1
9097,6,27,17,2026-02-07 16:11:00,2026-02-07 16:53:00,327,22,2
9098,7,49,8,2026-04-06 06:05:00,2026-04-06 06:40:00,427,19,2
9099,10,13,15,2026-02-13 21:51:00,2026-02-14 00:54:00,191,14,1
9100,7,48,12,2026-01-22 08:29:00,2026-01-22 09:18:00,68,2,1
9101,10,1,3,2026-05-04 18:08:00,2026-05-04 20:08:00,336,19,3
9102,10,16,17,2026-06-29 21:18:00,2026-06-29 22:07:00,142,4,3
9103,8,10,3,2026-05-15 03:25:00,2026-05-15 06:31:00,261,6,3
9104,4,8,13,2026-06-19 09:13:00,2026-06-19 10:13:00,209,15,1
9105,6,12,15,2026-03-17 11:11:00,2026-03-17 14:21:00,137,5,1
9106,8,43,20,2026-05-31 14:22:00,2026-05-31 17:42:00,169,8,2
9107,3,23,7,2026-02-03 10:35:00,2026-02-03 13:53:00,120,8,1
9108,7,25,20,2026-04-29 22:44:00,2026-04-29 23:55:00,108,1,2
9109,10,9,3,2026-03-05 03:46:00,2026-03-05 06:38:00,243,11,3
9110,4,8,2,2026-05-26 22:49:00,2026-05-27 00:48:00,198,3,2
9111,9,41,9,2026-03-25 19:28:00,2026-03-25 22:01:00,436,31,1
9112,8,14,12,2026-06-13 21:08:00,2026-06-13 23:17:00,135,8,2
9113,10,9,4,2026-06-12 13:11:00,2026-06-12 15:43:00,437,32,3
9114,3,42,10,2026-06-28 09:46:00,2026-06-28 13:36:00,252,19,2
9115,7,49,11,2026-06-19 18:47:00,2026-06-19 20:27:00,65,0,2
9116,8,44,18,2026-01-18 00:58:00,2026-01-18 04:11:00,232,17,2
9117,8,14,14,2026-05-22 12:58:00,2026-05-22 15:44:00,130,8,2
9118,1,34,20,2026-04-23 04:57:00,2026-04-23 08:02:00,92,7,2
9119,7,49,6,2026-03-26 05:34:00,2026-03-26 07:46:00,457,17,1
9120,10,19,16,2026-03-31 01:12:00,2026-03-31 02:58:00,473,30,3
9121,1,47,3,2026-06-25 23:11:00,2026-06-26 01:21:00,325,1,1
9122,8,21,15,2026-01-07 19:29:00,2026-01-07 20:18:00,56,3,3
9123,4,15,16,2026-01-18 17:13:00,2026-01-18 19:57:00,368,5,2
9124,10,9,4,2026-06-06 19:57:00,2026-06-06 21:28:00,269,9,1
9125,6,17,14,2026-06-17 10:38:00,2026-06-17 11:58:00,392,19,1
9126,9,41,15,2026-04-12 22:04:00,2026-04-12 22:52:00,198,7,3
9127,6,12,20,2026-01-02 07:21:00,2026-01-02 08:49:00,140,1,2
9128,4,29,17,2026-01-12 21:43:00,2026-01-13 01:23:00,438,7,2
9129,6,27,2,2026-02-17 18:36:00,2026-02-17 22:27:00,406,0,2
9130,3,28,12,2026-02-05 01:04:00,2026-02-05 02:27:00,494,33,1
9131,8,10,10,2026-04-18 18:09:00,2026-04-18 18:44:00,446,5,2
9132,8,44,3,2026-02-17 18:53:00,2026-02-17 19:27:00,453,35,1
9133,8,21,19,2026-02-07 09:48:00,2026-02-07 13:46:00,383,10,2
9134,3,23,15,2026-05-15 07:42:00,2026-05-15 10:25:00,489,38,3
9135,9,26,18,2026-02-07 16:26:00,2026-02-07 17:36:00,431,2,3
9136,10,13,8,2026-02-28 01:03:00,2026-02-28 03:32:00,424,13,2
9137,4,15,17,2026-03-21 15:16:00,2026-03-21 17:32:00,241,12,2
9138,8,20,4,2026-05-17 04:43:00,2026-05-17 08:36:00,369,22,3
9139,7,25,18,2026-03-09 10:27:00,2026-03-09 13:12:00,262,14,2
9140,8,14,6,2026-06-27 10:28:00,2026-06-27 12:17:00,166,8,3
9141,9,41,8,2026-06-10 23:32:00,2026-06-11 01:06:00,434,24,1
9142,7,25,20,2026-05-16 22:22:00,2026-05-17 02:05:00,470,23,2
9143,8,43,4,2026-04-29 01:47:00,2026-04-29 02:21:00,249,2,2
9144,10,9,1,2026-06-21 03:42:00,2026-06-21 05:59:00,382,0,3
9145,10,16,9,2026-03-06 08:48:00,2026-03-06 11:06:00,416,21,3
9146,10,13,4,2026-03-10 16:26:00,2026-03-10 20:01:00,246,18,2
9147,4,8,19,2026-04-22 12:11:00,2026-04-22 15:27:00,319,10,3
9148,3,24,4,2026-01-23 13:28:00,2026-01-23 16:38:00,482,36,3
9149,5,45,14,2026-06-02 20:51:00,2026-06-02 23:49:00,353,16,1
9150,3,5,20,2026-04-24 18:59:00,2026-04-24 21:28:00,51,2,3
9151,6,12,6,2026-03-04 22:36:00,2026-03-05 01:28:00,326,25,2
9152,8,44,12,2026-01-31 23:28:00,2026-02-01 02:57:00,389,7,2
9153,3,28,7,2026-05-04 15:47:00,2026-05-04 17:25:00,459,20,3
9154,3,5,1,2026-02-06 00:32:00,2026-02-06 02:03:00,357,16,1
9155,10,19,20,2026-05-07 23:47:00,2026-05-08 02:33:00,214,7,2
9156,4,15,8,2026-05-28 05:51:00,2026-05-28 07:35:00,355,2,1
9157,10,9,15,2026-06-15 07:15:00,2026-06-15 08:30:00,79,5,3
9158,5,6,12,2026-02-01 06:51:00,2026-02-01 07:42:00,203,9,3
9159,3,28,8,2026-06-07 12:58:00,2026-06-07 14:42:00,434,15,1
9160,4,8,5,2026-05-13 08:28:00,2026-05-13 11:22:00,269,2,3
9161,9,22,19,2026-05-04 07:40:00,2026-05-04 11:36:00,229,9,1
9162,10,32,17,2026-04-02 10:34:00,2026-04-02 12:12:00,499,2,3
9163,3,28,15,2026-05-23 22:50:00,2026-05-24 02:01:00,316,16,3
9164,7,48,7,2026-05-25 03:41:00,2026-05-25 05:53:00,397,13,1
9165,4,37,10,2026-04-16 05:28:00,2026-04-16 09:21:00,317,17,3
9166,9,41,10,2026-04-22 14:09:00,2026-04-22 18:09:00,453,2,2
9167,8,21,6,2026-02-20 20:28:00,2026-02-20 23:42:00,91,3,2
9168,10,19,14,2026-01-11 09:43:00,2026-01-11 12:31:00,271,1,3
9169,8,21,1,2026-02-28 23:13:00,2026-03-01 03:04:00,446,18,1
9170,7,2,17,2026-04-26 02:15:00,2026-04-26 05:50:00,485,32,3
9171,9,22,6,2026-05-23 07:35:00,2026-05-23 08:10:00,283,18,3
9172,10,13,11,2026-01-08 21:55:00,2026-01-09 00:44:00,198,5,1
9173,10,1,9,2026-03-24 07:09:00,2026-03-24 08:59:00,430,14,3
9174,6,27,18,2026-05-29 05:15:00,2026-05-29 08:48:00,442,9,2
9175,9,40,16,2026-03-12 08:19:00,2026-03-12 11:36:00,233,11,2
9176,6,17,9,2026-03-19 21:01:00,2026-03-20 00:01:00,480,23,3
9177,7,35,14,2026-04-26 12:47:00,2026-04-26 13:36:00,113,4,2
9178,8,10,9,2026-02-08 20:22:00,2026-02-08 23:05:00,442,20,3
9179,7,48,12,2026-06-18 23:28:00,2026-06-19 00:20:00,413,18,1
9180,2,3,3,2026-06-17 10:25:00,2026-06-17 12:04:00,149,5,1
9181,10,19,19,2026-05-28 06:28:00,2026-05-28 07:49:00,50,0,2
9182,8,21,14,2026-04-06 21:50:00,2026-04-07 01:14:00,348,7,1
9183,10,16,13,2026-03-13 11:11:00,2026-03-13 13:15:00,404,0,1
9184,10,18,19,2026-06-19 06:35:00,2026-06-19 07:21:00,302,10,2
9185,9,40,20,2026-01-31 12:09:00,2026-01-31 13:09:00,476,2,2
9186,6,12,9,2026-02-28 09:15:00,2026-02-28 11:35:00,428,15,3
9187,8,4,12,2026-02-09 06:46:00,2026-02-09 10:16:00,211,6,2
9188,6,39,10,2026-01-20 18:41:00,2026-01-20 22:39:00,336,21,3
9189,4,8,19,2026-05-22 21:51:00,2026-05-23 01:28:00,80,1,1
9190,4,36,6,2026-02-08 00:15:00,2026-02-08 01:59:00,233,4,3
9191,3,23,3,2026-04-28 21:35:00,2026-04-28 22:12:00,117,8,2
9192,4,36,19,2026-06-03 21:59:00,2026-06-03 23:04:00,481,13,1
9193,10,7,8,2026-06-21 05:56:00,2026-06-21 08:37:00,200,13,3
9194,7,48,7,2026-06-26 16:39:00,2026-06-26 19:15:00,263,1,3
9195,4,15,5,2026-03-05 15:22:00,2026-03-05 18:19:00,275,11,2
9196,4,8,13,2026-03-17 01:32:00,2026-03-17 02:20:00,221,10,3
9197,8,4,14,2026-03-18 23:14:00,2026-03-19 00:07:00,326,1,2
9198,8,50,11,2026-06-28 21:45:00,2026-06-29 01:32:00,193,7,1
9199,7,31,16,2026-05-06 06:30:00,2026-05-06 07:36:00,228,16,2
9200,4,8,18,2026-06-01 05:04:00,2026-06-01 05:42:00,465,1,2
9201,10,19,20,2026-03-07 12:59:00,2026-03-07 14:34:00,283,13,2
9202,10,16,15,2026-03-01 22:12:00,2026-03-02 00:39:00,372,18,1
9203,3,5,5,2026-06-22 08:38:00,2026-06-22 12:27:00,461,23,1
9204,7,35,8,2026-02-19 20:56:00,2026-02-19 22:51:00,398,16,2
9205,6,17,16,2026-03-31 16:02:00,2026-03-31 19:37:00,134,3,2
9206,7,31,3,2026-05-06 08:46:00,2026-05-06 10:36:00,153,3,3
9207,7,25,2,2026-05-12 05:35:00,2026-05-12 08:33:00,194,8,2
9208,6,39,19,2026-05-04 04:27:00,2026-05-04 07:22:00,325,14,2
9209,10,19,19,2026-04-04 12:20:00,2026-04-04 14:49:00,353,9,1
9210,6,39,10,2026-06-24 15:54:00,2026-06-24 19:36:00,157,6,2
9211,8,21,2,2026-04-19 20:48:00,2026-04-19 23:06:00,178,5,2
9212,8,21,5,2026-04-23 06:58:00,2026-04-23 10:04:00,57,2,2
9213,4,37,18,2026-04-02 15:09:00,2026-04-02 18:31:00,498,30,1
9214,10,16,8,2026-01-02 15:50:00,2026-01-02 16:22:00,88,1,2
9215,9,40,5,2026-02-08 16:00:00,2026-02-08 18:20:00,84,4,1
9216,5,6,5,2026-06-04 10:28:00,2026-06-04 13:47:00,415,11,1
9217,4,36,8,2026-03-29 03:01:00,2026-03-29 04:33:00,275,0,1
9218,6,39,17,2026-01-29 05:25:00,2026-01-29 08:12:00,189,8,1
9219,3,24,10,2026-02-25 14:22:00,2026-02-25 15:33:00,170,6,2
9220,2,3,19,2026-05-19 06:03:00,2026-05-19 09:36:00,344,3,1
9221,3,24,5,2026-02-14 10:42:00,2026-02-14 13:45:00,297,14,3
9222,2,46,11,2026-01-17 22:07:00,2026-01-17 23:58:00,217,0,3
9223,10,18,7,2026-02-27 10:53:00,2026-02-27 12:06:00,304,8,2
9224,3,28,12,2026-01-31 12:06:00,2026-01-31 13:45:00,410,12,1
9225,6,27,12,2026-06-05 01:13:00,2026-06-05 04:31:00,89,5,3
9226,4,37,18,2026-06-29 04:13:00,2026-06-29 06:45:00,351,22,2
9227,10,7,5,2026-01-01 03:54:00,2026-01-01 06:56:00,406,2,1
9228,8,10,14,2026-05-19 08:52:00,2026-05-19 11:28:00,291,2,3
9229,4,37,8,2026-04-22 12:53:00,2026-04-22 14:43:00,200,3,1
9230,7,11,20,2026-03-22 14:07:00,2026-03-22 17:06:00,346,19,3
9231,8,21,14,2026-02-28 09:52:00,2026-02-28 13:18:00,352,21,1
9232,7,2,11,2026-05-17 22:44:00,2026-05-18 01:35:00,299,19,1
9233,7,49,16,2026-02-17 12:41:00,2026-02-17 13:48:00,242,3,2
9234,8,14,18,2026-02-10 19:44:00,2026-02-10 22:38:00,386,8,2
9235,6,12,8,2026-06-18 05:54:00,2026-06-18 06:28:00,235,18,3
9236,1,34,8,2026-03-21 16:14:00,2026-03-21 19:57:00,182,11,2
9237,8,50,15,2026-03-02 08:44:00,2026-03-02 10:48:00,231,2,3
9238,7,49,3,2026-04-29 13:56:00,2026-04-29 15:20:00,63,1,2
9239,8,4,18,2026-03-03 13:48:00,2026-03-03 14:29:00,299,5,1
9240,2,46,5,2026-01-06 18:09:00,2026-01-06 18:53:00,117,6,2
9241,1,47,18,2026-06-22 10:14:00,2026-06-22 10:50:00,139,3,3
9242,10,9,13,2026-05-22 12:55:00,2026-05-22 15:23:00,236,8,1
9243,9,40,14,2026-01-25 03:20:00,2026-01-25 04:51:00,73,2,2
9244,9,22,4,2026-02-09 02:29:00,2026-02-09 05:37:00,259,6,1
9245,8,10,19,2026-01-12 15:08:00,2026-01-12 16:16:00,157,12,3
9246,2,46,5,2026-04-25 08:30:00,2026-04-25 11:14:00,323,22,1
9247,4,8,4,2026-01-27 03:52:00,2026-01-27 07:33:00,133,2,1
9248,8,43,19,2026-06-29 16:45:00,2026-06-29 17:55:00,396,5,1
9249,10,19,11,2026-06-09 18:49:00,2026-06-09 20:51:00,145,3,2
9250,10,38,18,2026-05-22 05:59:00,2026-05-22 09:34:00,347,20,3
9251,8,50,13,2026-03-12 06:03:00,2026-03-12 06:36:00,324,13,2
9252,3,30,15,2026-02-24 08:14:00,2026-02-24 10:40:00,435,25,3
9253,2,3,18,2026-01-31 05:03:00,2026-01-31 08:41:00,53,4,2
9254,2,46,15,2026-04-22 00:32:00,2026-04-22 04:03:00,52,4,3
9255,8,44,7,2026-01-11 03:48:00,2026-01-11 05:16:00,358,11,3
9256,4,15,20,2026-06-08 10:29:00,2026-06-08 12:52:00,193,4,1
9257,4,29,2,2026-05-05 17:46:00,2026-05-05 21:19:00,436,14,1
9258,1,34,10,2026-03-18 04:51:00,2026-03-18 05:41:00,456,10,1
9259,4,8,3,2026-01-29 08:07:00,2026-01-29 12:03:00,309,1,1
9260,10,9,6,2026-04-24 06:53:00,2026-04-24 09:05:00,326,25,1
9261,10,13,6,2026-05-23 17:57:00,2026-05-23 21:01:00,195,4,3
9262,8,44,7,2026-04-06 02:43:00,2026-04-06 05:55:00,328,21,1
9263,8,10,7,2026-05-20 20:07:00,2026-05-20 23:19:00,477,37,3
9264,8,21,2,2026-01-19 23:46:00,2026-01-20 02:12:00,85,1,1
9265,5,6,3,2026-03-03 05:58:00,2026-03-03 07:18:00,306,24,3
9266,10,7,18,2026-03-10 14:55:00,2026-03-10 18:10:00,280,17,3
9267,6,17,14,2026-03-31 07:45:00,2026-03-31 10:06:00,496,12,1
9268,9,33,2,2026-05-08 10:47:00,2026-05-08 14:15:00,69,1,2
9269,8,10,20,2026-04-28 23:49:00,2026-04-29 01:45:00,285,3,1
9270,6,27,14,2026-04-01 16:32:00,2026-04-01 17:15:00,115,2,3
9271,3,5,14,2026-05-09 15:44:00,2026-05-09 18:12:00,348,10,3
9272,8,44,9,2026-06-10 02:53:00,2026-06-10 03:40:00,198,10,1
9273,6,12,20,2026-05-07 07:01:00,2026-05-07 10:30:00,64,4,2
9274,10,1,8,2026-06-12 04:45:00,2026-06-12 05:39:00,79,3,1
9275,10,19,6,2026-06-10 07:29:00,2026-06-10 08:22:00,430,23,3
9276,8,44,11,2026-01-16 15:29:00,2026-01-16 19:29:00,55,0,1
9277,9,40,17,2026-01-29 08:07:00,2026-01-29 10:27:00,225,16,3
9278,7,11,9,2026-06-06 12:22:00,2026-06-06 14:58:00,421,21,1
9279,4,8,16,2026-02-24 01:23:00,2026-02-24 02:01:00,322,11,3
9280,7,48,14,2026-06-17 20:20:00,2026-06-17 20:55:00,64,1,3
9281,9,26,18,2026-01-15 02:57:00,2026-01-15 04:17:00,420,22,3
9282,10,32,12,2026-03-13 18:03:00,2026-03-13 22:03:00,372,17,3
9283,9,40,10,2026-04-19 02:25:00,2026-04-19 05:11:00,477,15,2
9284,4,29,12,2026-06-12 05:34:00,2026-06-12 06:39:00,369,20,3
9285,10,16,9,2026-06-17 09:25:00,2026-06-17 12:24:00,221,0,1
9286,2,46,19,2026-02-15 07:43:00,2026-02-15 08:16:00,64,4,1
9287,4,8,7,2026-01-20 04:07:00,2026-01-20 04:57:00,282,17,1
9288,4,15,15,2026-05-22 12:35:00,2026-05-22 13:54:00,317,15,3
9289,3,28,7,2026-06-01 04:16:00,2026-06-01 07:28:00,337,0,1
9290,8,10,13,2026-01-25 18:53:00,2026-01-25 22:12:00,169,9,1
9291,7,11,14,2026-05-02 06:38:00,2026-05-02 08:39:00,109,4,2
9292,7,35,13,2026-06-02 07:06:00,2026-06-02 07:52:00,285,16,3
9293,7,2,6,2026-04-23 13:24:00,2026-04-23 17:10:00,60,0,2
9294,2,3,17,2026-05-29 12:02:00,2026-05-29 15:25:00,407,0,3
9295,10,19,11,2026-05-08 12:14:00,2026-05-08 14:52:00,382,7,1
9296,10,18,18,2026-02-14 07:21:00,2026-02-14 10:35:00,247,19,3
9297,7,11,3,2026-02-20 06:24:00,2026-02-20 07:04:00,56,1,3
9298,9,22,1,2026-01-04 12:46:00,2026-01-04 14:19:00,297,10,3
9299,8,4,18,2026-02-28 20:57:00,2026-02-28 23:41:00,473,6,1
9300,3,5,7,2026-03-15 01:13:00,2026-03-15 03:32:00,225,13,3
9301,7,11,14,2026-05-24 07:05:00,2026-05-24 10:52:00,349,21,3
9302,8,44,6,2026-02-02 00:15:00,2026-02-02 01:54:00,422,5,2
9303,1,34,1,2026-04-25 10:11:00,2026-04-25 11:05:00,216,12,1
9304,7,11,20,2026-01-12 20:22:00,2026-01-12 20:59:00,167,6,1
9305,9,22,15,2026-01-06 17:59:00,2026-01-06 19:14:00,226,10,1
9306,9,26,8,2026-02-06 01:56:00,2026-02-06 04:59:00,380,29,1
9307,6,27,4,2026-04-18 21:21:00,2026-04-19 00:10:00,460,34,2
9308,9,41,6,2026-05-03 21:54:00,2026-05-04 00:05:00,298,7,3
9309,9,33,19,2026-02-18 06:21:00,2026-02-18 10:00:00,298,4,3
9310,7,48,4,2026-02-12 07:23:00,2026-02-12 11:08:00,84,2,2
9311,4,29,15,2026-01-28 23:56:00,2026-01-29 00:42:00,84,0,3
9312,6,27,17,2026-02-17 18:46:00,2026-02-17 19:28:00,180,11,2
9313,10,7,3,2026-01-15 22:28:00,2026-01-16 02:09:00,181,6,1
9314,7,2,9,2026-06-22 03:58:00,2026-06-22 06:57:00,276,12,2
9315,2,46,17,2026-04-22 12:51:00,2026-04-22 14:03:00,209,10,3
9316,9,26,10,2026-01-04 09:06:00,2026-01-04 12:25:00,466,10,1
9317,4,15,10,2026-05-11 06:13:00,2026-05-11 09:47:00,467,33,1
9318,8,14,5,2026-04-21 18:16:00,2026-04-21 19:35:00,411,24,2
9319,3,23,18,2026-05-28 08:33:00,2026-05-28 10:54:00,189,1,1
9320,7,25,2,2026-03-26 16:09:00,2026-03-26 18:34:00,272,15,2
9321,7,2,3,2026-01-04 04:41:00,2026-01-04 05:43:00,482,15,3
9322,8,14,1,2026-01-05 19:17:00,2026-01-05 22:01:00,397,10,3
9323,6,17,17,2026-01-04 12:47:00,2026-01-04 14:26:00,350,22,3
9324,8,44,19,2026-04-15 16:52:00,2026-04-15 17:52:00,477,32,1
9325,8,44,3,2026-05-10 19:18:00,2026-05-10 21:44:00,258,12,1
9326,3,24,13,2026-04-07 00:56:00,2026-04-07 01:44:00,367,13,2
9327,4,15,6,2026-03-19 00:50:00,2026-03-19 03:06:00,464,33,2
9328,3,23,17,2026-04-21 11:52:00,2026-04-21 15:32:00,203,15,1
9329,8,14,9,2026-03-18 21:14:00,2026-03-19 01:00:00,280,10,2
9330,7,25,5,2026-04-25 08:41:00,2026-04-25 10:31:00,346,1,1
9331,2,3,18,2026-05-06 11:39:00,2026-05-06 13:36:00,117,8,1
9332,8,20,6,2026-02-20 22:21:00,2026-02-21 02:03:00,432,26,2
9333,10,9,19,2026-04-14 13:25:00,2026-04-14 15:29:00,273,5,3
9334,7,11,17,2026-02-07 17:27:00,2026-02-07 20:10:00,490,28,2
9335,10,9,8,2026-02-18 21:10:00,2026-02-19 00:26:00,480,31,1
9336,7,11,8,2026-01-24 14:40:00,2026-01-24 15:27:00,314,9,1
9337,6,17,8,2026-03-08 10:22:00,2026-03-08 11:49:00,53,1,2
9338,8,43,17,2026-05-28 03:45:00,2026-05-28 07:44:00,474,14,1
9339,10,7,5,2026-05-24 16:39:00,2026-05-24 20:37:00,241,4,3
9340,8,50,1,2026-04-05 08:31:00,2026-04-05 10:45:00,127,8,3
9341,4,36,15,2026-01-11 03:39:00,2026-01-11 06:23:00,340,25,3
9342,9,40,18,2026-03-12 21:01:00,2026-03-13 00:11:00,62,2,1
9343,8,44,5,2026-05-29 01:23:00,2026-05-29 03:24:00,194,3,3
9344,7,49,8,2026-03-27 09:52:00,2026-03-27 11:21:00,335,14,1
9345,3,42,9,2026-05-03 08:40:00,2026-05-03 12:12:00,213,9,2
9346,6,39,4,2026-03-31 11:02:00,2026-03-31 12:02:00,179,3,3
9347,6,39,1,2026-06-13 08:14:00,2026-06-13 11:42:00,321,5,1
9348,10,32,15,2026-01-23 23:50:00,2026-01-24 01:20:00,241,18,3
9349,10,16,4,2026-03-17 12:32:00,2026-03-17 15:24:00,431,3,1
9350,5,6,5,2026-01-30 19:09:00,2026-01-30 22:41:00,255,13,1
9351,4,8,7,2026-04-03 09:26:00,2026-04-03 11:24:00,378,9,3
9352,1,34,6,2026-03-15 07:15:00,2026-03-15 10:02:00,299,11,3
9353,8,21,18,2026-02-16 21:31:00,2026-02-16 22:16:00,100,3,1
9354,8,44,9,2026-06-26 09:28:00,2026-06-26 13:14:00,103,2,1
9355,8,14,18,2026-02-05 17:10:00,2026-02-05 20:07:00,231,7,2
9356,3,30,4,2026-04-13 22:18:00,2026-04-14 00:09:00,448,5,1
9357,3,28,12,2026-06-29 06:01:00,2026-06-29 08:53:00,244,16,3
9358,4,15,1,2026-03-29 14:08:00,2026-03-29 17:06:00,88,3,3
9359,6,17,4,2026-05-05 00:24:00,2026-05-05 02:53:00,212,14,2
9360,7,31,9,2026-05-15 17:40:00,2026-05-15 20:00:00,203,7,2
9361,7,31,5,2026-05-01 09:49:00,2026-05-01 10:32:00,192,9,1
9362,3,30,8,2026-05-23 08:17:00,2026-05-23 09:02:00,368,2,2
9363,3,28,13,2026-04-25 19:39:00,2026-04-25 20:45:00,387,23,2
9364,10,7,18,2026-04-12 19:29:00,2026-04-12 20:15:00,195,2,3
9365,3,42,11,2026-04-09 10:45:00,2026-04-09 12:46:00,113,4,3
9366,8,20,17,2026-06-02 08:40:00,2026-06-02 12:19:00,61,1,1
9367,9,22,5,2026-05-25 08:32:00,2026-05-25 12:18:00,289,12,1
9368,3,28,13,2026-05-09 02:51:00,2026-05-09 03:58:00,146,9,3
9369,9,26,1,2026-04-12 14:10:00,2026-04-12 16:39:00,413,2,3
9370,8,21,12,2026-01-13 06:52:00,2026-01-13 07:55:00,481,7,1
9371,8,10,12,2026-03-31 18:04:00,2026-03-31 19:46:00,164,11,2
9372,8,14,17,2026-05-12 22:41:00,2026-05-13 00:10:00,133,6,3
9373,2,46,18,2026-03-19 11:43:00,2026-03-19 13:04:00,340,18,1
9374,3,24,2,2026-03-28 14:10:00,2026-03-28 16:56:00,469,21,2
9375,10,19,12,2026-05-16 18:49:00,2026-05-16 21:13:00,327,13,2
9376,8,20,13,2026-02-24 20:40:00,2026-02-24 21:30:00,417,24,1
9377,8,14,5,2026-02-27 20:24:00,2026-02-27 22:01:00,481,17,2
9378,10,16,4,2026-03-31 02:33:00,2026-03-31 03:34:00,206,5,2
9379,9,26,4,2026-04-06 15:54:00,2026-04-06 19:53:00,201,2,2
9380,10,19,4,2026-01-31 22:21:00,2026-01-31 22:57:00,106,3,1
9381,10,7,10,2026-01-25 11:45:00,2026-01-25 12:51:00,402,25,1
9382,4,8,10,2026-06-13 03:47:00,2026-06-13 07:09:00,239,10,3
9383,10,13,7,2026-03-08 03:59:00,2026-03-08 04:53:00,83,2,1
9384,3,42,10,2026-05-18 15:42:00,2026-05-18 18:17:00,163,9,3
9385,5,45,5,2026-05-22 00:39:00,2026-05-22 02:43:00,492,20,3
9386,8,50,9,2026-03-07 11:05:00,2026-03-07 12:54:00,159,9,3
9387,10,18,14,2026-04-02 16:57:00,2026-04-02 20:44:00,387,21,2
9388,10,19,19,2026-05-26 17:15:00,2026-05-26 19:03:00,230,6,2
9389,10,32,8,2026-03-14 20:02:00,2026-03-14 23:59:00,148,0,2
9390,1,47,19,2026-04-25 16:18:00,2026-04-25 17:25:00,441,27,3
9391,10,7,13,2026-05-18 23:25:00,2026-05-19 02:40:00,75,5,1
9392,9,41,16,2026-06-05 10:09:00,2026-06-05 12:05:00,322,11,1
9393,7,48,3,2026-06-05 02:10:00,2026-06-05 05:02:00,328,19,2
9394,3,5,10,2026-04-26 23:45:00,2026-04-27 03:09:00,342,8,2
9395,4,15,16,2026-01-20 14:17:00,2026-01-20 15:37:00,477,31,3
9396,3,5,6,2026-03-09 17:47:00,2026-03-09 19:02:00,154,0,2
9397,6,39,10,2026-01-16 16:05:00,2026-01-16 19:12:00,199,14,2
9398,7,31,6,2026-05-03 04:51:00,2026-05-03 07:03:00,255,9,1
9399,8,50,5,2026-01-27 21:37:00,2026-01-27 23:41:00,134,4,3
9400,1,47,7,2026-06-20 16:11:00,2026-06-20 18:40:00,92,3,3
9401,4,37,3,2026-05-16 13:01:00,2026-05-16 13:55:00,305,8,1
9402,3,5,11,2026-06-26 01:56:00,2026-06-26 04:13:00,451,34,2
9403,3,24,3,2026-06-28 10:49:00,2026-06-28 13:21:00,457,17,1
9404,10,16,1,2026-05-12 00:42:00,2026-05-12 01:31:00,300,3,2
9405,10,18,17,2026-03-04 00:15:00,2026-03-04 01:07:00,432,18,3
9406,10,19,18,2026-02-15 02:56:00,2026-02-15 04:52:00,244,18,1
9407,3,42,18,2026-02-14 00:56:00,2026-02-14 04:29:00,239,18,3
9408,4,8,18,2026-06-23 08:32:00,2026-06-23 10:01:00,181,10,2
9409,3,23,20,2026-05-29 07:10:00,2026-05-29 09:07:00,164,6,2
9410,4,29,15,2026-01-23 05:08:00,2026-01-23 07:29:00,101,0,3
9411,10,18,6,2026-01-07 06:14:00,2026-01-07 08:45:00,216,15,2
9412,4,8,14,2026-01-01 15:36:00,2026-01-01 17:01:00,269,3,3
9413,10,13,8,2026-06-11 03:39:00,2026-06-11 06:48:00,74,1,3
9414,1,34,5,2026-05-27 03:00:00,2026-05-27 06:37:00,231,3,3
9415,7,11,8,2026-04-21 23:07:00,2026-04-21 23:42:00,172,13,1
9416,7,11,4,2026-05-18 17:41:00,2026-05-18 18:17:00,432,29,2
9417,4,36,18,2026-03-19 13:07:00,2026-03-19 14:25:00,405,28,3
9418,10,9,8,2026-06-21 12:51:00,2026-06-21 15:34:00,225,15,3
9419,8,50,3,2026-04-16 13:17:00,2026-04-16 15:11:00,57,4,1
9420,1,47,4,2026-02-22 00:00:00,2026-02-22 02:10:00,54,1,3
9421,3,28,3,2026-05-16 10:43:00,2026-05-16 14:26:00,264,13,2
9422,7,11,14,2026-04-07 21:43:00,2026-04-07 23:24:00,152,6,1
9423,10,38,2,2026-05-05 11:50:00,2026-05-05 12:34:00,212,6,3
9424,10,1,8,2026-01-16 08:21:00,2026-01-16 11:34:00,402,28,3
9425,1,34,10,2026-02-16 13:22:00,2026-02-16 16:09:00,499,37,2
9426,4,8,6,2026-06-29 05:04:00,2026-06-29 06:30:00,182,8,2
9427,9,33,9,2026-06-26 15:59:00,2026-06-26 17:12:00,309,14,1
9428,4,8,3,2026-01-06 18:33:00,2026-01-06 21:16:00,275,8,3
9429,4,29,10,2026-02-21 20:49:00,2026-02-22 00:14:00,337,9,2
9430,7,35,8,2026-01-27 14:52:00,2026-01-27 18:10:00,126,6,1
9431,3,23,20,2026-03-10 22:47:00,2026-03-11 00:22:00,377,1,2
9432,5,45,15,2026-06-29 14:22:00,2026-06-29 15:10:00,433,2,3
9433,4,15,16,2026-02-12 11:09:00,2026-02-12 14:27:00,499,35,3
9434,9,22,12,2026-02-17 18:59:00,2026-02-17 21:55:00,403,19,3
9435,2,3,4,2026-02-15 18:04:00,2026-02-15 19:42:00,53,1,3
9436,10,19,1,2026-03-19 14:31:00,2026-03-19 15:47:00,90,0,2
9437,9,22,3,2026-05-23 15:34:00,2026-05-23 18:31:00,164,5,1
9438,7,2,5,2026-01-22 08:15:00,2026-01-22 09:40:00,339,16,2
9439,1,47,6,2026-03-17 15:03:00,2026-03-17 16:57:00,218,6,1
9440,10,9,6,2026-05-27 14:30:00,2026-05-27 15:49:00,363,11,1
9441,8,21,19,2026-05-22 21:19:00,2026-05-23 00:01:00,367,15,2
9442,7,25,5,2026-04-28 08:06:00,2026-04-28 08:46:00,497,22,3
9443,5,6,6,2026-01-07 21:41:00,2026-01-07 22:19:00,202,12,1
9444,5,6,5,2026-04-21 02:43:00,2026-04-21 04:54:00,412,13,2
9445,8,10,2,2026-02-18 09:02:00,2026-02-18 12:29:00,416,24,3
9446,4,37,14,2026-05-15 13:50:00,2026-05-15 16:32:00,93,0,1
9447,7,35,15,2026-04-15 09:42:00,2026-04-15 11:14:00,422,8,2
9448,6,39,18,2026-03-19 08:50:00,2026-03-19 11:49:00,454,30,1
9449,8,50,12,2026-05-05 09:13:00,2026-05-05 10:14:00,61,0,2
9450,6,39,15,2026-05-16 09:17:00,2026-05-16 12:21:00,420,4,1
9451,3,23,17,2026-05-06 07:48:00,2026-05-06 08:26:00,270,7,2
9452,3,5,20,2026-06-23 19:46:00,2026-06-23 23:25:00,51,0,3
9453,3,23,11,2026-06-12 17:08:00,2026-06-12 21:04:00,210,9,2
9454,9,41,17,2026-04-15 02:06:00,2026-04-15 04:03:00,425,7,1
9455,4,15,3,2026-01-18 18:48:00,2026-01-18 22:28:00,189,8,2
9456,7,49,15,2026-01-10 00:11:00,2026-01-10 03:54:00,363,28,2
9457,3,5,1,2026-06-01 09:41:00,2026-06-01 10:13:00,80,0,2
9458,9,26,9,2026-01-16 13:59:00,2026-01-16 17:22:00,211,8,3
9459,8,50,16,2026-01-08 21:08:00,2026-01-08 23:42:00,321,19,2
9460,10,16,20,2026-05-27 18:29:00,2026-05-27 19:46:00,369,28,2
9461,2,3,19,2026-06-16 04:43:00,2026-06-16 07:43:00,470,32,2
9462,5,45,18,2026-06-03 21:18:00,2026-06-04 00:04:00,490,13,2
9463,3,23,10,2026-03-20 03:26:00,2026-03-20 04:45:00,233,5,2
9464,10,16,8,2026-05-01 10:04:00,2026-05-01 14:04:00,396,4,2
9465,4,29,8,2026-01-23 11:01:00,2026-01-23 14:11:00,248,0,1
9466,6,27,18,2026-01-22 11:47:00,2026-01-22 13:11:00,121,6,3
9467,8,10,13,2026-03-12 06:19:00,2026-03-12 10:18:00,263,5,2
9468,10,16,2,2026-06-21 22:15:00,2026-06-21 23:41:00,159,3,2
9469,7,2,8,2026-03-17 04:53:00,2026-03-17 08:01:00,57,4,3
9470,10,9,14,2026-03-06 22:44:00,2026-03-07 02:42:00,114,2,3
9471,9,41,11,2026-03-30 11:17:00,2026-03-30 14:02:00,500,14,2
9472,6,27,10,2026-04-14 17:31:00,2026-04-14 21:31:00,239,3,1
9473,9,22,8,2026-05-04 23:24:00,2026-05-05 01:28:00,217,0,1
9474,2,3,6,2026-06-24 00:25:00,2026-06-24 02:38:00,248,14,1
9475,7,11,20,2026-04-20 23:16:00,2026-04-21 03:11:00,359,13,2
9476,8,20,3,2026-03-12 14:05:00,2026-03-12 15:48:00,89,3,1
9477,6,12,12,2026-03-22 21:13:00,2026-03-22 22:19:00,184,4,3
9478,8,10,20,2026-04-14 17:58:00,2026-04-14 21:38:00,248,13,3
9479,1,34,1,2026-02-28 04:07:00,2026-02-28 08:06:00,140,7,2
9480,10,7,7,2026-03-30 18:34:00,2026-03-30 19:22:00,186,4,1
9481,9,41,2,2026-03-28 23:39:00,2026-03-29 02:39:00,474,4,3
9482,10,7,11,2026-02-03 06:32:00,2026-02-03 09:36:00,500,28,2
9483,10,7,15,2026-04-22 07:06:00,2026-04-22 07:44:00,105,2,2
9484,5,45,5,2026-05-23 18:12:00,2026-05-23 19:16:00,142,5,1
9485,7,31,11,2026-01-28 01:29:00,2026-01-28 02:13:00,495,33,1
9486,7,49,8,2026-02-09 21:30:00,2026-02-10 01:07:00,86,4,2
9487,9,26,13,2026-06-08 06:38:00,2026-06-08 10:14:00,485,8,2
9488,4,37,15,2026-01-03 00:55:00,2026-01-03 04:37:00,104,8,1
9489,10,13,10,2026-03-25 23:16:00,2026-03-26 01:46:00,179,13,2
9490,9,33,18,2026-05-31 22:24:00,2026-06-01 01:14:00,66,4,1
9491,3,28,15,2026-05-26 07:19:00,2026-05-26 09:16:00,259,0,3
9492,4,29,18,2026-04-15 01:03:00,2026-04-15 03:40:00,127,6,2
9493,8,4,5,2026-04-04 06:16:00,2026-04-04 07:12:00,493,8,2
9494,4,8,2,2026-04-15 22:07:00,2026-04-15 23:57:00,334,24,1
9495,1,47,18,2026-01-01 21:38:00,2026-01-01 22:32:00,145,5,3
9496,6,27,13,2026-02-22 04:42:00,2026-02-22 07:31:00,246,12,3
9497,7,31,4,2026-03-19 13:51:00,2026-03-19 15:35:00,129,10,1
9498,10,32,17,2026-01-21 01:15:00,2026-01-21 03:03:00,475,34,2
9499,6,39,10,2026-05-03 13:14:00,2026-05-03 16:23:00,63,1,1
9500,4,29,3,2026-05-16 23:15:00,2026-05-17 01:00:00,173,4,1
9501,10,9,14,2026-01-28 10:46:00,2026-01-28 13:08:00,115,3,2
9502,6,12,16,2026-02-15 22:31:00,2026-02-16 02:17:00,264,15,2
9503,9,22,11,2026-03-19 14:37:00,2026-03-19 17:23:00,458,4,2
9504,8,4,6,2026-04-13 00:20:00,2026-04-13 03:59:00,475,6,1
9505,10,9,3,2026-04-02 11:50:00,2026-04-02 13:07:00,348,19,1
9506,3,28,2,2026-03-20 08:42:00,2026-03-20 11:58:00,326,24,2
9507,6,39,17,2026-05-12 18:32:00,2026-05-12 19:05:00,175,13,2
9508,10,9,15,2026-03-11 19:13:00,2026-03-11 19:58:00,80,5,2
9509,7,2,20,2026-05-03 14:50:00,2026-05-03 15:32:00,131,7,3
9510,3,5,8,2026-01-22 18:08:00,2026-01-22 21:26:00,377,18,1
9511,10,13,11,2026-03-14 04:42:00,2026-03-14 08:39:00,298,13,2
9512,8,14,3,2026-05-23 01:55:00,2026-05-23 04:39:00,207,3,2
9513,9,41,8,2026-02-18 09:11:00,2026-02-18 11:19:00,68,2,1
9514,7,2,10,2026-05-22 09:17:00,2026-05-22 10:56:00,76,0,2
9515,10,16,6,2026-05-03 01:31:00,2026-05-03 03:29:00,387,30,1
9516,7,2,12,2026-03-19 16:49:00,2026-03-19 20:06:00,114,0,3
9517,4,37,3,2026-03-23 08:54:00,2026-03-23 12:35:00,496,1,3
9518,7,11,6,2026-03-10 20:11:00,2026-03-10 20:50:00,252,8,2
9519,3,5,7,2026-04-01 10:52:00,2026-04-01 13:14:00,412,17,2
9520,7,25,11,2026-01-25 13:47:00,2026-01-25 15:50:00,401,6,3
9521,3,24,3,2026-04-27 18:49:00,2026-04-27 19:34:00,207,5,1
9522,6,17,10,2026-01-24 21:12:00,2026-01-24 23:13:00,146,9,2
9523,10,9,17,2026-04-04 14:37:00,2026-04-04 17:28:00,401,22,3
9524,10,18,13,2026-04-23 17:45:00,2026-04-23 19:18:00,98,4,2
9525,4,29,12,2026-03-19 01:59:00,2026-03-19 05:56:00,470,11,3
9526,10,1,6,2026-05-08 10:30:00,2026-05-08 12:41:00,66,1,1
9527,7,25,18,2026-05-13 01:12:00,2026-05-13 02:46:00,76,0,2
9528,5,6,13,2026-05-26 00:40:00,2026-05-26 02:36:00,217,16,3
9529,8,20,19,2026-06-28 23:57:00,2026-06-29 01:15:00,271,6,1
9530,7,49,1,2026-02-05 17:38:00,2026-02-05 20:53:00,201,4,1
9531,9,40,12,2026-02-23 04:32:00,2026-02-23 06:18:00,199,7,3
9532,8,44,18,2026-03-11 18:08:00,2026-03-11 20:18:00,392,18,1
9533,4,15,14,2026-05-22 06:19:00,2026-05-22 09:41:00,261,8,3
9534,10,32,1,2026-06-02 19:10:00,2026-06-02 22:13:00,191,0,1
9535,8,50,19,2026-01-25 00:03:00,2026-01-25 01:58:00,338,24,1
9536,1,47,19,2026-01-29 11:31:00,2026-01-29 13:21:00,180,6,3
9537,9,41,20,2026-03-12 03:22:00,2026-03-12 06:00:00,455,30,2
9538,7,35,15,2026-01-22 16:51:00,2026-01-22 17:46:00,309,12,2
9539,10,7,11,2026-06-24 23:11:00,2026-06-25 01:55:00,57,4,1
9540,2,46,14,2026-01-14 23:43:00,2026-01-15 00:26:00,157,0,1
9541,10,16,2,2026-04-02 18:14:00,2026-04-02 21:24:00,350,12,1
9542,9,22,18,2026-01-27 06:14:00,2026-01-27 07:03:00,410,9,2
9543,8,14,12,2026-02-24 03:38:00,2026-02-24 07:00:00,235,1,1
9544,2,3,18,2026-06-03 11:28:00,2026-06-03 12:57:00,484,8,1
9545,8,50,2,2026-04-09 20:22:00,2026-04-09 23:48:00,135,2,3
9546,7,2,2,2026-04-13 09:13:00,2026-04-13 12:39:00,163,10,3
9547,7,2,10,2026-05-22 10:22:00,2026-05-22 11:05:00,497,30,1
9548,9,22,16,2026-02-11 02:23:00,2026-02-11 03:51:00,151,11,1
9549,10,16,15,2026-02-18 07:09:00,2026-02-18 09:51:00,340,1,3
9550,5,6,14,2026-01-23 22:13:00,2026-01-24 01:18:00,417,14,3
9551,10,18,2,2026-04-06 21:25:00,2026-04-06 21:56:00,212,7,3
9552,5,45,8,2026-05-04 05:46:00,2026-05-04 08:17:00,234,2,2
9553,6,39,6,2026-05-31 20:31:00,2026-05-31 21:58:00,84,4,3
9554,8,20,15,2026-02-23 07:07:00,2026-02-23 07:43:00,162,5,3
9555,10,32,7,2026-04-28 10:03:00,2026-04-28 12:53:00,409,29,3
9556,10,38,9,2026-04-21 11:51:00,2026-04-21 14:34:00,64,1,3
9557,1,34,18,2026-03-04 18:38:00,2026-03-04 20:05:00,171,4,3
9558,2,46,1,2026-05-27 12:01:00,2026-05-27 14:53:00,272,12,2
9559,6,12,10,2026-03-02 07:26:00,2026-03-02 11:18:00,104,0,3
9560,1,47,9,2026-04-03 19:22:00,2026-04-03 20:31:00,98,3,3
9561,6,27,15,2026-01-27 03:43:00,2026-01-27 06:57:00,80,2,2
9562,9,40,9,2026-05-08 20:41:00,2026-05-08 22:47:00,270,8,3
9563,8,21,2,2026-01-18 16:47:00,2026-01-18 18:51:00,454,32,2
9564,6,12,9,2026-04-10 13:59:00,2026-04-10 16:52:00,273,13,2
9565,9,40,3,2026-01-01 01:12:00,2026-01-01 02:01:00,249,4,1
9566,2,46,13,2026-03-10 01:04:00,2026-03-10 02:30:00,111,7,1
9567,9,40,1,2026-01-19 05:44:00,2026-01-19 06:49:00,297,11,2
9568,4,37,8,2026-04-07 18:17:00,2026-04-07 21:51:00,97,1,2
9569,8,20,5,2026-02-16 20:22:00,2026-02-16 21:39:00,456,18,2
9570,7,35,16,2026-06-08 08:45:00,2026-06-08 10:24:00,465,7,3
9571,3,42,12,2026-02-16 00:21:00,2026-02-16 01:35:00,74,5,2
9572,7,25,1,2026-03-13 08:38:00,2026-03-13 09:23:00,234,11,3
9573,4,36,5,2026-04-09 16:21:00,2026-04-09 17:56:00,70,1,2
9574,4,36,7,2026-04-02 23:46:00,2026-04-03 02:37:00,236,8,1
9575,10,1,12,2026-02-10 06:44:00,2026-02-10 10:39:00,173,5,3
9576,3,42,8,2026-02-05 15:31:00,2026-02-05 17:40:00,252,2,1
9577,10,32,18,2026-06-15 09:22:00,2026-06-15 12:00:00,406,13,2
9578,4,8,2,2026-06-15 20:37:00,2026-06-15 22:38:00,383,16,1
9579,3,23,2,2026-03-30 14:55:00,2026-03-30 15:41:00,416,21,1
9580,2,3,1,2026-06-23 10:23:00,2026-06-23 14:10:00,413,30,3
9581,9,26,19,2026-03-09 11:47:00,2026-03-09 14:58:00,421,15,2
9582,10,9,9,2026-01-02 13:25:00,2026-01-02 17:22:00,403,10,3
9583,3,5,4,2026-02-08 02:36:00,2026-02-08 04:02:00,484,16,2
9584,1,47,18,2026-06-10 03:13:00,2026-06-10 05:19:00,194,8,1
9585,7,2,12,2026-03-05 19:18:00,2026-03-05 19:58:00,382,10,1
9586,1,34,6,2026-01-28 07:55:00,2026-01-28 10:59:00,239,10,3
9587,10,32,13,2026-06-01 19:42:00,2026-06-01 23:30:00,195,4,3
9588,8,14,11,2026-03-14 02:07:00,2026-03-14 04:48:00,289,3,2
9589,3,24,19,2026-04-23 10:15:00,2026-04-23 11:09:00,476,3,1
9590,6,17,1,2026-02-10 16:57:00,2026-02-10 18:35:00,201,10,2
9591,8,21,13,2026-02-24 02:27:00,2026-02-24 05:11:00,201,11,1
9592,10,9,7,2026-05-29 04:03:00,2026-05-29 07:37:00,324,20,2
9593,8,50,10,2026-02-05 03:34:00,2026-02-05 06:44:00,392,9,1
9594,9,22,15,2026-03-01 15:36:00,2026-03-01 16:48:00,312,5,1
9595,3,42,18,2026-04-02 02:18:00,2026-04-02 04:59:00,83,5,1
9596,7,35,18,2026-05-11 10:31:00,2026-05-11 12:02:00,115,3,3
9597,10,9,2,2026-01-23 03:36:00,2026-01-23 06:06:00,277,12,2
9598,7,35,3,2026-04-21 06:16:00,2026-04-21 07:08:00,195,13,1
9599,8,43,5,2026-04-17 14:28:00,2026-04-17 15:57:00,212,2,3
9600,10,9,3,2026-06-21 10:43:00,2026-06-21 14:04:00,238,2,2
9601,7,25,8,2026-03-17 01:32:00,2026-03-17 02:10:00,420,9,3
9602,6,27,11,2026-06-26 03:21:00,2026-06-26 07:07:00,355,24,1
9603,4,29,12,2026-01-30 10:36:00,2026-01-30 13:36:00,125,0,3
9604,4,37,8,2026-05-18 10:40:00,2026-05-18 13:43:00,391,10,2
9605,10,18,16,2026-05-25 10:15:00,2026-05-25 12:29:00,316,5,1
9606,9,33,13,2026-01-21 19:08:00,2026-01-21 21:42:00,300,7,3
9607,3,42,14,2026-04-10 03:54:00,2026-04-10 06:25:00,192,4,3
9608,1,34,20,2026-05-31 03:00:00,2026-05-31 06:46:00,165,7,2
9609,4,15,20,2026-02-18 17:52:00,2026-02-18 19:03:00,389,20,1
9610,4,36,1,2026-03-29 14:37:00,2026-03-29 17:03:00,371,12,3
9611,10,7,6,2026-03-10 17:10:00,2026-03-10 18:30:00,369,18,2
9612,4,29,16,2026-01-05 05:09:00,2026-01-05 06:29:00,317,23,1
9613,10,9,8,2026-05-14 15:23:00,2026-05-14 19:23:00,435,34,2
9614,9,40,2,2026-01-08 16:46:00,2026-01-08 19:22:00,342,24,3
9615,6,12,16,2026-05-04 02:15:00,2026-05-04 03:32:00,114,7,2
9616,8,10,7,2026-06-22 16:05:00,2026-06-22 19:20:00,385,21,3
9617,4,8,8,2026-03-26 06:51:00,2026-03-26 10:22:00,256,13,1
9618,7,31,13,2026-03-03 19:25:00,2026-03-03 21:12:00,269,19,2
9619,4,8,8,2026-04-17 09:11:00,2026-04-17 10:10:00,305,4,1
9620,4,29,9,2026-01-03 21:46:00,2026-01-04 00:55:00,169,7,2
9621,4,29,12,2026-06-09 19:35:00,2026-06-09 21:23:00,249,8,1
9622,10,18,1,2026-05-14 01:33:00,2026-05-14 02:17:00,441,22,3
9623,3,5,5,2026-01-27 01:11:00,2026-01-27 03:56:00,327,6,2
9624,10,32,12,2026-03-06 03:10:00,2026-03-06 03:57:00,115,0,3
9625,7,11,8,2026-02-07 13:18:00,2026-02-07 17:13:00,348,25,2
9626,2,46,2,2026-01-24 00:17:00,2026-01-24 03:03:00,339,12,2
9627,3,42,19,2026-04-02 17:01:00,2026-04-02 18:54:00,155,7,2
9628,6,12,18,2026-02-15 18:07:00,2026-02-15 20:45:00,348,10,3
9629,3,23,7,2026-02-28 10:10:00,2026-02-28 13:15:00,416,11,1
9630,4,36,8,2026-06-22 18:31:00,2026-06-22 21:27:00,379,21,3
9631,10,19,13,2026-05-28 09:49:00,2026-05-28 13:36:00,82,2,1
9632,10,32,9,2026-01-23 13:59:00,2026-01-23 17:44:00,331,6,2
9633,8,43,20,2026-03-24 21:06:00,2026-03-24 23:13:00,205,6,2
9634,2,3,7,2026-06-01 11:46:00,2026-06-01 13:42:00,307,20,3
9635,5,45,15,2026-05-07 16:16:00,2026-05-07 19:46:00,295,4,2
9636,9,22,4,2026-06-18 17:58:00,2026-06-18 21:29:00,240,12,2
9637,10,32,10,2026-03-05 05:04:00,2026-03-05 08:31:00,198,1,2
9638,7,25,10,2026-02-02 10:49:00,2026-02-02 12:25:00,211,0,3
9639,10,19,16,2026-03-20 01:17:00,2026-03-20 04:45:00,487,13,2
9640,4,36,17,2026-02-12 14:14:00,2026-02-12 15:58:00,394,26,1
9641,8,20,6,2026-06-29 07:52:00,2026-06-29 09:55:00,155,11,1
9642,4,36,11,2026-02-04 01:27:00,2026-02-04 04:47:00,357,2,2
9643,6,27,5,2026-03-25 13:10:00,2026-03-25 14:36:00,258,2,2
9644,3,24,4,2026-01-28 20:41:00,2026-01-29 00:30:00,137,9,3
9645,7,35,12,2026-03-16 09:07:00,2026-03-16 09:55:00,87,1,3
9646,8,43,11,2026-05-26 11:55:00,2026-05-26 15:27:00,75,5,3
9647,9,33,14,2026-05-13 23:05:00,2026-05-14 01:54:00,381,18,1
9648,10,18,18,2026-02-10 18:18:00,2026-02-10 20:41:00,69,1,2
9649,8,14,10,2026-03-21 20:57:00,2026-03-22 00:51:00,283,22,1
9650,8,50,18,2026-03-23 14:41:00,2026-03-23 15:37:00,103,0,1
9651,6,12,5,2026-03-06 00:31:00,2026-03-06 03:14:00,98,6,2
9652,9,40,8,2026-04-11 07:58:00,2026-04-11 08:29:00,353,16,1
9653,6,27,14,2026-05-08 19:39:00,2026-05-08 23:27:00,74,3,3
9654,8,43,13,2026-06-13 13:01:00,2026-06-13 14:01:00,301,7,1
9655,8,10,9,2026-03-02 16:19:00,2026-03-02 20:07:00,293,19,3
9656,3,42,13,2026-02-15 04:37:00,2026-02-15 05:12:00,393,12,1
9657,2,3,5,2026-05-01 21:26:00,2026-05-02 00:17:00,414,24,1
9658,10,38,19,2026-04-19 01:42:00,2026-04-19 04:46:00,382,26,3
9659,2,46,14,2026-03-09 09:56:00,2026-03-09 13:35:00,405,4,2
9660,9,22,5,2026-04-15 06:11:00,2026-04-15 07:58:00,286,13,2
9661,5,6,16,2026-03-19 07:51:00,2026-03-19 09:58:00,288,6,1
9662,10,38,14,2026-04-28 01:28:00,2026-04-28 02:49:00,154,8,3
9663,1,34,3,2026-03-10 14:35:00,2026-03-10 16:36:00,280,4,2
9664,4,36,20,2026-06-09 06:53:00,2026-06-09 08:33:00,318,23,1
9665,4,36,9,2026-01-05 09:07:00,2026-01-05 10:15:00,329,7,3
9666,1,34,19,2026-06-12 04:08:00,2026-06-12 05:54:00,373,10,3
9667,4,15,7,2026-01-24 02:00:00,2026-01-24 04:27:00,463,4,1
9668,2,3,3,2026-05-04 08:54:00,2026-05-04 10:59:00,297,19,1
9669,8,50,17,2026-06-18 19:42:00,2026-06-18 22:27:00,285,5,1
9670,9,33,1,2026-04-10 03:01:00,2026-04-10 06:43:00,459,5,2
9671,5,6,12,2026-02-05 22:52:00,2026-02-06 02:00:00,221,5,2
9672,10,38,5,2026-03-15 09:25:00,2026-03-15 10:36:00,105,6,1
9673,10,13,1,2026-02-14 19:47:00,2026-02-14 23:12:00,466,11,3
9674,2,46,3,2026-04-29 04:21:00,2026-04-29 05:50:00,169,1,3
9675,6,27,19,2026-06-28 11:36:00,2026-06-28 13:00:00,488,11,3
9676,7,49,18,2026-06-07 17:56:00,2026-06-07 20:20:00,114,3,1
9677,8,10,12,2026-05-25 15:54:00,2026-05-25 16:32:00,307,5,2
9678,6,12,8,2026-04-08 07:11:00,2026-04-08 10:46:00,211,6,1
9679,8,14,8,2026-04-27 08:11:00,2026-04-27 08:56:00,463,16,1
9680,7,2,12,2026-04-28 22:10:00,2026-04-29 01:03:00,273,8,2
9681,7,35,7,2026-02-07 15:06:00,2026-02-07 18:55:00,225,4,2
9682,9,40,18,2026-05-13 14:09:00,2026-05-13 18:04:00,77,3,3
9683,6,27,13,2026-06-24 08:04:00,2026-06-24 11:44:00,55,2,1
9684,8,20,12,2026-05-24 03:18:00,2026-05-24 06:15:00,262,15,1
9685,10,16,1,2026-06-12 16:21:00,2026-06-12 18:15:00,195,14,3
9686,6,27,14,2026-06-24 00:55:00,2026-06-24 04:30:00,200,3,2
9687,7,48,4,2026-06-10 15:52:00,2026-06-10 19:34:00,228,8,2
9688,8,20,8,2026-01-22 21:29:00,2026-01-22 22:12:00,85,3,2
9689,10,13,5,2026-03-31 07:10:00,2026-03-31 10:34:00,320,13,2
9690,1,47,4,2026-01-09 00:16:00,2026-01-09 01:25:00,322,18,2
9691,8,44,18,2026-04-18 05:22:00,2026-04-18 07:06:00,229,0,1
9692,8,43,19,2026-04-09 15:55:00,2026-04-09 17:29:00,419,17,2
9693,3,28,4,2026-01-07 05:22:00,2026-01-07 06:50:00,461,0,3
9694,4,15,16,2026-03-27 00:14:00,2026-03-27 01:49:00,174,8,1
9695,5,45,4,2026-01-26 08:37:00,2026-01-26 11:32:00,84,4,1
9696,3,28,19,2026-04-09 23:40:00,2026-04-10 01:49:00,294,11,2
9697,10,16,4,2026-04-17 04:41:00,2026-04-17 05:58:00,493,36,3
9698,4,37,10,2026-04-25 14:50:00,2026-04-25 16:52:00,342,11,1
9699,5,6,17,2026-04-04 22:59:00,2026-04-05 00:17:00,157,7,2
9700,10,16,12,2026-01-28 14:18:00,2026-01-28 17:35:00,118,2,3
9701,10,16,3,2026-05-13 06:50:00,2026-05-13 09:39:00,424,0,3
9702,3,23,14,2026-06-13 14:08:00,2026-06-13 15:06:00,68,2,2
9703,5,6,6,2026-02-08 10:36:00,2026-02-08 12:58:00,163,5,3
9704,8,14,5,2026-04-20 15:44:00,2026-04-20 17:01:00,295,15,3
9705,8,44,3,2026-01-10 22:03:00,2026-01-10 22:36:00,144,7,1
9706,8,44,19,2026-06-29 05:41:00,2026-06-29 06:17:00,483,37,3
9707,10,9,9,2026-03-11 04:29:00,2026-03-11 07:00:00,325,22,2
9708,3,23,3,2026-01-09 12:10:00,2026-01-09 12:52:00,304,4,1
9709,6,17,14,2026-06-10 01:41:00,2026-06-10 02:11:00,87,5,3
9710,4,36,2,2026-05-15 20:53:00,2026-05-16 00:52:00,499,25,3
9711,4,8,7,2026-02-16 07:52:00,2026-02-16 09:01:00,206,12,3
9712,7,25,15,2026-06-07 23:44:00,2026-06-08 03:15:00,236,16,3
9713,8,4,19,2026-06-19 04:05:00,2026-06-19 05:24:00,153,2,3
9714,10,32,4,2026-06-14 08:08:00,2026-06-14 09:08:00,312,20,1
9715,6,39,1,2026-02-13 16:04:00,2026-02-13 19:07:00,461,9,2
9716,1,47,16,2026-05-09 11:45:00,2026-05-09 14:41:00,463,3,1
9717,7,49,3,2026-04-01 11:37:00,2026-04-01 15:19:00,332,16,2
9718,2,3,12,2026-02-15 16:14:00,2026-02-15 19:32:00,282,15,2
9719,6,27,12,2026-01-12 00:49:00,2026-01-12 04:13:00,352,23,3
9720,8,44,18,2026-06-17 15:45:00,2026-06-17 17:35:00,175,9,1
9721,3,5,9,2026-05-25 12:54:00,2026-05-25 16:33:00,57,2,2
9722,10,16,6,2026-05-06 12:39:00,2026-05-06 13:52:00,93,5,1
9723,8,44,8,2026-05-02 21:44:00,2026-05-02 23:48:00,174,3,3
9724,7,11,10,2026-05-18 20:55:00,2026-05-18 23:43:00,428,2,2
9725,8,44,6,2026-01-06 14:09:00,2026-01-06 16:51:00,176,1,1
9726,2,3,15,2026-03-05 06:23:00,2026-03-05 09:39:00,192,15,2
9727,3,30,19,2026-01-04 12:13:00,2026-01-04 16:01:00,52,1,2
9728,3,24,1,2026-03-07 19:11:00,2026-03-07 20:43:00,340,19,3
9729,2,46,10,2026-05-07 05:55:00,2026-05-07 08:22:00,103,1,3
9730,10,13,9,2026-05-11 12:36:00,2026-05-11 15:29:00,55,3,2
9731,8,14,20,2026-03-04 13:12:00,2026-03-04 14:14:00,116,2,2
9732,8,43,18,2026-02-05 13:52:00,2026-02-05 16:10:00,432,14,1
9733,3,5,4,2026-04-16 12:39:00,2026-04-16 13:13:00,341,15,1
9734,7,2,16,2026-04-29 00:04:00,2026-04-29 01:06:00,93,6,2
9735,8,20,7,2026-04-14 23:50:00,2026-04-15 02:21:00,416,19,3
9736,1,34,3,2026-01-20 01:23:00,2026-01-20 03:20:00,77,4,3
9737,9,33,14,2026-06-05 21:58:00,2026-06-06 01:55:00,245,16,2
9738,3,42,20,2026-05-17 17:58:00,2026-05-17 20:52:00,474,23,1
9739,6,17,14,2026-03-22 09:29:00,2026-03-22 11:14:00,352,8,2
9740,8,4,13,2026-05-02 15:23:00,2026-05-02 17:55:00,366,27,3
9741,10,7,7,2026-05-08 09:18:00,2026-05-08 10:00:00,215,12,3
9742,10,18,13,2026-04-20 08:28:00,2026-04-20 12:02:00,200,0,2
9743,10,32,10,2026-05-06 16:27:00,2026-05-06 17:50:00,54,2,2
9744,10,7,16,2026-03-15 01:39:00,2026-03-15 04:55:00,310,0,2
9745,3,28,6,2026-01-09 07:25:00,2026-01-09 09:43:00,104,1,1
9746,8,10,19,2026-01-22 16:10:00,2026-01-22 19:53:00,241,18,3
9747,2,3,10,2026-06-23 07:42:00,2026-06-23 09:16:00,114,8,3
9748,8,21,2,2026-03-01 06:29:00,2026-03-01 07:28:00,346,16,2
9749,8,20,13,2026-02-06 06:17:00,2026-02-06 08:49:00,336,1,2
9750,3,24,12,2026-04-13 17:18:00,2026-04-13 20:25:00,65,1,1
9751,8,20,2,2026-01-05 21:58:00,2026-01-06 01:24:00,64,0,3
9752,6,17,15,2026-02-28 22:07:00,2026-02-28 23:05:00,214,11,3
9753,8,44,13,2026-06-13 01:05:00,2026-06-13 03:53:00,231,8,1
9754,4,15,11,2026-04-19 10:07:00,2026-04-19 13:35:00,441,20,3
9755,8,50,11,2026-04-05 09:20:00,2026-04-05 11:46:00,466,4,2
9756,7,35,15,2026-06-07 00:15:00,2026-06-07 01:13:00,489,34,2
9757,3,28,7,2026-06-24 18:02:00,2026-06-24 20:00:00,301,13,1
9758,7,35,6,2026-02-14 17:05:00,2026-02-14 20:26:00,174,5,2
9759,9,33,10,2026-06-24 06:28:00,2026-06-24 07:46:00,264,7,2
9760,4,29,8,2026-01-03 06:59:00,2026-01-03 08:22:00,356,15,1
9761,7,2,15,2026-04-02 16:54:00,2026-04-02 18:11:00,271,16,1
9762,3,5,10,2026-01-23 03:52:00,2026-01-23 06:10:00,161,0,3
9763,1,34,16,2026-01-07 20:17:00,2026-01-08 00:09:00,466,23,1
9764,9,26,7,2026-03-05 21:17:00,2026-03-06 01:14:00,165,1,3
9765,9,33,4,2026-06-11 15:14:00,2026-06-11 18:10:00,328,14,2
9766,10,1,6,2026-02-15 09:35:00,2026-02-15 13:20:00,50,0,3
9767,4,29,3,2026-05-17 01:23:00,2026-05-17 05:22:00,417,27,2
9768,2,3,14,2026-04-20 19:07:00,2026-04-20 22:19:00,123,5,2
9769,5,6,10,2026-06-16 10:34:00,2026-06-16 13:30:00,135,1,2
9770,9,41,7,2026-01-27 16:58:00,2026-01-27 20:15:00,135,10,2
9771,9,33,19,2026-02-10 06:04:00,2026-02-10 08:05:00,175,4,3
9772,8,21,18,2026-06-04 01:51:00,2026-06-04 05:04:00,359,12,3
9773,1,47,6,2026-01-23 06:42:00,2026-01-23 08:48:00,164,6,3
9774,4,15,13,2026-05-31 09:56:00,2026-05-31 13:14:00,325,20,3
9775,10,13,9,2026-04-28 15:10:00,2026-04-28 16:41:00,357,6,1
9776,3,28,3,2026-01-30 16:00:00,2026-01-30 16:45:00,200,3,2
9777,5,45,4,2026-05-24 23:57:00,2026-05-25 02:02:00,115,0,2
9778,10,13,16,2026-02-09 12:24:00,2026-02-09 14:48:00,220,5,1
9779,10,13,16,2026-06-05 07:00:00,2026-06-05 09:49:00,465,23,2
9780,8,20,13,2026-01-22 19:57:00,2026-01-22 22:48:00,359,2,2
9781,9,22,20,2026-04-11 10:32:00,2026-04-11 12:30:00,241,15,3
9782,10,16,4,2026-03-12 05:56:00,2026-03-12 08:14:00,449,24,2
9783,10,32,8,2026-04-05 18:18:00,2026-04-05 20:21:00,400,1,2
9784,8,21,1,2026-06-09 16:55:00,2026-06-09 18:06:00,256,7,1
9785,8,44,18,2026-05-21 00:49:00,2026-05-21 01:33:00,321,9,2
9786,10,19,2,2026-05-09 23:41:00,2026-05-10 01:12:00,170,2,3
9787,2,3,8,2026-05-02 13:10:00,2026-05-02 15:38:00,266,5,1
9788,7,49,19,2026-03-29 15:03:00,2026-03-29 16:33:00,437,26,3
9789,5,45,19,2026-02-14 02:28:00,2026-02-14 04:24:00,310,23,1
9790,10,9,4,2026-06-14 15:56:00,2026-06-14 18:43:00,421,8,3
9791,6,39,6,2026-06-24 09:12:00,2026-06-24 10:03:00,490,4,3
9792,8,14,17,2026-01-06 02:07:00,2026-01-06 02:37:00,367,26,3
9793,5,6,9,2026-03-03 15:25:00,2026-03-03 18:26:00,143,5,1
9794,2,3,11,2026-03-21 21:47:00,2026-03-21 23:49:00,331,11,3
9795,10,19,15,2026-04-20 14:33:00,2026-04-20 15:44:00,263,17,2
9796,5,45,20,2026-05-13 12:24:00,2026-05-13 13:13:00,494,17,1
9797,4,15,13,2026-04-25 05:30:00,2026-04-25 07:09:00,188,3,3
9798,4,29,7,2026-06-13 07:59:00,2026-06-13 09:01:00,145,4,2
9799,10,32,4,2026-05-09 19:37:00,2026-05-09 23:11:00,240,2,3
9800,9,33,11,2026-03-19 21:55:00,2026-03-19 23:08:00,340,1,3
9801,10,18,18,2026-02-17 15:12:00,2026-02-17 15:48:00,246,8,1
9802,8,50,3,2026-01-09 23:44:00,2026-01-10 01:25:00,315,10,1
9803,9,41,13,2026-03-09 20:59:00,2026-03-09 22:51:00,354,11,1
9804,8,43,14,2026-04-27 12:54:00,2026-04-27 13:27:00,116,0,3
9805,7,25,1,2026-06-17 22:19:00,2026-06-18 00:17:00,74,4,2
9806,10,18,12,2026-01-06 18:01:00,2026-01-06 21:03:00,433,8,3
9807,8,10,10,2026-06-11 10:08:00,2026-06-11 12:17:00,383,25,3
9808,3,23,2,2026-02-11 15:57:00,2026-02-11 19:15:00,445,26,2
9809,7,2,13,2026-02-04 16:03:00,2026-02-04 19:27:00,165,6,3
9810,6,39,19,2026-03-30 09:01:00,2026-03-30 10:21:00,293,11,3
9811,4,36,5,2026-02-01 19:53:00,2026-02-01 23:34:00,284,3,2
9812,7,25,10,2026-04-18 10:03:00,2026-04-18 12:59:00,210,15,2
9813,10,7,1,2026-05-04 07:01:00,2026-05-04 10:29:00,336,17,3
9814,7,48,13,2026-04-27 17:16:00,2026-04-27 19:48:00,478,23,1
9815,9,26,7,2026-06-13 16:46:00,2026-06-13 17:43:00,107,7,2
9816,5,6,7,2026-03-15 18:46:00,2026-03-15 21:49:00,213,11,3
9817,3,42,6,2026-04-01 00:22:00,2026-04-01 01:14:00,458,16,2
9818,8,14,5,2026-03-06 16:39:00,2026-03-06 17:51:00,313,9,2
9819,3,30,18,2026-05-02 12:19:00,2026-05-02 14:16:00,217,14,2
9820,3,5,3,2026-06-14 06:18:00,2026-06-14 09:51:00,402,6,2
9821,4,15,17,2026-06-19 10:47:00,2026-06-19 11:41:00,216,4,1
9822,10,32,5,2026-06-14 21:57:00,2026-06-15 00:03:00,252,15,3
9823,7,49,17,2026-05-01 13:12:00,2026-05-01 17:02:00,227,16,2
9824,7,25,7,2026-06-07 05:35:00,2026-06-07 09:21:00,333,25,1
9825,8,21,16,2026-05-24 16:21:00,2026-05-24 18:17:00,343,25,2
9826,1,47,11,2026-02-26 14:20:00,2026-02-26 17:38:00,270,12,2
9827,4,8,6,2026-01-20 01:05:00,2026-01-20 04:14:00,295,0,1
9828,4,15,10,2026-03-12 12:21:00,2026-03-12 14:50:00,460,30,1
9829,8,20,4,2026-02-14 19:05:00,2026-02-14 20:05:00,165,5,1
9830,3,24,11,2026-04-05 20:26:00,2026-04-05 21:23:00,185,7,3
9831,8,20,8,2026-06-12 16:18:00,2026-06-12 19:14:00,399,5,3
9832,2,3,19,2026-03-28 18:05:00,2026-03-28 20:55:00,182,10,1
9833,8,14,3,2026-04-02 17:10:00,2026-04-02 18:10:00,108,2,3
9834,8,21,11,2026-01-25 02:23:00,2026-01-25 04:47:00,383,20,3
9835,10,38,11,2026-06-10 14:18:00,2026-06-10 15:24:00,461,18,3
9836,8,44,18,2026-01-27 09:59:00,2026-01-27 13:02:00,218,4,2
9837,5,45,5,2026-06-09 17:09:00,2026-06-09 17:46:00,342,6,2
9838,10,32,10,2026-02-15 01:51:00,2026-02-15 03:59:00,204,7,3
9839,7,49,2,2026-01-15 07:49:00,2026-01-15 10:50:00,474,26,1
9840,9,22,1,2026-01-25 17:07:00,2026-01-25 17:46:00,123,6,1
9841,8,50,15,2026-02-06 22:46:00,2026-02-07 00:17:00,82,3,2
9842,7,2,20,2026-01-25 12:56:00,2026-01-25 15:18:00,207,5,2
9843,3,23,14,2026-02-20 10:13:00,2026-02-20 13:29:00,173,8,1
9844,9,26,17,2026-02-12 02:32:00,2026-02-12 05:13:00,139,7,3
9845,7,11,6,2026-05-16 20:49:00,2026-05-16 23:37:00,250,16,3
9846,8,44,20,2026-02-12 08:16:00,2026-02-12 09:10:00,151,4,2
9847,9,26,13,2026-06-16 04:42:00,2026-06-16 06:10:00,242,14,3
9848,7,11,7,2026-03-21 04:26:00,2026-03-21 06:34:00,162,12,3
9849,6,39,15,2026-06-07 10:04:00,2026-06-07 13:07:00,258,7,1
9850,3,42,3,2026-02-04 17:21:00,2026-02-04 18:49:00,352,9,3
9851,6,17,12,2026-01-25 10:30:00,2026-01-25 14:09:00,437,6,3
9852,10,38,18,2026-05-31 11:02:00,2026-05-31 14:38:00,331,15,2
9853,4,8,15,2026-06-09 17:06:00,2026-06-09 19:48:00,81,0,2
9854,10,18,10,2026-03-18 04:05:00,2026-03-18 07:29:00,181,5,3
9855,3,28,12,2026-02-04 01:08:00,2026-02-04 02:44:00,410,29,2
9856,1,34,1,2026-05-03 04:38:00,2026-05-03 06:48:00,109,6,2
9857,6,39,4,2026-03-10 22:28:00,2026-03-11 02:00:00,214,4,3
9858,1,47,8,2026-01-27 11:20:00,2026-01-27 12:35:00,305,7,1
9859,10,9,17,2026-01-21 01:03:00,2026-01-21 03:07:00,94,4,2
9860,7,31,5,2026-05-14 17:03:00,2026-05-14 18:52:00,424,31,1
9861,1,34,6,2026-01-14 22:35:00,2026-01-15 02:14:00,440,9,2
9862,8,20,19,2026-01-13 04:18:00,2026-01-13 07:37:00,96,2,2
9863,6,39,17,2026-03-21 22:49:00,2026-03-22 00:53:00,322,22,1
9864,8,43,4,2026-02-19 03:58:00,2026-02-19 06:05:00,105,4,3
9865,10,13,12,2026-04-23 15:52:00,2026-04-23 18:09:00,269,6,1
9866,10,38,1,2026-01-07 15:04:00,2026-01-07 18:08:00,130,5,3
9867,7,48,19,2026-06-28 13:59:00,2026-06-28 16:30:00,249,7,3
9868,4,36,1,2026-04-22 23:55:00,2026-04-23 01:09:00,335,8,2
9869,7,11,18,2026-01-09 13:54:00,2026-01-09 15:32:00,305,0,2
9870,7,2,19,2026-05-04 22:23:00,2026-05-05 02:15:00,339,15,3
9871,8,43,16,2026-05-04 05:50:00,2026-05-04 09:45:00,260,8,2
9872,10,19,18,2026-01-26 14:14:00,2026-01-26 16:39:00,92,4,3
9873,2,3,13,2026-02-01 09:14:00,2026-02-01 12:08:00,65,1,2
9874,4,29,14,2026-02-10 06:51:00,2026-02-10 10:46:00,228,4,2
9875,4,36,12,2026-04-23 14:02:00,2026-04-23 16:26:00,411,21,3
9876,3,30,4,2026-04-09 06:03:00,2026-04-09 07:31:00,463,2,3
9877,1,47,7,2026-06-12 05:28:00,2026-06-12 06:35:00,381,11,1
9878,7,31,14,2026-04-18 17:57:00,2026-04-18 19:52:00,463,0,2
9879,1,47,18,2026-02-02 09:47:00,2026-02-02 12:50:00,246,8,2
9880,2,3,14,2026-05-18 18:59:00,2026-05-18 21:32:00,405,16,2
9881,2,46,7,2026-03-14 17:13:00,2026-03-14 21:07:00,460,1,2
9882,3,42,19,2026-06-07 06:45:00,2026-06-07 09:05:00,306,24,3
9883,6,12,14,2026-01-22 10:07:00,2026-01-22 12:10:00,71,0,3
9884,7,31,20,2026-06-23 20:57:00,2026-06-23 22:57:00,229,5,2
9885,9,40,7,2026-05-25 05:17:00,2026-05-25 09:08:00,413,26,1
9886,6,39,15,2026-06-14 03:04:00,2026-06-14 03:54:00,110,8,2
9887,10,18,16,2026-06-11 06:13:00,2026-06-11 09:00:00,471,32,1
9888,8,44,7,2026-04-20 01:30:00,2026-04-20 02:59:00,357,21,3
9889,3,42,7,2026-02-25 20:24:00,2026-02-26 00:08:00,75,1,2
9890,1,47,6,2026-06-24 07:08:00,2026-06-24 09:31:00,257,3,3
9891,3,30,6,2026-04-29 13:18:00,2026-04-29 15:33:00,163,7,2
9892,3,30,1,2026-04-04 08:55:00,2026-04-04 10:16:00,384,10,3
9893,10,16,15,2026-06-25 18:14:00,2026-06-25 22:04:00,179,12,2
9894,8,4,6,2026-03-18 07:13:00,2026-03-18 10:49:00,408,27,3
9895,4,8,3,2026-03-31 10:49:00,2026-03-31 13:06:00,373,0,2
9896,3,24,18,2026-04-22 15:47:00,2026-04-22 19:24:00,343,3,2
9897,7,31,18,2026-06-02 02:09:00,2026-06-02 05:06:00,309,21,2
9898,7,11,15,2026-03-13 20:26:00,2026-03-14 00:07:00,394,26,2
9899,6,27,8,2026-05-07 20:33:00,2026-05-08 00:05:00,447,8,3
9900,8,10,12,2026-05-08 13:47:00,2026-05-08 15:11:00,243,5,1
9901,10,19,4,2026-03-21 06:18:00,2026-03-21 10:15:00,82,3,2
9902,7,35,10,2026-05-06 17:55:00,2026-05-06 20:47:00,55,4,3
9903,9,41,4,2026-04-24 10:48:00,2026-04-24 14:38:00,386,4,1
9904,10,1,6,2026-03-20 04:06:00,2026-03-20 05:34:00,328,25,1
9905,7,35,7,2026-04-21 14:55:00,2026-04-21 17:44:00,390,30,3
9906,5,45,14,2026-02-02 19:55:00,2026-02-02 22:47:00,297,3,1
9907,10,32,5,2026-01-07 08:53:00,2026-01-07 10:03:00,106,3,2
9908,8,10,16,2026-04-26 16:02:00,2026-04-26 18:15:00,399,22,3
9909,4,8,11,2026-02-16 00:57:00,2026-02-16 04:50:00,393,17,1
9910,8,4,8,2026-01-26 19:39:00,2026-01-26 23:34:00,408,7,1
9911,8,10,5,2026-05-23 23:27:00,2026-05-24 01:31:00,269,2,2
9912,8,14,6,2026-04-11 13:54:00,2026-04-11 17:05:00,411,9,2
9913,8,21,4,2026-06-14 07:58:00,2026-06-14 08:45:00,375,14,2
9914,10,16,4,2026-05-26 17:20:00,2026-05-26 19:34:00,486,4,2
9915,9,26,8,2026-03-15 11:30:00,2026-03-15 12:02:00,487,9,1
9916,5,6,4,2026-04-05 14:01:00,2026-04-05 16:32:00,346,7,1
9917,9,33,4,2026-01-31 01:40:00,2026-01-31 04:25:00,365,7,2
9918,10,9,10,2026-04-21 16:08:00,2026-04-21 19:07:00,500,28,1
9919,8,21,5,2026-01-17 12:54:00,2026-01-17 14:04:00,135,4,2
9920,3,30,12,2026-06-08 10:28:00,2026-06-08 11:42:00,349,14,2
9921,3,24,5,2026-02-22 06:21:00,2026-02-22 07:13:00,223,3,1
9922,6,39,17,2026-06-04 14:19:00,2026-06-04 16:22:00,385,17,1
9923,5,6,17,2026-03-04 17:25:00,2026-03-04 21:01:00,165,3,3
9924,7,31,18,2026-06-13 08:03:00,2026-06-13 10:13:00,450,11,3
9925,8,43,13,2026-04-05 15:19:00,2026-04-05 16:49:00,327,10,1
9926,10,38,8,2026-04-16 04:43:00,2026-04-16 06:42:00,259,14,1
9927,3,24,3,2026-04-16 23:30:00,2026-04-17 02:15:00,393,21,1
9928,10,32,3,2026-06-25 02:58:00,2026-06-25 04:13:00,298,7,3
9929,3,30,15,2026-03-15 14:21:00,2026-03-15 14:51:00,401,26,3
9930,10,18,14,2026-06-18 15:59:00,2026-06-18 16:53:00,112,0,2
9931,7,2,16,2026-01-24 02:07:00,2026-01-24 03:17:00,291,7,1
9932,4,15,6,2026-03-26 12:37:00,2026-03-26 16:22:00,64,4,2
9933,7,31,1,2026-01-03 01:35:00,2026-01-03 03:40:00,194,3,2
9934,5,6,6,2026-06-18 02:58:00,2026-06-18 04:14:00,370,13,2
9935,6,27,3,2026-01-19 18:20:00,2026-01-19 19:51:00,164,7,3
9936,10,19,3,2026-05-22 00:54:00,2026-05-22 02:15:00,426,20,1
9937,9,40,1,2026-01-27 10:22:00,2026-01-27 13:32:00,466,3,3
9938,2,3,18,2026-01-25 18:12:00,2026-01-25 21:18:00,208,12,1
9939,1,34,18,2026-06-22 15:52:00,2026-06-22 17:28:00,370,15,2
9940,10,38,6,2026-04-27 20:00:00,2026-04-27 22:48:00,280,16,2
9941,6,39,4,2026-06-10 19:11:00,2026-06-10 23:02:00,90,2,2
9942,9,33,12,2026-05-02 01:12:00,2026-05-02 03:45:00,487,2,1
9943,10,7,1,2026-01-22 06:13:00,2026-01-22 10:11:00,443,14,3
9944,9,26,15,2026-03-10 13:55:00,2026-03-10 17:20:00,234,18,1
9945,6,39,15,2026-04-25 09:11:00,2026-04-25 11:58:00,463,28,1
9946,2,46,13,2026-05-28 09:00:00,2026-05-28 11:39:00,327,3,2
9947,4,8,16,2026-06-17 18:04:00,2026-06-17 21:58:00,426,22,3
9948,10,1,7,2026-03-16 22:59:00,2026-03-17 02:29:00,223,2,1
9949,8,10,8,2026-01-10 20:07:00,2026-01-10 22:29:00,433,0,2
9950,8,21,19,2026-02-07 21:22:00,2026-02-07 22:25:00,479,27,3
9951,8,44,10,2026-05-14 23:49:00,2026-05-15 01:09:00,381,26,2
9952,10,16,20,2026-03-06 22:20:00,2026-03-07 01:17:00,110,5,2
9953,9,40,11,2026-06-15 23:57:00,2026-06-16 01:44:00,439,29,2
9954,8,50,14,2026-02-27 07:02:00,2026-02-27 10:37:00,329,24,1
9955,4,29,11,2026-03-25 01:09:00,2026-03-25 04:38:00,171,4,1
9956,10,1,2,2026-06-12 00:12:00,2026-06-12 01:49:00,353,24,2
9957,6,39,5,2026-02-04 10:40:00,2026-02-04 13:20:00,311,4,1
9958,8,14,17,2026-03-16 03:14:00,2026-03-16 07:07:00,127,2,3
9959,7,48,12,2026-01-14 12:18:00,2026-01-14 14:39:00,336,9,3
9960,10,18,4,2026-02-10 02:53:00,2026-02-10 05:26:00,153,5,3
9961,8,21,8,2026-02-04 00:12:00,2026-02-04 03:26:00,437,19,1
9962,8,21,20,2026-05-09 12:18:00,2026-05-09 14:46:00,193,6,1
9963,8,44,14,2026-01-04 20:21:00,2026-01-04 23:01:00,122,3,3
9964,7,31,18,2026-06-18 03:33:00,2026-06-18 05:40:00,146,2,2
9965,3,30,10,2026-06-21 14:49:00,2026-06-21 16:17:00,498,22,2
9966,10,32,3,2026-04-25 14:20:00,2026-04-25 16:25:00,132,2,2
9967,10,9,8,2026-02-03 18:24:00,2026-02-03 19:06:00,114,4,2
9968,4,37,11,2026-05-15 21:21:00,2026-05-16 00:56:00,174,1,2
9969,4,15,17,2026-04-26 18:25:00,2026-04-26 18:59:00,409,12,1
9970,10,9,16,2026-06-15 15:58:00,2026-06-15 19:50:00,82,3,3
9971,4,37,19,2026-01-14 14:58:00,2026-01-14 18:06:00,157,5,2
9972,7,11,19,2026-06-15 17:05:00,2026-06-15 17:46:00,460,9,2
9973,4,8,19,2026-06-15 04:12:00,2026-06-15 05:23:00,494,19,2
9974,10,38,15,2026-03-02 01:46:00,2026-03-02 05:33:00,258,15,2
9975,8,10,10,2026-01-17 21:48:00,2026-01-17 22:47:00,226,4,3
9976,4,37,8,2026-05-03 23:06:00,2026-05-04 02:43:00,248,3,3
9977,10,32,9,2026-02-24 14:35:00,2026-02-24 16:49:00,235,12,3
9978,8,43,10,2026-01-20 12:53:00,2026-01-20 13:32:00,309,5,1
9979,5,6,2,2026-04-13 15:07:00,2026-04-13 16:35:00,490,23,1
9980,10,38,14,2026-04-27 06:31:00,2026-04-27 09:23:00,367,8,2
9981,10,19,17,2026-01-28 12:03:00,2026-01-28 15:22:00,243,8,2
9982,10,13,5,2026-01-01 00:03:00,2026-01-01 02:36:00,117,7,3
9983,8,44,14,2026-01-24 13:02:00,2026-01-24 15:40:00,238,13,2
9984,4,29,9,2026-04-12 05:42:00,2026-04-12 07:58:00,124,0,2
9985,7,48,14,2026-04-08 00:02:00,2026-04-08 03:06:00,152,10,2
9986,4,15,10,2026-02-20 06:05:00,2026-02-20 08:12:00,263,9,1
9987,1,34,10,2026-04-29 09:47:00,2026-04-29 13:12:00,74,1,1
9988,10,9,3,2026-04-03 14:44:00,2026-04-03 15:16:00,196,2,3
9989,8,10,5,2026-04-02 09:34:00,2026-04-02 11:24:00,253,13,1
9990,8,50,13,2026-01-12 03:21:00,2026-01-12 04:51:00,414,21,2
9991,10,9,20,2026-04-26 18:14:00,2026-04-26 21:43:00,475,9,2
9992,7,35,1,2026-04-19 01:06:00,2026-04-19 04:35:00,278,3,3
9993,4,29,14,2026-02-23 02:26:00,2026-02-23 03:20:00,276,20,1
9994,8,10,19,2026-05-08 05:30:00,2026-05-08 06:36:00,184,2,3
9995,7,25,17,2026-02-03 07:18:00,2026-02-03 09:34:00,478,18,2
9996,5,45,11,2026-04-01 08:11:00,2026-04-01 10:41:00,321,24,3
9997,7,31,17,2026-04-04 21:46:00,2026-04-05 01:41:00,116,5,2
9998,1,34,15,2026-05-19 04:45:00,2026-05-19 07:37:00,172,9,3
9999,10,1,7,2026-01-15 18:36:00,2026-01-15 20:05:00,349,8,1
10000,3,30,1,2026-01-16 17:15:00,2026-01-16 20:58:00,278,19,3
