event_id,machine_id,start_time,end_time,type,reason_code,order_id
1,7,2026-04-16 08:12:00,2026-04-16 10:40:00,planned,MEC-02,
2,23,2026-05-26 11:26:00,2026-05-26 11:53:00,planned,MAT-01,4288.0
3,11,2026-03-28 15:23:00,2026-03-28 17:56:00,unplanned,MEC-02,5964.0
4,25,2026-02-08 12:47:00,2026-02-08 14:27:00,planned,MAT-01,4841.0
5,11,2026-04-23 12:56:00,2026-04-23 15:41:00,unplanned,ELEC-01,5509.0
6,17,2026-06-05 00:20:00,2026-06-05 02:55:00,unplanned,MEC-02,2228.0
7,12,2026-06-22 19:59:00,2026-06-22 21:29:00,planned,MEC-02,737.0
8,40,2026-03-31 06:39:00,2026-03-31 07:44:00,unplanned,MEC-01,1806.0
9,39,2026-06-10 11:26:00,2026-06-10 13:29:00,unplanned,CAL-01,
10,12,2026-06-04 10:54:00,2026-06-04 11:46:00,planned,ELEC-01,
11,15,2026-01-01 03:14:00,2026-01-01 04:03:00,unplanned,ELEC-01,7866.0
12,22,2026-06-28 17:50:00,2026-06-28 17:57:00,planned,CAL-01,6595.0
13,49,2026-05-25 22:22:00,2026-05-25 22:34:00,planned,MAT-01,1403.0
14,41,2026-02-26 06:16:00,2026-02-26 07:42:00,unplanned,ELEC-01,7959.0
15,5,2026-03-05 14:05:00,2026-03-05 16:52:00,planned,ELEC-01,4800.0
16,13,2026-03-08 18:26:00,2026-03-08 20:16:00,unplanned,MEC-01,
17,39,2026-05-25 03:51:00,2026-05-25 04:08:00,planned,MEC-01,3008.0
18,46,2026-01-04 03:24:00,2026-01-04 05:44:00,planned,MEC-01,2063.0
19,49,2026-05-15 19:26:00,2026-05-15 22:02:00,planned,MEC-02,9493.0
20,16,2026-01-24 09:21:00,2026-01-24 10:25:00,planned,ELEC-01,5836.0
21,12,2026-02-05 18:11:00,2026-02-05 20:26:00,unplanned,MEC-01,6668.0
22,14,2026-06-23 03:49:00,2026-06-23 03:59:00,unplanned,ELEC-01,5918.0
23,29,2026-06-10 21:02:00,2026-06-10 22:58:00,unplanned,MEC-01,4649.0
24,2,2026-04-04 11:31:00,2026-04-04 11:45:00,unplanned,MEC-02,
25,3,2026-05-15 12:05:00,2026-05-15 14:09:00,planned,CAL-01,
26,4,2026-05-21 16:55:00,2026-05-21 19:45:00,unplanned,ELEC-01,3029.0
27,11,2026-02-27 09:38:00,2026-02-27 10:50:00,unplanned,ELEC-01,8371.0
28,50,2026-03-22 04:48:00,2026-03-22 05:38:00,unplanned,MAT-01,2757.0
29,36,2026-02-24 21:35:00,2026-02-24 23:01:00,unplanned,CAL-01,6993.0
30,50,2026-02-10 00:32:00,2026-02-10 02:46:00,unplanned,MEC-02,1985.0
31,12,2026-05-28 23:50:00,2026-05-29 02:00:00,unplanned,CAL-01,
32,10,2026-03-21 04:17:00,2026-03-21 05:08:00,unplanned,MEC-02,
33,14,2026-01-26 16:57:00,2026-01-26 19:51:00,planned,MAT-01,3163.0
34,11,2026-06-13 02:51:00,2026-06-13 03:10:00,planned,ELEC-01,
35,34,2026-04-22 20:05:00,2026-04-22 20:14:00,unplanned,MAT-01,1170.0
36,40,2026-06-11 08:39:00,2026-06-11 10:43:00,planned,CAL-01,3129.0
37,33,2026-05-20 21:45:00,2026-05-21 00:08:00,unplanned,MAT-01,281.0
38,27,2026-02-17 19:32:00,2026-02-17 22:27:00,planned,ELEC-01,
39,33,2026-01-20 09:31:00,2026-01-20 11:48:00,planned,ELEC-01,
40,29,2026-01-04 07:20:00,2026-01-04 07:54:00,planned,MAT-01,
41,47,2026-01-29 03:54:00,2026-01-29 05:01:00,unplanned,CAL-01,4133.0
42,37,2026-03-06 05:22:00,2026-03-06 06:40:00,planned,MEC-02,2717.0
43,4,2026-05-25 09:31:00,2026-05-25 11:50:00,unplanned,MEC-01,6027.0
44,1,2026-03-21 21:42:00,2026-03-21 23:11:00,planned,MEC-02,
45,36,2026-03-05 19:29:00,2026-03-05 21:49:00,planned,MEC-02,1960.0
46,4,2026-03-21 21:17:00,2026-03-21 22:11:00,unplanned,CAL-01,2950.0
47,50,2026-01-02 04:29:00,2026-01-02 06:37:00,planned,MEC-02,7113.0
48,35,2026-06-16 08:55:00,2026-06-16 10:23:00,unplanned,ELEC-01,9386.0
49,1,2026-02-07 20:52:00,2026-02-07 21:41:00,planned,CAL-01,9914.0
50,44,2026-01-22 03:15:00,2026-01-22 04:19:00,unplanned,MAT-01,
51,48,2026-01-17 11:41:00,2026-01-17 12:24:00,planned,MEC-02,8606.0
52,28,2026-04-18 21:44:00,2026-04-18 22:34:00,planned,CAL-01,7454.0
53,35,2026-02-12 02:13:00,2026-02-12 04:18:00,planned,ELEC-01,7139.0
54,15,2026-05-18 05:11:00,2026-05-18 05:20:00,unplanned,ELEC-01,4478.0
55,8,2026-03-31 20:44:00,2026-03-31 23:30:00,unplanned,ELEC-01,8719.0
56,11,2026-01-12 09:04:00,2026-01-12 10:14:00,unplanned,MAT-01,7372.0
57,6,2026-06-09 04:00:00,2026-06-09 05:32:00,planned,MEC-01,
58,29,2026-05-16 14:25:00,2026-05-16 17:02:00,planned,ELEC-01,
59,44,2026-02-08 09:59:00,2026-02-08 12:28:00,unplanned,ELEC-01,2909.0
60,20,2026-06-12 08:09:00,2026-06-12 09:24:00,planned,MEC-01,6954.0
61,37,2026-04-29 07:09:00,2026-04-29 09:09:00,planned,CAL-01,30.0
62,33,2026-04-12 20:41:00,2026-04-12 22:54:00,planned,CAL-01,2899.0
63,19,2026-02-12 06:24:00,2026-02-12 06:44:00,unplanned,MEC-01,
64,46,2026-05-11 19:28:00,2026-05-11 21:58:00,planned,MEC-01,7450.0
65,5,2026-04-09 07:22:00,2026-04-09 07:59:00,planned,CAL-01,7460.0
66,50,2026-02-27 20:16:00,2026-02-27 23:06:00,unplanned,CAL-01,8430.0
67,22,2026-03-01 08:47:00,2026-03-01 10:40:00,planned,MAT-01,604.0
68,8,2026-04-08 02:50:00,2026-04-08 04:06:00,unplanned,MEC-01,6320.0
69,7,2026-05-25 01:58:00,2026-05-25 04:13:00,planned,ELEC-01,3984.0
70,44,2026-01-23 19:15:00,2026-01-23 21:36:00,planned,CAL-01,
71,27,2026-03-18 13:51:00,2026-03-18 15:30:00,unplanned,CAL-01,
72,13,2026-04-26 15:09:00,2026-04-26 16:07:00,planned,MEC-01,
73,5,2026-06-05 02:42:00,2026-06-05 03:15:00,unplanned,MAT-01,1012.0
74,2,2026-01-21 21:11:00,2026-01-21 23:05:00,unplanned,MEC-01,3197.0
75,12,2026-06-18 09:07:00,2026-06-18 10:13:00,unplanned,CAL-01,1612.0
76,5,2026-02-28 07:09:00,2026-02-28 09:49:00,unplanned,ELEC-01,
77,8,2026-04-16 02:31:00,2026-04-16 05:10:00,unplanned,ELEC-01,9535.0
78,7,2026-05-28 11:15:00,2026-05-28 14:02:00,planned,MEC-01,9574.0
79,2,2026-02-07 23:09:00,2026-02-07 23:42:00,unplanned,MEC-01,7345.0
80,14,2026-05-29 22:50:00,2026-05-30 00:14:00,planned,MEC-02,4513.0
81,4,2026-02-21 06:22:00,2026-02-21 06:36:00,unplanned,MAT-01,7057.0
82,12,2026-03-02 18:03:00,2026-03-02 20:00:00,unplanned,ELEC-01,8733.0
83,2,2026-04-10 10:44:00,2026-04-10 13:14:00,unplanned,CAL-01,2713.0
84,5,2026-04-01 23:43:00,2026-04-02 01:37:00,unplanned,CAL-01,
85,28,2026-02-05 16:57:00,2026-02-05 19:03:00,planned,MAT-01,5945.0
86,30,2026-05-22 10:40:00,2026-05-22 12:23:00,unplanned,MAT-01,3112.0
87,22,2026-04-14 12:47:00,2026-04-14 13:10:00,planned,MEC-01,1892.0
88,32,2026-02-18 20:12:00,2026-02-18 23:07:00,unplanned,MEC-01,
89,38,2026-03-14 14:42:00,2026-03-14 17:14:00,planned,MEC-02,3358.0
90,3,2026-02-26 10:22:00,2026-02-26 10:32:00,unplanned,CAL-01,
91,11,2026-06-21 05:20:00,2026-06-21 08:07:00,unplanned,MEC-01,7352.0
92,33,2026-05-27 22:47:00,2026-05-28 00:17:00,planned,MEC-02,
93,13,2026-05-29 12:07:00,2026-05-29 14:36:00,planned,MAT-01,718.0
94,37,2026-06-27 21:51:00,2026-06-28 00:32:00,unplanned,ELEC-01,
95,39,2026-04-12 11:15:00,2026-04-12 11:37:00,unplanned,MAT-01,
96,34,2026-02-09 12:29:00,2026-02-09 14:52:00,planned,MEC-02,9947.0
97,6,2026-06-27 06:29:00,2026-06-27 06:41:00,planned,MEC-01,
98,3,2026-04-10 11:21:00,2026-04-10 13:48:00,planned,ELEC-01,
99,46,2026-03-21 23:54:00,2026-03-22 02:14:00,planned,MAT-01,
100,30,2026-06-25 03:58:00,2026-06-25 06:05:00,planned,MEC-02,
101,11,2026-03-12 20:49:00,2026-03-12 22:40:00,unplanned,MEC-01,7453.0
102,42,2026-04-17 06:30:00,2026-04-17 09:22:00,unplanned,MEC-01,6648.0
103,45,2026-01-29 13:29:00,2026-01-29 14:56:00,planned,MEC-01,5239.0
104,27,2026-05-22 06:45:00,2026-05-22 09:24:00,unplanned,MEC-02,5069.0
105,36,2026-04-22 15:32:00,2026-04-22 16:11:00,unplanned,MEC-01,1142.0
106,32,2026-04-27 08:14:00,2026-04-27 10:47:00,unplanned,MEC-01,8190.0
107,48,2026-02-01 18:28:00,2026-02-01 20:57:00,unplanned,MEC-02,
108,19,2026-01-09 03:40:00,2026-01-09 04:55:00,unplanned,MEC-02,7595.0
109,40,2026-06-24 12:33:00,2026-06-24 14:27:00,planned,CAL-01,974.0
110,38,2026-01-22 13:42:00,2026-01-22 16:37:00,unplanned,CAL-01,6419.0
111,40,2026-03-05 20:03:00,2026-03-05 21:01:00,planned,MEC-02,9401.0
112,50,2026-04-11 13:50:00,2026-04-11 15:39:00,unplanned,ELEC-01,
113,31,2026-04-19 18:58:00,2026-04-19 20:51:00,unplanned,MEC-02,
114,24,2026-05-03 13:27:00,2026-05-03 15:31:00,planned,MAT-01,
115,7,2026-02-28 09:22:00,2026-02-28 10:47:00,planned,MAT-01,3348.0
116,23,2026-01-02 14:57:00,2026-01-02 17:15:00,unplanned,MEC-01,5944.0
117,48,2026-03-25 05:30:00,2026-03-25 05:53:00,unplanned,MEC-01,1147.0
118,14,2026-05-19 15:48:00,2026-05-19 17:27:00,unplanned,ELEC-01,2391.0
119,4,2026-01-28 13:52:00,2026-01-28 16:46:00,planned,CAL-01,8668.0
120,42,2026-02-11 14:32:00,2026-02-11 15:11:00,unplanned,MEC-01,8620.0
121,4,2026-01-29 03:26:00,2026-01-29 04:42:00,unplanned,MEC-01,3772.0
122,32,2026-06-09 06:51:00,2026-06-09 09:31:00,planned,CAL-01,
123,38,2026-03-30 21:11:00,2026-03-30 21:39:00,planned,ELEC-01,7927.0
124,27,2026-06-18 03:08:00,2026-06-18 04:14:00,planned,ELEC-01,7678.0
125,9,2026-01-17 23:26:00,2026-01-18 02:07:00,planned,ELEC-01,9753.0
126,9,2026-03-23 23:52:00,2026-03-24 00:14:00,unplanned,MAT-01,7965.0
127,22,2026-03-09 20:36:00,2026-03-09 22:04:00,unplanned,MEC-01,
128,36,2026-02-19 11:52:00,2026-02-19 12:59:00,unplanned,MEC-02,
129,22,2026-06-15 17:42:00,2026-06-15 19:02:00,unplanned,ELEC-01,8067.0
130,15,2026-01-18 17:13:00,2026-01-18 19:10:00,unplanned,MEC-01,4787.0
131,28,2026-03-10 03:23:00,2026-03-10 06:05:00,planned,MAT-01,9613.0
132,14,2026-05-03 13:10:00,2026-05-03 13:35:00,planned,MAT-01,7850.0
133,29,2026-02-15 13:45:00,2026-02-15 16:39:00,unplanned,ELEC-01,
134,35,2026-06-01 01:47:00,2026-06-01 02:57:00,unplanned,ELEC-01,2791.0
135,30,2026-06-28 06:33:00,2026-06-28 09:20:00,planned,CAL-01,8447.0
136,32,2026-02-14 22:47:00,2026-02-14 23:25:00,planned,ELEC-01,
137,48,2026-03-05 02:38:00,2026-03-05 03:43:00,planned,MEC-01,
138,50,2026-01-02 08:02:00,2026-01-02 09:43:00,unplanned,CAL-01,6771.0
139,27,2026-03-27 00:46:00,2026-03-27 03:34:00,unplanned,CAL-01,1127.0
140,32,2026-02-13 15:31:00,2026-02-13 17:35:00,planned,CAL-01,
141,46,2026-01-21 05:54:00,2026-01-21 08:05:00,unplanned,CAL-01,7296.0
142,42,2026-06-05 17:54:00,2026-06-05 18:41:00,unplanned,MEC-02,5005.0
143,26,2026-04-16 08:39:00,2026-04-16 10:19:00,unplanned,MEC-02,5020.0
144,48,2026-03-20 22:43:00,2026-03-20 22:53:00,unplanned,MEC-02,4684.0
145,35,2026-06-24 22:51:00,2026-06-25 01:10:00,planned,CAL-01,2931.0
146,16,2026-05-06 07:14:00,2026-05-06 09:03:00,planned,MEC-02,
147,29,2026-06-04 04:38:00,2026-06-04 07:28:00,planned,MEC-02,7913.0
148,35,2026-05-18 10:53:00,2026-05-18 12:23:00,planned,MAT-01,5956.0
149,50,2026-05-11 00:09:00,2026-05-11 02:29:00,planned,CAL-01,1959.0
150,31,2026-05-18 05:39:00,2026-05-18 07:09:00,planned,MEC-01,4418.0
151,15,2026-02-23 07:34:00,2026-02-23 10:04:00,planned,MEC-02,7543.0
152,7,2026-01-29 07:48:00,2026-01-29 08:57:00,planned,CAL-01,1805.0
153,11,2026-05-30 12:52:00,2026-05-30 12:59:00,planned,ELEC-01,3533.0
154,17,2026-01-10 23:26:00,2026-01-11 01:27:00,unplanned,ELEC-01,8333.0
155,23,2026-05-20 00:11:00,2026-05-20 00:29:00,unplanned,MEC-02,
156,35,2026-02-16 04:47:00,2026-02-16 05:12:00,planned,CAL-01,6747.0
157,28,2026-05-20 16:16:00,2026-05-20 19:01:00,planned,CAL-01,1737.0
158,34,2026-01-16 09:01:00,2026-01-16 10:09:00,unplanned,MAT-01,
159,23,2026-03-31 20:24:00,2026-03-31 20:35:00,planned,CAL-01,6401.0
160,41,2026-03-24 20:41:00,2026-03-24 21:46:00,planned,ELEC-01,3924.0
161,38,2026-06-17 11:22:00,2026-06-17 13:35:00,unplanned,MAT-01,6603.0
162,26,2026-06-04 11:40:00,2026-06-04 11:53:00,planned,MEC-02,8185.0
163,26,2026-01-11 14:17:00,2026-01-11 16:51:00,planned,MAT-01,6653.0
164,9,2026-05-18 15:39:00,2026-05-18 16:46:00,unplanned,CAL-01,6941.0
165,5,2026-03-28 17:59:00,2026-03-28 19:05:00,unplanned,ELEC-01,
166,34,2026-01-06 21:24:00,2026-01-06 22:22:00,planned,MEC-02,3892.0
167,49,2026-05-09 18:32:00,2026-05-09 19:05:00,unplanned,ELEC-01,9669.0
168,22,2026-03-19 23:27:00,2026-03-20 01:58:00,unplanned,MEC-02,
169,8,2026-06-11 01:19:00,2026-06-11 03:33:00,unplanned,ELEC-01,667.0
170,41,2026-04-06 14:37:00,2026-04-06 17:36:00,unplanned,ELEC-01,7989.0
171,19,2026-03-03 22:42:00,2026-03-03 22:52:00,planned,CAL-01,4213.0
172,49,2026-02-23 16:43:00,2026-02-23 18:33:00,planned,MEC-01,
173,22,2026-02-12 20:02:00,2026-02-12 20:30:00,planned,CAL-01,
174,16,2026-01-06 01:18:00,2026-01-06 03:09:00,unplanned,MEC-02,2958.0
175,47,2026-01-09 09:01:00,2026-01-09 11:00:00,planned,ELEC-01,6184.0
176,6,2026-04-14 16:45:00,2026-04-14 18:04:00,unplanned,MEC-02,
177,27,2026-01-11 03:06:00,2026-01-11 05:34:00,planned,CAL-01,
178,42,2026-04-12 23:44:00,2026-04-13 00:12:00,unplanned,CAL-01,2725.0
179,28,2026-04-19 07:58:00,2026-04-19 10:54:00,unplanned,CAL-01,
180,41,2026-05-03 00:25:00,2026-05-03 01:02:00,unplanned,MEC-02,2306.0
181,18,2026-06-17 13:30:00,2026-06-17 14:54:00,planned,ELEC-01,4148.0
182,47,2026-04-29 23:40:00,2026-04-30 02:36:00,planned,ELEC-01,2710.0
183,34,2026-03-10 09:26:00,2026-03-10 10:58:00,planned,MEC-01,9257.0
184,24,2026-06-20 09:30:00,2026-06-20 11:58:00,planned,ELEC-01,
185,37,2026-04-01 11:17:00,2026-04-01 12:00:00,unplanned,MEC-01,
186,8,2026-02-01 22:21:00,2026-02-02 01:06:00,unplanned,CAL-01,8381.0
187,1,2026-06-28 15:46:00,2026-06-28 17:45:00,unplanned,MEC-02,3492.0
188,13,2026-04-25 06:00:00,2026-04-25 07:36:00,planned,CAL-01,9263.0
189,13,2026-03-06 04:37:00,2026-03-06 06:05:00,unplanned,MEC-01,8106.0
190,1,2026-01-13 21:43:00,2026-01-13 22:12:00,unplanned,MAT-01,300.0
191,40,2026-03-02 20:46:00,2026-03-02 21:54:00,planned,ELEC-01,6290.0
192,16,2026-02-24 22:06:00,2026-02-24 23:07:00,unplanned,CAL-01,443.0
193,12,2026-02-12 19:11:00,2026-02-12 19:54:00,planned,MEC-01,9123.0
194,15,2026-03-03 17:14:00,2026-03-03 19:04:00,unplanned,CAL-01,2377.0
195,15,2026-06-09 14:53:00,2026-06-09 16:08:00,unplanned,ELEC-01,8147.0
196,13,2026-06-01 03:08:00,2026-06-01 03:44:00,planned,MEC-01,8350.0
197,48,2026-04-07 03:36:00,2026-04-07 04:47:00,planned,MEC-01,873.0
198,24,2026-06-01 19:40:00,2026-06-01 21:28:00,unplanned,MEC-01,
199,6,2026-01-05 23:58:00,2026-01-06 02:10:00,planned,CAL-01,4951.0
200,29,2026-06-12 21:21:00,2026-06-12 23:44:00,planned,CAL-01,7591.0
201,45,2026-02-17 14:50:00,2026-02-17 15:43:00,planned,MEC-01,3970.0
202,33,2026-03-13 00:46:00,2026-03-13 02:39:00,unplanned,MEC-02,
203,25,2026-02-19 15:14:00,2026-02-19 16:01:00,planned,MEC-02,8648.0
204,45,2026-03-20 02:02:00,2026-03-20 03:32:00,unplanned,MEC-01,3268.0
205,48,2026-06-28 04:30:00,2026-06-28 06:54:00,planned,MAT-01,1700.0
206,48,2026-04-10 02:03:00,2026-04-10 03:59:00,planned,ELEC-01,2923.0
207,37,2026-03-28 14:02:00,2026-03-28 15:15:00,planned,MAT-01,2838.0
208,13,2026-06-04 13:21:00,2026-06-04 15:14:00,unplanned,MAT-01,6905.0
209,37,2026-05-30 09:54:00,2026-05-30 12:31:00,planned,MEC-01,
210,44,2026-06-13 11:04:00,2026-06-13 12:58:00,unplanned,MEC-01,5901.0
211,45,2026-02-12 00:16:00,2026-02-12 02:09:00,planned,ELEC-01,7258.0
212,41,2026-01-16 05:30:00,2026-01-16 06:36:00,unplanned,MEC-02,2616.0
213,36,2026-02-25 03:26:00,2026-02-25 06:09:00,planned,MEC-02,5732.0
214,31,2026-03-06 23:32:00,2026-03-07 01:04:00,unplanned,MEC-02,8197.0
215,34,2026-03-26 22:03:00,2026-03-27 00:31:00,planned,MAT-01,
216,1,2026-06-24 14:48:00,2026-06-24 16:43:00,planned,MEC-02,
217,47,2026-06-12 17:06:00,2026-06-12 17:58:00,planned,CAL-01,
218,29,2026-03-14 08:21:00,2026-03-14 10:53:00,unplanned,MEC-02,
219,19,2026-02-15 00:07:00,2026-02-15 02:23:00,unplanned,MEC-02,7530.0
220,48,2026-03-22 08:02:00,2026-03-22 09:22:00,unplanned,CAL-01,
221,15,2026-04-18 09:09:00,2026-04-18 10:58:00,planned,MAT-01,9998.0
222,24,2026-04-30 21:14:00,2026-04-30 23:11:00,unplanned,CAL-01,9872.0
223,40,2026-01-11 08:25:00,2026-01-11 09:56:00,planned,MEC-01,729.0
224,24,2026-05-01 01:04:00,2026-05-01 01:13:00,planned,MEC-02,4162.0
225,33,2026-01-28 02:57:00,2026-01-28 05:25:00,planned,MEC-02,
226,25,2026-06-08 00:23:00,2026-06-08 00:30:00,planned,MEC-02,
227,28,2026-03-20 16:06:00,2026-03-20 18:16:00,unplanned,MEC-01,9700.0
228,10,2026-06-09 22:38:00,2026-06-09 22:43:00,unplanned,ELEC-01,3162.0
229,46,2026-01-16 03:16:00,2026-01-16 05:42:00,unplanned,CAL-01,4556.0
230,17,2026-02-10 18:31:00,2026-02-10 19:43:00,unplanned,CAL-01,
231,29,2026-05-25 02:18:00,2026-05-25 05:14:00,unplanned,ELEC-01,
232,36,2026-01-31 23:28:00,2026-01-31 23:51:00,unplanned,MEC-02,
233,43,2026-03-25 04:17:00,2026-03-25 06:54:00,planned,MEC-01,9344.0
234,34,2026-06-20 10:59:00,2026-06-20 12:51:00,planned,MEC-02,6731.0
235,2,2026-06-25 09:44:00,2026-06-25 10:27:00,planned,ELEC-01,4198.0
236,5,2026-01-04 00:15:00,2026-01-04 01:53:00,planned,MEC-02,3743.0
237,45,2026-04-04 13:48:00,2026-04-04 15:18:00,unplanned,ELEC-01,9338.0
238,41,2026-01-05 22:04:00,2026-01-05 23:52:00,planned,ELEC-01,9213.0
239,44,2026-04-12 07:35:00,2026-04-12 09:12:00,planned,MEC-01,
240,17,2026-06-25 09:12:00,2026-06-25 10:42:00,planned,MEC-01,9934.0
241,17,2026-06-13 18:41:00,2026-06-13 20:36:00,unplanned,MEC-01,2384.0
242,48,2026-06-24 03:57:00,2026-06-24 04:16:00,planned,ELEC-01,7261.0
243,39,2026-05-14 03:20:00,2026-05-14 04:03:00,unplanned,MAT-01,4518.0
244,23,2026-06-08 13:04:00,2026-06-08 15:20:00,planned,MAT-01,2514.0
245,39,2026-01-12 21:37:00,2026-01-12 22:06:00,planned,ELEC-01,
246,7,2026-01-30 05:17:00,2026-01-30 07:12:00,unplanned,CAL-01,8275.0
247,18,2026-05-24 09:49:00,2026-05-24 11:34:00,planned,MEC-01,
248,10,2026-03-06 10:22:00,2026-03-06 11:32:00,planned,ELEC-01,6116.0
249,26,2026-05-25 22:35:00,2026-05-25 23:46:00,unplanned,MEC-02,
250,7,2026-04-10 00:42:00,2026-04-10 02:25:00,unplanned,MEC-02,3521.0
251,42,2026-02-24 14:07:00,2026-02-24 14:41:00,unplanned,CAL-01,8354.0
252,24,2026-01-28 14:43:00,2026-01-28 16:06:00,planned,MAT-01,3617.0
253,49,2026-04-26 22:36:00,2026-04-26 23:40:00,planned,MAT-01,8796.0
254,12,2026-04-10 06:09:00,2026-04-10 07:05:00,planned,CAL-01,5232.0
255,20,2026-04-07 05:27:00,2026-04-07 07:14:00,unplanned,MAT-01,1337.0
256,23,2026-03-19 02:34:00,2026-03-19 04:04:00,planned,MEC-01,2903.0
257,6,2026-05-11 09:18:00,2026-05-11 11:04:00,planned,ELEC-01,1775.0
258,34,2026-05-31 16:09:00,2026-05-31 17:46:00,planned,MAT-01,5379.0
259,28,2026-02-16 00:24:00,2026-02-16 00:31:00,unplanned,ELEC-01,675.0
260,7,2026-02-20 12:24:00,2026-02-20 12:40:00,unplanned,ELEC-01,7201.0
261,41,2026-04-29 07:04:00,2026-04-29 07:47:00,planned,MEC-02,3907.0
262,40,2026-03-24 14:54:00,2026-03-24 15:50:00,unplanned,MEC-02,9484.0
263,42,2026-01-27 08:40:00,2026-01-27 10:06:00,unplanned,CAL-01,3495.0
264,46,2026-05-29 18:48:00,2026-05-29 19:50:00,planned,MAT-01,8537.0
265,15,2026-02-27 16:40:00,2026-02-27 18:20:00,planned,ELEC-01,
266,2,2026-05-19 09:57:00,2026-05-19 10:33:00,planned,MAT-01,862.0
267,48,2026-05-25 19:28:00,2026-05-25 22:08:00,planned,MAT-01,7905.0
268,47,2026-05-01 20:42:00,2026-05-01 22:50:00,planned,MAT-01,8250.0
269,36,2026-03-10 07:13:00,2026-03-10 08:21:00,planned,ELEC-01,8019.0
270,21,2026-04-20 07:09:00,2026-04-20 09:58:00,unplanned,MEC-01,
271,39,2026-06-21 15:42:00,2026-06-21 16:27:00,planned,MEC-02,5983.0
272,1,2026-02-09 10:51:00,2026-02-09 11:57:00,planned,MAT-01,5346.0
273,11,2026-06-12 17:33:00,2026-06-12 19:26:00,planned,ELEC-01,5791.0
274,10,2026-04-12 05:12:00,2026-04-12 05:39:00,unplanned,MEC-02,
275,21,2026-05-06 08:41:00,2026-05-06 09:15:00,unplanned,MAT-01,389.0
276,46,2026-02-21 08:42:00,2026-02-21 10:28:00,unplanned,MAT-01,2790.0
277,48,2026-04-28 12:46:00,2026-04-28 13:28:00,planned,MEC-02,
278,23,2026-04-12 10:06:00,2026-04-12 11:45:00,unplanned,MAT-01,
279,30,2026-05-25 17:49:00,2026-05-25 19:27:00,planned,ELEC-01,
280,27,2026-02-27 06:23:00,2026-02-27 08:42:00,planned,CAL-01,7518.0
281,26,2026-05-03 21:47:00,2026-05-03 22:50:00,unplanned,MAT-01,2727.0
282,46,2026-06-15 19:32:00,2026-06-15 22:02:00,unplanned,MEC-02,
283,19,2026-01-30 12:58:00,2026-01-30 13:21:00,unplanned,ELEC-01,9970.0
284,23,2026-03-09 15:46:00,2026-03-09 16:49:00,unplanned,MEC-01,9899.0
285,29,2026-04-12 07:09:00,2026-04-12 07:14:00,unplanned,CAL-01,9863.0
286,7,2026-01-10 11:16:00,2026-01-10 11:36:00,planned,MEC-02,828.0
287,4,2026-02-10 19:58:00,2026-02-10 22:31:00,unplanned,MAT-01,
288,20,2026-02-22 23:22:00,2026-02-23 01:03:00,planned,ELEC-01,9317.0
289,7,2026-01-07 07:46:00,2026-01-07 08:23:00,planned,MAT-01,6992.0
290,46,2026-04-09 16:58:00,2026-04-09 17:09:00,planned,MAT-01,7240.0
291,5,2026-05-16 12:43:00,2026-05-16 15:08:00,unplanned,CAL-01,
292,17,2026-04-05 20:38:00,2026-04-05 23:18:00,unplanned,MEC-01,2903.0
293,29,2026-04-21 15:54:00,2026-04-21 16:36:00,planned,MEC-02,7468.0
294,23,2026-05-25 17:51:00,2026-05-25 20:06:00,planned,MEC-02,1946.0
295,47,2026-02-24 03:11:00,2026-02-24 05:26:00,planned,CAL-01,222.0
296,5,2026-02-11 05:17:00,2026-02-11 07:23:00,unplanned,ELEC-01,7033.0
297,9,2026-05-27 20:13:00,2026-05-27 21:52:00,planned,CAL-01,262.0
298,42,2026-03-08 20:50:00,2026-03-08 22:08:00,planned,MEC-01,2569.0
299,34,2026-01-18 14:40:00,2026-01-18 15:46:00,unplanned,MEC-01,8343.0
300,31,2026-01-18 10:02:00,2026-01-18 10:28:00,planned,ELEC-01,4170.0
301,10,2026-01-12 01:23:00,2026-01-12 04:18:00,unplanned,MAT-01,4052.0
302,23,2026-03-16 06:37:00,2026-03-16 09:10:00,planned,MAT-01,
303,27,2026-04-25 15:05:00,2026-04-25 16:19:00,unplanned,MAT-01,9541.0
304,4,2026-01-04 12:53:00,2026-01-04 14:13:00,unplanned,ELEC-01,8772.0
305,2,2026-02-25 21:21:00,2026-02-25 21:40:00,planned,MEC-02,4662.0
306,29,2026-02-12 23:25:00,2026-02-13 02:17:00,unplanned,MEC-01,1648.0
307,17,2026-01-19 13:49:00,2026-01-19 14:29:00,unplanned,MEC-01,
308,17,2026-01-31 12:06:00,2026-01-31 12:36:00,unplanned,MEC-01,
309,28,2026-02-23 13:02:00,2026-02-23 15:23:00,planned,ELEC-01,1074.0
310,22,2026-05-13 12:14:00,2026-05-13 12:55:00,planned,ELEC-01,
311,34,2026-06-21 19:45:00,2026-06-21 20:26:00,planned,ELEC-01,4767.0
312,36,2026-06-27 19:01:00,2026-06-27 21:25:00,planned,MEC-01,330.0
313,7,2026-04-14 15:22:00,2026-04-14 17:19:00,planned,MAT-01,8503.0
314,39,2026-01-23 08:48:00,2026-01-23 10:01:00,unplanned,MEC-01,3714.0
315,25,2026-06-03 08:09:00,2026-06-03 09:47:00,planned,MEC-02,8426.0
316,39,2026-01-03 09:44:00,2026-01-03 12:15:00,unplanned,MEC-02,
317,9,2026-05-02 02:24:00,2026-05-02 05:16:00,unplanned,CAL-01,7967.0
318,33,2026-02-01 08:34:00,2026-02-01 10:59:00,unplanned,MEC-02,2353.0
319,19,2026-05-05 23:55:00,2026-05-06 02:05:00,planned,CAL-01,
320,17,2026-05-28 02:24:00,2026-05-28 04:19:00,unplanned,MEC-01,4075.0
321,37,2026-02-26 03:51:00,2026-02-26 06:23:00,unplanned,ELEC-01,9076.0
322,4,2026-03-01 14:16:00,2026-03-01 15:15:00,unplanned,MEC-01,4280.0
323,38,2026-05-18 22:58:00,2026-05-18 23:44:00,unplanned,MAT-01,4237.0
324,45,2026-01-12 16:23:00,2026-01-12 17:48:00,planned,MEC-02,401.0
325,13,2026-01-12 12:12:00,2026-01-12 13:19:00,unplanned,MAT-01,
326,49,2026-04-30 08:45:00,2026-04-30 09:45:00,planned,MAT-01,9601.0
327,45,2026-01-20 18:12:00,2026-01-20 18:23:00,unplanned,MEC-01,7892.0
328,20,2026-06-22 10:57:00,2026-06-22 12:09:00,planned,MAT-01,2316.0
329,10,2026-01-09 13:55:00,2026-01-09 15:43:00,planned,CAL-01,
330,10,2026-03-09 04:50:00,2026-03-09 06:10:00,planned,MEC-01,
331,31,2026-05-22 11:51:00,2026-05-22 12:12:00,unplanned,MEC-02,6175.0
332,20,2026-02-15 06:05:00,2026-02-15 08:21:00,planned,ELEC-01,3564.0
333,6,2026-05-10 08:12:00,2026-05-10 08:21:00,unplanned,CAL-01,
334,2,2026-02-17 08:59:00,2026-02-17 11:36:00,planned,CAL-01,4676.0
335,8,2026-03-13 14:04:00,2026-03-13 15:01:00,unplanned,MEC-02,6905.0
336,46,2026-01-12 03:59:00,2026-01-12 06:13:00,unplanned,MEC-02,1659.0
337,23,2026-05-23 13:58:00,2026-05-23 15:26:00,planned,CAL-01,
338,22,2026-03-31 08:42:00,2026-03-31 10:31:00,unplanned,MEC-01,
339,24,2026-05-12 11:33:00,2026-05-12 11:52:00,planned,CAL-01,4276.0
340,1,2026-03-18 22:17:00,2026-03-18 23:12:00,unplanned,CAL-01,
341,41,2026-02-24 20:23:00,2026-02-24 20:50:00,planned,MEC-01,6181.0
342,35,2026-02-04 11:06:00,2026-02-04 11:28:00,unplanned,ELEC-01,3473.0
343,11,2026-01-20 18:51:00,2026-01-20 20:51:00,unplanned,MEC-01,
344,31,2026-04-06 03:22:00,2026-04-06 03:49:00,planned,MEC-02,5214.0
345,42,2026-01-19 13:18:00,2026-01-19 15:52:00,planned,MEC-02,8271.0
346,29,2026-06-14 19:23:00,2026-06-14 22:23:00,unplanned,MEC-01,
347,5,2026-05-05 17:04:00,2026-05-05 17:37:00,unplanned,MAT-01,
348,33,2026-03-06 18:54:00,2026-03-06 20:18:00,planned,MEC-02,7200.0
349,18,2026-01-06 11:34:00,2026-01-06 11:53:00,planned,MAT-01,
350,26,2026-01-13 04:23:00,2026-01-13 07:16:00,planned,ELEC-01,8923.0
351,27,2026-03-20 16:00:00,2026-03-20 18:43:00,planned,CAL-01,6361.0
352,35,2026-05-21 11:07:00,2026-05-21 11:58:00,unplanned,MAT-01,1159.0
353,47,2026-03-12 10:48:00,2026-03-12 12:30:00,planned,MAT-01,
354,11,2026-04-17 04:41:00,2026-04-17 05:40:00,unplanned,MEC-01,7209.0
355,18,2026-04-21 03:52:00,2026-04-21 04:56:00,unplanned,CAL-01,8997.0
356,37,2026-01-28 04:02:00,2026-01-28 04:49:00,unplanned,MAT-01,6672.0
357,27,2026-03-15 09:45:00,2026-03-15 10:45:00,planned,MEC-02,
358,36,2026-02-27 23:33:00,2026-02-27 23:43:00,unplanned,ELEC-01,
359,12,2026-04-28 06:53:00,2026-04-28 07:53:00,unplanned,ELEC-01,606.0
360,32,2026-03-28 20:10:00,2026-03-28 21:51:00,planned,ELEC-01,2241.0
361,26,2026-03-19 16:38:00,2026-03-19 17:37:00,planned,MAT-01,1817.0
362,17,2026-04-22 02:19:00,2026-04-22 04:20:00,planned,ELEC-01,
363,38,2026-05-07 09:27:00,2026-05-07 10:38:00,planned,CAL-01,6879.0
364,1,2026-04-20 03:05:00,2026-04-20 04:19:00,planned,MEC-02,
365,34,2026-01-05 22:51:00,2026-01-06 01:11:00,unplanned,CAL-01,
366,21,2026-01-23 11:31:00,2026-01-23 14:15:00,unplanned,ELEC-01,4123.0
367,42,2026-05-03 21:34:00,2026-05-03 21:55:00,unplanned,MAT-01,5530.0
368,45,2026-04-25 19:09:00,2026-04-25 21:22:00,planned,MEC-02,
369,1,2026-05-23 10:10:00,2026-05-23 11:01:00,unplanned,ELEC-01,3971.0
370,3,2026-06-20 16:41:00,2026-06-20 18:52:00,planned,CAL-01,2180.0
371,37,2026-06-12 07:20:00,2026-06-12 07:41:00,planned,MAT-01,6852.0
372,5,2026-01-18 03:21:00,2026-01-18 05:39:00,unplanned,MAT-01,8695.0
373,30,2026-05-03 18:51:00,2026-05-03 19:30:00,unplanned,ELEC-01,
374,38,2026-06-10 18:31:00,2026-06-10 20:46:00,planned,MAT-01,253.0
375,2,2026-01-29 09:07:00,2026-01-29 10:58:00,planned,CAL-01,3299.0
376,8,2026-04-23 11:52:00,2026-04-23 12:18:00,unplanned,MEC-01,8948.0
377,7,2026-04-09 22:17:00,2026-04-09 22:34:00,planned,MEC-02,2620.0
378,5,2026-03-08 12:53:00,2026-03-08 13:45:00,unplanned,MAT-01,3122.0
379,46,2026-04-20 06:39:00,2026-04-20 07:37:00,unplanned,MEC-02,1578.0
380,40,2026-05-09 14:07:00,2026-05-09 15:34:00,planned,ELEC-01,2251.0
381,19,2026-04-05 18:22:00,2026-04-05 19:36:00,planned,CAL-01,6659.0
382,15,2026-06-03 21:48:00,2026-06-04 00:15:00,planned,MEC-01,9176.0
383,46,2026-04-23 00:55:00,2026-04-23 03:07:00,unplanned,MAT-01,1660.0
384,4,2026-06-05 08:49:00,2026-06-05 09:34:00,planned,ELEC-01,1417.0
385,34,2026-04-26 09:41:00,2026-04-26 12:26:00,unplanned,MAT-01,
386,11,2026-03-14 05:23:00,2026-03-14 05:28:00,planned,ELEC-01,
387,21,2026-04-18 22:37:00,2026-04-19 00:40:00,planned,MEC-01,3072.0
388,3,2026-06-18 21:04:00,2026-06-19 00:01:00,planned,ELEC-01,8254.0
389,14,2026-03-19 13:51:00,2026-03-19 13:58:00,planned,MAT-01,
390,17,2026-02-26 23:40:00,2026-02-27 00:52:00,unplanned,CAL-01,6039.0
391,6,2026-03-20 17:51:00,2026-03-20 18:51:00,planned,CAL-01,5531.0
392,10,2026-02-11 21:29:00,2026-02-11 23:07:00,unplanned,CAL-01,2499.0
393,33,2026-05-19 19:26:00,2026-05-19 22:22:00,planned,MAT-01,4448.0
394,43,2026-02-12 06:57:00,2026-02-12 08:40:00,unplanned,CAL-01,1392.0
395,37,2026-01-26 19:10:00,2026-01-26 20:21:00,unplanned,ELEC-01,2083.0
396,43,2026-05-23 22:17:00,2026-05-23 23:40:00,planned,CAL-01,2363.0
397,37,2026-02-04 04:45:00,2026-02-04 05:48:00,planned,CAL-01,9536.0
398,29,2026-06-26 20:17:00,2026-06-26 23:08:00,planned,MEC-02,435.0
399,20,2026-03-27 04:12:00,2026-03-27 04:59:00,planned,CAL-01,1668.0
400,20,2026-03-04 21:28:00,2026-03-04 22:41:00,planned,ELEC-01,8760.0
401,37,2026-01-18 00:11:00,2026-01-18 02:32:00,unplanned,MEC-02,9502.0
402,17,2026-02-22 08:29:00,2026-02-22 09:33:00,unplanned,MEC-01,
403,49,2026-05-14 19:26:00,2026-05-14 21:08:00,planned,ELEC-01,
404,41,2026-03-30 04:12:00,2026-03-30 04:51:00,planned,MEC-02,
405,41,2026-01-28 07:11:00,2026-01-28 09:55:00,planned,MAT-01,5128.0
406,49,2026-01-30 00:48:00,2026-01-30 02:18:00,planned,MAT-01,
407,28,2026-01-22 05:01:00,2026-01-22 05:59:00,planned,MEC-02,9366.0
408,3,2026-01-21 05:39:00,2026-01-21 05:56:00,planned,MAT-01,
409,37,2026-03-10 02:23:00,2026-03-10 03:21:00,planned,MEC-01,
410,44,2026-03-28 08:03:00,2026-03-28 10:33:00,planned,ELEC-01,
411,8,2026-04-11 11:43:00,2026-04-11 14:37:00,planned,CAL-01,6833.0
412,35,2026-06-01 17:31:00,2026-06-01 18:10:00,unplanned,MAT-01,
413,28,2026-05-13 16:43:00,2026-05-13 17:49:00,unplanned,MEC-01,
414,8,2026-01-19 10:29:00,2026-01-19 11:26:00,unplanned,MAT-01,4658.0
415,26,2026-01-13 19:21:00,2026-01-13 21:00:00,planned,ELEC-01,985.0
416,47,2026-05-17 18:29:00,2026-05-17 18:58:00,planned,MEC-02,1129.0
417,6,2026-02-17 06:12:00,2026-02-17 08:49:00,planned,ELEC-01,4735.0
418,12,2026-02-20 07:00:00,2026-02-20 07:48:00,planned,ELEC-01,7355.0
419,21,2026-03-10 11:03:00,2026-03-10 12:39:00,unplanned,ELEC-01,6555.0
420,9,2026-05-28 22:35:00,2026-05-28 23:15:00,planned,MEC-02,2998.0
421,31,2026-01-26 06:29:00,2026-01-26 06:58:00,planned,CAL-01,9412.0
422,34,2026-02-07 17:38:00,2026-02-07 20:28:00,unplanned,MEC-02,6643.0
423,4,2026-04-03 06:25:00,2026-04-03 08:06:00,planned,MEC-01,9433.0
424,19,2026-05-24 08:24:00,2026-05-24 09:38:00,planned,MEC-02,
425,8,2026-01-24 12:01:00,2026-01-24 12:25:00,unplanned,MEC-02,1576.0
426,34,2026-01-24 20:08:00,2026-01-24 20:55:00,planned,CAL-01,5811.0
427,36,2026-01-10 06:53:00,2026-01-10 09:53:00,unplanned,MAT-01,5227.0
428,42,2026-01-01 01:53:00,2026-01-01 02:29:00,unplanned,MAT-01,1625.0
429,47,2026-02-27 12:30:00,2026-02-27 12:47:00,planned,CAL-01,6656.0
430,16,2026-04-26 01:10:00,2026-04-26 01:53:00,planned,MEC-02,8122.0
431,11,2026-02-10 01:24:00,2026-02-10 03:58:00,unplanned,MAT-01,1437.0
432,45,2026-06-18 21:38:00,2026-06-18 23:28:00,unplanned,MEC-01,6536.0
433,34,2026-05-13 20:57:00,2026-05-13 21:52:00,planned,MEC-01,7730.0
434,11,2026-05-02 11:38:00,2026-05-02 13:57:00,planned,ELEC-01,7720.0
435,28,2026-01-05 12:45:00,2026-01-05 15:45:00,planned,MEC-01,4799.0
436,36,2026-01-18 02:16:00,2026-01-18 03:52:00,planned,CAL-01,3468.0
437,18,2026-04-16 16:19:00,2026-04-16 18:17:00,unplanned,MEC-02,3877.0
438,3,2026-05-28 15:32:00,2026-05-28 17:45:00,planned,MAT-01,3310.0
439,23,2026-02-15 23:55:00,2026-02-16 01:51:00,unplanned,MEC-01,
440,25,2026-01-04 18:47:00,2026-01-04 20:18:00,unplanned,MAT-01,
441,2,2026-05-10 01:37:00,2026-05-10 01:45:00,planned,MAT-01,8582.0
442,6,2026-05-29 20:59:00,2026-05-29 21:52:00,planned,MAT-01,
443,26,2026-06-05 21:09:00,2026-06-05 23:59:00,planned,MEC-01,2647.0
444,2,2026-02-03 15:44:00,2026-02-03 16:56:00,planned,MEC-01,
445,8,2026-03-09 19:00:00,2026-03-09 21:01:00,unplanned,CAL-01,5297.0
446,46,2026-04-08 10:18:00,2026-04-08 11:42:00,unplanned,MEC-01,7889.0
447,20,2026-05-04 15:03:00,2026-05-04 17:20:00,unplanned,MEC-02,1707.0
448,44,2026-03-13 21:11:00,2026-03-13 21:41:00,unplanned,CAL-01,6392.0
449,7,2026-03-22 03:52:00,2026-03-22 06:27:00,unplanned,MAT-01,
450,43,2026-06-24 12:26:00,2026-06-24 14:57:00,planned,MEC-01,
451,10,2026-03-14 23:52:00,2026-03-15 02:13:00,planned,MAT-01,4919.0
452,22,2026-06-28 04:57:00,2026-06-28 07:50:00,unplanned,MEC-01,
453,43,2026-01-30 10:08:00,2026-01-30 12:27:00,unplanned,ELEC-01,6594.0
454,20,2026-05-20 21:53:00,2026-05-20 22:26:00,unplanned,MEC-01,586.0
455,32,2026-06-08 01:46:00,2026-06-08 03:04:00,unplanned,MAT-01,3915.0
456,16,2026-05-19 14:25:00,2026-05-19 17:19:00,unplanned,ELEC-01,8379.0
457,41,2026-04-28 21:23:00,2026-04-28 23:12:00,planned,MEC-02,1587.0
458,21,2026-03-05 15:49:00,2026-03-05 16:03:00,unplanned,CAL-01,3847.0
459,9,2026-05-21 07:06:00,2026-05-21 09:15:00,planned,MEC-02,4464.0
460,39,2026-05-04 14:15:00,2026-05-04 14:51:00,unplanned,MEC-01,
461,38,2026-05-24 06:11:00,2026-05-24 06:47:00,planned,MAT-01,5379.0
462,29,2026-05-18 00:29:00,2026-05-18 01:00:00,unplanned,CAL-01,3089.0
463,33,2026-02-04 14:12:00,2026-02-04 16:33:00,unplanned,CAL-01,8374.0
464,8,2026-02-25 18:01:00,2026-02-25 19:11:00,planned,MEC-02,7954.0
465,25,2026-03-18 06:14:00,2026-03-18 08:46:00,unplanned,ELEC-01,252.0
466,33,2026-06-26 11:52:00,2026-06-26 14:42:00,unplanned,MEC-01,7867.0
467,4,2026-05-17 18:52:00,2026-05-17 19:21:00,unplanned,MEC-01,698.0
468,5,2026-02-02 10:59:00,2026-02-02 13:06:00,unplanned,MEC-02,
469,36,2026-03-13 21:38:00,2026-03-13 23:02:00,planned,CAL-01,2946.0
470,8,2026-04-14 19:57:00,2026-04-14 21:06:00,unplanned,MEC-01,
471,46,2026-04-02 10:14:00,2026-04-02 12:35:00,unplanned,MEC-02,
472,28,2026-06-06 09:00:00,2026-06-06 09:49:00,unplanned,ELEC-01,
473,42,2026-04-07 10:34:00,2026-04-07 13:06:00,unplanned,MEC-01,9491.0
474,34,2026-01-15 20:16:00,2026-01-15 20:55:00,planned,CAL-01,
475,18,2026-02-25 06:11:00,2026-02-25 06:31:00,unplanned,MAT-01,9301.0
476,29,2026-01-24 10:04:00,2026-01-24 12:15:00,unplanned,MEC-02,4301.0
477,32,2026-05-02 01:13:00,2026-05-02 03:41:00,planned,CAL-01,2120.0
478,24,2026-03-05 22:08:00,2026-03-05 23:40:00,planned,ELEC-01,8118.0
479,8,2026-05-23 18:00:00,2026-05-23 18:32:00,unplanned,CAL-01,
480,40,2026-06-27 21:15:00,2026-06-27 21:21:00,planned,ELEC-01,1635.0
481,31,2026-06-09 01:44:00,2026-06-09 02:43:00,unplanned,CAL-01,430.0
482,45,2026-06-20 23:20:00,2026-06-21 02:16:00,unplanned,ELEC-01,675.0
483,49,2026-05-29 07:20:00,2026-05-29 10:16:00,unplanned,ELEC-01,
484,37,2026-02-06 02:53:00,2026-02-06 04:21:00,unplanned,CAL-01,9845.0
485,22,2026-06-18 02:29:00,2026-06-18 03:05:00,unplanned,MEC-02,4461.0
486,25,2026-03-31 19:18:00,2026-03-31 19:50:00,unplanned,MEC-01,4598.0
487,23,2026-01-14 05:13:00,2026-01-14 07:52:00,planned,CAL-01,2328.0
488,46,2026-05-17 02:11:00,2026-05-17 02:59:00,unplanned,MAT-01,3363.0
489,17,2026-01-24 08:14:00,2026-01-24 09:42:00,planned,CAL-01,
490,15,2026-03-09 22:51:00,2026-03-09 23:20:00,planned,MEC-02,9375.0
491,42,2026-02-10 05:10:00,2026-02-10 05:39:00,planned,ELEC-01,8518.0
492,13,2026-02-27 01:09:00,2026-02-27 03:06:00,unplanned,MAT-01,3990.0
493,1,2026-05-17 14:16:00,2026-05-17 17:16:00,unplanned,MAT-01,4467.0
494,37,2026-02-09 06:06:00,2026-02-09 07:25:00,planned,MAT-01,7029.0
495,20,2026-05-21 08:22:00,2026-05-21 11:09:00,unplanned,MEC-01,
496,46,2026-02-25 06:06:00,2026-02-25 07:13:00,unplanned,CAL-01,
497,12,2026-02-19 06:27:00,2026-02-19 07:12:00,planned,MEC-02,1749.0
498,16,2026-06-25 00:34:00,2026-06-25 03:24:00,unplanned,MEC-01,6283.0
499,30,2026-05-29 01:52:00,2026-05-29 04:16:00,planned,ELEC-01,1134.0
500,45,2026-06-07 13:16:00,2026-06-07 14:17:00,planned,MAT-01,7224.0
501,36,2026-02-26 15:56:00,2026-02-26 16:06:00,planned,MEC-01,
502,45,2026-06-06 19:32:00,2026-06-06 21:00:00,unplanned,ELEC-01,3436.0
503,41,2026-03-29 15:22:00,2026-03-29 17:57:00,planned,MAT-01,5236.0
504,16,2026-05-19 00:00:00,2026-05-19 02:30:00,planned,MEC-01,8121.0
505,22,2026-01-02 13:06:00,2026-01-02 14:33:00,planned,MEC-01,8571.0
506,49,2026-01-29 09:36:00,2026-01-29 11:16:00,unplanned,MAT-01,
507,25,2026-03-11 02:21:00,2026-03-11 04:46:00,planned,CAL-01,5366.0
508,9,2026-01-02 11:29:00,2026-01-02 13:01:00,unplanned,MEC-02,3618.0
509,32,2026-01-26 06:30:00,2026-01-26 08:13:00,unplanned,MEC-01,5195.0
510,30,2026-03-05 10:24:00,2026-03-05 11:53:00,unplanned,MAT-01,
511,42,2026-05-27 16:18:00,2026-05-27 18:22:00,planned,ELEC-01,7746.0
512,23,2026-04-12 18:30:00,2026-04-12 20:45:00,planned,ELEC-01,6409.0
513,35,2026-04-20 03:50:00,2026-04-20 06:50:00,unplanned,MEC-01,4348.0
514,9,2026-06-03 10:27:00,2026-06-03 11:19:00,planned,ELEC-01,
515,34,2026-01-16 16:43:00,2026-01-16 17:30:00,unplanned,MEC-02,4290.0
516,20,2026-06-17 23:52:00,2026-06-18 01:04:00,planned,MAT-01,
517,49,2026-03-27 18:03:00,2026-03-27 18:39:00,unplanned,CAL-01,4658.0
518,18,2026-01-30 17:30:00,2026-01-30 19:26:00,unplanned,ELEC-01,
519,17,2026-03-21 20:50:00,2026-03-21 22:47:00,planned,ELEC-01,
520,5,2026-06-21 01:27:00,2026-06-21 04:15:00,unplanned,MEC-02,7827.0
521,39,2026-04-02 21:53:00,2026-04-03 00:11:00,planned,CAL-01,3817.0
522,18,2026-01-21 08:55:00,2026-01-21 10:37:00,unplanned,MEC-02,
523,28,2026-01-05 15:40:00,2026-01-05 17:08:00,unplanned,MAT-01,
524,35,2026-05-06 11:12:00,2026-05-06 11:30:00,unplanned,CAL-01,
525,29,2026-03-29 05:25:00,2026-03-29 06:33:00,unplanned,MAT-01,8542.0
526,38,2026-06-26 12:26:00,2026-06-26 13:19:00,unplanned,MAT-01,1943.0
527,35,2026-03-15 13:37:00,2026-03-15 14:12:00,planned,MEC-02,7640.0
528,16,2026-03-02 05:35:00,2026-03-02 08:07:00,planned,MAT-01,3242.0
529,36,2026-05-10 19:06:00,2026-05-10 20:03:00,planned,MAT-01,7802.0
530,45,2026-04-18 02:07:00,2026-04-18 03:52:00,unplanned,MEC-01,
531,41,2026-06-11 08:48:00,2026-06-11 09:40:00,unplanned,MAT-01,8918.0
532,6,2026-01-23 15:47:00,2026-01-23 18:38:00,planned,MEC-02,5399.0
533,48,2026-03-17 22:31:00,2026-03-17 23:00:00,planned,CAL-01,
534,16,2026-05-22 19:22:00,2026-05-22 22:19:00,planned,MEC-01,3785.0
535,38,2026-06-20 12:31:00,2026-06-20 14:46:00,unplanned,MAT-01,3937.0
536,15,2026-04-06 18:41:00,2026-04-06 21:34:00,planned,MEC-01,5797.0
537,11,2026-05-18 11:36:00,2026-05-18 14:21:00,unplanned,ELEC-01,8041.0
538,36,2026-01-26 08:33:00,2026-01-26 09:19:00,unplanned,ELEC-01,6235.0
539,32,2026-05-10 18:41:00,2026-05-10 18:59:00,planned,CAL-01,4844.0
540,24,2026-01-23 14:14:00,2026-01-23 14:41:00,planned,MEC-02,7854.0
541,45,2026-01-29 09:35:00,2026-01-29 11:14:00,planned,MAT-01,9691.0
542,27,2026-02-02 18:56:00,2026-02-02 20:54:00,planned,MEC-01,
543,18,2026-04-10 23:45:00,2026-04-11 00:49:00,unplanned,MEC-01,3466.0
544,6,2026-03-20 18:10:00,2026-03-20 20:06:00,unplanned,MEC-01,3114.0
545,22,2026-06-23 22:19:00,2026-06-24 01:04:00,planned,MEC-02,
546,41,2026-03-26 00:18:00,2026-03-26 00:49:00,unplanned,CAL-01,
547,29,2026-05-10 04:20:00,2026-05-10 06:27:00,unplanned,MEC-01,
548,47,2026-03-11 06:48:00,2026-03-11 07:53:00,unplanned,CAL-01,610.0
549,13,2026-06-23 22:39:00,2026-06-24 00:09:00,planned,MAT-01,4158.0
550,50,2026-06-11 08:08:00,2026-06-11 10:32:00,planned,ELEC-01,2887.0
551,35,2026-05-27 21:05:00,2026-05-28 00:00:00,planned,CAL-01,3692.0
552,6,2026-04-23 09:41:00,2026-04-23 12:38:00,planned,ELEC-01,3149.0
553,21,2026-04-08 07:23:00,2026-04-08 08:00:00,unplanned,MEC-01,
554,34,2026-02-25 00:52:00,2026-02-25 01:52:00,planned,MAT-01,2592.0
555,27,2026-04-20 01:54:00,2026-04-20 02:52:00,planned,MEC-01,2101.0
556,14,2026-04-08 17:02:00,2026-04-08 19:12:00,planned,ELEC-01,
557,41,2026-05-15 15:29:00,2026-05-15 18:23:00,unplanned,MAT-01,9577.0
558,14,2026-06-26 10:00:00,2026-06-26 12:55:00,unplanned,ELEC-01,690.0
559,13,2026-01-12 07:00:00,2026-01-12 09:05:00,planned,CAL-01,3428.0
560,16,2026-06-24 08:04:00,2026-06-24 09:53:00,planned,ELEC-01,8314.0
561,28,2026-05-25 07:24:00,2026-05-25 09:32:00,planned,MEC-02,9783.0
562,14,2026-04-15 10:40:00,2026-04-15 12:16:00,planned,MEC-01,4021.0
563,4,2026-05-03 07:41:00,2026-05-03 08:14:00,unplanned,CAL-01,8015.0
564,49,2026-03-25 21:53:00,2026-03-25 23:20:00,unplanned,ELEC-01,7481.0
565,9,2026-06-09 20:13:00,2026-06-09 22:07:00,planned,MEC-02,7847.0
566,48,2026-03-01 11:30:00,2026-03-01 14:18:00,planned,CAL-01,8451.0
567,13,2026-04-30 04:25:00,2026-04-30 05:16:00,unplanned,ELEC-01,1662.0
568,9,2026-06-12 00:54:00,2026-06-12 01:32:00,planned,MEC-01,
569,30,2026-05-09 07:07:00,2026-05-09 08:27:00,unplanned,MEC-01,1775.0
570,8,2026-03-01 03:56:00,2026-03-01 05:59:00,unplanned,ELEC-01,5985.0
571,9,2026-04-11 05:04:00,2026-04-11 07:34:00,planned,MAT-01,8345.0
572,6,2026-05-22 20:37:00,2026-05-22 20:50:00,unplanned,MEC-02,
573,8,2026-02-26 13:14:00,2026-02-26 13:34:00,unplanned,MEC-01,1111.0
574,6,2026-06-07 10:53:00,2026-06-07 12:45:00,planned,ELEC-01,
575,44,2026-06-04 03:16:00,2026-06-04 03:59:00,planned,CAL-01,7325.0
576,20,2026-03-03 00:39:00,2026-03-03 02:10:00,planned,MAT-01,
577,40,2026-04-05 03:39:00,2026-04-05 06:14:00,planned,MEC-01,9063.0
578,49,2026-04-23 21:30:00,2026-04-23 22:10:00,planned,MEC-01,
579,27,2026-02-17 09:35:00,2026-02-17 11:10:00,unplanned,CAL-01,524.0
580,3,2026-06-23 14:34:00,2026-06-23 17:27:00,unplanned,CAL-01,
581,31,2026-06-01 07:35:00,2026-06-01 09:46:00,unplanned,MEC-02,6671.0
582,8,2026-06-05 22:20:00,2026-06-06 01:14:00,unplanned,ELEC-01,
583,46,2026-01-02 06:22:00,2026-01-02 08:50:00,planned,MEC-01,
584,7,2026-02-21 05:50:00,2026-02-21 07:36:00,planned,ELEC-01,
585,30,2026-04-15 22:49:00,2026-04-16 01:35:00,planned,CAL-01,
586,27,2026-03-05 11:53:00,2026-03-05 14:43:00,planned,MEC-01,9250.0
587,36,2026-06-11 18:57:00,2026-06-11 21:48:00,unplanned,MAT-01,5530.0
588,15,2026-02-11 00:10:00,2026-02-11 00:37:00,unplanned,ELEC-01,
589,22,2026-06-19 17:24:00,2026-06-19 17:47:00,planned,ELEC-01,5269.0
590,20,2026-01-27 00:30:00,2026-01-27 02:05:00,planned,ELEC-01,7081.0
591,24,2026-02-18 14:39:00,2026-02-18 14:55:00,planned,MEC-02,6851.0
592,26,2026-06-22 03:15:00,2026-06-22 06:04:00,planned,MEC-01,9430.0
593,17,2026-05-28 14:01:00,2026-05-28 14:17:00,unplanned,MAT-01,
594,30,2026-02-10 17:40:00,2026-02-10 18:33:00,planned,CAL-01,271.0
595,47,2026-01-10 22:58:00,2026-01-11 01:50:00,planned,CAL-01,5595.0
596,34,2026-05-24 05:05:00,2026-05-24 07:05:00,planned,MEC-01,9595.0
597,49,2026-06-11 23:52:00,2026-06-12 01:05:00,unplanned,ELEC-01,5285.0
598,20,2026-02-08 19:47:00,2026-02-08 20:23:00,unplanned,MEC-01,5852.0
599,6,2026-03-22 15:16:00,2026-03-22 16:47:00,unplanned,MEC-01,702.0
600,34,2026-03-21 21:50:00,2026-03-22 00:10:00,planned,CAL-01,2707.0
601,22,2026-03-17 06:09:00,2026-03-17 08:16:00,planned,ELEC-01,
602,6,2026-03-04 22:44:00,2026-03-05 01:37:00,unplanned,MEC-02,9406.0
603,50,2026-03-19 23:33:00,2026-03-20 01:16:00,unplanned,MEC-01,3418.0
604,18,2026-05-21 14:39:00,2026-05-21 16:46:00,planned,ELEC-01,7397.0
605,47,2026-01-29 04:01:00,2026-01-29 06:38:00,unplanned,MAT-01,3443.0
606,17,2026-04-03 04:34:00,2026-04-03 06:23:00,planned,MEC-02,7705.0
607,38,2026-05-12 07:50:00,2026-05-12 09:25:00,unplanned,MEC-01,7849.0
608,47,2026-06-24 18:17:00,2026-06-24 19:25:00,unplanned,CAL-01,138.0
609,24,2026-05-24 07:12:00,2026-05-24 09:43:00,planned,ELEC-01,9872.0
610,38,2026-01-21 15:32:00,2026-01-21 16:23:00,planned,ELEC-01,8412.0
611,30,2026-05-02 22:15:00,2026-05-03 00:59:00,unplanned,MEC-02,
612,18,2026-04-14 17:31:00,2026-04-14 20:15:00,planned,MEC-01,
613,42,2026-06-16 21:12:00,2026-06-16 21:52:00,planned,MEC-02,4429.0
614,6,2026-06-21 23:16:00,2026-06-21 23:27:00,unplanned,CAL-01,1755.0
615,25,2026-04-14 13:56:00,2026-04-14 16:50:00,planned,MEC-02,
616,10,2026-01-29 09:09:00,2026-01-29 09:42:00,planned,MEC-02,
617,21,2026-06-06 07:26:00,2026-06-06 10:24:00,planned,CAL-01,
618,3,2026-04-13 00:52:00,2026-04-13 02:50:00,planned,MEC-01,8666.0
619,40,2026-03-12 18:34:00,2026-03-12 18:46:00,unplanned,MEC-02,
620,15,2026-05-04 01:47:00,2026-05-04 04:32:00,planned,MAT-01,
621,25,2026-05-10 22:18:00,2026-05-10 22:57:00,planned,MEC-01,5096.0
622,24,2026-01-31 05:09:00,2026-01-31 06:04:00,unplanned,CAL-01,1227.0
623,46,2026-03-14 07:33:00,2026-03-14 10:00:00,unplanned,MAT-01,6559.0
624,34,2026-03-16 11:48:00,2026-03-16 13:32:00,planned,MEC-01,9816.0
625,37,2026-03-17 12:35:00,2026-03-17 13:02:00,unplanned,ELEC-01,194.0
626,12,2026-03-21 15:25:00,2026-03-21 17:06:00,planned,CAL-01,
627,19,2026-06-01 10:33:00,2026-06-01 11:43:00,planned,MEC-02,
628,36,2026-01-08 10:24:00,2026-01-08 12:36:00,planned,MEC-01,5387.0
629,25,2026-06-12 00:43:00,2026-06-12 02:22:00,unplanned,MAT-01,
630,36,2026-06-12 04:31:00,2026-06-12 07:31:00,unplanned,MEC-01,
631,2,2026-05-07 13:04:00,2026-05-07 14:47:00,unplanned,CAL-01,4317.0
632,5,2026-04-07 02:58:00,2026-04-07 03:48:00,planned,ELEC-01,2295.0
633,14,2026-06-05 14:32:00,2026-06-05 17:06:00,unplanned,CAL-01,7954.0
634,38,2026-06-09 13:38:00,2026-06-09 16:11:00,planned,CAL-01,3977.0
635,3,2026-03-17 08:43:00,2026-03-17 10:36:00,planned,CAL-01,
636,16,2026-02-12 19:33:00,2026-02-12 21:09:00,unplanned,ELEC-01,5852.0
637,29,2026-02-13 10:21:00,2026-02-13 13:08:00,planned,ELEC-01,6210.0
638,45,2026-03-14 19:24:00,2026-03-14 22:23:00,unplanned,CAL-01,
639,6,2026-03-20 22:50:00,2026-03-21 00:23:00,unplanned,CAL-01,8770.0
640,29,2026-04-01 23:49:00,2026-04-02 01:02:00,planned,ELEC-01,
641,8,2026-04-27 22:41:00,2026-04-28 01:24:00,planned,MEC-01,
642,6,2026-01-03 17:01:00,2026-01-03 17:12:00,unplanned,ELEC-01,
643,14,2026-05-09 21:00:00,2026-05-09 23:56:00,planned,MEC-02,5322.0
644,3,2026-06-25 16:52:00,2026-06-25 17:32:00,planned,MEC-02,1414.0
645,3,2026-04-25 14:20:00,2026-04-25 16:39:00,unplanned,MEC-02,
646,22,2026-03-17 08:02:00,2026-03-17 08:24:00,planned,MEC-01,6901.0
647,36,2026-05-14 00:35:00,2026-05-14 02:49:00,planned,MAT-01,
648,25,2026-05-20 02:51:00,2026-05-20 05:09:00,planned,MEC-01,9716.0
649,47,2026-05-27 06:18:00,2026-05-27 08:25:00,planned,ELEC-01,6463.0
650,46,2026-01-27 22:13:00,2026-01-28 01:06:00,unplanned,MEC-01,
651,8,2026-03-18 19:24:00,2026-03-18 19:38:00,planned,MAT-01,1919.0
652,19,2026-01-29 13:38:00,2026-01-29 15:29:00,planned,MEC-01,2257.0
653,5,2026-04-13 03:52:00,2026-04-13 04:13:00,planned,MAT-01,4306.0
654,46,2026-01-01 09:19:00,2026-01-01 11:53:00,planned,ELEC-01,461.0
655,47,2026-04-15 06:06:00,2026-04-15 08:22:00,unplanned,ELEC-01,
656,13,2026-02-17 10:08:00,2026-02-17 11:09:00,planned,MEC-01,6775.0
657,37,2026-04-28 08:47:00,2026-04-28 09:52:00,planned,CAL-01,
658,44,2026-03-14 17:52:00,2026-03-14 19:46:00,unplanned,MAT-01,
659,48,2026-04-19 17:53:00,2026-04-19 20:41:00,planned,MEC-01,9906.0
660,30,2026-05-05 20:20:00,2026-05-05 22:08:00,planned,CAL-01,4506.0
661,40,2026-04-17 13:20:00,2026-04-17 14:23:00,planned,CAL-01,9882.0
662,15,2026-03-14 14:29:00,2026-03-14 14:49:00,planned,MAT-01,4163.0
663,6,2026-04-03 21:56:00,2026-04-03 22:03:00,planned,MEC-02,
664,33,2026-06-22 02:27:00,2026-06-22 03:16:00,unplanned,MEC-02,6269.0
665,48,2026-03-07 10:16:00,2026-03-07 11:36:00,unplanned,CAL-01,4190.0
666,23,2026-03-23 08:29:00,2026-03-23 10:15:00,planned,MAT-01,4771.0
667,45,2026-02-25 13:28:00,2026-02-25 14:12:00,planned,MEC-01,2990.0
668,7,2026-03-09 11:14:00,2026-03-09 11:29:00,planned,ELEC-01,2779.0
669,45,2026-05-27 03:54:00,2026-05-27 06:05:00,unplanned,MEC-01,812.0
670,39,2026-01-18 18:00:00,2026-01-18 18:51:00,planned,MEC-01,365.0
671,21,2026-04-06 15:04:00,2026-04-06 17:39:00,planned,ELEC-01,7074.0
672,45,2026-01-18 22:59:00,2026-01-19 01:13:00,planned,CAL-01,6453.0
673,18,2026-06-21 14:04:00,2026-06-21 17:02:00,planned,MEC-02,3716.0
674,8,2026-04-10 21:17:00,2026-04-10 22:42:00,planned,MAT-01,
675,23,2026-04-02 15:09:00,2026-04-02 18:09:00,planned,MEC-02,
676,9,2026-02-19 22:23:00,2026-02-20 01:23:00,unplanned,MEC-01,
677,48,2026-03-30 22:26:00,2026-03-31 00:29:00,unplanned,MEC-01,
678,23,2026-05-27 15:09:00,2026-05-27 16:32:00,unplanned,ELEC-01,1351.0
679,16,2026-01-14 05:09:00,2026-01-14 05:38:00,unplanned,MEC-01,557.0
680,50,2026-01-04 05:11:00,2026-01-04 06:38:00,planned,MEC-02,
681,49,2026-03-22 06:55:00,2026-03-22 07:46:00,planned,MAT-01,6758.0
682,33,2026-01-14 17:00:00,2026-01-14 17:26:00,planned,MAT-01,4965.0
683,38,2026-06-20 11:45:00,2026-06-20 12:22:00,unplanned,ELEC-01,5299.0
684,3,2026-04-27 05:00:00,2026-04-27 07:25:00,unplanned,CAL-01,
685,47,2026-05-28 20:08:00,2026-05-28 20:19:00,planned,MEC-01,
686,15,2026-03-05 08:59:00,2026-03-05 10:17:00,planned,CAL-01,
687,43,2026-03-16 21:13:00,2026-03-16 22:09:00,unplanned,CAL-01,7197.0
688,39,2026-06-09 17:01:00,2026-06-09 19:10:00,planned,ELEC-01,
689,28,2026-04-30 12:47:00,2026-04-30 14:44:00,unplanned,MEC-02,7891.0
690,48,2026-01-05 13:13:00,2026-01-05 15:33:00,unplanned,CAL-01,9835.0
691,36,2026-01-27 12:07:00,2026-01-27 12:28:00,planned,ELEC-01,
692,3,2026-03-02 15:22:00,2026-03-02 18:00:00,planned,CAL-01,
693,44,2026-06-16 07:42:00,2026-06-16 08:06:00,planned,MAT-01,5132.0
694,36,2026-03-26 22:09:00,2026-03-26 23:01:00,unplanned,MEC-02,9462.0
695,24,2026-01-12 03:13:00,2026-01-12 04:01:00,unplanned,CAL-01,
696,16,2026-03-22 05:54:00,2026-03-22 08:49:00,planned,MEC-02,7618.0
697,18,2026-06-26 17:16:00,2026-06-26 18:25:00,planned,MEC-01,
698,23,2026-01-23 06:18:00,2026-01-23 08:07:00,unplanned,CAL-01,9888.0
699,10,2026-02-08 13:18:00,2026-02-08 13:33:00,planned,ELEC-01,4041.0
700,50,2026-02-13 15:01:00,2026-02-13 16:44:00,unplanned,MEC-02,1221.0
701,18,2026-05-13 15:10:00,2026-05-13 15:20:00,planned,MEC-01,5159.0
702,50,2026-05-17 20:24:00,2026-05-17 21:20:00,planned,ELEC-01,4523.0
703,23,2026-02-16 00:30:00,2026-02-16 00:59:00,planned,MAT-01,2587.0
704,5,2026-03-12 12:57:00,2026-03-12 15:41:00,unplanned,MAT-01,7814.0
705,19,2026-02-26 11:29:00,2026-02-26 12:01:00,planned,MAT-01,8707.0
706,10,2026-04-18 16:05:00,2026-04-18 19:04:00,planned,MAT-01,
707,9,2026-05-07 11:29:00,2026-05-07 13:07:00,unplanned,CAL-01,2453.0
708,44,2026-04-25 05:31:00,2026-04-25 05:52:00,planned,CAL-01,6847.0
709,37,2026-03-03 04:16:00,2026-03-03 05:58:00,unplanned,CAL-01,
710,34,2026-04-20 20:11:00,2026-04-20 22:03:00,planned,CAL-01,5751.0
711,28,2026-06-16 08:31:00,2026-06-16 10:16:00,planned,MAT-01,6918.0
712,28,2026-01-28 05:50:00,2026-01-28 07:22:00,planned,MAT-01,
713,29,2026-04-17 23:56:00,2026-04-18 02:32:00,planned,CAL-01,
714,13,2026-03-12 00:42:00,2026-03-12 03:40:00,unplanned,MEC-01,
715,42,2026-06-07 22:23:00,2026-06-08 00:35:00,unplanned,MAT-01,9313.0
716,3,2026-04-24 22:21:00,2026-04-24 22:53:00,planned,MEC-01,8073.0
717,1,2026-02-02 02:00:00,2026-02-02 03:39:00,unplanned,MEC-02,
718,1,2026-06-04 09:50:00,2026-06-04 11:44:00,planned,ELEC-01,
719,36,2026-03-02 14:43:00,2026-03-02 17:01:00,planned,CAL-01,8808.0
720,6,2026-03-13 00:18:00,2026-03-13 02:17:00,planned,CAL-01,
721,28,2026-02-02 10:22:00,2026-02-02 12:31:00,unplanned,MAT-01,3381.0
722,36,2026-02-08 03:56:00,2026-02-08 06:40:00,planned,MEC-02,762.0
723,19,2026-04-28 22:06:00,2026-04-28 23:28:00,unplanned,ELEC-01,8770.0
724,3,2026-01-07 09:31:00,2026-01-07 10:18:00,unplanned,CAL-01,7200.0
725,1,2026-03-20 06:24:00,2026-03-20 07:55:00,planned,MEC-02,2808.0
726,31,2026-06-14 21:19:00,2026-06-14 22:47:00,unplanned,MEC-01,8285.0
727,29,2026-01-21 13:50:00,2026-01-21 14:56:00,unplanned,MAT-01,
728,11,2026-05-02 18:51:00,2026-05-02 21:40:00,planned,MAT-01,3438.0
729,20,2026-02-23 23:05:00,2026-02-23 23:35:00,unplanned,MEC-02,1023.0
730,15,2026-04-03 02:20:00,2026-04-03 03:22:00,unplanned,ELEC-01,
731,7,2026-01-05 12:51:00,2026-01-05 13:12:00,unplanned,ELEC-01,2483.0
732,39,2026-02-24 17:36:00,2026-02-24 18:46:00,planned,CAL-01,4265.0
733,34,2026-05-26 13:13:00,2026-05-26 15:43:00,unplanned,CAL-01,
734,28,2026-06-05 02:20:00,2026-06-05 02:59:00,unplanned,MEC-01,6317.0
735,48,2026-03-04 16:53:00,2026-03-04 19:16:00,unplanned,CAL-01,5650.0
736,24,2026-02-19 08:56:00,2026-02-19 10:44:00,unplanned,MAT-01,642.0
737,5,2026-01-22 00:24:00,2026-01-22 00:39:00,unplanned,MAT-01,
738,15,2026-04-25 22:33:00,2026-04-25 23:24:00,unplanned,MEC-01,4249.0
739,13,2026-04-28 00:52:00,2026-04-28 03:38:00,unplanned,MAT-01,1841.0
740,25,2026-06-10 06:16:00,2026-06-10 08:54:00,planned,MAT-01,
741,48,2026-04-30 21:25:00,2026-04-30 21:33:00,unplanned,CAL-01,6812.0
742,26,2026-06-19 00:30:00,2026-06-19 02:47:00,planned,ELEC-01,4997.0
743,18,2026-06-13 00:35:00,2026-06-13 02:22:00,planned,MEC-01,5478.0
744,46,2026-01-19 01:47:00,2026-01-19 02:37:00,planned,ELEC-01,
745,2,2026-05-11 04:46:00,2026-05-11 05:07:00,planned,MEC-02,9973.0
746,43,2026-03-26 04:44:00,2026-03-26 05:50:00,planned,CAL-01,9353.0
747,1,2026-06-06 22:05:00,2026-06-06 22:46:00,unplanned,MEC-01,2650.0
748,13,2026-01-24 11:56:00,2026-01-24 12:32:00,unplanned,ELEC-01,
749,39,2026-04-25 16:08:00,2026-04-25 18:12:00,planned,ELEC-01,1256.0
750,49,2026-05-28 18:44:00,2026-05-28 19:18:00,planned,MEC-02,4888.0
751,23,2026-02-10 11:44:00,2026-02-10 13:15:00,unplanned,MEC-02,3604.0
752,36,2026-03-29 08:26:00,2026-03-29 10:27:00,unplanned,MEC-01,
753,12,2026-05-04 20:18:00,2026-05-04 21:15:00,unplanned,ELEC-01,5727.0
754,26,2026-04-14 13:13:00,2026-04-14 15:44:00,planned,MEC-01,7472.0
755,23,2026-04-12 21:45:00,2026-04-12 22:57:00,unplanned,CAL-01,
756,7,2026-05-28 22:42:00,2026-05-28 23:51:00,planned,ELEC-01,
757,14,2026-02-12 05:11:00,2026-02-12 07:30:00,unplanned,MAT-01,1797.0
758,23,2026-06-26 12:00:00,2026-06-26 13:33:00,planned,MAT-01,1557.0
759,21,2026-03-26 04:33:00,2026-03-26 05:46:00,planned,CAL-01,4260.0
760,33,2026-04-26 05:22:00,2026-04-26 07:22:00,unplanned,MEC-02,
761,7,2026-02-28 09:54:00,2026-02-28 10:33:00,planned,MEC-02,2574.0
762,43,2026-04-20 03:11:00,2026-04-20 04:17:00,unplanned,MEC-01,7389.0
763,27,2026-06-17 21:49:00,2026-06-17 23:50:00,unplanned,CAL-01,956.0
764,30,2026-05-30 22:59:00,2026-05-30 23:33:00,planned,CAL-01,3149.0
765,4,2026-03-13 14:28:00,2026-03-13 14:49:00,unplanned,ELEC-01,
766,7,2026-01-21 20:31:00,2026-01-21 20:53:00,unplanned,MAT-01,5371.0
767,46,2026-05-20 11:23:00,2026-05-20 14:12:00,unplanned,MEC-01,5543.0
768,40,2026-05-17 05:04:00,2026-05-17 07:29:00,planned,MAT-01,
769,8,2026-02-28 08:40:00,2026-02-28 09:17:00,planned,MEC-02,9426.0
770,17,2026-01-01 03:21:00,2026-01-01 03:59:00,planned,ELEC-01,
771,24,2026-03-31 02:44:00,2026-03-31 05:29:00,unplanned,ELEC-01,6089.0
772,7,2026-06-18 16:10:00,2026-06-18 17:43:00,planned,MEC-01,8934.0
773,37,2026-01-13 14:38:00,2026-01-13 14:46:00,unplanned,ELEC-01,
774,26,2026-02-06 01:34:00,2026-02-06 02:33:00,planned,MEC-01,9786.0
775,1,2026-04-23 21:20:00,2026-04-23 23:07:00,unplanned,MEC-02,8838.0
776,26,2026-01-12 07:04:00,2026-01-12 07:53:00,planned,CAL-01,8986.0
777,13,2026-04-27 11:06:00,2026-04-27 12:04:00,unplanned,MAT-01,
778,37,2026-01-12 20:04:00,2026-01-12 22:50:00,planned,MEC-02,
779,37,2026-03-26 09:32:00,2026-03-26 11:30:00,unplanned,MAT-01,
780,35,2026-06-01 11:28:00,2026-06-01 12:12:00,planned,MEC-02,5778.0
781,5,2026-05-21 05:40:00,2026-05-21 07:55:00,planned,MEC-01,
782,16,2026-01-04 07:33:00,2026-01-04 09:09:00,unplanned,MAT-01,8597.0
783,24,2026-05-12 20:59:00,2026-05-12 22:37:00,unplanned,MAT-01,
784,24,2026-03-27 12:14:00,2026-03-27 14:20:00,unplanned,ELEC-01,3445.0
785,39,2026-01-21 05:45:00,2026-01-21 07:44:00,planned,CAL-01,3842.0
786,43,2026-04-29 06:42:00,2026-04-29 08:52:00,planned,MAT-01,3238.0
787,13,2026-05-21 10:35:00,2026-05-21 11:46:00,unplanned,MEC-02,3169.0
788,13,2026-02-02 15:45:00,2026-02-02 16:39:00,unplanned,MEC-01,
789,42,2026-04-20 13:40:00,2026-04-20 15:20:00,unplanned,CAL-01,3323.0
790,2,2026-05-29 19:03:00,2026-05-29 21:33:00,planned,CAL-01,3995.0
791,45,2026-02-26 22:11:00,2026-02-26 23:15:00,planned,ELEC-01,9315.0
792,43,2026-04-18 05:40:00,2026-04-18 08:13:00,planned,CAL-01,
793,43,2026-05-23 04:50:00,2026-05-23 07:44:00,planned,MEC-01,8005.0
794,32,2026-04-01 22:08:00,2026-04-02 00:58:00,unplanned,MEC-01,2839.0
795,20,2026-02-28 16:00:00,2026-02-28 17:40:00,unplanned,ELEC-01,1504.0
796,26,2026-04-26 13:44:00,2026-04-26 15:38:00,planned,MEC-01,7736.0
797,19,2026-02-16 15:33:00,2026-02-16 17:17:00,unplanned,MAT-01,666.0
798,20,2026-04-08 06:16:00,2026-04-08 08:49:00,unplanned,MEC-01,9220.0
799,26,2026-05-03 22:11:00,2026-05-03 23:38:00,unplanned,MEC-01,7234.0
800,11,2026-03-11 22:48:00,2026-03-11 23:26:00,planned,CAL-01,2844.0
801,46,2026-05-15 16:40:00,2026-05-15 17:50:00,unplanned,MEC-02,3378.0
802,11,2026-03-30 21:33:00,2026-03-30 22:10:00,planned,MEC-01,
803,47,2026-04-17 12:59:00,2026-04-17 15:41:00,unplanned,CAL-01,6422.0
804,32,2026-02-14 06:00:00,2026-02-14 08:40:00,planned,MEC-01,276.0
805,40,2026-01-22 13:22:00,2026-01-22 13:55:00,planned,MAT-01,2113.0
806,24,2026-05-13 05:26:00,2026-05-13 06:35:00,unplanned,MEC-02,
807,7,2026-05-06 03:23:00,2026-05-06 03:44:00,unplanned,CAL-01,1090.0
808,18,2026-06-23 16:02:00,2026-06-23 18:51:00,unplanned,ELEC-01,
809,33,2026-03-11 12:53:00,2026-03-11 13:19:00,unplanned,CAL-01,
810,37,2026-05-19 07:41:00,2026-05-19 08:34:00,unplanned,MAT-01,2980.0
811,11,2026-05-23 17:51:00,2026-05-23 18:06:00,planned,ELEC-01,
812,35,2026-06-10 02:36:00,2026-06-10 02:45:00,unplanned,CAL-01,2371.0
813,22,2026-04-06 19:49:00,2026-04-06 20:29:00,unplanned,CAL-01,
814,30,2026-06-20 06:04:00,2026-06-20 08:22:00,unplanned,MEC-02,3458.0
815,4,2026-04-30 15:17:00,2026-04-30 16:43:00,unplanned,MAT-01,5467.0
816,25,2026-03-13 22:16:00,2026-03-13 23:23:00,planned,MEC-02,3082.0
817,25,2026-06-10 09:21:00,2026-06-10 12:21:00,planned,MEC-01,2182.0
818,17,2026-05-04 13:21:00,2026-05-04 16:21:00,planned,MEC-01,5725.0
819,43,2026-01-24 18:29:00,2026-01-24 19:22:00,planned,MEC-01,2378.0
820,32,2026-05-21 18:51:00,2026-05-21 20:12:00,unplanned,MAT-01,486.0
821,8,2026-06-14 05:03:00,2026-06-14 05:17:00,unplanned,CAL-01,7820.0
822,42,2026-05-01 08:59:00,2026-05-01 11:21:00,planned,ELEC-01,8511.0
823,37,2026-03-02 23:24:00,2026-03-03 02:16:00,planned,CAL-01,3712.0
824,20,2026-02-06 03:34:00,2026-02-06 03:53:00,unplanned,ELEC-01,9384.0
825,42,2026-04-16 20:20:00,2026-04-16 21:31:00,planned,ELEC-01,9234.0
826,35,2026-04-26 21:22:00,2026-04-27 00:16:00,unplanned,MEC-01,
827,33,2026-01-08 21:22:00,2026-01-08 23:32:00,planned,MEC-01,9491.0
828,42,2026-04-30 02:01:00,2026-04-30 03:23:00,planned,MAT-01,6636.0
829,44,2026-02-21 02:41:00,2026-02-21 03:08:00,unplanned,CAL-01,
830,9,2026-03-29 01:53:00,2026-03-29 02:09:00,planned,ELEC-01,
831,15,2026-04-15 07:57:00,2026-04-15 10:46:00,unplanned,MEC-01,5222.0
832,45,2026-02-21 14:28:00,2026-02-21 14:57:00,unplanned,CAL-01,
833,9,2026-01-18 08:56:00,2026-01-18 09:56:00,planned,MAT-01,5696.0
834,45,2026-03-15 19:33:00,2026-03-15 20:46:00,unplanned,MAT-01,
835,40,2026-05-30 10:01:00,2026-05-30 10:12:00,planned,MEC-02,
836,36,2026-05-27 13:49:00,2026-05-27 14:28:00,planned,MEC-02,
837,22,2026-06-23 03:52:00,2026-06-23 05:55:00,planned,MEC-02,8410.0
838,38,2026-03-14 13:32:00,2026-03-14 14:18:00,unplanned,MAT-01,1775.0
839,12,2026-03-22 20:01:00,2026-03-22 22:54:00,unplanned,ELEC-01,7589.0
840,38,2026-06-10 21:31:00,2026-06-10 22:00:00,planned,MEC-01,4702.0
841,35,2026-05-08 00:34:00,2026-05-08 02:49:00,unplanned,MEC-01,689.0
842,40,2026-03-01 15:44:00,2026-03-01 16:08:00,planned,MEC-02,3928.0
843,42,2026-02-24 00:29:00,2026-02-24 01:35:00,planned,MAT-01,4537.0
844,30,2026-01-25 17:10:00,2026-01-25 19:11:00,unplanned,CAL-01,5807.0
845,48,2026-06-10 10:57:00,2026-06-10 11:25:00,planned,MAT-01,9625.0
846,24,2026-01-01 18:20:00,2026-01-01 19:22:00,planned,MEC-02,6796.0
847,33,2026-01-21 01:24:00,2026-01-21 02:40:00,unplanned,ELEC-01,
848,14,2026-04-17 10:44:00,2026-04-17 11:13:00,planned,MEC-02,
849,1,2026-06-24 02:36:00,2026-06-24 02:55:00,unplanned,ELEC-01,8954.0
850,47,2026-03-03 08:15:00,2026-03-03 09:56:00,planned,MAT-01,
851,9,2026-02-03 09:21:00,2026-02-03 11:01:00,unplanned,ELEC-01,
852,19,2026-02-06 20:15:00,2026-02-06 23:02:00,planned,ELEC-01,9255.0
853,28,2026-02-26 00:18:00,2026-02-26 00:54:00,planned,MEC-01,3996.0
854,36,2026-01-11 07:04:00,2026-01-11 09:25:00,planned,MEC-02,5868.0
855,27,2026-03-08 18:35:00,2026-03-08 21:21:00,unplanned,CAL-01,5369.0
856,40,2026-03-13 18:46:00,2026-03-13 18:59:00,planned,MAT-01,
857,4,2026-04-10 12:25:00,2026-04-10 15:20:00,unplanned,CAL-01,1827.0
858,19,2026-06-20 23:28:00,2026-06-21 00:22:00,planned,CAL-01,552.0
859,32,2026-05-03 06:09:00,2026-05-03 07:57:00,planned,ELEC-01,9647.0
860,49,2026-02-06 01:17:00,2026-02-06 02:18:00,unplanned,ELEC-01,
861,36,2026-05-16 00:22:00,2026-05-16 03:08:00,planned,CAL-01,3833.0
862,31,2026-04-07 06:27:00,2026-04-07 09:01:00,planned,MEC-01,8200.0
863,36,2026-04-28 17:40:00,2026-04-28 17:50:00,planned,MEC-02,4181.0
864,2,2026-02-18 18:51:00,2026-02-18 20:59:00,unplanned,MEC-01,
865,41,2026-02-26 10:15:00,2026-02-26 12:37:00,unplanned,CAL-01,2635.0
866,11,2026-02-09 22:25:00,2026-02-09 22:53:00,planned,CAL-01,1083.0
867,41,2026-03-02 11:06:00,2026-03-02 12:41:00,planned,MAT-01,702.0
868,41,2026-04-22 04:00:00,2026-04-22 04:15:00,unplanned,ELEC-01,669.0
869,17,2026-03-20 18:16:00,2026-03-20 19:12:00,unplanned,CAL-01,5611.0
870,16,2026-02-01 14:40:00,2026-02-01 16:41:00,planned,MEC-02,
871,15,2026-02-21 01:24:00,2026-02-21 02:01:00,planned,MEC-02,9763.0
872,27,2026-05-20 19:34:00,2026-05-20 20:24:00,planned,MEC-01,9058.0
873,18,2026-05-25 20:22:00,2026-05-25 21:10:00,unplanned,MEC-02,
874,28,2026-05-22 09:02:00,2026-05-22 11:58:00,planned,ELEC-01,510.0
875,11,2026-05-05 02:57:00,2026-05-05 04:35:00,unplanned,MEC-02,3514.0
876,41,2026-05-20 07:15:00,2026-05-20 10:15:00,unplanned,ELEC-01,1269.0
877,44,2026-04-04 13:03:00,2026-04-04 13:39:00,planned,ELEC-01,2590.0
878,10,2026-01-23 06:17:00,2026-01-23 07:26:00,planned,MEC-01,5421.0
879,25,2026-02-07 23:21:00,2026-02-08 02:05:00,unplanned,MAT-01,4254.0
880,16,2026-05-02 07:15:00,2026-05-02 09:43:00,unplanned,MEC-01,5321.0
881,8,2026-03-14 19:06:00,2026-03-14 20:11:00,unplanned,CAL-01,807.0
882,21,2026-06-14 03:41:00,2026-06-14 04:53:00,planned,MEC-02,
883,31,2026-05-16 01:45:00,2026-05-16 04:36:00,planned,ELEC-01,4322.0
884,41,2026-01-12 04:27:00,2026-01-12 06:44:00,planned,ELEC-01,1394.0
885,13,2026-01-18 07:54:00,2026-01-18 10:03:00,unplanned,MAT-01,8036.0
886,26,2026-04-23 05:52:00,2026-04-23 08:37:00,planned,ELEC-01,9371.0
887,48,2026-04-14 09:35:00,2026-04-14 11:07:00,planned,MAT-01,2952.0
888,33,2026-03-28 14:22:00,2026-03-28 16:07:00,planned,ELEC-01,1511.0
889,20,2026-03-27 05:33:00,2026-03-27 08:23:00,unplanned,MEC-02,7094.0
890,50,2026-05-09 06:12:00,2026-05-09 08:12:00,planned,MAT-01,4581.0
891,50,2026-01-22 23:12:00,2026-01-23 01:23:00,unplanned,MEC-02,429.0
892,28,2026-03-13 10:35:00,2026-03-13 11:41:00,unplanned,MEC-02,
893,30,2026-04-02 00:44:00,2026-04-02 01:53:00,unplanned,MEC-01,4166.0
894,4,2026-03-16 13:00:00,2026-03-16 13:28:00,planned,ELEC-01,
895,38,2026-06-25 21:23:00,2026-06-25 21:34:00,unplanned,MEC-02,467.0
896,32,2026-06-22 04:31:00,2026-06-22 06:35:00,unplanned,MEC-01,8224.0
897,42,2026-06-15 22:28:00,2026-06-15 22:50:00,planned,CAL-01,8368.0
898,36,2026-05-05 13:09:00,2026-05-05 15:54:00,unplanned,MEC-02,
899,44,2026-03-18 01:39:00,2026-03-18 03:38:00,unplanned,MEC-02,1619.0
900,6,2026-06-02 09:13:00,2026-06-02 10:09:00,unplanned,ELEC-01,3588.0
901,36,2026-06-09 07:22:00,2026-06-09 10:15:00,planned,MAT-01,5860.0
902,32,2026-05-09 08:28:00,2026-05-09 11:12:00,planned,ELEC-01,154.0
903,16,2026-06-10 02:10:00,2026-06-10 03:08:00,planned,MAT-01,1238.0
904,41,2026-06-08 23:13:00,2026-06-09 00:03:00,planned,ELEC-01,7208.0
905,16,2026-02-02 23:57:00,2026-02-03 02:28:00,planned,ELEC-01,
906,44,2026-04-29 08:15:00,2026-04-29 10:02:00,unplanned,ELEC-01,9534.0
907,48,2026-02-12 12:01:00,2026-02-12 14:55:00,planned,MAT-01,1528.0
908,26,2026-01-26 04:36:00,2026-01-26 04:46:00,planned,MEC-01,
909,13,2026-06-21 18:31:00,2026-06-21 19:33:00,unplanned,CAL-01,7753.0
910,32,2026-02-24 17:39:00,2026-02-24 18:15:00,unplanned,ELEC-01,
911,42,2026-02-04 05:33:00,2026-02-04 05:54:00,planned,ELEC-01,
912,50,2026-04-16 13:21:00,2026-04-16 13:41:00,unplanned,CAL-01,6109.0
913,46,2026-05-24 22:48:00,2026-05-25 01:43:00,planned,MEC-02,5593.0
914,15,2026-04-25 01:26:00,2026-04-25 02:29:00,planned,MEC-02,
915,15,2026-02-04 10:46:00,2026-02-04 12:36:00,unplanned,MAT-01,6782.0
916,30,2026-03-01 15:52:00,2026-03-01 18:44:00,planned,MEC-01,6371.0
917,15,2026-06-21 16:02:00,2026-06-21 17:55:00,planned,MAT-01,1998.0
918,2,2026-05-18 13:01:00,2026-05-18 15:17:00,unplanned,CAL-01,9675.0
919,17,2026-06-16 01:37:00,2026-06-16 02:49:00,unplanned,CAL-01,5048.0
920,14,2026-03-08 03:06:00,2026-03-08 04:54:00,planned,MAT-01,
921,39,2026-05-21 07:15:00,2026-05-21 07:53:00,planned,ELEC-01,2151.0
922,43,2026-05-30 16:42:00,2026-05-30 17:25:00,planned,ELEC-01,
923,21,2026-03-03 08:26:00,2026-03-03 09:39:00,unplanned,MEC-01,5015.0
924,45,2026-01-09 06:17:00,2026-01-09 06:23:00,planned,ELEC-01,190.0
925,15,2026-05-17 19:40:00,2026-05-17 21:37:00,unplanned,MAT-01,9021.0
926,1,2026-01-05 00:07:00,2026-01-05 01:15:00,unplanned,CAL-01,3973.0
927,14,2026-06-06 23:28:00,2026-06-07 01:36:00,planned,MEC-01,8135.0
928,16,2026-04-10 14:45:00,2026-04-10 16:08:00,planned,MEC-02,
929,11,2026-05-29 04:53:00,2026-05-29 07:18:00,planned,MEC-01,2383.0
930,23,2026-01-22 03:04:00,2026-01-22 04:22:00,unplanned,CAL-01,6787.0
931,29,2026-03-13 17:20:00,2026-03-13 17:27:00,planned,MEC-01,3347.0
932,10,2026-06-09 05:03:00,2026-06-09 05:57:00,planned,CAL-01,
933,21,2026-06-28 05:04:00,2026-06-28 06:40:00,planned,MEC-02,9426.0
934,11,2026-01-12 12:48:00,2026-01-12 14:32:00,unplanned,ELEC-01,
935,50,2026-05-18 03:47:00,2026-05-18 04:22:00,unplanned,MAT-01,
936,40,2026-05-27 00:53:00,2026-05-27 03:39:00,unplanned,CAL-01,1507.0
937,26,2026-04-17 10:20:00,2026-04-17 10:32:00,unplanned,ELEC-01,9858.0
938,41,2026-01-15 21:52:00,2026-01-15 23:02:00,planned,CAL-01,
939,46,2026-04-14 13:50:00,2026-04-14 14:13:00,planned,MEC-02,4485.0
940,39,2026-02-07 18:53:00,2026-02-07 20:57:00,planned,MEC-01,9889.0
941,27,2026-04-01 14:10:00,2026-04-01 14:21:00,unplanned,CAL-01,1784.0
942,49,2026-01-19 18:06:00,2026-01-19 18:44:00,planned,CAL-01,4786.0
943,4,2026-03-02 02:40:00,2026-03-02 03:51:00,planned,CAL-01,
944,22,2026-01-01 19:23:00,2026-01-01 19:28:00,unplanned,MEC-02,1112.0
945,2,2026-01-03 19:14:00,2026-01-03 21:16:00,unplanned,ELEC-01,4374.0
946,23,2026-05-19 20:40:00,2026-05-19 22:59:00,planned,MAT-01,1880.0
947,11,2026-01-04 00:09:00,2026-01-04 02:00:00,planned,ELEC-01,2613.0
948,43,2026-05-05 14:53:00,2026-05-05 16:58:00,planned,CAL-01,9000.0
949,15,2026-06-05 16:20:00,2026-06-05 17:17:00,planned,ELEC-01,556.0
950,31,2026-05-24 23:09:00,2026-05-25 01:30:00,unplanned,MAT-01,
951,34,2026-01-08 08:06:00,2026-01-08 09:38:00,unplanned,ELEC-01,6921.0
952,46,2026-05-13 19:14:00,2026-05-13 20:54:00,unplanned,MAT-01,
953,26,2026-01-17 08:08:00,2026-01-17 10:22:00,unplanned,MEC-01,8445.0
954,24,2026-01-09 17:27:00,2026-01-09 20:20:00,planned,MAT-01,572.0
955,50,2026-01-05 19:57:00,2026-01-05 22:16:00,unplanned,CAL-01,8694.0
956,3,2026-01-16 00:17:00,2026-01-16 01:18:00,planned,CAL-01,3604.0
957,31,2026-04-24 17:02:00,2026-04-24 19:53:00,unplanned,ELEC-01,119.0
958,40,2026-02-02 01:25:00,2026-02-02 02:46:00,planned,MEC-02,6491.0
959,37,2026-02-15 03:20:00,2026-02-15 05:31:00,unplanned,MEC-01,8401.0
960,4,2026-05-09 07:39:00,2026-05-09 10:10:00,unplanned,MEC-01,9360.0
961,27,2026-02-19 03:03:00,2026-02-19 03:17:00,planned,MEC-01,
962,46,2026-06-01 00:37:00,2026-06-01 02:24:00,unplanned,MAT-01,1200.0
963,28,2026-02-19 14:45:00,2026-02-19 16:26:00,planned,MAT-01,2968.0
964,30,2026-04-21 02:55:00,2026-04-21 05:25:00,unplanned,CAL-01,6423.0
965,44,2026-03-18 10:27:00,2026-03-18 13:16:00,unplanned,MAT-01,4142.0
966,6,2026-05-10 00:31:00,2026-05-10 03:21:00,unplanned,CAL-01,
967,29,2026-05-10 20:32:00,2026-05-10 21:31:00,unplanned,MEC-01,
968,39,2026-02-12 05:55:00,2026-02-12 08:54:00,unplanned,CAL-01,6400.0
969,45,2026-04-18 08:09:00,2026-04-18 09:52:00,planned,MAT-01,2362.0
970,28,2026-05-08 22:40:00,2026-05-08 23:14:00,planned,CAL-01,
971,44,2026-02-01 04:13:00,2026-02-01 05:21:00,unplanned,MEC-02,4180.0
972,39,2026-02-14 15:09:00,2026-02-14 16:39:00,planned,ELEC-01,
973,11,2026-05-08 07:22:00,2026-05-08 07:42:00,unplanned,MEC-02,
974,25,2026-01-27 15:22:00,2026-01-27 17:11:00,planned,MEC-01,6051.0
975,26,2026-05-25 03:55:00,2026-05-25 04:36:00,unplanned,ELEC-01,3833.0
976,35,2026-01-31 11:41:00,2026-01-31 13:03:00,unplanned,MEC-02,9464.0
977,11,2026-06-26 04:14:00,2026-06-26 04:40:00,unplanned,MEC-02,
978,2,2026-01-16 08:51:00,2026-01-16 10:00:00,planned,ELEC-01,
979,49,2026-02-13 12:45:00,2026-02-13 14:16:00,unplanned,MEC-01,
980,1,2026-01-03 21:08:00,2026-01-03 23:37:00,unplanned,ELEC-01,5562.0
981,9,2026-01-13 04:45:00,2026-01-13 07:30:00,unplanned,ELEC-01,7920.0
982,35,2026-04-29 04:11:00,2026-04-29 06:45:00,planned,ELEC-01,
983,11,2026-06-06 15:50:00,2026-06-06 17:16:00,planned,MEC-02,3044.0
984,33,2026-05-05 12:54:00,2026-05-05 13:08:00,planned,MAT-01,4086.0
985,49,2026-01-20 06:00:00,2026-01-20 06:33:00,planned,MAT-01,
986,39,2026-06-20 09:23:00,2026-06-20 11:55:00,unplanned,ELEC-01,7208.0
987,15,2026-06-03 23:23:00,2026-06-04 01:18:00,planned,CAL-01,2281.0
988,42,2026-05-13 18:17:00,2026-05-13 19:54:00,unplanned,MEC-01,4352.0
989,9,2026-05-28 05:33:00,2026-05-28 06:39:00,unplanned,CAL-01,
990,22,2026-01-24 01:32:00,2026-01-24 02:55:00,unplanned,ELEC-01,8919.0
991,22,2026-03-04 18:53:00,2026-03-04 20:14:00,unplanned,MEC-01,6878.0
992,48,2026-06-22 23:37:00,2026-06-23 01:10:00,unplanned,MAT-01,6270.0
993,39,2026-04-28 18:21:00,2026-04-28 19:16:00,planned,CAL-01,
994,46,2026-02-18 07:39:00,2026-02-18 09:00:00,unplanned,CAL-01,1076.0
995,45,2026-05-09 05:37:00,2026-05-09 06:40:00,planned,CAL-01,1525.0
996,15,2026-06-29 07:05:00,2026-06-29 08:32:00,unplanned,MEC-02,3180.0
997,13,2026-01-23 11:29:00,2026-01-23 12:07:00,unplanned,MEC-02,
998,20,2026-02-03 18:54:00,2026-02-03 20:38:00,unplanned,MAT-01,
999,15,2026-03-23 06:47:00,2026-03-23 07:16:00,unplanned,CAL-01,6535.0
1000,24,2026-02-13 20:18:00,2026-02-13 22:46:00,planned,MEC-02,
1001,27,2026-01-28 07:51:00,2026-01-28 09:19:00,unplanned,MEC-02,
1002,26,2026-06-14 01:51:00,2026-06-14 03:44:00,planned,MEC-02,1479.0
1003,46,2026-01-29 18:06:00,2026-01-29 19:44:00,unplanned,CAL-01,3055.0
1004,5,2026-06-26 01:36:00,2026-06-26 02:44:00,unplanned,CAL-01,8123.0
1005,22,2026-03-02 05:50:00,2026-03-02 08:36:00,planned,MAT-01,8422.0
1006,21,2026-03-21 18:29:00,2026-03-21 20:57:00,planned,MEC-01,9554.0
1007,6,2026-03-20 04:43:00,2026-03-20 05:54:00,planned,MAT-01,5517.0
1008,13,2026-05-16 19:55:00,2026-05-16 22:34:00,unplanned,MEC-02,5498.0
1009,43,2026-06-08 18:10:00,2026-06-08 20:31:00,planned,CAL-01,5652.0
1010,50,2026-04-19 16:17:00,2026-04-19 16:26:00,planned,MEC-01,
1011,48,2026-03-13 20:15:00,2026-03-13 21:26:00,planned,ELEC-01,5882.0
1012,19,2026-04-06 11:57:00,2026-04-06 14:44:00,planned,ELEC-01,5096.0
1013,41,2026-02-04 02:42:00,2026-02-04 04:56:00,planned,ELEC-01,
1014,11,2026-04-06 23:17:00,2026-04-07 00:18:00,unplanned,CAL-01,5501.0
1015,11,2026-04-03 09:10:00,2026-04-03 10:19:00,planned,MAT-01,5994.0
1016,33,2026-03-19 14:26:00,2026-03-19 15:29:00,unplanned,MEC-01,1657.0
1017,32,2026-03-05 18:50:00,2026-03-05 19:40:00,unplanned,MEC-02,
1018,40,2026-04-20 10:24:00,2026-04-20 11:45:00,unplanned,MAT-01,6543.0
1019,36,2026-02-07 06:47:00,2026-02-07 09:37:00,unplanned,MAT-01,3357.0
1020,40,2026-03-10 22:17:00,2026-03-10 22:29:00,unplanned,MEC-02,1693.0
1021,9,2026-02-23 20:21:00,2026-02-23 20:52:00,unplanned,MAT-01,1758.0
1022,14,2026-03-20 00:24:00,2026-03-20 01:52:00,planned,CAL-01,5269.0
1023,30,2026-01-21 17:19:00,2026-01-21 19:48:00,unplanned,CAL-01,8677.0
1024,7,2026-04-24 06:16:00,2026-04-24 08:33:00,planned,CAL-01,9252.0
1025,6,2026-01-12 08:29:00,2026-01-12 10:05:00,planned,CAL-01,7348.0
1026,38,2026-03-16 00:31:00,2026-03-16 03:05:00,planned,ELEC-01,5474.0
1027,10,2026-05-24 21:36:00,2026-05-24 22:59:00,unplanned,MEC-02,5680.0
1028,46,2026-03-20 15:43:00,2026-03-20 18:02:00,planned,MAT-01,7843.0
1029,7,2026-02-11 06:09:00,2026-02-11 07:46:00,unplanned,MAT-01,
1030,19,2026-01-27 01:18:00,2026-01-27 01:52:00,planned,MEC-02,1143.0
1031,14,2026-05-27 03:13:00,2026-05-27 04:54:00,unplanned,MEC-02,1142.0
1032,38,2026-02-10 11:05:00,2026-02-10 11:17:00,planned,CAL-01,6539.0
1033,8,2026-02-21 13:55:00,2026-02-21 15:12:00,planned,ELEC-01,543.0
1034,9,2026-05-10 03:19:00,2026-05-10 04:27:00,unplanned,MEC-01,2915.0
1035,17,2026-04-03 08:57:00,2026-04-03 10:28:00,unplanned,ELEC-01,3197.0
1036,43,2026-01-15 00:31:00,2026-01-15 00:58:00,planned,MAT-01,2957.0
1037,44,2026-05-21 17:10:00,2026-05-21 19:48:00,unplanned,CAL-01,3092.0
1038,37,2026-05-08 21:28:00,2026-05-09 00:09:00,planned,MAT-01,952.0
1039,37,2026-05-25 11:51:00,2026-05-25 12:24:00,unplanned,ELEC-01,1868.0
1040,48,2026-04-03 21:15:00,2026-04-03 23:51:00,planned,MEC-01,5798.0
1041,26,2026-06-18 15:10:00,2026-06-18 15:41:00,unplanned,MEC-02,
1042,43,2026-03-21 16:26:00,2026-03-21 18:44:00,planned,MEC-02,1909.0
1043,33,2026-01-01 12:26:00,2026-01-01 14:05:00,unplanned,MEC-02,
1044,23,2026-06-10 06:01:00,2026-06-10 06:16:00,planned,ELEC-01,1495.0
1045,38,2026-03-08 08:05:00,2026-03-08 10:09:00,unplanned,MAT-01,
1046,38,2026-03-28 22:40:00,2026-03-29 00:06:00,unplanned,ELEC-01,8650.0
1047,49,2026-04-16 03:00:00,2026-04-16 03:31:00,unplanned,MAT-01,4133.0
1048,41,2026-06-21 07:07:00,2026-06-21 08:59:00,planned,ELEC-01,3963.0
1049,26,2026-01-25 16:10:00,2026-01-25 17:46:00,unplanned,MEC-01,7220.0
1050,35,2026-02-17 23:26:00,2026-02-18 00:17:00,unplanned,MEC-01,1107.0
1051,49,2026-05-19 22:37:00,2026-05-20 01:07:00,planned,ELEC-01,7826.0
1052,7,2026-04-22 18:08:00,2026-04-22 19:09:00,planned,CAL-01,
1053,48,2026-06-11 01:03:00,2026-06-11 03:22:00,unplanned,CAL-01,9377.0
1054,24,2026-04-14 11:10:00,2026-04-14 12:35:00,planned,ELEC-01,4348.0
1055,38,2026-06-13 02:38:00,2026-06-13 04:54:00,planned,MAT-01,2519.0
1056,9,2026-03-15 00:39:00,2026-03-15 01:18:00,unplanned,MAT-01,
1057,1,2026-01-01 21:10:00,2026-01-01 23:07:00,planned,ELEC-01,6355.0
1058,1,2026-02-07 15:20:00,2026-02-07 17:48:00,unplanned,MEC-02,9535.0
1059,23,2026-03-26 07:00:00,2026-03-26 09:32:00,planned,CAL-01,5747.0
1060,3,2026-02-14 00:48:00,2026-02-14 01:03:00,unplanned,CAL-01,
1061,11,2026-03-29 18:53:00,2026-03-29 21:08:00,unplanned,MAT-01,8034.0
1062,6,2026-04-18 07:48:00,2026-04-18 08:46:00,planned,MEC-01,436.0
1063,50,2026-05-01 03:24:00,2026-05-01 06:10:00,planned,MEC-01,
1064,34,2026-04-05 11:58:00,2026-04-05 13:32:00,unplanned,CAL-01,5088.0
1065,34,2026-05-20 07:35:00,2026-05-20 08:55:00,unplanned,ELEC-01,9567.0
1066,6,2026-02-23 13:09:00,2026-02-23 13:37:00,unplanned,MEC-01,
1067,3,2026-05-02 21:52:00,2026-05-03 00:34:00,unplanned,MAT-01,7977.0
1068,7,2026-05-22 10:52:00,2026-05-22 12:38:00,planned,CAL-01,4719.0
1069,49,2026-01-03 13:56:00,2026-01-03 15:33:00,planned,ELEC-01,5271.0
1070,50,2026-01-20 00:48:00,2026-01-20 01:10:00,unplanned,MEC-02,5281.0
1071,30,2026-03-27 10:52:00,2026-03-27 13:01:00,planned,ELEC-01,
1072,17,2026-02-16 20:57:00,2026-02-16 21:43:00,unplanned,MEC-01,3598.0
1073,42,2026-04-10 05:22:00,2026-04-10 05:38:00,unplanned,MAT-01,5750.0
1074,13,2026-02-25 21:44:00,2026-02-26 00:21:00,unplanned,MAT-01,
1075,44,2026-06-23 06:05:00,2026-06-23 08:01:00,unplanned,MEC-02,5238.0
1076,30,2026-02-25 10:37:00,2026-02-25 11:37:00,planned,ELEC-01,7519.0
1077,44,2026-06-24 10:50:00,2026-06-24 12:46:00,planned,MAT-01,7999.0
1078,14,2026-06-12 14:44:00,2026-06-12 15:29:00,unplanned,MEC-01,7423.0
1079,49,2026-02-18 02:02:00,2026-02-18 04:24:00,unplanned,MAT-01,4311.0
1080,50,2026-04-28 00:35:00,2026-04-28 03:35:00,planned,MEC-01,4705.0
1081,14,2026-03-14 06:19:00,2026-03-14 07:44:00,unplanned,MAT-01,7435.0
1082,6,2026-03-08 10:57:00,2026-03-08 12:38:00,unplanned,MAT-01,
1083,2,2026-04-29 06:02:00,2026-04-29 06:17:00,planned,CAL-01,2434.0
1084,21,2026-04-24 00:17:00,2026-04-24 02:11:00,planned,MAT-01,2008.0
1085,7,2026-06-26 13:35:00,2026-06-26 15:48:00,unplanned,CAL-01,7137.0
1086,50,2026-01-07 21:57:00,2026-01-07 22:56:00,unplanned,MEC-02,534.0
1087,10,2026-05-31 23:00:00,2026-06-01 01:49:00,unplanned,MAT-01,3015.0
1088,22,2026-02-09 22:32:00,2026-02-10 00:12:00,planned,MEC-01,2571.0
1089,24,2026-02-27 04:26:00,2026-02-27 05:40:00,planned,ELEC-01,3876.0
1090,43,2026-03-09 09:35:00,2026-03-09 11:56:00,planned,CAL-01,5867.0
1091,41,2026-03-04 20:08:00,2026-03-04 22:25:00,unplanned,MAT-01,7475.0
1092,5,2026-03-21 11:43:00,2026-03-21 13:54:00,planned,MEC-02,2320.0
1093,40,2026-03-06 09:00:00,2026-03-06 11:40:00,unplanned,CAL-01,
1094,40,2026-04-26 13:19:00,2026-04-26 14:14:00,unplanned,MEC-02,6056.0
1095,41,2026-06-22 09:18:00,2026-06-22 11:16:00,planned,CAL-01,
1096,21,2026-05-16 14:24:00,2026-05-16 17:21:00,planned,ELEC-01,3253.0
1097,41,2026-04-22 04:20:00,2026-04-22 04:59:00,planned,MAT-01,2833.0
1098,34,2026-06-08 18:22:00,2026-06-08 18:40:00,planned,MEC-01,
1099,19,2026-05-09 02:34:00,2026-05-09 04:38:00,unplanned,CAL-01,6527.0
1100,13,2026-01-05 16:58:00,2026-01-05 17:57:00,unplanned,MEC-02,6121.0
1101,19,2026-04-23 04:37:00,2026-04-23 06:37:00,unplanned,MEC-02,6677.0
1102,7,2026-01-17 11:32:00,2026-01-17 14:05:00,unplanned,MEC-02,2401.0
1103,34,2026-02-06 01:18:00,2026-02-06 02:38:00,unplanned,ELEC-01,3314.0
1104,9,2026-06-16 07:36:00,2026-06-16 09:52:00,planned,CAL-01,7908.0
1105,20,2026-06-02 05:12:00,2026-06-02 07:30:00,planned,ELEC-01,4661.0
1106,30,2026-03-13 10:34:00,2026-03-13 11:36:00,planned,MEC-01,6119.0
1107,46,2026-02-20 23:42:00,2026-02-21 02:12:00,planned,MEC-02,780.0
1108,26,2026-05-05 20:40:00,2026-05-05 22:17:00,unplanned,CAL-01,2382.0
1109,45,2026-01-08 15:53:00,2026-01-08 16:56:00,unplanned,MEC-01,4229.0
1110,31,2026-03-08 06:50:00,2026-03-08 08:32:00,unplanned,MEC-01,5714.0
1111,45,2026-04-06 13:48:00,2026-04-06 13:54:00,unplanned,MEC-01,
1112,14,2026-02-17 05:26:00,2026-02-17 05:38:00,planned,MEC-02,8858.0
1113,12,2026-01-20 16:36:00,2026-01-20 19:13:00,planned,MEC-01,7594.0
1114,41,2026-01-16 20:51:00,2026-01-16 21:40:00,unplanned,MEC-01,1836.0
1115,27,2026-06-05 14:13:00,2026-06-05 14:50:00,planned,ELEC-01,
1116,26,2026-03-26 14:23:00,2026-03-26 15:46:00,unplanned,ELEC-01,
1117,4,2026-03-01 13:44:00,2026-03-01 15:41:00,unplanned,CAL-01,6939.0
1118,19,2026-05-11 02:44:00,2026-05-11 03:15:00,unplanned,MEC-01,971.0
1119,21,2026-06-14 13:20:00,2026-06-14 14:47:00,planned,CAL-01,470.0
1120,4,2026-02-04 10:49:00,2026-02-04 12:39:00,planned,MAT-01,3143.0
1121,49,2026-06-12 15:15:00,2026-06-12 15:58:00,planned,ELEC-01,1206.0
1122,34,2026-03-07 01:58:00,2026-03-07 03:53:00,planned,ELEC-01,1393.0
1123,46,2026-05-29 16:28:00,2026-05-29 17:14:00,unplanned,CAL-01,7679.0
1124,23,2026-02-11 01:39:00,2026-02-11 04:11:00,unplanned,ELEC-01,9813.0
1125,41,2026-06-29 17:50:00,2026-06-29 20:24:00,planned,CAL-01,
1126,14,2026-01-28 00:31:00,2026-01-28 02:50:00,planned,MAT-01,3493.0
1127,29,2026-04-06 11:50:00,2026-04-06 14:38:00,planned,ELEC-01,4728.0
1128,50,2026-06-13 02:07:00,2026-06-13 03:06:00,planned,CAL-01,5138.0
1129,38,2026-05-01 15:51:00,2026-05-01 16:16:00,planned,CAL-01,
1130,16,2026-04-14 06:03:00,2026-04-14 07:02:00,planned,MEC-01,
1131,28,2026-03-23 03:05:00,2026-03-23 04:40:00,planned,MEC-02,3927.0
1132,28,2026-02-22 08:59:00,2026-02-22 10:07:00,planned,MEC-01,1447.0
1133,6,2026-03-17 04:52:00,2026-03-17 06:56:00,unplanned,MEC-02,
1134,8,2026-01-09 07:25:00,2026-01-09 09:57:00,unplanned,CAL-01,
1135,45,2026-06-01 18:45:00,2026-06-01 20:59:00,planned,MAT-01,1141.0
1136,2,2026-04-09 23:16:00,2026-04-10 02:02:00,planned,MEC-01,2198.0
1137,17,2026-03-27 08:25:00,2026-03-27 09:17:00,unplanned,ELEC-01,3796.0
1138,45,2026-01-30 09:00:00,2026-01-30 09:57:00,unplanned,MEC-02,5960.0
1139,36,2026-05-17 06:35:00,2026-05-17 06:42:00,planned,MEC-02,4835.0
1140,5,2026-05-22 14:31:00,2026-05-22 15:14:00,unplanned,MEC-01,9792.0
1141,18,2026-03-14 04:27:00,2026-03-14 06:48:00,unplanned,MEC-02,4596.0
1142,32,2026-04-22 13:10:00,2026-04-22 13:24:00,planned,MAT-01,1605.0
1143,37,2026-05-24 04:33:00,2026-05-24 05:33:00,planned,MAT-01,
1144,4,2026-06-01 18:20:00,2026-06-01 21:05:00,planned,MAT-01,
1145,1,2026-05-15 03:19:00,2026-05-15 04:11:00,planned,MEC-01,7503.0
1146,26,2026-05-20 09:02:00,2026-05-20 09:28:00,unplanned,MEC-01,5557.0
1147,12,2026-06-18 03:48:00,2026-06-18 05:43:00,unplanned,ELEC-01,3786.0
1148,37,2026-02-10 11:21:00,2026-02-10 12:00:00,unplanned,MEC-02,185.0
1149,50,2026-01-16 20:09:00,2026-01-16 21:36:00,unplanned,MEC-02,
1150,39,2026-06-20 05:10:00,2026-06-20 05:27:00,planned,ELEC-01,
1151,35,2026-03-30 22:50:00,2026-03-30 23:55:00,planned,ELEC-01,1609.0
1152,50,2026-01-19 16:21:00,2026-01-19 17:21:00,planned,MAT-01,7590.0
1153,8,2026-02-20 04:46:00,2026-02-20 07:15:00,unplanned,MAT-01,1412.0
1154,29,2026-04-23 16:17:00,2026-04-23 16:24:00,planned,MAT-01,925.0
1155,19,2026-04-19 05:10:00,2026-04-19 07:47:00,planned,MEC-01,
1156,17,2026-04-15 09:55:00,2026-04-15 10:14:00,planned,MAT-01,3135.0
1157,31,2026-02-08 11:30:00,2026-02-08 14:29:00,planned,ELEC-01,
1158,39,2026-06-03 08:37:00,2026-06-03 09:49:00,unplanned,MEC-01,1472.0
1159,1,2026-01-02 01:30:00,2026-01-02 02:51:00,unplanned,MAT-01,3247.0
1160,38,2026-05-17 22:55:00,2026-05-18 00:14:00,planned,MEC-02,8172.0
1161,3,2026-03-27 02:32:00,2026-03-27 03:00:00,planned,ELEC-01,6831.0
1162,2,2026-06-10 10:52:00,2026-06-10 12:09:00,unplanned,MEC-01,2700.0
1163,2,2026-01-10 17:46:00,2026-01-10 19:03:00,planned,ELEC-01,
1164,18,2026-03-24 05:16:00,2026-03-24 07:52:00,planned,MEC-01,8437.0
1165,41,2026-02-15 01:43:00,2026-02-15 03:07:00,planned,MAT-01,
1166,45,2026-01-31 00:57:00,2026-01-31 03:02:00,planned,MEC-01,9283.0
1167,10,2026-01-18 18:49:00,2026-01-18 19:10:00,unplanned,MEC-02,8767.0
1168,30,2026-05-18 11:20:00,2026-05-18 13:26:00,planned,CAL-01,
1169,27,2026-06-05 23:09:00,2026-06-06 00:33:00,unplanned,CAL-01,4059.0
1170,20,2026-05-14 18:32:00,2026-05-14 20:41:00,planned,MEC-01,
1171,47,2026-06-25 16:46:00,2026-06-25 19:18:00,planned,CAL-01,9200.0
1172,45,2026-04-05 22:43:00,2026-04-06 01:05:00,planned,MEC-02,4431.0
1173,49,2026-03-25 02:13:00,2026-03-25 03:23:00,unplanned,MEC-02,
1174,13,2026-04-06 04:02:00,2026-04-06 04:28:00,unplanned,MEC-02,
1175,5,2026-06-12 17:02:00,2026-06-12 17:51:00,unplanned,ELEC-01,
1176,31,2026-03-04 11:29:00,2026-03-04 11:47:00,planned,ELEC-01,8239.0
1177,25,2026-04-02 20:10:00,2026-04-02 21:28:00,unplanned,CAL-01,2494.0
1178,46,2026-04-17 19:13:00,2026-04-17 19:32:00,planned,MAT-01,4275.0
1179,14,2026-02-09 04:49:00,2026-02-09 05:44:00,unplanned,CAL-01,4349.0
1180,29,2026-05-22 03:56:00,2026-05-22 06:02:00,unplanned,CAL-01,
1181,18,2026-05-16 09:43:00,2026-05-16 10:21:00,planned,ELEC-01,595.0
1182,40,2026-02-24 22:36:00,2026-02-25 01:19:00,unplanned,CAL-01,5171.0
1183,47,2026-06-01 17:35:00,2026-06-01 19:48:00,planned,MEC-01,855.0
1184,9,2026-02-25 14:36:00,2026-02-25 17:29:00,planned,ELEC-01,
1185,8,2026-02-02 10:58:00,2026-02-02 12:12:00,unplanned,ELEC-01,
1186,5,2026-02-25 02:21:00,2026-02-25 05:11:00,planned,ELEC-01,
1187,32,2026-03-22 17:51:00,2026-03-22 19:30:00,planned,MEC-02,
1188,16,2026-03-04 15:13:00,2026-03-04 15:41:00,unplanned,MEC-02,8481.0
1189,43,2026-06-28 03:03:00,2026-06-28 05:12:00,planned,ELEC-01,2889.0
1190,19,2026-06-28 01:19:00,2026-06-28 03:41:00,planned,ELEC-01,
1191,36,2026-03-28 01:40:00,2026-03-28 04:30:00,unplanned,MEC-02,7731.0
1192,24,2026-01-31 04:42:00,2026-01-31 06:32:00,planned,CAL-01,6887.0
1193,43,2026-03-23 22:42:00,2026-03-23 23:42:00,unplanned,MEC-01,
1194,44,2026-03-18 08:56:00,2026-03-18 09:06:00,unplanned,MAT-01,4285.0
1195,25,2026-05-30 17:53:00,2026-05-30 19:49:00,unplanned,CAL-01,3894.0
1196,21,2026-06-24 10:50:00,2026-06-24 13:04:00,unplanned,MEC-01,1939.0
1197,2,2026-02-19 15:03:00,2026-02-19 16:57:00,unplanned,MEC-02,738.0
1198,40,2026-05-29 05:15:00,2026-05-29 07:11:00,planned,MAT-01,909.0
1199,20,2026-06-21 07:56:00,2026-06-21 10:47:00,planned,CAL-01,3064.0
1200,24,2026-04-10 08:10:00,2026-04-10 09:27:00,unplanned,ELEC-01,3313.0
1201,4,2026-06-14 13:33:00,2026-06-14 13:45:00,planned,MAT-01,4029.0
1202,21,2026-01-24 22:37:00,2026-01-24 23:50:00,unplanned,MEC-01,6959.0
1203,37,2026-03-06 23:27:00,2026-03-06 23:56:00,unplanned,MAT-01,5279.0
1204,14,2026-05-28 18:06:00,2026-05-28 20:59:00,unplanned,CAL-01,2094.0
1205,42,2026-02-26 01:28:00,2026-02-26 03:13:00,planned,MEC-01,6222.0
1206,17,2026-06-11 14:30:00,2026-06-11 17:17:00,planned,ELEC-01,
1207,34,2026-02-10 15:44:00,2026-02-10 17:56:00,unplanned,ELEC-01,900.0
1208,45,2026-02-20 15:39:00,2026-02-20 16:47:00,unplanned,MEC-02,
1209,8,2026-06-27 05:11:00,2026-06-27 06:41:00,planned,CAL-01,6258.0
1210,45,2026-01-26 14:20:00,2026-01-26 15:34:00,unplanned,CAL-01,9232.0
1211,27,2026-02-08 08:30:00,2026-02-08 09:43:00,planned,ELEC-01,1993.0
1212,38,2026-06-05 02:56:00,2026-06-05 04:32:00,unplanned,CAL-01,
1213,6,2026-03-01 20:32:00,2026-03-01 20:56:00,unplanned,ELEC-01,1707.0
1214,1,2026-06-23 09:44:00,2026-06-23 11:55:00,planned,MAT-01,2919.0
1215,42,2026-06-20 21:48:00,2026-06-21 00:43:00,unplanned,MEC-02,2179.0
1216,30,2026-01-14 22:27:00,2026-01-15 00:57:00,planned,ELEC-01,
1217,2,2026-06-23 15:31:00,2026-06-23 15:59:00,planned,ELEC-01,
1218,8,2026-03-05 01:15:00,2026-03-05 01:57:00,unplanned,MEC-02,2007.0
1219,35,2026-01-02 00:34:00,2026-01-02 02:30:00,unplanned,ELEC-01,4698.0
1220,25,2026-05-17 05:25:00,2026-05-17 08:09:00,unplanned,CAL-01,50.0
1221,50,2026-03-08 22:16:00,2026-03-09 01:01:00,planned,CAL-01,1174.0
1222,9,2026-01-11 08:03:00,2026-01-11 08:09:00,planned,MAT-01,
1223,5,2026-03-06 04:18:00,2026-03-06 05:02:00,unplanned,MEC-01,8572.0
1224,1,2026-04-08 07:58:00,2026-04-08 10:19:00,unplanned,MEC-01,6755.0
1225,29,2026-02-11 09:16:00,2026-02-11 11:46:00,unplanned,MAT-01,3824.0
1226,29,2026-02-09 05:46:00,2026-02-09 06:33:00,unplanned,MEC-01,4696.0
1227,22,2026-04-21 22:20:00,2026-04-22 00:02:00,unplanned,CAL-01,2726.0
1228,36,2026-06-19 03:36:00,2026-06-19 06:09:00,planned,CAL-01,670.0
1229,26,2026-02-27 11:46:00,2026-02-27 13:29:00,unplanned,CAL-01,7093.0
1230,17,2026-04-08 08:19:00,2026-04-08 09:25:00,unplanned,MEC-02,8655.0
1231,33,2026-01-12 03:50:00,2026-01-12 04:26:00,unplanned,CAL-01,6563.0
1232,18,2026-03-26 02:42:00,2026-03-26 04:34:00,planned,ELEC-01,1667.0
1233,35,2026-04-04 13:08:00,2026-04-04 15:49:00,planned,ELEC-01,5.0
1234,22,2026-01-06 06:23:00,2026-01-06 07:57:00,planned,CAL-01,
1235,28,2026-05-27 01:19:00,2026-05-27 03:29:00,unplanned,ELEC-01,
1236,43,2026-06-21 07:15:00,2026-06-21 07:53:00,unplanned,CAL-01,19.0
1237,2,2026-03-03 04:09:00,2026-03-03 04:58:00,unplanned,MEC-01,4353.0
1238,31,2026-05-27 14:06:00,2026-05-27 14:53:00,unplanned,MEC-01,5397.0
1239,1,2026-03-15 07:04:00,2026-03-15 07:28:00,planned,MEC-02,2078.0
1240,39,2026-02-26 22:16:00,2026-02-26 23:47:00,unplanned,CAL-01,
1241,41,2026-02-24 13:19:00,2026-02-24 14:19:00,unplanned,MEC-01,
1242,15,2026-02-05 20:44:00,2026-02-05 23:23:00,planned,ELEC-01,
1243,47,2026-04-27 20:56:00,2026-04-27 22:05:00,planned,ELEC-01,8681.0
1244,25,2026-06-22 05:05:00,2026-06-22 06:58:00,unplanned,CAL-01,
1245,44,2026-05-09 04:28:00,2026-05-09 05:24:00,unplanned,MEC-01,5079.0
1246,25,2026-02-09 04:34:00,2026-02-09 05:14:00,unplanned,MAT-01,164.0
1247,24,2026-03-11 23:01:00,2026-03-12 01:46:00,planned,CAL-01,6440.0
1248,9,2026-06-08 05:28:00,2026-06-08 06:50:00,unplanned,ELEC-01,6385.0
1249,41,2026-03-30 20:38:00,2026-03-30 21:56:00,planned,MAT-01,4341.0
1250,50,2026-04-22 09:16:00,2026-04-22 10:04:00,unplanned,CAL-01,8502.0
1251,21,2026-01-22 12:29:00,2026-01-22 13:33:00,unplanned,ELEC-01,7413.0
1252,5,2026-02-11 07:39:00,2026-02-11 08:14:00,planned,MAT-01,4318.0
1253,11,2026-02-28 18:54:00,2026-02-28 20:01:00,unplanned,MAT-01,9399.0
1254,25,2026-05-07 04:53:00,2026-05-07 06:41:00,planned,CAL-01,1249.0
1255,16,2026-06-16 11:22:00,2026-06-16 11:39:00,unplanned,MEC-02,7331.0
1256,28,2026-06-02 07:18:00,2026-06-02 08:28:00,unplanned,MAT-01,
1257,22,2026-02-24 08:34:00,2026-02-24 10:24:00,unplanned,MEC-02,
1258,18,2026-04-13 04:45:00,2026-04-13 05:24:00,planned,CAL-01,
1259,6,2026-03-02 14:24:00,2026-03-02 17:08:00,planned,CAL-01,
1260,9,2026-02-19 09:31:00,2026-02-19 10:18:00,planned,CAL-01,5239.0
1261,12,2026-03-06 23:54:00,2026-03-07 00:45:00,planned,MAT-01,
1262,8,2026-02-13 05:24:00,2026-02-13 06:10:00,unplanned,MEC-01,1218.0
1263,30,2026-02-14 04:43:00,2026-02-14 04:58:00,unplanned,ELEC-01,31.0
1264,9,2026-01-27 05:54:00,2026-01-27 06:14:00,unplanned,ELEC-01,975.0
1265,16,2026-02-13 19:39:00,2026-02-13 20:16:00,planned,MEC-01,
1266,13,2026-01-26 05:28:00,2026-01-26 06:30:00,unplanned,MEC-01,7187.0
1267,48,2026-04-22 23:16:00,2026-04-23 00:51:00,unplanned,MAT-01,8504.0
1268,17,2026-06-19 23:15:00,2026-06-20 00:54:00,unplanned,CAL-01,4818.0
1269,31,2026-06-17 15:18:00,2026-06-17 17:45:00,planned,MEC-02,
1270,44,2026-01-02 03:44:00,2026-01-02 04:48:00,unplanned,MEC-02,
1271,30,2026-05-07 05:43:00,2026-05-07 08:43:00,unplanned,MEC-02,77.0
1272,3,2026-02-12 00:34:00,2026-02-12 02:48:00,unplanned,MAT-01,6659.0
1273,31,2026-04-21 09:47:00,2026-04-21 12:15:00,planned,CAL-01,9872.0
1274,38,2026-05-21 13:41:00,2026-05-21 14:14:00,unplanned,MEC-02,
1275,37,2026-03-22 12:06:00,2026-03-22 14:14:00,unplanned,MAT-01,470.0
1276,2,2026-03-03 07:18:00,2026-03-03 08:28:00,planned,MAT-01,1243.0
1277,1,2026-06-03 05:31:00,2026-06-03 07:36:00,unplanned,MAT-01,1479.0
1278,48,2026-02-22 22:33:00,2026-02-22 23:42:00,unplanned,CAL-01,4874.0
1279,4,2026-01-20 04:35:00,2026-01-20 05:42:00,unplanned,CAL-01,
1280,30,2026-05-18 23:16:00,2026-05-19 01:43:00,unplanned,ELEC-01,317.0
1281,30,2026-05-28 11:54:00,2026-05-28 12:03:00,planned,CAL-01,
1282,36,2026-03-15 07:47:00,2026-03-15 09:34:00,unplanned,MEC-02,2485.0
1283,33,2026-03-31 23:09:00,2026-04-01 01:07:00,planned,MEC-01,
1284,3,2026-05-31 20:12:00,2026-05-31 21:31:00,unplanned,CAL-01,
1285,32,2026-04-09 05:09:00,2026-04-09 07:14:00,unplanned,MEC-02,3072.0
1286,50,2026-01-18 11:38:00,2026-01-18 13:04:00,unplanned,MEC-01,8788.0
1287,37,2026-06-25 12:40:00,2026-06-25 15:09:00,unplanned,MEC-01,
1288,33,2026-06-07 20:19:00,2026-06-07 20:33:00,unplanned,MEC-01,9140.0
1289,42,2026-04-11 01:52:00,2026-04-11 04:47:00,planned,MAT-01,1901.0
1290,36,2026-05-18 20:39:00,2026-05-18 23:34:00,unplanned,MEC-02,2195.0
1291,2,2026-03-20 10:15:00,2026-03-20 13:08:00,planned,ELEC-01,
1292,26,2026-06-13 11:52:00,2026-06-13 13:07:00,planned,ELEC-01,
1293,18,2026-05-22 14:44:00,2026-05-22 17:28:00,planned,MEC-01,6929.0
1294,43,2026-04-19 18:09:00,2026-04-19 19:24:00,planned,MEC-01,
1295,17,2026-01-03 06:53:00,2026-01-03 07:33:00,planned,ELEC-01,9860.0
1296,15,2026-04-09 18:45:00,2026-04-09 19:40:00,planned,MEC-02,1020.0
1297,48,2026-05-24 10:23:00,2026-05-24 11:13:00,unplanned,MAT-01,9691.0
1298,31,2026-02-22 11:36:00,2026-02-22 12:43:00,unplanned,MEC-01,
1299,42,2026-02-16 12:41:00,2026-02-16 13:08:00,unplanned,ELEC-01,7319.0
1300,4,2026-02-03 05:05:00,2026-02-03 06:12:00,unplanned,CAL-01,
1301,35,2026-03-18 08:32:00,2026-03-18 09:50:00,unplanned,CAL-01,
1302,26,2026-04-22 12:55:00,2026-04-22 14:58:00,planned,ELEC-01,
1303,35,2026-06-12 19:24:00,2026-06-12 22:21:00,planned,CAL-01,7897.0
1304,6,2026-04-26 02:23:00,2026-04-26 03:19:00,planned,CAL-01,5606.0
1305,14,2026-03-12 19:08:00,2026-03-12 19:56:00,planned,CAL-01,1258.0
1306,19,2026-02-21 08:35:00,2026-02-21 10:31:00,planned,ELEC-01,9410.0
1307,14,2026-06-09 18:53:00,2026-06-09 19:35:00,planned,MEC-02,6461.0
1308,6,2026-03-16 16:09:00,2026-03-16 17:44:00,unplanned,MEC-02,
1309,1,2026-03-18 16:12:00,2026-03-18 17:52:00,planned,CAL-01,5650.0
1310,18,2026-03-04 14:04:00,2026-03-04 17:04:00,unplanned,MAT-01,3966.0
1311,22,2026-03-07 03:45:00,2026-03-07 05:53:00,planned,ELEC-01,
1312,26,2026-02-24 20:23:00,2026-02-24 20:48:00,unplanned,MAT-01,6991.0
1313,31,2026-06-09 07:39:00,2026-06-09 09:37:00,planned,MEC-01,7906.0
1314,39,2026-02-28 23:33:00,2026-03-01 00:23:00,unplanned,ELEC-01,
1315,41,2026-03-31 15:10:00,2026-03-31 17:13:00,unplanned,ELEC-01,
1316,12,2026-06-28 02:34:00,2026-06-28 04:24:00,planned,CAL-01,6874.0
1317,48,2026-04-10 11:57:00,2026-04-10 14:56:00,planned,MEC-01,
1318,36,2026-03-04 06:55:00,2026-03-04 09:35:00,planned,MEC-01,758.0
1319,17,2026-02-23 23:20:00,2026-02-24 00:00:00,unplanned,MEC-02,516.0
1320,16,2026-04-24 11:56:00,2026-04-24 13:22:00,unplanned,MAT-01,8840.0
1321,9,2026-05-16 16:40:00,2026-05-16 17:30:00,unplanned,MEC-02,9428.0
1322,3,2026-04-04 06:56:00,2026-04-04 07:52:00,unplanned,CAL-01,2058.0
1323,40,2026-05-20 18:09:00,2026-05-20 19:08:00,unplanned,MEC-01,4039.0
1324,7,2026-05-26 13:31:00,2026-05-26 13:42:00,planned,ELEC-01,5226.0
1325,41,2026-01-28 15:59:00,2026-01-28 18:55:00,unplanned,MEC-02,6836.0
1326,43,2026-03-02 14:13:00,2026-03-02 17:13:00,planned,ELEC-01,7281.0
1327,39,2026-01-29 07:50:00,2026-01-29 09:56:00,planned,MEC-02,7364.0
1328,8,2026-05-14 22:58:00,2026-05-15 01:10:00,planned,MAT-01,8805.0
1329,13,2026-03-19 01:29:00,2026-03-19 01:43:00,unplanned,ELEC-01,1980.0
1330,48,2026-05-08 07:38:00,2026-05-08 09:14:00,planned,ELEC-01,7467.0
1331,33,2026-02-09 01:17:00,2026-02-09 03:57:00,unplanned,MAT-01,6302.0
1332,19,2026-02-05 14:22:00,2026-02-05 14:51:00,unplanned,MEC-02,5892.0
1333,1,2026-05-30 16:20:00,2026-05-30 19:00:00,unplanned,ELEC-01,1720.0
1334,9,2026-05-12 15:07:00,2026-05-12 15:19:00,unplanned,CAL-01,1451.0
1335,12,2026-03-05 06:42:00,2026-03-05 08:58:00,unplanned,MAT-01,237.0
1336,2,2026-02-28 15:42:00,2026-02-28 18:41:00,planned,MEC-01,3285.0
1337,6,2026-04-09 08:01:00,2026-04-09 09:02:00,planned,CAL-01,27.0
1338,18,2026-01-07 12:55:00,2026-01-07 14:45:00,unplanned,ELEC-01,4785.0
1339,3,2026-06-11 22:08:00,2026-06-11 23:08:00,unplanned,MEC-01,3010.0
1340,6,2026-01-28 07:24:00,2026-01-28 07:50:00,unplanned,CAL-01,
1341,24,2026-04-08 11:24:00,2026-04-08 13:14:00,unplanned,ELEC-01,7745.0
1342,40,2026-05-14 20:55:00,2026-05-14 23:43:00,planned,ELEC-01,8899.0
1343,11,2026-01-24 16:32:00,2026-01-24 18:22:00,unplanned,CAL-01,6673.0
1344,10,2026-06-14 06:56:00,2026-06-14 07:20:00,unplanned,MAT-01,5410.0
1345,46,2026-03-01 07:51:00,2026-03-01 08:31:00,planned,ELEC-01,3574.0
1346,22,2026-04-02 08:08:00,2026-04-02 10:10:00,unplanned,MAT-01,
1347,49,2026-03-25 02:28:00,2026-03-25 04:35:00,planned,CAL-01,
1348,22,2026-01-14 04:43:00,2026-01-14 04:51:00,planned,ELEC-01,2842.0
1349,22,2026-01-04 16:34:00,2026-01-04 17:16:00,planned,MAT-01,
1350,49,2026-03-29 23:52:00,2026-03-30 01:27:00,unplanned,MEC-02,5044.0
1351,14,2026-05-31 22:53:00,2026-06-01 00:13:00,planned,CAL-01,
1352,16,2026-04-01 15:16:00,2026-04-01 16:57:00,planned,ELEC-01,2767.0
1353,2,2026-04-28 12:47:00,2026-04-28 13:17:00,unplanned,ELEC-01,1649.0
1354,44,2026-03-01 22:55:00,2026-03-02 01:26:00,planned,MAT-01,
1355,12,2026-06-18 17:37:00,2026-06-18 18:42:00,planned,ELEC-01,9668.0
1356,30,2026-02-06 07:06:00,2026-02-06 08:41:00,unplanned,MEC-01,1808.0
1357,2,2026-02-02 03:56:00,2026-02-02 05:34:00,planned,ELEC-01,
1358,34,2026-02-13 12:53:00,2026-02-13 15:20:00,planned,ELEC-01,1903.0
1359,37,2026-05-09 20:54:00,2026-05-09 23:15:00,unplanned,CAL-01,3494.0
1360,4,2026-04-28 20:33:00,2026-04-28 23:09:00,planned,ELEC-01,983.0
1361,3,2026-01-29 17:31:00,2026-01-29 19:58:00,unplanned,MEC-02,391.0
1362,3,2026-04-08 20:02:00,2026-04-08 22:02:00,planned,ELEC-01,3792.0
1363,35,2026-05-27 10:12:00,2026-05-27 12:50:00,planned,CAL-01,436.0
1364,50,2026-01-09 21:13:00,2026-01-10 00:13:00,planned,CAL-01,
1365,42,2026-03-17 04:38:00,2026-03-17 06:45:00,planned,ELEC-01,9810.0
1366,20,2026-02-15 06:45:00,2026-02-15 09:18:00,planned,CAL-01,7448.0
1367,5,2026-05-20 20:59:00,2026-05-20 21:04:00,planned,CAL-01,1563.0
1368,47,2026-03-28 16:08:00,2026-03-28 17:34:00,unplanned,CAL-01,7504.0
1369,36,2026-03-02 08:11:00,2026-03-02 08:44:00,planned,ELEC-01,
1370,3,2026-02-09 09:45:00,2026-02-09 10:55:00,planned,CAL-01,8328.0
1371,17,2026-01-29 02:53:00,2026-01-29 04:52:00,unplanned,MEC-02,
1372,43,2026-04-15 07:38:00,2026-04-15 08:45:00,unplanned,MAT-01,8264.0
1373,12,2026-03-15 08:11:00,2026-03-15 10:48:00,planned,CAL-01,8966.0
1374,19,2026-04-17 00:17:00,2026-04-17 00:45:00,planned,MEC-02,2101.0
1375,27,2026-02-07 09:54:00,2026-02-07 11:37:00,planned,CAL-01,
1376,22,2026-06-27 00:36:00,2026-06-27 00:55:00,unplanned,ELEC-01,1585.0
1377,33,2026-05-03 15:01:00,2026-05-03 15:30:00,unplanned,CAL-01,7674.0
1378,11,2026-03-10 11:16:00,2026-03-10 13:23:00,unplanned,MEC-01,7728.0
1379,44,2026-01-01 14:52:00,2026-01-01 15:04:00,planned,ELEC-01,
1380,28,2026-04-18 01:29:00,2026-04-18 01:37:00,planned,MEC-01,
1381,20,2026-02-12 21:50:00,2026-02-12 22:59:00,planned,CAL-01,1745.0
1382,31,2026-02-07 14:32:00,2026-02-07 16:08:00,planned,MEC-01,
1383,10,2026-05-01 02:23:00,2026-05-01 04:52:00,unplanned,MEC-02,6749.0
1384,45,2026-01-24 14:05:00,2026-01-24 15:56:00,planned,MEC-02,9176.0
1385,48,2026-06-21 18:39:00,2026-06-21 20:15:00,unplanned,MEC-02,6598.0
1386,42,2026-01-14 19:37:00,2026-01-14 20:54:00,unplanned,MEC-02,488.0
1387,50,2026-06-26 07:23:00,2026-06-26 09:44:00,planned,CAL-01,1784.0
1388,14,2026-05-12 18:20:00,2026-05-12 18:40:00,planned,MEC-01,4526.0
1389,24,2026-02-14 12:01:00,2026-02-14 13:47:00,unplanned,CAL-01,5942.0
1390,43,2026-01-26 19:57:00,2026-01-26 20:57:00,planned,MAT-01,2291.0
1391,34,2026-01-21 23:52:00,2026-01-22 00:48:00,unplanned,CAL-01,
1392,33,2026-06-26 00:28:00,2026-06-26 02:50:00,planned,MAT-01,7635.0
1393,14,2026-01-08 05:17:00,2026-01-08 05:46:00,unplanned,MAT-01,3087.0
1394,30,2026-01-19 09:23:00,2026-01-19 09:54:00,unplanned,MEC-02,
1395,15,2026-03-06 08:43:00,2026-03-06 11:08:00,unplanned,ELEC-01,2613.0
1396,24,2026-03-01 09:02:00,2026-03-01 09:12:00,unplanned,MEC-01,
1397,47,2026-01-11 07:58:00,2026-01-11 08:03:00,planned,MEC-01,8008.0
1398,36,2026-05-25 09:36:00,2026-05-25 11:49:00,planned,MAT-01,4344.0
1399,38,2026-01-02 19:24:00,2026-01-02 20:14:00,planned,MEC-01,5835.0
1400,3,2026-01-13 18:36:00,2026-01-13 21:10:00,planned,ELEC-01,9008.0
1401,28,2026-01-18 21:53:00,2026-01-18 23:58:00,unplanned,CAL-01,
1402,18,2026-05-31 00:59:00,2026-05-31 03:50:00,planned,MEC-02,5979.0
1403,29,2026-03-06 12:15:00,2026-03-06 14:53:00,planned,ELEC-01,239.0
1404,38,2026-04-07 05:50:00,2026-04-07 08:10:00,planned,MAT-01,9168.0
1405,20,2026-04-29 11:44:00,2026-04-29 12:48:00,unplanned,ELEC-01,4981.0
1406,45,2026-06-06 03:43:00,2026-06-06 04:24:00,unplanned,MEC-01,4919.0
1407,9,2026-02-23 11:03:00,2026-02-23 11:25:00,planned,MEC-02,6647.0
1408,20,2026-03-19 13:04:00,2026-03-19 14:48:00,unplanned,MAT-01,1959.0
1409,46,2026-05-11 18:07:00,2026-05-11 18:55:00,unplanned,MEC-02,
1410,46,2026-06-26 23:44:00,2026-06-27 01:23:00,planned,MEC-02,7473.0
1411,1,2026-04-29 11:17:00,2026-04-29 13:17:00,planned,MAT-01,1237.0
1412,37,2026-03-09 04:11:00,2026-03-09 05:10:00,unplanned,CAL-01,3125.0
1413,38,2026-01-24 00:20:00,2026-01-24 02:15:00,planned,CAL-01,7150.0
1414,7,2026-03-03 19:24:00,2026-03-03 19:50:00,planned,MEC-02,3012.0
1415,23,2026-01-17 12:48:00,2026-01-17 13:29:00,unplanned,MEC-01,
1416,10,2026-02-01 23:17:00,2026-02-02 00:45:00,planned,ELEC-01,358.0
1417,19,2026-02-21 07:35:00,2026-02-21 07:54:00,planned,MEC-02,4732.0
1418,19,2026-01-30 03:01:00,2026-01-30 05:29:00,planned,ELEC-01,
1419,19,2026-04-17 17:58:00,2026-04-17 20:02:00,unplanned,MEC-02,
1420,42,2026-04-19 01:50:00,2026-04-19 02:34:00,planned,MAT-01,1498.0
1421,34,2026-03-28 07:03:00,2026-03-28 08:56:00,unplanned,MAT-01,3397.0
1422,3,2026-06-10 00:13:00,2026-06-10 01:38:00,unplanned,MEC-02,7786.0
1423,2,2026-03-08 14:02:00,2026-03-08 14:24:00,unplanned,ELEC-01,
1424,27,2026-05-08 14:51:00,2026-05-08 16:39:00,planned,MAT-01,
1425,4,2026-06-29 14:17:00,2026-06-29 17:04:00,unplanned,CAL-01,5986.0
1426,50,2026-03-20 05:59:00,2026-03-20 07:56:00,unplanned,MAT-01,6408.0
1427,25,2026-05-13 09:37:00,2026-05-13 09:52:00,planned,ELEC-01,8060.0
1428,19,2026-01-11 03:28:00,2026-01-11 04:18:00,unplanned,ELEC-01,2265.0
1429,48,2026-06-29 05:37:00,2026-06-29 06:57:00,unplanned,MEC-01,
1430,38,2026-06-06 12:29:00,2026-06-06 14:39:00,unplanned,CAL-01,8492.0
1431,44,2026-03-27 16:31:00,2026-03-27 18:27:00,unplanned,MAT-01,
1432,36,2026-05-03 22:16:00,2026-05-03 23:48:00,unplanned,ELEC-01,1271.0
1433,42,2026-05-27 19:38:00,2026-05-27 20:45:00,unplanned,CAL-01,3038.0
1434,7,2026-02-09 16:07:00,2026-02-09 17:54:00,unplanned,ELEC-01,2469.0
1435,22,2026-04-06 16:39:00,2026-04-06 17:38:00,planned,ELEC-01,3345.0
1436,30,2026-06-09 11:54:00,2026-06-09 14:52:00,unplanned,MEC-01,1803.0
1437,37,2026-06-26 07:43:00,2026-06-26 10:11:00,unplanned,MEC-01,7286.0
1438,21,2026-03-08 01:51:00,2026-03-08 02:18:00,unplanned,MAT-01,7734.0
1439,43,2026-06-01 17:38:00,2026-06-01 18:05:00,unplanned,MEC-01,6304.0
1440,44,2026-05-07 09:36:00,2026-05-07 10:30:00,planned,ELEC-01,
1441,27,2026-01-02 04:08:00,2026-01-02 05:36:00,unplanned,CAL-01,
1442,1,2026-06-14 08:57:00,2026-06-14 10:33:00,unplanned,ELEC-01,9893.0
1443,8,2026-02-23 15:01:00,2026-02-23 15:39:00,planned,CAL-01,
1444,16,2026-04-02 11:14:00,2026-04-02 11:45:00,unplanned,MEC-01,
1445,41,2026-02-12 23:14:00,2026-02-12 23:33:00,planned,MAT-01,
1446,35,2026-03-28 00:52:00,2026-03-28 03:22:00,planned,MEC-01,8246.0
1447,7,2026-01-22 12:15:00,2026-01-22 13:15:00,planned,ELEC-01,9316.0
1448,6,2026-04-24 20:50:00,2026-04-24 23:00:00,planned,MEC-01,1830.0
1449,14,2026-06-04 13:28:00,2026-06-04 16:24:00,planned,MEC-01,8299.0
1450,23,2026-05-25 03:21:00,2026-05-25 03:52:00,planned,MEC-01,
1451,40,2026-05-30 22:57:00,2026-05-31 00:30:00,unplanned,MEC-02,4820.0
1452,24,2026-04-29 22:12:00,2026-04-29 22:58:00,planned,CAL-01,6144.0
1453,36,2026-01-19 19:21:00,2026-01-19 20:34:00,planned,MEC-02,6139.0
1454,32,2026-06-14 11:16:00,2026-06-14 13:57:00,unplanned,MEC-02,936.0
1455,4,2026-05-26 23:26:00,2026-05-27 02:16:00,unplanned,MEC-01,3645.0
1456,45,2026-05-15 16:46:00,2026-05-15 19:44:00,planned,MEC-01,5568.0
1457,28,2026-06-25 16:08:00,2026-06-25 18:23:00,planned,MEC-01,6730.0
1458,6,2026-05-17 01:35:00,2026-05-17 01:53:00,planned,MAT-01,
1459,25,2026-06-16 13:24:00,2026-06-16 16:13:00,unplanned,ELEC-01,1424.0
1460,50,2026-04-23 02:50:00,2026-04-23 03:42:00,planned,MEC-02,5418.0
1461,34,2026-05-10 11:57:00,2026-05-10 12:38:00,unplanned,ELEC-01,
1462,19,2026-05-24 20:08:00,2026-05-24 20:16:00,unplanned,ELEC-01,2323.0
1463,4,2026-04-11 13:44:00,2026-04-11 16:31:00,unplanned,MEC-02,131.0
1464,47,2026-03-22 07:30:00,2026-03-22 10:04:00,unplanned,MEC-02,3857.0
1465,16,2026-05-10 16:15:00,2026-05-10 17:59:00,unplanned,MEC-01,1414.0
1466,34,2026-06-24 23:21:00,2026-06-24 23:36:00,planned,MEC-01,
1467,44,2026-06-10 13:44:00,2026-06-10 16:24:00,planned,ELEC-01,3188.0
1468,46,2026-03-08 16:07:00,2026-03-08 18:50:00,unplanned,ELEC-01,
1469,49,2026-04-05 09:35:00,2026-04-05 10:31:00,unplanned,CAL-01,
1470,17,2026-05-23 20:49:00,2026-05-23 22:28:00,unplanned,MAT-01,2649.0
1471,41,2026-03-30 16:36:00,2026-03-30 17:23:00,planned,ELEC-01,
1472,16,2026-01-15 05:07:00,2026-01-15 07:53:00,unplanned,MAT-01,195.0
1473,8,2026-01-17 05:07:00,2026-01-17 05:51:00,planned,MEC-01,2500.0
1474,46,2026-05-06 13:40:00,2026-05-06 14:29:00,unplanned,MEC-02,9625.0
1475,41,2026-04-12 18:05:00,2026-04-12 18:31:00,planned,ELEC-01,
1476,25,2026-01-26 23:13:00,2026-01-27 01:47:00,unplanned,MEC-02,1465.0
1477,25,2026-05-13 01:53:00,2026-05-13 03:21:00,unplanned,MEC-02,1962.0
1478,12,2026-06-01 17:56:00,2026-06-01 19:33:00,planned,MEC-01,
1479,48,2026-02-02 07:51:00,2026-02-02 08:26:00,planned,MEC-02,6718.0
1480,39,2026-05-26 14:29:00,2026-05-26 17:10:00,planned,MEC-02,9604.0
1481,29,2026-06-20 14:22:00,2026-06-20 17:05:00,planned,ELEC-01,8425.0
1482,35,2026-03-29 10:06:00,2026-03-29 12:18:00,planned,MEC-01,
1483,48,2026-03-27 05:17:00,2026-03-27 06:41:00,unplanned,ELEC-01,3835.0
1484,14,2026-05-20 06:45:00,2026-05-20 06:52:00,planned,ELEC-01,2717.0
1485,33,2026-01-16 17:15:00,2026-01-16 19:14:00,unplanned,MAT-01,7555.0
1486,4,2026-04-23 07:42:00,2026-04-23 08:16:00,unplanned,MEC-02,
1487,23,2026-04-01 01:32:00,2026-04-01 04:17:00,planned,ELEC-01,5632.0
1488,9,2026-01-03 10:05:00,2026-01-03 10:45:00,unplanned,MEC-01,7281.0
1489,24,2026-05-08 07:40:00,2026-05-08 08:11:00,planned,MEC-02,1956.0
1490,21,2026-02-16 19:29:00,2026-02-16 20:05:00,unplanned,MEC-02,9827.0
1491,44,2026-01-28 07:44:00,2026-01-28 08:39:00,planned,ELEC-01,5413.0
1492,7,2026-06-10 18:27:00,2026-06-10 20:15:00,planned,ELEC-01,9907.0
1493,15,2026-02-05 17:31:00,2026-02-05 20:13:00,unplanned,MAT-01,679.0
1494,49,2026-01-12 18:58:00,2026-01-12 19:35:00,planned,CAL-01,3417.0
1495,40,2026-03-17 15:40:00,2026-03-17 16:44:00,planned,MAT-01,
1496,2,2026-01-15 13:06:00,2026-01-15 14:44:00,unplanned,CAL-01,
1497,27,2026-02-09 19:23:00,2026-02-09 20:47:00,planned,CAL-01,5898.0
1498,38,2026-03-27 18:57:00,2026-03-27 21:27:00,planned,CAL-01,4708.0
1499,45,2026-04-19 06:13:00,2026-04-19 06:32:00,unplanned,MEC-02,892.0
1500,10,2026-01-31 07:24:00,2026-01-31 09:27:00,unplanned,ELEC-01,
1501,40,2026-05-13 20:30:00,2026-05-13 23:05:00,planned,ELEC-01,4699.0
1502,17,2026-03-30 12:04:00,2026-03-30 14:48:00,planned,ELEC-01,4636.0
1503,21,2026-01-06 09:40:00,2026-01-06 10:40:00,planned,ELEC-01,
1504,26,2026-03-16 14:12:00,2026-03-16 15:04:00,planned,CAL-01,3599.0
1505,43,2026-03-14 14:51:00,2026-03-14 17:09:00,unplanned,MEC-02,9356.0
1506,8,2026-05-24 21:08:00,2026-05-24 23:32:00,planned,MEC-01,
1507,23,2026-02-05 08:42:00,2026-02-05 08:51:00,unplanned,MEC-01,830.0
1508,6,2026-05-19 06:10:00,2026-05-19 07:59:00,planned,MEC-01,4784.0
1509,46,2026-06-22 12:11:00,2026-06-22 12:31:00,unplanned,ELEC-01,3516.0
1510,10,2026-04-23 10:41:00,2026-04-23 11:18:00,planned,CAL-01,4239.0
1511,25,2026-05-16 05:05:00,2026-05-16 06:05:00,unplanned,MAT-01,9947.0
1512,21,2026-05-01 06:02:00,2026-05-01 08:31:00,planned,MAT-01,1795.0
1513,9,2026-05-20 08:50:00,2026-05-20 10:45:00,planned,MAT-01,
1514,44,2026-06-24 17:07:00,2026-06-24 17:40:00,unplanned,MEC-02,9589.0
1515,21,2026-02-13 00:36:00,2026-02-13 02:30:00,unplanned,CAL-01,1748.0
1516,50,2026-03-16 05:16:00,2026-03-16 06:11:00,planned,MEC-02,
1517,13,2026-01-31 07:37:00,2026-01-31 09:51:00,planned,ELEC-01,811.0
1518,48,2026-04-06 07:38:00,2026-04-06 09:23:00,planned,MEC-02,
1519,40,2026-05-23 17:27:00,2026-05-23 20:26:00,unplanned,CAL-01,9893.0
1520,39,2026-03-23 11:46:00,2026-03-23 14:14:00,planned,MEC-02,8642.0
1521,45,2026-02-05 21:01:00,2026-02-05 21:51:00,planned,CAL-01,8346.0
1522,44,2026-06-26 08:24:00,2026-06-26 09:18:00,planned,MEC-01,
1523,12,2026-06-24 03:04:00,2026-06-24 03:14:00,unplanned,MEC-02,8758.0
1524,41,2026-03-15 14:03:00,2026-03-15 14:52:00,planned,MAT-01,8002.0
1525,7,2026-05-27 06:04:00,2026-05-27 07:15:00,planned,MAT-01,
1526,13,2026-04-24 08:44:00,2026-04-24 11:43:00,planned,CAL-01,7254.0
1527,37,2026-03-22 22:29:00,2026-03-23 01:16:00,planned,MEC-01,8628.0
1528,23,2026-05-29 16:07:00,2026-05-29 18:20:00,planned,CAL-01,
1529,30,2026-02-05 15:16:00,2026-02-05 15:54:00,unplanned,MEC-02,
1530,41,2026-02-16 21:47:00,2026-02-17 00:05:00,planned,MAT-01,6970.0
1531,36,2026-03-25 10:59:00,2026-03-25 12:53:00,unplanned,CAL-01,8620.0
1532,12,2026-05-20 14:26:00,2026-05-20 16:44:00,unplanned,CAL-01,
1533,13,2026-05-29 13:47:00,2026-05-29 16:40:00,planned,MEC-02,7724.0
1534,22,2026-02-02 14:22:00,2026-02-02 15:10:00,planned,ELEC-01,
1535,17,2026-06-12 21:33:00,2026-06-12 23:10:00,planned,MEC-01,6321.0
1536,19,2026-06-22 01:44:00,2026-06-22 03:50:00,unplanned,MEC-02,8845.0
1537,5,2026-03-06 04:42:00,2026-03-06 04:51:00,unplanned,CAL-01,1492.0
1538,2,2026-02-12 07:14:00,2026-02-12 10:05:00,unplanned,CAL-01,9973.0
1539,13,2026-02-17 19:55:00,2026-02-17 22:39:00,planned,ELEC-01,1354.0
1540,34,2026-05-14 15:11:00,2026-05-14 17:02:00,unplanned,MEC-02,2283.0
1541,29,2026-04-30 10:07:00,2026-04-30 13:01:00,unplanned,MEC-02,
1542,48,2026-05-15 14:59:00,2026-05-15 17:04:00,planned,MEC-02,9200.0
1543,24,2026-05-23 22:59:00,2026-05-23 23:54:00,planned,MAT-01,566.0
1544,50,2026-02-01 13:11:00,2026-02-01 13:32:00,planned,MEC-01,6833.0
1545,49,2026-04-15 08:25:00,2026-04-15 08:48:00,unplanned,MEC-01,
1546,2,2026-03-24 06:33:00,2026-03-24 08:19:00,planned,ELEC-01,7033.0
1547,49,2026-04-08 10:56:00,2026-04-08 12:45:00,unplanned,MEC-01,9715.0
1548,45,2026-06-09 03:04:00,2026-06-09 04:07:00,planned,CAL-01,5956.0
1549,44,2026-01-29 19:33:00,2026-01-29 21:54:00,planned,MEC-02,6568.0
1550,40,2026-04-02 04:13:00,2026-04-02 05:56:00,planned,MEC-02,
1551,23,2026-01-04 06:04:00,2026-01-04 07:24:00,planned,CAL-01,8036.0
1552,20,2026-03-05 23:42:00,2026-03-06 00:34:00,unplanned,ELEC-01,
1553,9,2026-03-30 05:35:00,2026-03-30 08:35:00,planned,ELEC-01,5804.0
1554,8,2026-01-14 02:01:00,2026-01-14 04:38:00,unplanned,MEC-01,
1555,8,2026-01-23 07:11:00,2026-01-23 08:41:00,unplanned,MEC-01,
1556,30,2026-01-26 06:09:00,2026-01-26 07:56:00,unplanned,MEC-01,
1557,41,2026-04-23 19:56:00,2026-04-23 21:49:00,unplanned,MAT-01,2809.0
1558,49,2026-06-17 05:19:00,2026-06-17 05:54:00,planned,ELEC-01,
1559,34,2026-02-20 12:48:00,2026-02-20 15:21:00,planned,MAT-01,
1560,36,2026-05-28 02:20:00,2026-05-28 05:04:00,unplanned,MEC-02,7333.0
1561,40,2026-05-24 00:12:00,2026-05-24 02:39:00,planned,MEC-02,6044.0
1562,20,2026-04-23 07:18:00,2026-04-23 07:49:00,planned,CAL-01,8723.0
1563,9,2026-01-24 10:06:00,2026-01-24 10:45:00,planned,MEC-02,6184.0
1564,23,2026-06-11 04:07:00,2026-06-11 05:03:00,planned,MEC-01,
1565,50,2026-02-11 11:31:00,2026-02-11 12:05:00,unplanned,ELEC-01,1402.0
1566,46,2026-01-18 08:33:00,2026-01-18 09:28:00,planned,MEC-01,
1567,10,2026-04-09 05:36:00,2026-04-09 06:12:00,unplanned,MEC-01,
1568,50,2026-02-24 18:15:00,2026-02-24 20:26:00,unplanned,ELEC-01,9653.0
1569,2,2026-01-25 20:39:00,2026-01-25 21:49:00,planned,ELEC-01,1249.0
1570,27,2026-02-15 03:46:00,2026-02-15 06:13:00,unplanned,MEC-01,
1571,31,2026-06-16 10:24:00,2026-06-16 12:27:00,unplanned,CAL-01,3295.0
1572,2,2026-06-03 04:21:00,2026-06-03 04:31:00,planned,ELEC-01,
1573,46,2026-01-21 07:07:00,2026-01-21 08:57:00,planned,ELEC-01,2047.0
1574,37,2026-05-22 20:48:00,2026-05-22 23:04:00,unplanned,MEC-02,8564.0
1575,6,2026-03-18 01:51:00,2026-03-18 04:05:00,planned,CAL-01,
1576,6,2026-06-03 18:02:00,2026-06-03 19:20:00,planned,MEC-02,2605.0
1577,50,2026-01-11 02:28:00,2026-01-11 04:57:00,unplanned,ELEC-01,3231.0
1578,50,2026-02-24 06:12:00,2026-02-24 06:28:00,planned,MEC-02,5005.0
1579,14,2026-03-09 11:28:00,2026-03-09 12:03:00,planned,MEC-02,
1580,24,2026-05-03 10:52:00,2026-05-03 13:35:00,planned,MAT-01,
1581,15,2026-04-17 04:01:00,2026-04-17 06:04:00,planned,MEC-02,3601.0
1582,12,2026-05-05 23:35:00,2026-05-06 00:13:00,unplanned,MEC-01,7627.0
1583,14,2026-02-05 12:09:00,2026-02-05 14:58:00,unplanned,MEC-01,
1584,27,2026-06-15 13:24:00,2026-06-15 14:22:00,unplanned,MEC-02,
1585,20,2026-05-29 16:02:00,2026-05-29 18:50:00,planned,MEC-02,3936.0
1586,3,2026-01-29 06:36:00,2026-01-29 09:27:00,unplanned,CAL-01,7180.0
1587,8,2026-06-21 01:14:00,2026-06-21 02:57:00,unplanned,MAT-01,8040.0
1588,8,2026-03-23 17:40:00,2026-03-23 18:18:00,planned,MEC-02,4319.0
1589,12,2026-02-27 12:54:00,2026-02-27 13:37:00,planned,MEC-02,3526.0
1590,48,2026-04-08 23:47:00,2026-04-09 02:02:00,planned,MEC-01,9893.0
1591,46,2026-06-04 04:40:00,2026-06-04 06:50:00,unplanned,CAL-01,116.0
1592,33,2026-01-14 17:07:00,2026-01-14 19:11:00,unplanned,MAT-01,5145.0
1593,15,2026-02-03 07:40:00,2026-02-03 07:59:00,unplanned,MEC-01,
1594,17,2026-05-08 18:27:00,2026-05-08 18:46:00,unplanned,MAT-01,
1595,31,2026-01-14 09:10:00,2026-01-14 10:39:00,planned,MEC-01,4755.0
1596,16,2026-01-08 19:28:00,2026-01-08 19:56:00,planned,MAT-01,936.0
1597,30,2026-04-20 02:23:00,2026-04-20 04:33:00,unplanned,MEC-02,2095.0
1598,31,2026-04-20 17:53:00,2026-04-20 19:58:00,unplanned,MAT-01,
1599,30,2026-06-14 14:01:00,2026-06-14 14:06:00,planned,ELEC-01,
1600,16,2026-05-14 09:06:00,2026-05-14 09:11:00,planned,MEC-02,1647.0
1601,20,2026-03-03 11:16:00,2026-03-03 12:12:00,planned,MAT-01,6314.0
1602,23,2026-01-28 16:25:00,2026-01-28 17:44:00,unplanned,CAL-01,4265.0
1603,29,2026-05-31 03:18:00,2026-05-31 03:56:00,unplanned,ELEC-01,3595.0
1604,21,2026-01-26 08:49:00,2026-01-26 09:28:00,unplanned,CAL-01,716.0
1605,13,2026-05-23 01:16:00,2026-05-23 02:30:00,unplanned,CAL-01,
1606,8,2026-04-28 04:11:00,2026-04-28 04:54:00,planned,CAL-01,4749.0
1607,31,2026-05-31 10:51:00,2026-05-31 11:52:00,unplanned,MEC-02,
1608,50,2026-02-15 07:33:00,2026-02-15 08:12:00,planned,MAT-01,143.0
1609,9,2026-04-12 02:03:00,2026-04-12 03:21:00,unplanned,CAL-01,5303.0
1610,4,2026-03-14 04:26:00,2026-03-14 06:33:00,unplanned,MAT-01,1251.0
1611,14,2026-04-19 04:30:00,2026-04-19 06:54:00,planned,ELEC-01,
1612,19,2026-04-23 13:00:00,2026-04-23 13:39:00,unplanned,CAL-01,293.0
1613,21,2026-04-14 01:24:00,2026-04-14 04:10:00,planned,MAT-01,6873.0
1614,40,2026-01-31 04:14:00,2026-01-31 07:05:00,planned,MEC-02,2606.0
1615,9,2026-02-23 20:17:00,2026-02-23 21:39:00,planned,CAL-01,8678.0
1616,13,2026-04-19 02:50:00,2026-04-19 04:28:00,unplanned,MAT-01,5238.0
1617,6,2026-02-14 21:51:00,2026-02-14 22:36:00,unplanned,MEC-02,494.0
1618,28,2026-03-15 22:15:00,2026-03-16 00:41:00,planned,MAT-01,7539.0
1619,16,2026-05-25 18:02:00,2026-05-25 18:24:00,unplanned,CAL-01,8603.0
1620,50,2026-02-01 06:39:00,2026-02-01 08:58:00,planned,MEC-01,681.0
1621,19,2026-01-01 04:10:00,2026-01-01 05:30:00,unplanned,ELEC-01,603.0
1622,50,2026-01-21 09:06:00,2026-01-21 11:58:00,planned,MEC-01,6547.0
1623,12,2026-06-23 14:47:00,2026-06-23 16:11:00,planned,ELEC-01,7718.0
1624,50,2026-05-19 23:55:00,2026-05-20 01:38:00,planned,CAL-01,3912.0
1625,3,2026-04-16 16:44:00,2026-04-16 18:42:00,planned,MEC-01,
1626,23,2026-03-22 07:05:00,2026-03-22 08:02:00,unplanned,ELEC-01,7758.0
1627,29,2026-04-08 22:17:00,2026-04-08 23:11:00,unplanned,MEC-02,
1628,28,2026-06-01 06:02:00,2026-06-01 08:59:00,planned,MAT-01,9944.0
1629,48,2026-05-19 20:33:00,2026-05-19 22:50:00,planned,MAT-01,6714.0
1630,19,2026-03-19 04:26:00,2026-03-19 04:39:00,unplanned,MEC-02,1740.0
1631,4,2026-06-26 11:35:00,2026-06-26 12:20:00,unplanned,CAL-01,3501.0
1632,3,2026-01-04 21:58:00,2026-01-04 23:06:00,planned,ELEC-01,4109.0
1633,33,2026-05-18 05:31:00,2026-05-18 06:53:00,planned,CAL-01,9342.0
1634,21,2026-01-17 23:52:00,2026-01-18 01:13:00,unplanned,MAT-01,1995.0
1635,25,2026-06-10 11:46:00,2026-06-10 13:08:00,planned,MAT-01,6650.0
1636,36,2026-02-14 09:18:00,2026-02-14 10:00:00,unplanned,MEC-02,676.0
1637,13,2026-06-13 22:35:00,2026-06-13 22:50:00,unplanned,MEC-01,3354.0
1638,19,2026-02-06 19:23:00,2026-02-06 21:44:00,planned,MEC-01,5244.0
1639,27,2026-05-01 08:19:00,2026-05-01 10:57:00,planned,MAT-01,5018.0
1640,10,2026-06-25 11:30:00,2026-06-25 13:23:00,planned,CAL-01,6868.0
1641,39,2026-06-01 12:23:00,2026-06-01 14:37:00,unplanned,MAT-01,4004.0
1642,7,2026-03-03 05:54:00,2026-03-03 07:16:00,unplanned,MAT-01,
1643,46,2026-04-10 03:44:00,2026-04-10 04:37:00,unplanned,CAL-01,5419.0
1644,42,2026-05-25 04:10:00,2026-05-25 04:33:00,unplanned,CAL-01,9901.0
1645,40,2026-04-05 18:07:00,2026-04-05 18:46:00,unplanned,CAL-01,6110.0
1646,45,2026-05-24 18:22:00,2026-05-24 19:38:00,unplanned,CAL-01,1619.0
1647,16,2026-05-02 12:46:00,2026-05-02 13:00:00,planned,MEC-01,596.0
1648,38,2026-01-14 15:50:00,2026-01-14 17:24:00,planned,CAL-01,
1649,39,2026-05-24 14:22:00,2026-05-24 15:42:00,planned,ELEC-01,2989.0
1650,16,2026-01-25 09:33:00,2026-01-25 11:16:00,planned,ELEC-01,4445.0
1651,4,2026-05-28 04:02:00,2026-05-28 04:17:00,planned,MAT-01,
1652,26,2026-06-27 12:07:00,2026-06-27 12:51:00,planned,MAT-01,6993.0
1653,29,2026-02-04 20:56:00,2026-02-04 22:55:00,unplanned,MEC-02,9501.0
1654,24,2026-03-16 21:32:00,2026-03-17 00:04:00,planned,CAL-01,5317.0
1655,37,2026-04-17 04:12:00,2026-04-17 06:35:00,planned,MEC-02,7078.0
1656,24,2026-01-19 16:08:00,2026-01-19 16:19:00,unplanned,ELEC-01,2208.0
1657,48,2026-03-28 14:35:00,2026-03-28 15:01:00,unplanned,ELEC-01,
1658,3,2026-01-21 23:09:00,2026-01-22 00:07:00,planned,MAT-01,2248.0
1659,17,2026-06-16 05:00:00,2026-06-16 05:56:00,planned,MEC-02,
1660,47,2026-06-04 02:55:00,2026-06-04 04:46:00,unplanned,ELEC-01,427.0
1661,17,2026-05-05 07:11:00,2026-05-05 07:48:00,planned,MEC-01,6761.0
1662,42,2026-04-01 17:20:00,2026-04-01 19:47:00,unplanned,MEC-02,1631.0
1663,34,2026-04-18 17:54:00,2026-04-18 18:37:00,planned,MEC-01,1392.0
1664,4,2026-06-28 07:24:00,2026-06-28 08:10:00,unplanned,MEC-01,
1665,49,2026-06-27 02:37:00,2026-06-27 05:14:00,unplanned,MEC-01,2916.0
1666,14,2026-05-11 11:36:00,2026-05-11 13:51:00,unplanned,MAT-01,9169.0
1667,19,2026-01-03 15:15:00,2026-01-03 16:13:00,planned,CAL-01,7837.0
1668,29,2026-04-11 07:38:00,2026-04-11 09:05:00,unplanned,ELEC-01,1821.0
1669,22,2026-04-26 11:22:00,2026-04-26 13:02:00,planned,MAT-01,2311.0
1670,4,2026-01-11 08:56:00,2026-01-11 10:52:00,planned,MAT-01,9702.0
1671,18,2026-05-19 12:55:00,2026-05-19 13:06:00,unplanned,ELEC-01,
1672,26,2026-05-22 13:31:00,2026-05-22 14:43:00,planned,CAL-01,8750.0
1673,15,2026-02-24 14:46:00,2026-02-24 15:50:00,unplanned,CAL-01,4868.0
1674,24,2026-04-15 18:53:00,2026-04-15 21:25:00,planned,CAL-01,
1675,9,2026-01-26 13:02:00,2026-01-26 14:35:00,unplanned,MEC-02,
1676,3,2026-04-09 09:40:00,2026-04-09 11:34:00,planned,CAL-01,
1677,50,2026-05-29 12:31:00,2026-05-29 14:06:00,unplanned,CAL-01,9947.0
1678,8,2026-02-02 18:34:00,2026-02-02 21:12:00,planned,CAL-01,
1679,26,2026-04-03 04:33:00,2026-04-03 04:43:00,planned,CAL-01,
1680,27,2026-02-14 19:09:00,2026-02-14 21:58:00,planned,CAL-01,
1681,43,2026-01-19 19:43:00,2026-01-19 21:56:00,planned,MEC-01,
1682,3,2026-05-12 12:05:00,2026-05-12 14:16:00,planned,MEC-01,6952.0
1683,49,2026-04-21 09:08:00,2026-04-21 11:55:00,unplanned,CAL-01,9723.0
1684,42,2026-06-16 04:57:00,2026-06-16 07:44:00,unplanned,MEC-01,4330.0
1685,46,2026-03-01 19:04:00,2026-03-01 21:33:00,unplanned,MEC-02,3918.0
1686,8,2026-06-17 02:22:00,2026-06-17 03:21:00,unplanned,MAT-01,2188.0
1687,2,2026-06-03 08:57:00,2026-06-03 11:09:00,planned,MAT-01,1238.0
1688,33,2026-05-07 02:52:00,2026-05-07 05:45:00,unplanned,MEC-01,4501.0
1689,8,2026-06-20 04:34:00,2026-06-20 05:43:00,planned,MEC-02,576.0
1690,37,2026-05-25 17:59:00,2026-05-25 19:05:00,unplanned,MEC-01,9070.0
1691,50,2026-05-17 02:02:00,2026-05-17 02:31:00,unplanned,CAL-01,1694.0
1692,42,2026-04-15 07:42:00,2026-04-15 09:02:00,unplanned,MEC-02,
1693,26,2026-05-18 05:27:00,2026-05-18 07:23:00,planned,MEC-02,
1694,33,2026-05-21 01:11:00,2026-05-21 01:36:00,planned,MEC-01,
1695,43,2026-06-11 12:00:00,2026-06-11 13:25:00,planned,MEC-01,8192.0
1696,31,2026-01-21 22:02:00,2026-01-21 22:41:00,unplanned,ELEC-01,86.0
1697,18,2026-04-16 11:16:00,2026-04-16 13:50:00,unplanned,MEC-01,
1698,48,2026-04-17 04:56:00,2026-04-17 07:56:00,planned,MEC-01,
1699,41,2026-04-30 20:43:00,2026-04-30 23:37:00,planned,MEC-01,357.0
1700,24,2026-05-21 06:18:00,2026-05-21 08:13:00,unplanned,MEC-02,8999.0
1701,47,2026-06-15 19:20:00,2026-06-15 20:59:00,planned,CAL-01,7964.0
1702,19,2026-01-29 10:53:00,2026-01-29 12:02:00,unplanned,MEC-01,
1703,48,2026-02-21 13:20:00,2026-02-21 14:10:00,unplanned,ELEC-01,
1704,10,2026-02-04 05:03:00,2026-02-04 07:11:00,planned,MEC-01,92.0
1705,19,2026-06-06 19:57:00,2026-06-06 21:25:00,unplanned,CAL-01,4686.0
1706,11,2026-01-17 05:07:00,2026-01-17 06:06:00,unplanned,CAL-01,7095.0
1707,40,2026-05-21 14:57:00,2026-05-21 15:29:00,planned,MEC-02,3350.0
1708,45,2026-02-04 14:46:00,2026-02-04 16:12:00,unplanned,ELEC-01,2481.0
1709,3,2026-05-01 22:49:00,2026-05-01 23:32:00,planned,MEC-01,8255.0
1710,40,2026-04-18 17:08:00,2026-04-18 17:59:00,unplanned,MEC-01,
1711,3,2026-04-16 20:15:00,2026-04-16 21:36:00,planned,CAL-01,965.0
1712,21,2026-04-13 04:18:00,2026-04-13 06:37:00,planned,MAT-01,7260.0
1713,38,2026-01-01 21:23:00,2026-01-01 22:19:00,unplanned,MAT-01,6326.0
1714,48,2026-05-05 10:30:00,2026-05-05 11:10:00,planned,MAT-01,
1715,36,2026-01-10 02:43:00,2026-01-10 05:02:00,planned,MEC-01,
1716,21,2026-06-15 16:53:00,2026-06-15 19:42:00,unplanned,CAL-01,3694.0
1717,42,2026-01-12 11:58:00,2026-01-12 13:15:00,planned,MEC-01,7595.0
1718,37,2026-04-24 23:56:00,2026-04-25 02:33:00,planned,MAT-01,
1719,13,2026-01-18 23:47:00,2026-01-19 00:40:00,planned,MEC-02,
1720,50,2026-02-01 10:16:00,2026-02-01 10:54:00,planned,MAT-01,4469.0
1721,40,2026-03-07 15:40:00,2026-03-07 17:13:00,unplanned,MAT-01,2992.0
1722,42,2026-01-24 19:02:00,2026-01-24 22:02:00,unplanned,CAL-01,7459.0
1723,17,2026-02-01 06:20:00,2026-02-01 07:00:00,unplanned,MAT-01,4896.0
1724,12,2026-05-22 02:34:00,2026-05-22 03:14:00,planned,MAT-01,1014.0
1725,8,2026-04-12 13:05:00,2026-04-12 13:34:00,planned,MAT-01,3287.0
1726,34,2026-02-02 11:04:00,2026-02-02 13:13:00,unplanned,MEC-01,7208.0
1727,36,2026-02-12 04:50:00,2026-02-12 07:00:00,planned,MAT-01,8516.0
1728,15,2026-03-30 01:31:00,2026-03-30 01:45:00,planned,ELEC-01,392.0
1729,26,2026-05-12 22:33:00,2026-05-12 23:06:00,unplanned,MEC-01,8669.0
1730,5,2026-04-04 06:33:00,2026-04-04 08:48:00,unplanned,MEC-02,3170.0
1731,41,2026-06-24 20:35:00,2026-06-24 22:25:00,unplanned,ELEC-01,1759.0
1732,28,2026-03-07 05:34:00,2026-03-07 07:55:00,planned,CAL-01,
1733,13,2026-04-10 12:05:00,2026-04-10 13:31:00,unplanned,MAT-01,6153.0
1734,10,2026-04-28 03:24:00,2026-04-28 04:56:00,planned,MEC-02,4757.0
1735,45,2026-04-07 21:07:00,2026-04-07 23:50:00,unplanned,CAL-01,8579.0
1736,11,2026-02-19 10:51:00,2026-02-19 11:17:00,planned,MEC-01,
1737,38,2026-02-05 17:12:00,2026-02-05 19:15:00,planned,MAT-01,
1738,49,2026-01-23 09:04:00,2026-01-23 09:56:00,planned,MEC-01,4846.0
1739,10,2026-04-06 02:11:00,2026-04-06 05:03:00,unplanned,ELEC-01,3260.0
1740,34,2026-02-08 19:45:00,2026-02-08 22:01:00,planned,ELEC-01,6338.0
1741,24,2026-06-24 22:16:00,2026-06-24 23:08:00,unplanned,ELEC-01,9612.0
1742,48,2026-06-22 00:00:00,2026-06-22 00:18:00,unplanned,MEC-02,
1743,20,2026-01-09 12:55:00,2026-01-09 14:55:00,unplanned,MEC-02,6918.0
1744,6,2026-01-17 23:03:00,2026-01-18 01:10:00,unplanned,MEC-01,
1745,49,2026-04-27 15:45:00,2026-04-27 17:26:00,planned,MEC-02,6985.0
1746,25,2026-06-07 04:10:00,2026-06-07 06:12:00,planned,MEC-01,
1747,35,2026-06-02 23:42:00,2026-06-03 02:11:00,planned,MEC-02,124.0
1748,12,2026-01-03 00:13:00,2026-01-03 00:55:00,planned,CAL-01,
1749,20,2026-03-25 06:32:00,2026-03-25 08:03:00,planned,CAL-01,3017.0
1750,4,2026-02-08 16:37:00,2026-02-08 17:15:00,planned,ELEC-01,9600.0
1751,40,2026-02-26 12:46:00,2026-02-26 13:35:00,planned,MEC-02,3743.0
1752,49,2026-03-24 09:26:00,2026-03-24 11:45:00,planned,CAL-01,7073.0
1753,37,2026-02-06 22:40:00,2026-02-06 23:38:00,planned,ELEC-01,8662.0
1754,3,2026-06-16 04:00:00,2026-06-16 04:33:00,unplanned,MEC-02,2275.0
1755,35,2026-05-28 12:33:00,2026-05-28 14:08:00,planned,MAT-01,7835.0
1756,41,2026-05-16 04:47:00,2026-05-16 04:55:00,unplanned,CAL-01,243.0
1757,10,2026-02-15 00:25:00,2026-02-15 00:51:00,planned,ELEC-01,1017.0
1758,1,2026-06-11 18:57:00,2026-06-11 20:22:00,planned,CAL-01,7743.0
1759,30,2026-03-18 21:02:00,2026-03-18 23:17:00,planned,CAL-01,451.0
1760,4,2026-03-08 21:27:00,2026-03-09 00:27:00,unplanned,MEC-02,7652.0
1761,43,2026-01-07 21:10:00,2026-01-07 22:22:00,unplanned,MAT-01,8167.0
1762,37,2026-04-19 01:01:00,2026-04-19 02:29:00,unplanned,MAT-01,5094.0
1763,43,2026-05-15 14:28:00,2026-05-15 16:43:00,unplanned,MEC-02,4044.0
1764,26,2026-03-04 04:46:00,2026-03-04 06:18:00,unplanned,MAT-01,8910.0
1765,15,2026-04-21 16:29:00,2026-04-21 17:09:00,unplanned,ELEC-01,
1766,15,2026-06-22 18:09:00,2026-06-22 19:16:00,planned,ELEC-01,8820.0
1767,49,2026-03-23 20:59:00,2026-03-23 21:04:00,unplanned,ELEC-01,
1768,45,2026-06-28 11:44:00,2026-06-28 12:20:00,unplanned,CAL-01,781.0
1769,46,2026-02-15 11:03:00,2026-02-15 13:48:00,planned,MEC-01,5649.0
1770,30,2026-06-05 13:58:00,2026-06-05 16:01:00,unplanned,MEC-01,
1771,25,2026-03-31 18:08:00,2026-03-31 21:04:00,unplanned,MAT-01,5781.0
1772,25,2026-02-08 00:42:00,2026-02-08 01:02:00,unplanned,ELEC-01,1180.0
1773,27,2026-06-13 07:06:00,2026-06-13 09:15:00,planned,MAT-01,550.0
1774,17,2026-01-01 05:39:00,2026-01-01 08:22:00,unplanned,CAL-01,
1775,23,2026-04-19 17:38:00,2026-04-19 18:54:00,planned,MEC-02,8065.0
1776,8,2026-03-21 15:47:00,2026-03-21 17:09:00,unplanned,MEC-01,
1777,38,2026-06-21 04:11:00,2026-06-21 07:08:00,planned,ELEC-01,
1778,40,2026-03-11 02:32:00,2026-03-11 03:21:00,unplanned,MAT-01,1227.0
1779,21,2026-06-08 21:42:00,2026-06-08 22:14:00,unplanned,CAL-01,
1780,31,2026-01-27 03:37:00,2026-01-27 04:58:00,planned,MEC-02,8336.0
1781,18,2026-03-06 19:35:00,2026-03-06 20:28:00,planned,ELEC-01,8055.0
1782,24,2026-01-30 14:00:00,2026-01-30 15:05:00,unplanned,MEC-01,
1783,11,2026-02-06 13:07:00,2026-02-06 14:43:00,planned,CAL-01,3493.0
1784,47,2026-01-06 08:56:00,2026-01-06 10:22:00,unplanned,MAT-01,7740.0
1785,21,2026-02-22 14:33:00,2026-02-22 15:55:00,planned,ELEC-01,9888.0
1786,42,2026-06-19 05:40:00,2026-06-19 06:06:00,planned,ELEC-01,8537.0
1787,21,2026-06-01 14:52:00,2026-06-01 15:53:00,unplanned,ELEC-01,
1788,1,2026-05-12 00:05:00,2026-05-12 01:53:00,planned,CAL-01,
1789,11,2026-05-20 09:59:00,2026-05-20 12:51:00,unplanned,ELEC-01,3893.0
1790,5,2026-06-19 19:05:00,2026-06-19 21:57:00,unplanned,MEC-01,14.0
1791,11,2026-03-18 02:50:00,2026-03-18 05:14:00,planned,MEC-02,9299.0
1792,21,2026-01-10 05:37:00,2026-01-10 06:17:00,planned,ELEC-01,1020.0
1793,24,2026-06-03 05:42:00,2026-06-03 07:18:00,planned,MAT-01,
1794,29,2026-04-04 15:44:00,2026-04-04 15:51:00,unplanned,MEC-02,
1795,11,2026-04-18 07:26:00,2026-04-18 09:52:00,unplanned,MEC-01,435.0
1796,48,2026-03-26 22:02:00,2026-03-26 22:40:00,unplanned,CAL-01,
1797,35,2026-02-13 22:17:00,2026-02-14 00:45:00,unplanned,MAT-01,7801.0
1798,38,2026-06-28 15:28:00,2026-06-28 17:01:00,unplanned,CAL-01,8042.0
1799,13,2026-02-08 11:53:00,2026-02-08 12:11:00,planned,MEC-02,
1800,8,2026-06-26 00:38:00,2026-06-26 03:27:00,unplanned,MAT-01,
1801,42,2026-03-28 09:42:00,2026-03-28 11:20:00,unplanned,MEC-02,7915.0
1802,38,2026-01-16 07:53:00,2026-01-16 10:30:00,unplanned,MEC-02,
1803,16,2026-06-05 07:14:00,2026-06-05 07:23:00,planned,MEC-02,5210.0
1804,37,2026-06-05 19:39:00,2026-06-05 22:04:00,unplanned,MAT-01,
1805,36,2026-04-08 11:38:00,2026-04-08 14:09:00,planned,ELEC-01,9246.0
1806,45,2026-02-09 10:52:00,2026-02-09 12:56:00,planned,CAL-01,3269.0
1807,16,2026-04-24 23:30:00,2026-04-25 01:09:00,unplanned,CAL-01,
1808,37,2026-06-16 16:24:00,2026-06-16 18:10:00,planned,ELEC-01,4332.0
1809,12,2026-05-06 11:42:00,2026-05-06 12:45:00,unplanned,CAL-01,8890.0
1810,20,2026-02-19 13:44:00,2026-02-19 15:50:00,planned,ELEC-01,6556.0
1811,24,2026-05-25 20:32:00,2026-05-25 22:40:00,planned,CAL-01,5171.0
1812,11,2026-04-22 08:09:00,2026-04-22 10:43:00,planned,MAT-01,1610.0
1813,45,2026-06-23 19:14:00,2026-06-23 19:46:00,unplanned,ELEC-01,5744.0
1814,6,2026-03-15 16:45:00,2026-03-15 18:59:00,unplanned,ELEC-01,9288.0
1815,19,2026-05-03 06:40:00,2026-05-03 07:11:00,unplanned,ELEC-01,8101.0
1816,5,2026-05-16 02:32:00,2026-05-16 04:30:00,planned,ELEC-01,4968.0
1817,1,2026-05-09 09:41:00,2026-05-09 10:41:00,unplanned,MEC-01,6493.0
1818,25,2026-01-06 11:57:00,2026-01-06 13:27:00,unplanned,MAT-01,7506.0
1819,38,2026-03-23 07:19:00,2026-03-23 09:06:00,unplanned,MAT-01,3902.0
1820,11,2026-06-22 22:22:00,2026-06-22 23:59:00,unplanned,ELEC-01,9984.0
1821,4,2026-04-18 20:36:00,2026-04-18 22:02:00,planned,MEC-02,8820.0
1822,37,2026-02-21 08:17:00,2026-02-21 10:10:00,unplanned,ELEC-01,6979.0
1823,18,2026-05-03 18:25:00,2026-05-03 18:57:00,unplanned,CAL-01,
1824,47,2026-03-25 10:19:00,2026-03-25 10:48:00,planned,MEC-01,
1825,12,2026-02-01 23:59:00,2026-02-02 00:22:00,planned,MAT-01,1066.0
1826,29,2026-01-17 05:11:00,2026-01-17 07:54:00,planned,MEC-02,6904.0
1827,34,2026-04-29 14:20:00,2026-04-29 15:47:00,unplanned,ELEC-01,5698.0
1828,8,2026-02-13 08:42:00,2026-02-13 09:22:00,planned,CAL-01,
1829,4,2026-04-06 01:15:00,2026-04-06 02:37:00,unplanned,ELEC-01,9518.0
1830,23,2026-02-16 02:37:00,2026-02-16 03:12:00,unplanned,ELEC-01,
1831,8,2026-02-19 04:51:00,2026-02-19 05:18:00,unplanned,MAT-01,
1832,30,2026-05-16 11:48:00,2026-05-16 12:02:00,planned,MEC-01,1987.0
1833,19,2026-06-27 00:41:00,2026-06-27 01:45:00,unplanned,ELEC-01,7642.0
1834,39,2026-03-12 07:29:00,2026-03-12 10:21:00,unplanned,MEC-01,2966.0
1835,28,2026-05-27 10:18:00,2026-05-27 12:31:00,unplanned,MEC-01,2728.0
1836,37,2026-01-15 19:43:00,2026-01-15 21:31:00,planned,MEC-01,8430.0
1837,12,2026-05-18 10:16:00,2026-05-18 12:14:00,unplanned,MEC-01,1949.0
1838,39,2026-06-14 09:18:00,2026-06-14 10:01:00,unplanned,ELEC-01,2577.0
1839,8,2026-03-28 13:22:00,2026-03-28 15:51:00,unplanned,MEC-02,5333.0
1840,50,2026-06-19 10:43:00,2026-06-19 12:24:00,unplanned,MAT-01,5178.0
1841,2,2026-02-22 15:50:00,2026-02-22 16:22:00,planned,MEC-01,6427.0
1842,32,2026-05-17 13:00:00,2026-05-17 13:57:00,planned,MAT-01,3221.0
1843,48,2026-04-11 11:26:00,2026-04-11 14:25:00,planned,ELEC-01,
1844,5,2026-01-14 09:47:00,2026-01-14 10:22:00,planned,MEC-01,6411.0
1845,30,2026-05-01 03:18:00,2026-05-01 05:44:00,unplanned,CAL-01,
1846,9,2026-01-06 03:16:00,2026-01-06 04:44:00,unplanned,ELEC-01,1921.0
1847,6,2026-03-31 11:15:00,2026-03-31 12:35:00,unplanned,CAL-01,1955.0
1848,41,2026-04-26 01:58:00,2026-04-26 02:53:00,unplanned,MEC-01,458.0
1849,9,2026-04-15 15:47:00,2026-04-15 16:17:00,planned,MAT-01,
1850,29,2026-01-14 19:13:00,2026-01-14 20:45:00,unplanned,MEC-01,5978.0
1851,41,2026-02-12 21:53:00,2026-02-12 23:03:00,unplanned,ELEC-01,3459.0
1852,36,2026-04-08 06:24:00,2026-04-08 06:46:00,planned,ELEC-01,
1853,23,2026-05-19 01:28:00,2026-05-19 04:00:00,unplanned,CAL-01,8929.0
1854,19,2026-02-08 20:55:00,2026-02-08 21:34:00,unplanned,MEC-01,
1855,10,2026-02-16 20:23:00,2026-02-16 22:02:00,unplanned,MEC-01,4479.0
1856,19,2026-02-27 10:20:00,2026-02-27 10:50:00,planned,CAL-01,9551.0
1857,4,2026-04-15 09:18:00,2026-04-15 10:31:00,unplanned,ELEC-01,4534.0
1858,34,2026-05-23 17:12:00,2026-05-23 19:25:00,planned,MAT-01,581.0
1859,25,2026-02-24 04:02:00,2026-02-24 05:18:00,unplanned,MAT-01,9819.0
1860,35,2026-03-20 23:38:00,2026-03-21 00:13:00,planned,MEC-01,3043.0
1861,30,2026-01-04 09:06:00,2026-01-04 11:42:00,planned,MEC-02,329.0
1862,26,2026-04-28 08:16:00,2026-04-28 09:27:00,unplanned,CAL-01,
1863,12,2026-02-14 12:17:00,2026-02-14 14:59:00,unplanned,ELEC-01,
1864,23,2026-03-11 17:35:00,2026-03-11 18:39:00,unplanned,MEC-01,8020.0
1865,45,2026-03-30 09:51:00,2026-03-30 11:52:00,planned,MAT-01,7831.0
1866,11,2026-06-04 18:54:00,2026-06-04 21:01:00,planned,MAT-01,5723.0
1867,2,2026-01-07 17:09:00,2026-01-07 17:19:00,unplanned,MAT-01,1161.0
1868,19,2026-06-29 05:04:00,2026-06-29 05:53:00,planned,CAL-01,4455.0
1869,3,2026-05-03 02:09:00,2026-05-03 03:41:00,unplanned,MEC-02,4405.0
1870,1,2026-01-02 12:56:00,2026-01-02 15:41:00,unplanned,MAT-01,395.0
1871,48,2026-03-10 22:42:00,2026-03-10 23:34:00,unplanned,CAL-01,2097.0
1872,47,2026-05-09 06:13:00,2026-05-09 07:30:00,planned,MEC-02,
1873,44,2026-04-13 14:27:00,2026-04-13 16:16:00,unplanned,MAT-01,
1874,8,2026-06-25 12:10:00,2026-06-25 12:30:00,planned,MEC-02,
1875,19,2026-06-11 21:06:00,2026-06-11 21:30:00,unplanned,MEC-01,6415.0
1876,5,2026-06-26 08:09:00,2026-06-26 09:18:00,unplanned,CAL-01,5771.0
1877,16,2026-05-02 00:37:00,2026-05-02 01:00:00,unplanned,CAL-01,995.0
1878,44,2026-01-22 13:20:00,2026-01-22 15:40:00,planned,ELEC-01,6809.0
1879,17,2026-06-18 19:05:00,2026-06-18 20:06:00,unplanned,MEC-01,
1880,31,2026-03-30 17:15:00,2026-03-30 18:46:00,planned,MEC-02,9128.0
1881,13,2026-01-24 20:03:00,2026-01-24 21:52:00,planned,MAT-01,5188.0
1882,8,2026-01-19 23:19:00,2026-01-20 01:42:00,unplanned,MEC-02,5721.0
1883,49,2026-05-05 07:02:00,2026-05-05 09:56:00,unplanned,MEC-02,
1884,32,2026-05-06 04:36:00,2026-05-06 06:45:00,unplanned,ELEC-01,
1885,31,2026-01-02 00:47:00,2026-01-02 03:38:00,planned,ELEC-01,431.0
1886,5,2026-02-15 14:40:00,2026-02-15 15:19:00,planned,ELEC-01,6772.0
1887,22,2026-03-27 21:53:00,2026-03-28 00:35:00,planned,ELEC-01,8719.0
1888,10,2026-04-26 08:25:00,2026-04-26 09:24:00,planned,CAL-01,2137.0
1889,17,2026-03-29 09:34:00,2026-03-29 10:55:00,unplanned,CAL-01,
1890,45,2026-04-19 00:06:00,2026-04-19 02:56:00,planned,ELEC-01,38.0
1891,15,2026-01-05 00:21:00,2026-01-05 02:51:00,planned,ELEC-01,
1892,47,2026-06-19 00:45:00,2026-06-19 00:54:00,unplanned,CAL-01,8715.0
1893,43,2026-02-18 04:56:00,2026-02-18 05:50:00,planned,MAT-01,9483.0
1894,34,2026-03-21 20:10:00,2026-03-21 20:22:00,planned,MAT-01,8047.0
1895,1,2026-02-13 08:23:00,2026-02-13 10:28:00,unplanned,MEC-01,7116.0
1896,24,2026-05-13 00:16:00,2026-05-13 02:33:00,planned,MEC-02,
1897,23,2026-03-20 12:12:00,2026-03-20 14:22:00,planned,CAL-01,1490.0
1898,7,2026-04-18 17:53:00,2026-04-18 19:04:00,planned,MEC-02,
1899,5,2026-03-24 16:36:00,2026-03-24 18:35:00,unplanned,MEC-02,
1900,22,2026-06-20 18:23:00,2026-06-20 20:31:00,planned,MEC-02,2647.0
1901,44,2026-04-03 03:49:00,2026-04-03 05:53:00,unplanned,MEC-01,
1902,50,2026-02-01 17:30:00,2026-02-01 18:48:00,planned,MEC-02,7601.0
1903,47,2026-06-05 20:44:00,2026-06-05 21:30:00,unplanned,CAL-01,8331.0
1904,2,2026-06-07 04:02:00,2026-06-07 05:55:00,unplanned,MEC-02,1447.0
1905,39,2026-02-22 23:42:00,2026-02-23 01:13:00,planned,CAL-01,8264.0
1906,11,2026-06-16 03:33:00,2026-06-16 03:39:00,planned,MEC-02,3416.0
1907,18,2026-04-11 23:12:00,2026-04-12 01:55:00,planned,CAL-01,9929.0
1908,5,2026-06-01 16:16:00,2026-06-01 17:16:00,planned,CAL-01,6392.0
1909,30,2026-06-25 18:14:00,2026-06-25 21:13:00,planned,MAT-01,272.0
1910,31,2026-06-15 10:07:00,2026-06-15 12:05:00,unplanned,CAL-01,
1911,37,2026-01-07 13:43:00,2026-01-07 14:47:00,unplanned,MAT-01,3427.0
1912,41,2026-06-11 04:01:00,2026-06-11 04:13:00,planned,MEC-02,
1913,13,2026-04-26 09:34:00,2026-04-26 09:50:00,planned,CAL-01,4050.0
1914,34,2026-05-04 16:16:00,2026-05-04 18:55:00,unplanned,MAT-01,
1915,5,2026-05-24 05:24:00,2026-05-24 05:30:00,unplanned,MEC-02,
1916,1,2026-03-27 10:41:00,2026-03-27 13:29:00,planned,ELEC-01,
1917,23,2026-02-22 15:40:00,2026-02-22 16:29:00,unplanned,ELEC-01,4118.0
1918,2,2026-06-15 17:23:00,2026-06-15 20:10:00,planned,MEC-02,4159.0
1919,40,2026-04-22 08:58:00,2026-04-22 11:16:00,unplanned,MEC-01,3608.0
1920,27,2026-05-16 06:14:00,2026-05-16 09:03:00,unplanned,MEC-01,5405.0
1921,22,2026-03-14 18:59:00,2026-03-14 19:27:00,planned,MEC-01,
1922,49,2026-01-12 11:50:00,2026-01-12 14:09:00,unplanned,CAL-01,514.0
1923,20,2026-04-26 17:30:00,2026-04-26 19:30:00,planned,MEC-02,2295.0
1924,40,2026-05-26 18:11:00,2026-05-26 19:54:00,unplanned,ELEC-01,7800.0
1925,2,2026-04-19 12:31:00,2026-04-19 13:33:00,unplanned,MEC-01,9018.0
1926,45,2026-06-12 04:23:00,2026-06-12 05:23:00,planned,MAT-01,2565.0
1927,4,2026-03-22 22:47:00,2026-03-23 00:04:00,planned,MEC-02,1638.0
1928,38,2026-06-22 03:06:00,2026-06-22 04:15:00,unplanned,ELEC-01,332.0
1929,8,2026-02-24 09:18:00,2026-02-24 12:18:00,unplanned,CAL-01,3368.0
1930,17,2026-06-18 18:58:00,2026-06-18 19:53:00,planned,CAL-01,
1931,16,2026-01-11 21:47:00,2026-01-11 23:13:00,unplanned,MAT-01,
1932,33,2026-02-20 07:30:00,2026-02-20 07:47:00,unplanned,CAL-01,733.0
1933,22,2026-02-09 03:19:00,2026-02-09 05:23:00,planned,CAL-01,
1934,12,2026-05-18 09:20:00,2026-05-18 11:52:00,unplanned,MEC-01,1769.0
1935,25,2026-06-05 00:05:00,2026-06-05 00:53:00,planned,MAT-01,5017.0
1936,7,2026-01-31 20:57:00,2026-01-31 21:56:00,unplanned,MAT-01,7773.0
1937,44,2026-04-07 06:38:00,2026-04-07 08:28:00,planned,ELEC-01,7479.0
1938,26,2026-06-09 22:44:00,2026-06-10 01:13:00,planned,MAT-01,1985.0
1939,47,2026-01-17 06:19:00,2026-01-17 08:25:00,unplanned,MAT-01,8746.0
1940,25,2026-06-27 08:47:00,2026-06-27 10:53:00,unplanned,MEC-02,1883.0
1941,31,2026-02-04 01:21:00,2026-02-04 03:27:00,planned,MEC-01,7893.0
1942,19,2026-04-11 22:46:00,2026-04-12 00:08:00,unplanned,CAL-01,8910.0
1943,25,2026-05-08 02:06:00,2026-05-08 03:53:00,planned,CAL-01,5806.0
1944,14,2026-05-10 21:36:00,2026-05-10 22:45:00,planned,MAT-01,4855.0
1945,13,2026-04-30 09:47:00,2026-04-30 12:32:00,planned,ELEC-01,8412.0
1946,46,2026-04-02 04:42:00,2026-04-02 04:57:00,planned,CAL-01,8046.0
1947,21,2026-03-24 08:02:00,2026-03-24 10:44:00,unplanned,CAL-01,2909.0
1948,25,2026-06-29 07:31:00,2026-06-29 08:09:00,planned,MAT-01,
1949,17,2026-06-12 10:34:00,2026-06-12 11:44:00,unplanned,ELEC-01,
1950,42,2026-03-28 12:05:00,2026-03-28 14:54:00,planned,MEC-02,1018.0
1951,24,2026-04-17 13:31:00,2026-04-17 14:32:00,planned,MEC-01,
1952,3,2026-01-07 06:04:00,2026-01-07 07:58:00,planned,MAT-01,2951.0
1953,31,2026-03-09 18:25:00,2026-03-09 19:00:00,unplanned,MEC-01,2891.0
1954,15,2026-06-10 07:53:00,2026-06-10 08:23:00,planned,MEC-01,
1955,24,2026-04-08 13:47:00,2026-04-08 14:38:00,unplanned,MAT-01,5239.0
1956,31,2026-06-17 02:42:00,2026-06-17 04:06:00,unplanned,ELEC-01,8119.0
1957,30,2026-02-20 21:11:00,2026-02-20 23:57:00,unplanned,MEC-01,6952.0
1958,7,2026-03-28 04:36:00,2026-03-28 05:00:00,unplanned,MAT-01,
1959,25,2026-04-13 00:22:00,2026-04-13 00:31:00,planned,MEC-01,374.0
1960,36,2026-03-09 13:16:00,2026-03-09 14:04:00,planned,MEC-02,
1961,42,2026-01-03 21:13:00,2026-01-03 22:41:00,planned,MEC-01,1910.0
1962,24,2026-02-22 16:44:00,2026-02-22 18:47:00,unplanned,MEC-01,4230.0
1963,39,2026-03-12 19:47:00,2026-03-12 20:12:00,unplanned,MEC-01,3334.0
1964,33,2026-01-05 09:33:00,2026-01-05 11:26:00,unplanned,CAL-01,5090.0
1965,1,2026-05-24 11:21:00,2026-05-24 12:00:00,planned,MEC-02,
1966,5,2026-03-02 15:45:00,2026-03-02 17:56:00,planned,CAL-01,5898.0
1967,3,2026-05-26 09:03:00,2026-05-26 11:20:00,planned,MEC-02,
1968,18,2026-01-16 18:47:00,2026-01-16 19:18:00,unplanned,MAT-01,996.0
1969,5,2026-03-14 21:38:00,2026-03-14 22:02:00,planned,MAT-01,3002.0
1970,46,2026-02-24 18:28:00,2026-02-24 18:58:00,planned,CAL-01,4869.0
1971,13,2026-02-14 04:02:00,2026-02-14 04:10:00,unplanned,ELEC-01,9601.0
1972,4,2026-06-04 05:36:00,2026-06-04 05:56:00,planned,CAL-01,4744.0
1973,6,2026-05-11 13:04:00,2026-05-11 14:03:00,unplanned,MAT-01,
1974,35,2026-02-17 07:49:00,2026-02-17 08:48:00,unplanned,ELEC-01,
1975,36,2026-06-07 21:36:00,2026-06-07 22:58:00,planned,CAL-01,6704.0
1976,29,2026-01-29 22:47:00,2026-01-30 01:45:00,planned,CAL-01,5241.0
1977,34,2026-02-11 11:31:00,2026-02-11 14:22:00,unplanned,MAT-01,703.0
1978,29,2026-06-15 02:22:00,2026-06-15 03:49:00,unplanned,MEC-02,2373.0
1979,13,2026-01-04 00:58:00,2026-01-04 03:09:00,planned,ELEC-01,9373.0
1980,32,2026-03-04 05:48:00,2026-03-04 06:22:00,unplanned,MEC-01,4680.0
1981,17,2026-01-15 17:08:00,2026-01-15 18:11:00,unplanned,CAL-01,4659.0
1982,8,2026-02-24 15:13:00,2026-02-24 17:15:00,unplanned,MEC-01,
1983,5,2026-03-09 05:44:00,2026-03-09 07:33:00,planned,CAL-01,
1984,31,2026-03-05 22:19:00,2026-03-05 23:44:00,unplanned,ELEC-01,
1985,15,2026-05-14 03:12:00,2026-05-14 04:15:00,unplanned,ELEC-01,6660.0
1986,49,2026-04-14 04:45:00,2026-04-14 07:25:00,unplanned,MEC-02,3324.0
1987,20,2026-05-27 00:09:00,2026-05-27 01:58:00,planned,ELEC-01,
1988,27,2026-04-22 21:35:00,2026-04-22 23:14:00,unplanned,MEC-01,5663.0
1989,9,2026-06-20 03:43:00,2026-06-20 04:37:00,planned,ELEC-01,
1990,50,2026-06-08 09:20:00,2026-06-08 10:28:00,planned,MEC-01,5792.0
1991,50,2026-06-06 15:02:00,2026-06-06 17:56:00,planned,MAT-01,1481.0
1992,4,2026-04-01 14:44:00,2026-04-01 15:17:00,planned,MEC-02,4921.0
1993,39,2026-04-06 06:49:00,2026-04-06 09:43:00,planned,MEC-01,9389.0
1994,1,2026-04-23 10:19:00,2026-04-23 12:37:00,planned,MEC-01,2240.0
1995,17,2026-03-23 08:58:00,2026-03-23 10:06:00,unplanned,MEC-02,149.0
1996,29,2026-06-07 09:14:00,2026-06-07 11:18:00,planned,ELEC-01,4541.0
1997,1,2026-01-11 17:04:00,2026-01-11 18:12:00,planned,MEC-02,589.0
1998,2,2026-06-25 05:02:00,2026-06-25 05:53:00,unplanned,MEC-02,
1999,47,2026-02-09 04:02:00,2026-02-09 05:43:00,planned,MAT-01,5758.0
2000,2,2026-01-25 06:29:00,2026-01-25 08:08:00,planned,MEC-02,
2001,22,2026-02-10 00:36:00,2026-02-10 01:50:00,planned,MEC-02,1300.0
2002,18,2026-01-26 23:26:00,2026-01-26 23:55:00,unplanned,MEC-01,7781.0
2003,8,2026-03-01 09:10:00,2026-03-01 11:52:00,planned,MEC-02,7636.0
2004,38,2026-03-13 03:34:00,2026-03-13 04:06:00,planned,CAL-01,2955.0
2005,31,2026-01-18 05:49:00,2026-01-18 07:19:00,planned,MEC-02,
2006,36,2026-06-11 14:45:00,2026-06-11 17:07:00,planned,MEC-02,9208.0
2007,25,2026-01-26 21:55:00,2026-01-27 00:18:00,unplanned,CAL-01,
2008,22,2026-02-26 15:14:00,2026-02-26 15:30:00,planned,MEC-01,9161.0
2009,44,2026-02-15 08:26:00,2026-02-15 09:01:00,planned,CAL-01,
2010,40,2026-06-28 20:24:00,2026-06-28 22:18:00,planned,MAT-01,9865.0
2011,45,2026-05-05 04:40:00,2026-05-05 05:29:00,unplanned,ELEC-01,
2012,4,2026-03-17 21:45:00,2026-03-17 22:57:00,planned,CAL-01,
2013,42,2026-01-25 03:50:00,2026-01-25 06:17:00,unplanned,ELEC-01,4708.0
2014,35,2026-02-18 12:43:00,2026-02-18 13:34:00,planned,ELEC-01,
2015,49,2026-05-13 16:10:00,2026-05-13 16:29:00,planned,ELEC-01,8289.0
2016,13,2026-04-04 01:11:00,2026-04-04 01:59:00,planned,MEC-02,
2017,15,2026-06-18 05:48:00,2026-06-18 06:14:00,unplanned,MAT-01,4258.0
2018,37,2026-01-21 13:35:00,2026-01-21 14:03:00,planned,CAL-01,
2019,47,2026-02-10 10:13:00,2026-02-10 11:31:00,unplanned,ELEC-01,4009.0
2020,4,2026-01-10 22:09:00,2026-01-11 00:07:00,unplanned,ELEC-01,4152.0
2021,9,2026-05-03 05:13:00,2026-05-03 07:00:00,planned,ELEC-01,
2022,2,2026-05-25 00:39:00,2026-05-25 01:47:00,planned,MEC-02,
2023,38,2026-01-01 04:44:00,2026-01-01 06:46:00,planned,CAL-01,3937.0
2024,30,2026-05-01 14:23:00,2026-05-01 14:33:00,planned,CAL-01,
2025,38,2026-06-16 20:53:00,2026-06-16 21:24:00,planned,ELEC-01,6891.0
2026,47,2026-05-07 04:19:00,2026-05-07 07:09:00,unplanned,MEC-01,
2027,5,2026-01-04 20:22:00,2026-01-04 22:04:00,unplanned,MEC-02,6717.0
2028,37,2026-02-04 08:07:00,2026-02-04 08:16:00,planned,CAL-01,9015.0
2029,34,2026-01-11 05:43:00,2026-01-11 07:47:00,planned,ELEC-01,
2030,21,2026-04-15 16:57:00,2026-04-15 17:08:00,unplanned,MEC-01,2919.0
2031,14,2026-05-29 06:32:00,2026-05-29 08:26:00,unplanned,MAT-01,4730.0
2032,47,2026-03-28 00:17:00,2026-03-28 02:09:00,unplanned,MEC-02,6495.0
2033,13,2026-04-15 04:35:00,2026-04-15 06:53:00,planned,MEC-02,655.0
2034,16,2026-06-12 12:15:00,2026-06-12 12:29:00,unplanned,MAT-01,3061.0
2035,6,2026-04-25 05:00:00,2026-04-25 05:35:00,unplanned,MEC-01,44.0
2036,8,2026-06-01 04:48:00,2026-06-01 06:32:00,planned,ELEC-01,
2037,32,2026-03-04 09:01:00,2026-03-04 09:13:00,planned,MAT-01,
2038,48,2026-04-28 07:25:00,2026-04-28 10:08:00,unplanned,CAL-01,6658.0
2039,46,2026-04-27 12:30:00,2026-04-27 13:05:00,planned,MEC-01,8837.0
2040,26,2026-02-25 22:49:00,2026-02-25 23:10:00,planned,ELEC-01,6942.0
2041,10,2026-06-02 00:56:00,2026-06-02 01:52:00,unplanned,CAL-01,824.0
2042,22,2026-06-26 06:08:00,2026-06-26 07:29:00,unplanned,MEC-02,
2043,35,2026-05-24 05:14:00,2026-05-24 07:01:00,unplanned,ELEC-01,
2044,42,2026-05-10 01:01:00,2026-05-10 02:36:00,unplanned,ELEC-01,
2045,25,2026-05-31 01:55:00,2026-05-31 04:47:00,planned,ELEC-01,9261.0
2046,14,2026-03-26 04:54:00,2026-03-26 05:45:00,planned,ELEC-01,
2047,13,2026-05-31 06:17:00,2026-05-31 07:36:00,unplanned,CAL-01,4974.0
2048,29,2026-04-28 21:14:00,2026-04-28 21:29:00,unplanned,MEC-02,
2049,3,2026-04-24 13:38:00,2026-04-24 14:58:00,planned,MEC-02,
2050,43,2026-04-17 19:15:00,2026-04-17 21:05:00,planned,MEC-02,7236.0
2051,7,2026-04-22 23:39:00,2026-04-23 00:52:00,planned,MEC-01,1691.0
2052,21,2026-06-12 16:28:00,2026-06-12 18:42:00,unplanned,MAT-01,8055.0
2053,7,2026-03-30 06:45:00,2026-03-30 07:43:00,planned,ELEC-01,
2054,33,2026-03-23 12:29:00,2026-03-23 14:12:00,unplanned,MAT-01,7634.0
2055,17,2026-05-23 12:41:00,2026-05-23 14:16:00,planned,CAL-01,2086.0
2056,8,2026-03-23 18:13:00,2026-03-23 19:54:00,unplanned,MAT-01,
2057,26,2026-02-09 07:48:00,2026-02-09 09:29:00,unplanned,CAL-01,1617.0
2058,35,2026-01-31 14:06:00,2026-01-31 16:23:00,planned,MEC-01,9884.0
2059,29,2026-02-05 18:48:00,2026-02-05 20:12:00,planned,CAL-01,
2060,8,2026-01-16 10:11:00,2026-01-16 10:31:00,unplanned,ELEC-01,215.0
2061,32,2026-01-15 22:27:00,2026-01-16 01:15:00,planned,ELEC-01,9483.0
2062,23,2026-05-10 22:35:00,2026-05-11 01:27:00,unplanned,MEC-01,7263.0
2063,20,2026-01-19 08:26:00,2026-01-19 08:40:00,planned,MEC-02,
2064,38,2026-04-15 17:53:00,2026-04-15 19:51:00,unplanned,MAT-01,3339.0
2065,26,2026-01-17 06:40:00,2026-01-17 08:32:00,planned,ELEC-01,5915.0
2066,8,2026-02-11 03:41:00,2026-02-11 05:05:00,unplanned,MAT-01,
2067,12,2026-03-05 17:50:00,2026-03-05 18:57:00,unplanned,ELEC-01,
2068,22,2026-02-08 09:49:00,2026-02-08 10:51:00,unplanned,MAT-01,9051.0
2069,1,2026-05-05 19:33:00,2026-05-05 22:16:00,planned,MAT-01,9942.0
2070,49,2026-05-03 12:20:00,2026-05-03 12:58:00,planned,ELEC-01,5568.0
2071,23,2026-04-22 17:40:00,2026-04-22 18:08:00,planned,CAL-01,7256.0
2072,37,2026-01-31 10:26:00,2026-01-31 11:30:00,planned,MAT-01,
2073,17,2026-06-10 14:49:00,2026-06-10 16:33:00,unplanned,MEC-01,3807.0
2074,16,2026-06-09 11:30:00,2026-06-09 12:42:00,unplanned,ELEC-01,
2075,21,2026-06-12 22:50:00,2026-06-13 01:26:00,unplanned,ELEC-01,1550.0
2076,28,2026-02-17 04:52:00,2026-02-17 06:07:00,planned,ELEC-01,
2077,19,2026-02-15 02:16:00,2026-02-15 04:16:00,planned,ELEC-01,
2078,9,2026-05-23 13:36:00,2026-05-23 14:15:00,unplanned,MEC-02,
2079,11,2026-03-17 00:10:00,2026-03-17 02:24:00,planned,MEC-01,287.0
2080,21,2026-04-22 02:48:00,2026-04-22 05:02:00,planned,CAL-01,
2081,6,2026-06-18 18:25:00,2026-06-18 20:52:00,unplanned,MEC-02,5616.0
2082,17,2026-03-17 11:09:00,2026-03-17 12:52:00,unplanned,MEC-02,8143.0
2083,24,2026-05-29 02:51:00,2026-05-29 05:46:00,unplanned,MEC-02,9948.0
2084,7,2026-02-22 17:30:00,2026-02-22 18:37:00,planned,MAT-01,
2085,26,2026-02-02 22:51:00,2026-02-02 23:49:00,unplanned,ELEC-01,
2086,48,2026-03-24 07:12:00,2026-03-24 07:51:00,planned,MAT-01,
2087,1,2026-04-01 14:25:00,2026-04-01 16:14:00,planned,MEC-02,5069.0
2088,43,2026-05-15 21:25:00,2026-05-15 22:04:00,planned,MAT-01,826.0
2089,35,2026-06-25 20:49:00,2026-06-25 22:23:00,planned,CAL-01,5647.0
2090,9,2026-05-08 08:20:00,2026-05-08 09:39:00,unplanned,CAL-01,4744.0
2091,39,2026-06-17 14:23:00,2026-06-17 14:43:00,planned,MEC-02,8067.0
2092,43,2026-04-22 01:34:00,2026-04-22 03:44:00,unplanned,CAL-01,9621.0
2093,35,2026-02-03 07:16:00,2026-02-03 08:26:00,planned,MAT-01,6149.0
2094,25,2026-03-07 07:02:00,2026-03-07 08:46:00,unplanned,ELEC-01,7056.0
2095,34,2026-01-21 23:15:00,2026-01-22 00:49:00,planned,CAL-01,
2096,9,2026-02-27 21:33:00,2026-02-27 22:40:00,planned,MAT-01,3673.0
2097,45,2026-02-07 00:56:00,2026-02-07 01:43:00,unplanned,ELEC-01,3195.0
2098,31,2026-04-11 11:51:00,2026-04-11 12:02:00,planned,ELEC-01,
2099,3,2026-01-30 22:00:00,2026-01-30 23:21:00,planned,MEC-02,209.0
2100,36,2026-03-31 17:03:00,2026-03-31 19:53:00,unplanned,CAL-01,7312.0
2101,2,2026-06-10 23:47:00,2026-06-11 00:39:00,unplanned,MEC-02,6254.0
2102,39,2026-05-24 21:53:00,2026-05-24 23:19:00,planned,MEC-02,9537.0
2103,1,2026-01-06 19:12:00,2026-01-06 20:33:00,planned,CAL-01,5910.0
2104,15,2026-03-16 00:58:00,2026-03-16 02:56:00,planned,MAT-01,2096.0
2105,36,2026-03-16 22:13:00,2026-03-16 23:56:00,unplanned,MAT-01,1244.0
2106,49,2026-06-24 17:09:00,2026-06-24 18:38:00,unplanned,CAL-01,9723.0
2107,24,2026-03-04 14:48:00,2026-03-04 17:44:00,unplanned,MEC-01,8173.0
2108,4,2026-01-26 19:11:00,2026-01-26 21:31:00,planned,CAL-01,
2109,16,2026-03-10 21:22:00,2026-03-10 23:31:00,unplanned,MEC-01,
2110,42,2026-02-15 15:32:00,2026-02-15 17:09:00,unplanned,MEC-01,836.0
2111,50,2026-05-05 14:46:00,2026-05-05 16:29:00,planned,ELEC-01,8687.0
2112,12,2026-04-20 10:21:00,2026-04-20 12:08:00,planned,CAL-01,
2113,37,2026-01-06 07:19:00,2026-01-06 07:53:00,planned,MAT-01,940.0
2114,23,2026-01-25 18:02:00,2026-01-25 19:12:00,planned,MAT-01,7494.0
2115,14,2026-01-15 23:54:00,2026-01-16 02:01:00,unplanned,MEC-01,
2116,13,2026-06-02 20:02:00,2026-06-02 21:25:00,planned,MAT-01,4877.0
2117,12,2026-05-18 17:44:00,2026-05-18 19:00:00,unplanned,MAT-01,3773.0
2118,20,2026-04-18 18:47:00,2026-04-18 18:55:00,unplanned,MEC-01,
2119,1,2026-05-04 20:06:00,2026-05-04 21:41:00,planned,MEC-01,2724.0
2120,44,2026-04-17 01:08:00,2026-04-17 03:39:00,unplanned,MEC-01,
2121,25,2026-01-20 14:00:00,2026-01-20 15:54:00,planned,CAL-01,
2122,42,2026-01-31 11:18:00,2026-01-31 12:10:00,planned,ELEC-01,7818.0
2123,11,2026-02-21 19:05:00,2026-02-21 19:16:00,unplanned,ELEC-01,2292.0
2124,33,2026-02-28 14:47:00,2026-02-28 16:21:00,planned,MAT-01,3547.0
2125,4,2026-04-14 17:56:00,2026-04-14 18:45:00,planned,ELEC-01,6705.0
2126,45,2026-06-05 22:54:00,2026-06-06 01:27:00,unplanned,CAL-01,2368.0
2127,47,2026-04-28 05:08:00,2026-04-28 05:39:00,planned,MEC-02,5497.0
2128,3,2026-01-15 06:19:00,2026-01-15 08:55:00,unplanned,CAL-01,6788.0
2129,37,2026-02-08 10:53:00,2026-02-08 13:41:00,planned,MEC-01,3816.0
2130,5,2026-01-12 18:17:00,2026-01-12 19:44:00,unplanned,ELEC-01,
2131,50,2026-01-09 22:19:00,2026-01-09 23:36:00,planned,CAL-01,9168.0
2132,42,2026-05-23 09:48:00,2026-05-23 12:19:00,planned,ELEC-01,2656.0
2133,17,2026-03-15 20:50:00,2026-03-15 20:58:00,unplanned,ELEC-01,
2134,1,2026-01-14 06:52:00,2026-01-14 09:37:00,planned,MEC-02,222.0
2135,31,2026-05-05 10:44:00,2026-05-05 12:43:00,planned,ELEC-01,6503.0
2136,22,2026-04-09 03:41:00,2026-04-09 05:16:00,unplanned,MAT-01,6153.0
2137,20,2026-04-24 10:25:00,2026-04-24 10:31:00,unplanned,MEC-02,8851.0
2138,24,2026-03-30 07:12:00,2026-03-30 09:04:00,planned,MEC-01,687.0
2139,26,2026-02-19 08:31:00,2026-02-19 11:27:00,planned,ELEC-01,7850.0
2140,32,2026-02-26 15:52:00,2026-02-26 17:55:00,unplanned,MEC-01,
2141,40,2026-01-26 04:18:00,2026-01-26 07:14:00,planned,MEC-02,
2142,45,2026-03-05 16:05:00,2026-03-05 17:09:00,planned,CAL-01,9572.0
2143,50,2026-06-21 01:20:00,2026-06-21 03:49:00,planned,CAL-01,2528.0
2144,47,2026-03-25 17:09:00,2026-03-25 17:59:00,unplanned,ELEC-01,
2145,2,2026-02-19 23:10:00,2026-02-20 01:18:00,planned,MAT-01,
2146,13,2026-05-29 21:40:00,2026-05-29 21:51:00,unplanned,CAL-01,3432.0
2147,26,2026-01-03 08:58:00,2026-01-03 09:14:00,planned,MEC-02,9999.0
2148,3,2026-05-21 13:44:00,2026-05-21 13:58:00,planned,CAL-01,6970.0
2149,49,2026-02-12 16:32:00,2026-02-12 17:33:00,planned,ELEC-01,5908.0
2150,5,2026-03-06 09:53:00,2026-03-06 10:57:00,unplanned,MEC-02,7940.0
2151,33,2026-04-23 11:14:00,2026-04-23 13:14:00,unplanned,MAT-01,8795.0
2152,37,2026-04-07 12:54:00,2026-04-07 13:40:00,planned,CAL-01,
2153,4,2026-06-17 09:07:00,2026-06-17 10:06:00,unplanned,ELEC-01,7170.0
2154,41,2026-05-27 06:27:00,2026-05-27 07:55:00,unplanned,ELEC-01,7256.0
2155,15,2026-06-15 00:57:00,2026-06-15 01:44:00,unplanned,CAL-01,2276.0
2156,14,2026-03-06 23:56:00,2026-03-07 01:30:00,unplanned,MEC-02,4266.0
2157,38,2026-04-10 19:57:00,2026-04-10 22:03:00,planned,CAL-01,4446.0
2158,49,2026-01-06 05:03:00,2026-01-06 05:21:00,unplanned,MEC-02,3121.0
2159,38,2026-01-18 09:40:00,2026-01-18 12:00:00,unplanned,ELEC-01,6236.0
2160,10,2026-06-14 09:40:00,2026-06-14 11:02:00,planned,CAL-01,1756.0
2161,38,2026-06-10 14:43:00,2026-06-10 15:12:00,planned,ELEC-01,230.0
2162,39,2026-05-09 04:03:00,2026-05-09 05:25:00,planned,ELEC-01,9464.0
2163,3,2026-05-25 19:41:00,2026-05-25 21:48:00,planned,MEC-02,3673.0
2164,1,2026-06-28 06:28:00,2026-06-28 07:54:00,unplanned,MAT-01,4743.0
2165,50,2026-06-25 17:40:00,2026-06-25 19:01:00,unplanned,MAT-01,
2166,30,2026-06-22 06:53:00,2026-06-22 09:06:00,unplanned,ELEC-01,9841.0
2167,3,2026-02-08 09:19:00,2026-02-08 11:32:00,planned,MEC-02,5548.0
2168,30,2026-05-15 19:07:00,2026-05-15 21:54:00,planned,MAT-01,917.0
2169,43,2026-06-08 03:20:00,2026-06-08 04:00:00,planned,MAT-01,4711.0
2170,10,2026-04-03 15:26:00,2026-04-03 16:47:00,unplanned,MAT-01,8616.0
2171,23,2026-01-17 04:49:00,2026-01-17 06:41:00,planned,MAT-01,4052.0
2172,3,2026-04-25 08:16:00,2026-04-25 11:02:00,unplanned,CAL-01,9299.0
2173,24,2026-06-02 16:13:00,2026-06-02 16:52:00,unplanned,MAT-01,7453.0
2174,30,2026-04-03 21:36:00,2026-04-03 23:20:00,unplanned,CAL-01,4176.0
2175,39,2026-01-06 17:46:00,2026-01-06 19:52:00,unplanned,MEC-01,
2176,6,2026-06-19 05:41:00,2026-06-19 05:48:00,unplanned,ELEC-01,1012.0
2177,41,2026-02-21 11:37:00,2026-02-21 14:05:00,unplanned,MAT-01,6027.0
2178,22,2026-06-06 05:36:00,2026-06-06 06:51:00,planned,MAT-01,6289.0
2179,43,2026-03-31 13:22:00,2026-03-31 13:36:00,planned,ELEC-01,1538.0
2180,26,2026-05-26 19:13:00,2026-05-26 20:24:00,unplanned,CAL-01,2779.0
2181,50,2026-05-02 17:03:00,2026-05-02 18:02:00,unplanned,MAT-01,469.0
2182,26,2026-03-29 08:43:00,2026-03-29 08:48:00,planned,MEC-01,6732.0
2183,39,2026-04-23 00:51:00,2026-04-23 03:23:00,planned,MEC-02,
2184,4,2026-06-07 05:17:00,2026-06-07 07:17:00,unplanned,MEC-01,
2185,6,2026-01-23 20:41:00,2026-01-23 21:05:00,unplanned,MEC-01,1941.0
2186,23,2026-03-03 06:45:00,2026-03-03 07:31:00,planned,MAT-01,
2187,21,2026-06-02 03:58:00,2026-06-02 04:34:00,planned,CAL-01,
2188,20,2026-02-02 04:19:00,2026-02-02 05:36:00,unplanned,ELEC-01,8361.0
2189,9,2026-05-23 12:03:00,2026-05-23 14:04:00,planned,CAL-01,
2190,35,2026-04-18 23:37:00,2026-04-19 01:42:00,planned,MEC-01,
2191,47,2026-04-08 20:46:00,2026-04-08 21:33:00,unplanned,MEC-01,241.0
2192,16,2026-05-27 11:29:00,2026-05-27 14:13:00,planned,ELEC-01,
2193,34,2026-05-21 08:27:00,2026-05-21 09:48:00,unplanned,MEC-02,
2194,24,2026-03-09 08:43:00,2026-03-09 10:11:00,planned,MAT-01,9903.0
2195,45,2026-03-19 02:39:00,2026-03-19 03:45:00,unplanned,MEC-01,7389.0
2196,23,2026-05-15 01:41:00,2026-05-15 03:20:00,planned,MEC-02,4434.0
2197,43,2026-01-16 11:55:00,2026-01-16 13:55:00,unplanned,ELEC-01,9449.0
2198,11,2026-01-27 22:31:00,2026-01-28 01:24:00,planned,CAL-01,
2199,19,2026-06-21 14:01:00,2026-06-21 15:28:00,unplanned,MAT-01,1546.0
2200,46,2026-02-25 00:35:00,2026-02-25 03:22:00,planned,MEC-01,
2201,10,2026-05-10 22:19:00,2026-05-11 01:12:00,planned,MAT-01,1471.0
2202,20,2026-05-15 02:03:00,2026-05-15 03:31:00,planned,MEC-02,
2203,32,2026-03-23 11:04:00,2026-03-23 11:19:00,planned,CAL-01,5102.0
2204,8,2026-02-14 03:15:00,2026-02-14 05:41:00,unplanned,MEC-01,6787.0
2205,17,2026-05-14 13:03:00,2026-05-14 15:37:00,unplanned,ELEC-01,4654.0
2206,28,2026-06-08 18:28:00,2026-06-08 19:46:00,unplanned,CAL-01,350.0
2207,11,2026-03-06 02:37:00,2026-03-06 03:21:00,unplanned,ELEC-01,8621.0
2208,32,2026-04-11 06:53:00,2026-04-11 09:46:00,planned,MEC-02,2488.0
2209,5,2026-04-10 14:14:00,2026-04-10 16:49:00,unplanned,MEC-02,
2210,34,2026-05-07 21:18:00,2026-05-07 22:42:00,planned,CAL-01,8984.0
2211,32,2026-06-12 11:42:00,2026-06-12 13:03:00,unplanned,MEC-01,
2212,21,2026-04-01 08:22:00,2026-04-01 08:29:00,planned,CAL-01,1101.0
2213,48,2026-05-11 04:48:00,2026-05-11 07:05:00,unplanned,MAT-01,8108.0
2214,20,2026-01-02 17:39:00,2026-01-02 20:10:00,unplanned,MEC-01,2115.0
2215,20,2026-01-18 05:38:00,2026-01-18 06:01:00,planned,ELEC-01,3103.0
2216,36,2026-03-16 16:53:00,2026-03-16 17:36:00,planned,MEC-01,535.0
2217,6,2026-05-30 18:20:00,2026-05-30 18:40:00,planned,MEC-01,3012.0
2218,46,2026-03-04 03:05:00,2026-03-04 05:37:00,planned,CAL-01,5510.0
2219,48,2026-03-29 07:12:00,2026-03-29 07:36:00,planned,MEC-01,1055.0
2220,25,2026-04-20 20:05:00,2026-04-20 21:25:00,planned,MAT-01,935.0
2221,1,2026-04-02 00:58:00,2026-04-02 02:51:00,unplanned,MEC-01,
2222,39,2026-03-08 00:45:00,2026-03-08 01:55:00,unplanned,MAT-01,
2223,1,2026-02-16 07:48:00,2026-02-16 08:36:00,planned,CAL-01,1570.0
2224,27,2026-03-20 14:21:00,2026-03-20 15:10:00,unplanned,MAT-01,
2225,9,2026-04-26 14:49:00,2026-04-26 16:52:00,unplanned,MAT-01,7405.0
2226,30,2026-03-17 05:36:00,2026-03-17 07:17:00,unplanned,MEC-01,4385.0
2227,43,2026-04-22 01:10:00,2026-04-22 03:08:00,unplanned,ELEC-01,
2228,27,2026-06-04 17:57:00,2026-06-04 18:25:00,planned,ELEC-01,1795.0
2229,40,2026-03-18 19:19:00,2026-03-18 22:16:00,unplanned,ELEC-01,
2230,24,2026-06-08 10:29:00,2026-06-08 12:44:00,unplanned,ELEC-01,
2231,45,2026-05-17 01:09:00,2026-05-17 02:42:00,unplanned,ELEC-01,
2232,19,2026-04-17 15:39:00,2026-04-17 17:38:00,unplanned,MEC-01,2716.0
2233,23,2026-06-12 15:29:00,2026-06-12 16:40:00,unplanned,CAL-01,6054.0
2234,42,2026-06-07 04:59:00,2026-06-07 07:54:00,planned,CAL-01,
2235,27,2026-01-07 22:11:00,2026-01-07 23:24:00,unplanned,MAT-01,
2236,43,2026-06-18 16:26:00,2026-06-18 17:50:00,planned,MEC-02,9986.0
2237,39,2026-06-14 07:58:00,2026-06-14 10:51:00,unplanned,MAT-01,8919.0
2238,46,2026-05-10 18:57:00,2026-05-10 21:10:00,planned,MEC-02,1060.0
2239,34,2026-01-07 23:59:00,2026-01-08 02:46:00,planned,ELEC-01,9492.0
2240,49,2026-04-15 11:59:00,2026-04-15 13:51:00,planned,MAT-01,3742.0
2241,43,2026-04-09 03:09:00,2026-04-09 05:03:00,unplanned,CAL-01,6084.0
2242,22,2026-05-07 11:28:00,2026-05-07 11:44:00,planned,MAT-01,2673.0
2243,10,2026-01-28 02:50:00,2026-01-28 05:13:00,planned,MEC-02,7224.0
2244,28,2026-02-04 06:38:00,2026-02-04 07:37:00,planned,ELEC-01,12.0
2245,8,2026-06-10 20:07:00,2026-06-10 22:54:00,unplanned,CAL-01,2560.0
2246,17,2026-02-15 20:29:00,2026-02-15 21:13:00,planned,MEC-02,2774.0
2247,43,2026-01-22 12:01:00,2026-01-22 14:14:00,planned,MEC-02,8947.0
2248,49,2026-04-15 00:17:00,2026-04-15 01:24:00,planned,MEC-02,
2249,41,2026-02-04 05:27:00,2026-02-04 06:42:00,planned,MAT-01,
2250,25,2026-02-06 09:01:00,2026-02-06 09:06:00,unplanned,MEC-02,
2251,46,2026-02-03 12:07:00,2026-02-03 12:13:00,planned,MEC-02,3936.0
2252,7,2026-02-11 04:29:00,2026-02-11 05:45:00,unplanned,ELEC-01,1005.0
2253,23,2026-05-13 17:34:00,2026-05-13 18:02:00,planned,MAT-01,4270.0
2254,37,2026-05-29 10:59:00,2026-05-29 12:05:00,unplanned,MEC-02,1118.0
2255,20,2026-06-28 10:32:00,2026-06-28 13:13:00,planned,MEC-01,4803.0
2256,36,2026-04-15 18:12:00,2026-04-15 20:39:00,planned,MEC-02,4762.0
2257,26,2026-01-07 00:49:00,2026-01-07 03:09:00,unplanned,MEC-02,145.0
2258,13,2026-01-06 00:50:00,2026-01-06 03:43:00,planned,MAT-01,4874.0
2259,49,2026-02-17 14:18:00,2026-02-17 15:50:00,planned,MEC-01,3567.0
2260,8,2026-02-26 18:43:00,2026-02-26 20:24:00,planned,MEC-01,1405.0
2261,20,2026-06-14 03:10:00,2026-06-14 04:21:00,planned,ELEC-01,
2262,45,2026-03-01 20:29:00,2026-03-01 23:01:00,unplanned,CAL-01,9870.0
2263,27,2026-01-25 18:05:00,2026-01-25 20:35:00,unplanned,CAL-01,3183.0
2264,19,2026-03-14 00:59:00,2026-03-14 02:14:00,planned,CAL-01,
2265,30,2026-06-02 13:55:00,2026-06-02 16:45:00,unplanned,MEC-01,
2266,36,2026-03-12 10:21:00,2026-03-12 13:11:00,planned,ELEC-01,4383.0
2267,31,2026-01-17 23:32:00,2026-01-18 02:18:00,unplanned,MEC-02,4484.0
2268,22,2026-05-28 06:09:00,2026-05-28 06:26:00,unplanned,ELEC-01,
2269,9,2026-04-03 15:40:00,2026-04-03 16:57:00,unplanned,ELEC-01,
2270,40,2026-03-07 21:28:00,2026-03-07 22:30:00,planned,MEC-01,5325.0
2271,48,2026-06-15 23:34:00,2026-06-16 01:37:00,unplanned,MEC-02,
2272,31,2026-06-10 05:41:00,2026-06-10 08:37:00,unplanned,MEC-01,7879.0
2273,1,2026-02-19 12:37:00,2026-02-19 13:52:00,planned,MEC-01,2436.0
2274,25,2026-03-19 15:26:00,2026-03-19 17:05:00,planned,MEC-01,531.0
2275,36,2026-04-21 06:39:00,2026-04-21 08:58:00,unplanned,MEC-02,7564.0
2276,38,2026-03-31 15:34:00,2026-03-31 18:15:00,planned,ELEC-01,7583.0
2277,49,2026-03-08 15:29:00,2026-03-08 16:24:00,unplanned,ELEC-01,
2278,34,2026-06-09 02:43:00,2026-06-09 05:17:00,planned,CAL-01,2887.0
2279,27,2026-06-14 11:35:00,2026-06-14 13:48:00,unplanned,MEC-02,7360.0
2280,15,2026-01-29 20:04:00,2026-01-29 21:38:00,planned,ELEC-01,5663.0
2281,48,2026-03-25 00:00:00,2026-03-25 00:29:00,planned,ELEC-01,
2282,35,2026-06-14 09:00:00,2026-06-14 11:10:00,unplanned,MEC-01,3677.0
2283,3,2026-05-15 19:05:00,2026-05-15 20:26:00,unplanned,MEC-02,
2284,18,2026-03-03 17:33:00,2026-03-03 19:00:00,planned,CAL-01,6607.0
2285,34,2026-01-01 14:40:00,2026-01-01 14:52:00,unplanned,MEC-01,9463.0
2286,50,2026-04-10 16:28:00,2026-04-10 17:28:00,unplanned,MEC-01,
2287,40,2026-06-08 12:48:00,2026-06-08 14:42:00,planned,CAL-01,161.0
2288,12,2026-04-18 00:52:00,2026-04-18 02:08:00,planned,MAT-01,9536.0
2289,41,2026-01-24 10:46:00,2026-01-24 12:49:00,planned,ELEC-01,
2290,16,2026-04-16 04:58:00,2026-04-16 06:46:00,planned,MAT-01,7217.0
2291,9,2026-05-20 17:12:00,2026-05-20 18:00:00,unplanned,MEC-02,
2292,7,2026-02-03 12:33:00,2026-02-03 14:07:00,unplanned,MEC-02,8328.0
2293,47,2026-02-07 20:46:00,2026-02-07 21:40:00,planned,MEC-01,2274.0
2294,34,2026-01-20 19:32:00,2026-01-20 20:07:00,unplanned,MAT-01,
2295,7,2026-04-23 08:40:00,2026-04-23 10:20:00,unplanned,MEC-01,
2296,46,2026-04-01 03:44:00,2026-04-01 04:28:00,planned,CAL-01,284.0
2297,6,2026-03-18 00:43:00,2026-03-18 00:58:00,planned,MEC-01,6189.0
2298,24,2026-04-25 00:11:00,2026-04-25 02:12:00,unplanned,CAL-01,8579.0
2299,42,2026-02-09 18:43:00,2026-02-09 21:41:00,planned,ELEC-01,2620.0
2300,33,2026-05-28 04:50:00,2026-05-28 07:16:00,unplanned,CAL-01,
2301,8,2026-02-01 08:36:00,2026-02-01 08:44:00,planned,CAL-01,761.0
2302,39,2026-03-20 16:56:00,2026-03-20 19:18:00,unplanned,MEC-01,
2303,30,2026-03-15 00:28:00,2026-03-15 01:02:00,planned,MAT-01,4579.0
2304,44,2026-02-10 00:04:00,2026-02-10 00:27:00,unplanned,MEC-01,
2305,33,2026-01-01 17:34:00,2026-01-01 17:52:00,unplanned,MEC-01,
2306,31,2026-04-26 20:13:00,2026-04-26 21:26:00,unplanned,MAT-01,3981.0
2307,10,2026-04-18 01:19:00,2026-04-18 02:07:00,unplanned,MEC-02,5121.0
2308,30,2026-03-19 12:35:00,2026-03-19 13:48:00,unplanned,MAT-01,5887.0
2309,11,2026-01-07 00:43:00,2026-01-07 02:02:00,planned,CAL-01,8917.0
2310,4,2026-02-28 16:36:00,2026-02-28 18:35:00,unplanned,CAL-01,562.0
2311,16,2026-05-21 02:02:00,2026-05-21 03:43:00,planned,CAL-01,5275.0
2312,36,2026-01-16 06:25:00,2026-01-16 08:18:00,planned,MEC-01,
2313,3,2026-01-18 19:18:00,2026-01-18 21:08:00,unplanned,CAL-01,6635.0
2314,33,2026-03-29 20:46:00,2026-03-29 22:04:00,planned,MEC-01,9051.0
2315,21,2026-03-14 00:19:00,2026-03-14 01:41:00,planned,ELEC-01,3471.0
2316,50,2026-04-22 00:28:00,2026-04-22 01:08:00,unplanned,MEC-01,5264.0
2317,32,2026-03-29 05:24:00,2026-03-29 05:35:00,planned,ELEC-01,259.0
2318,44,2026-02-24 02:24:00,2026-02-24 04:41:00,unplanned,MEC-02,2094.0
2319,6,2026-02-14 10:58:00,2026-02-14 12:10:00,planned,MAT-01,5656.0
2320,1,2026-06-09 21:06:00,2026-06-10 00:04:00,unplanned,MAT-01,
2321,46,2026-01-31 22:20:00,2026-01-31 22:49:00,unplanned,CAL-01,2501.0
2322,47,2026-03-04 02:43:00,2026-03-04 05:36:00,planned,MEC-01,1810.0
2323,14,2026-04-04 00:54:00,2026-04-04 01:37:00,unplanned,CAL-01,6425.0
2324,13,2026-04-25 08:05:00,2026-04-25 08:26:00,planned,MEC-01,3840.0
2325,5,2026-04-29 06:25:00,2026-04-29 08:22:00,planned,ELEC-01,1094.0
2326,14,2026-04-12 13:58:00,2026-04-12 14:05:00,planned,ELEC-01,
2327,7,2026-02-20 05:22:00,2026-02-20 08:14:00,unplanned,ELEC-01,
2328,26,2026-06-23 16:24:00,2026-06-23 18:16:00,unplanned,MEC-02,421.0
2329,41,2026-04-26 17:26:00,2026-04-26 17:47:00,planned,CAL-01,4557.0
2330,46,2026-02-21 11:14:00,2026-02-21 13:48:00,planned,MAT-01,
2331,12,2026-01-05 13:50:00,2026-01-05 14:41:00,unplanned,MEC-01,8549.0
2332,47,2026-05-15 11:27:00,2026-05-15 14:25:00,planned,MEC-02,6107.0
2333,30,2026-03-03 04:55:00,2026-03-03 07:41:00,planned,MAT-01,8238.0
2334,12,2026-05-02 20:10:00,2026-05-02 20:38:00,planned,MEC-01,7788.0
2335,27,2026-01-10 20:30:00,2026-01-10 22:32:00,planned,CAL-01,4634.0
2336,42,2026-04-12 12:43:00,2026-04-12 13:28:00,planned,CAL-01,7780.0
2337,28,2026-02-15 13:04:00,2026-02-15 14:51:00,planned,MEC-01,
2338,17,2026-03-31 19:30:00,2026-03-31 20:16:00,planned,ELEC-01,9146.0
2339,5,2026-02-04 02:07:00,2026-02-04 02:52:00,planned,MEC-01,
2340,46,2026-04-19 14:27:00,2026-04-19 14:52:00,planned,CAL-01,2255.0
2341,36,2026-06-24 08:57:00,2026-06-24 09:28:00,planned,MEC-02,695.0
2342,19,2026-06-19 05:36:00,2026-06-19 07:46:00,unplanned,MEC-02,1596.0
2343,27,2026-05-22 03:11:00,2026-05-22 04:27:00,planned,CAL-01,
2344,36,2026-04-13 02:16:00,2026-04-13 02:54:00,planned,MAT-01,
2345,32,2026-01-09 20:12:00,2026-01-09 21:50:00,planned,MAT-01,5097.0
2346,20,2026-04-07 08:56:00,2026-04-07 09:12:00,planned,MEC-01,555.0
2347,8,2026-02-03 15:05:00,2026-02-03 15:41:00,unplanned,MEC-02,2580.0
2348,41,2026-04-16 20:17:00,2026-04-16 22:49:00,planned,MAT-01,4435.0
2349,13,2026-06-03 21:09:00,2026-06-03 23:48:00,planned,ELEC-01,810.0
2350,36,2026-06-06 17:56:00,2026-06-06 18:42:00,unplanned,MAT-01,2762.0
2351,27,2026-03-10 15:35:00,2026-03-10 17:04:00,planned,MAT-01,1606.0
2352,28,2026-06-03 00:54:00,2026-06-03 01:05:00,unplanned,MEC-02,
2353,33,2026-02-13 11:28:00,2026-02-13 13:58:00,unplanned,MEC-02,7594.0
2354,47,2026-04-07 04:13:00,2026-04-07 05:18:00,planned,MEC-02,8995.0
2355,31,2026-04-08 00:06:00,2026-04-08 00:56:00,planned,MEC-02,4495.0
2356,17,2026-01-31 09:29:00,2026-01-31 09:52:00,planned,ELEC-01,6337.0
2357,48,2026-05-01 18:48:00,2026-05-01 20:46:00,planned,ELEC-01,6188.0
2358,33,2026-02-13 15:18:00,2026-02-13 17:28:00,unplanned,ELEC-01,8265.0
2359,31,2026-02-07 01:36:00,2026-02-07 04:05:00,unplanned,CAL-01,
2360,38,2026-04-18 10:45:00,2026-04-18 10:56:00,planned,ELEC-01,4824.0
2361,22,2026-06-16 13:48:00,2026-06-16 16:39:00,planned,MAT-01,
2362,25,2026-01-15 05:09:00,2026-01-15 06:26:00,unplanned,MEC-02,8444.0
2363,23,2026-05-16 12:04:00,2026-05-16 12:29:00,unplanned,MAT-01,
2364,8,2026-04-17 05:30:00,2026-04-17 07:39:00,planned,CAL-01,6053.0
2365,19,2026-04-09 16:19:00,2026-04-09 18:37:00,unplanned,MEC-01,
2366,36,2026-06-18 12:38:00,2026-06-18 13:09:00,unplanned,ELEC-01,7701.0
2367,45,2026-03-13 13:10:00,2026-03-13 14:21:00,unplanned,ELEC-01,8773.0
2368,41,2026-04-22 14:01:00,2026-04-22 14:30:00,planned,MEC-01,7171.0
2369,46,2026-01-16 22:15:00,2026-01-16 22:59:00,planned,ELEC-01,2956.0
2370,12,2026-01-22 16:56:00,2026-01-22 19:36:00,planned,MAT-01,
2371,38,2026-01-11 04:56:00,2026-01-11 06:05:00,planned,MEC-02,2298.0
2372,38,2026-01-20 15:54:00,2026-01-20 16:15:00,unplanned,CAL-01,
2373,9,2026-05-03 19:01:00,2026-05-03 19:22:00,unplanned,CAL-01,
2374,18,2026-02-28 01:19:00,2026-02-28 04:15:00,planned,MEC-02,5751.0
2375,7,2026-03-24 14:26:00,2026-03-24 15:14:00,unplanned,MEC-02,
2376,33,2026-06-22 18:53:00,2026-06-22 20:14:00,unplanned,ELEC-01,
2377,6,2026-01-02 10:43:00,2026-01-02 10:50:00,unplanned,MEC-02,5566.0
2378,24,2026-01-31 21:19:00,2026-01-31 21:34:00,planned,MAT-01,6082.0
2379,24,2026-05-04 04:20:00,2026-05-04 06:30:00,unplanned,MEC-02,6059.0
2380,29,2026-03-21 17:33:00,2026-03-21 19:19:00,planned,MAT-01,9293.0
2381,35,2026-05-25 23:00:00,2026-05-25 23:08:00,unplanned,MEC-02,4611.0
2382,16,2026-05-06 02:16:00,2026-05-06 03:42:00,planned,MAT-01,
2383,40,2026-05-02 02:17:00,2026-05-02 04:04:00,unplanned,MAT-01,1101.0
2384,28,2026-04-24 06:17:00,2026-04-24 06:57:00,unplanned,ELEC-01,
2385,48,2026-05-27 15:55:00,2026-05-27 17:33:00,unplanned,MEC-01,605.0
2386,34,2026-06-01 13:46:00,2026-06-01 13:55:00,unplanned,MEC-02,4552.0
2387,18,2026-01-08 14:43:00,2026-01-08 15:18:00,unplanned,MEC-02,8217.0
2388,1,2026-04-19 14:31:00,2026-04-19 16:28:00,planned,CAL-01,2591.0
2389,48,2026-03-13 17:44:00,2026-03-13 18:18:00,planned,MEC-02,16.0
2390,45,2026-03-08 09:35:00,2026-03-08 10:15:00,planned,CAL-01,4201.0
2391,46,2026-01-26 09:00:00,2026-01-26 09:24:00,unplanned,MEC-02,4375.0
2392,48,2026-05-27 06:15:00,2026-05-27 07:36:00,planned,ELEC-01,6336.0
2393,17,2026-02-28 07:32:00,2026-02-28 08:53:00,unplanned,MEC-02,7268.0
2394,1,2026-01-16 21:58:00,2026-01-17 00:51:00,planned,ELEC-01,6164.0
2395,29,2026-02-26 13:58:00,2026-02-26 16:04:00,planned,ELEC-01,9554.0
2396,32,2026-01-25 23:00:00,2026-01-25 23:24:00,unplanned,CAL-01,7434.0
2397,28,2026-06-03 10:22:00,2026-06-03 13:00:00,unplanned,MEC-01,5311.0
2398,19,2026-01-10 07:43:00,2026-01-10 09:32:00,unplanned,MAT-01,2114.0
2399,1,2026-03-30 22:30:00,2026-03-31 00:30:00,planned,MEC-01,
2400,11,2026-04-08 22:46:00,2026-04-08 23:55:00,unplanned,ELEC-01,
2401,34,2026-05-25 02:25:00,2026-05-25 05:03:00,unplanned,ELEC-01,603.0
2402,40,2026-03-30 06:23:00,2026-03-30 08:56:00,unplanned,ELEC-01,4202.0
2403,6,2026-03-06 14:34:00,2026-03-06 16:08:00,planned,CAL-01,8153.0
2404,39,2026-02-03 20:57:00,2026-02-03 21:17:00,unplanned,MEC-02,3987.0
2405,29,2026-06-16 12:41:00,2026-06-16 15:07:00,unplanned,MAT-01,4936.0
2406,50,2026-06-26 14:40:00,2026-06-26 15:14:00,unplanned,MEC-02,
2407,30,2026-01-09 17:03:00,2026-01-09 17:50:00,planned,MAT-01,7867.0
2408,41,2026-02-28 10:21:00,2026-02-28 11:07:00,planned,MEC-01,3585.0
2409,22,2026-01-25 09:26:00,2026-01-25 10:17:00,unplanned,MEC-01,154.0
2410,18,2026-04-22 15:25:00,2026-04-22 17:07:00,unplanned,MAT-01,5405.0
2411,14,2026-03-05 17:52:00,2026-03-05 19:31:00,planned,ELEC-01,
2412,20,2026-04-16 16:50:00,2026-04-16 18:28:00,unplanned,MAT-01,8358.0
2413,33,2026-01-11 07:52:00,2026-01-11 09:57:00,unplanned,ELEC-01,
2414,32,2026-05-01 22:11:00,2026-05-01 22:57:00,planned,CAL-01,
2415,47,2026-06-19 00:11:00,2026-06-19 02:19:00,planned,MEC-01,
2416,27,2026-05-17 08:39:00,2026-05-17 10:36:00,planned,MEC-02,3573.0
2417,44,2026-04-03 23:16:00,2026-04-04 00:58:00,unplanned,MEC-02,2078.0
2418,38,2026-05-06 01:35:00,2026-05-06 01:50:00,unplanned,MEC-02,5084.0
2419,37,2026-05-20 14:13:00,2026-05-20 15:12:00,planned,MAT-01,4562.0
2420,2,2026-06-10 16:55:00,2026-06-10 18:24:00,unplanned,MEC-01,742.0
2421,17,2026-01-29 21:04:00,2026-01-29 23:46:00,unplanned,MAT-01,2226.0
2422,49,2026-05-04 22:45:00,2026-05-05 00:32:00,unplanned,ELEC-01,3108.0
2423,37,2026-04-01 13:19:00,2026-04-01 13:49:00,planned,ELEC-01,6149.0
2424,36,2026-06-28 20:29:00,2026-06-28 22:46:00,planned,MEC-02,334.0
2425,18,2026-05-28 22:14:00,2026-05-29 01:02:00,planned,ELEC-01,5046.0
2426,28,2026-04-13 06:40:00,2026-04-13 06:51:00,unplanned,MEC-01,5268.0
2427,49,2026-06-20 13:11:00,2026-06-20 13:50:00,unplanned,MAT-01,4225.0
2428,29,2026-01-19 02:49:00,2026-01-19 04:46:00,unplanned,MAT-01,
2429,45,2026-03-16 15:41:00,2026-03-16 15:58:00,unplanned,MEC-01,2025.0
2430,8,2026-05-11 10:27:00,2026-05-11 12:21:00,planned,MAT-01,697.0
2431,48,2026-04-13 14:12:00,2026-04-13 15:25:00,unplanned,CAL-01,9299.0
2432,42,2026-03-05 20:15:00,2026-03-05 21:32:00,planned,CAL-01,6951.0
2433,12,2026-06-03 07:17:00,2026-06-03 07:59:00,planned,CAL-01,
2434,9,2026-06-29 20:06:00,2026-06-29 21:58:00,planned,ELEC-01,3554.0
2435,36,2026-03-06 02:57:00,2026-03-06 05:29:00,planned,MAT-01,
2436,32,2026-06-19 17:27:00,2026-06-19 17:48:00,planned,MEC-01,
2437,18,2026-05-07 01:49:00,2026-05-07 02:15:00,unplanned,MAT-01,
2438,8,2026-01-24 21:17:00,2026-01-25 00:07:00,planned,CAL-01,5176.0
2439,38,2026-06-09 01:37:00,2026-06-09 02:55:00,planned,MEC-01,443.0
2440,5,2026-04-30 04:12:00,2026-04-30 05:13:00,planned,ELEC-01,1278.0
2441,23,2026-01-21 13:53:00,2026-01-21 15:48:00,planned,MEC-02,3917.0
2442,28,2026-05-07 19:08:00,2026-05-07 19:20:00,planned,MEC-02,9683.0
2443,36,2026-05-20 07:20:00,2026-05-20 09:35:00,planned,MEC-01,8705.0
2444,11,2026-05-11 18:07:00,2026-05-11 18:42:00,planned,CAL-01,7555.0
2445,18,2026-05-17 00:32:00,2026-05-17 02:03:00,planned,MEC-02,642.0
2446,3,2026-01-28 09:37:00,2026-01-28 10:34:00,planned,MEC-01,1534.0
2447,8,2026-04-16 15:25:00,2026-04-16 16:06:00,unplanned,MEC-01,5533.0
2448,34,2026-02-23 04:00:00,2026-02-23 06:54:00,unplanned,MEC-01,5114.0
2449,21,2026-01-08 00:01:00,2026-01-08 02:32:00,planned,MEC-01,2402.0
2450,28,2026-05-23 23:31:00,2026-05-24 00:49:00,unplanned,MEC-02,6923.0
2451,38,2026-06-04 02:13:00,2026-06-04 02:38:00,unplanned,MAT-01,5985.0
2452,38,2026-02-21 10:07:00,2026-02-21 10:46:00,planned,MAT-01,
2453,30,2026-01-26 14:47:00,2026-01-26 17:35:00,unplanned,ELEC-01,7333.0
2454,30,2026-03-27 16:58:00,2026-03-27 17:21:00,unplanned,MAT-01,4321.0
2455,44,2026-05-26 10:12:00,2026-05-26 12:55:00,unplanned,CAL-01,672.0
2456,48,2026-06-26 06:23:00,2026-06-26 07:47:00,planned,MEC-02,
2457,27,2026-03-06 23:55:00,2026-03-07 00:57:00,planned,MEC-02,6744.0
2458,44,2026-05-29 09:03:00,2026-05-29 09:22:00,unplanned,MEC-02,
2459,9,2026-06-20 20:01:00,2026-06-20 22:12:00,planned,MEC-01,
2460,39,2026-04-26 19:18:00,2026-04-26 21:38:00,planned,MAT-01,
2461,26,2026-01-28 20:04:00,2026-01-28 22:14:00,unplanned,CAL-01,230.0
2462,6,2026-04-04 05:24:00,2026-04-04 05:36:00,unplanned,MEC-01,5294.0
2463,38,2026-05-23 12:03:00,2026-05-23 13:35:00,planned,CAL-01,6478.0
2464,21,2026-03-11 20:05:00,2026-03-11 20:17:00,unplanned,MEC-01,
2465,16,2026-02-07 20:05:00,2026-02-07 22:11:00,unplanned,MEC-01,
2466,21,2026-05-12 09:28:00,2026-05-12 11:19:00,unplanned,MEC-02,7073.0
2467,25,2026-04-09 14:03:00,2026-04-09 14:27:00,planned,MEC-01,6381.0
2468,49,2026-06-22 04:24:00,2026-06-22 05:12:00,planned,MEC-02,5559.0
2469,8,2026-02-27 20:53:00,2026-02-27 23:48:00,unplanned,MEC-02,2944.0
2470,3,2026-01-29 22:25:00,2026-01-29 23:41:00,unplanned,MEC-02,9135.0
2471,5,2026-01-26 18:14:00,2026-01-26 19:14:00,unplanned,MEC-02,3569.0
2472,13,2026-02-15 12:10:00,2026-02-15 13:13:00,unplanned,ELEC-01,5434.0
2473,35,2026-04-20 21:59:00,2026-04-20 23:45:00,planned,MEC-01,
2474,42,2026-06-13 10:58:00,2026-06-13 12:06:00,unplanned,CAL-01,4379.0
2475,25,2026-03-23 20:53:00,2026-03-23 23:39:00,planned,MAT-01,
2476,12,2026-03-19 12:48:00,2026-03-19 15:37:00,planned,MAT-01,3156.0
2477,2,2026-04-12 15:47:00,2026-04-12 16:24:00,planned,ELEC-01,
2478,42,2026-05-10 23:17:00,2026-05-11 00:05:00,unplanned,CAL-01,7922.0
2479,39,2026-03-01 17:14:00,2026-03-01 19:06:00,planned,CAL-01,8758.0
2480,48,2026-01-30 04:13:00,2026-01-30 04:26:00,planned,MEC-02,
2481,48,2026-02-07 05:15:00,2026-02-07 06:00:00,unplanned,ELEC-01,687.0
2482,31,2026-03-02 21:39:00,2026-03-02 21:52:00,unplanned,MEC-02,5274.0
2483,40,2026-02-03 17:08:00,2026-02-03 20:08:00,planned,MAT-01,7635.0
2484,1,2026-05-11 19:44:00,2026-05-11 22:15:00,planned,ELEC-01,
2485,22,2026-02-04 16:56:00,2026-02-04 18:18:00,planned,ELEC-01,7220.0
2486,26,2026-04-05 04:49:00,2026-04-05 05:40:00,unplanned,ELEC-01,7392.0
2487,19,2026-01-13 03:52:00,2026-01-13 04:57:00,planned,CAL-01,1370.0
2488,19,2026-05-29 18:58:00,2026-05-29 21:16:00,unplanned,MAT-01,1840.0
2489,9,2026-04-09 12:26:00,2026-04-09 13:48:00,unplanned,MEC-02,7557.0
2490,6,2026-05-07 08:33:00,2026-05-07 09:25:00,unplanned,MAT-01,6503.0
2491,19,2026-01-30 08:45:00,2026-01-30 11:03:00,unplanned,CAL-01,8245.0
2492,8,2026-05-14 09:01:00,2026-05-14 10:38:00,planned,MAT-01,
2493,37,2026-06-24 23:47:00,2026-06-24 23:57:00,unplanned,ELEC-01,8747.0
2494,49,2026-02-15 20:13:00,2026-02-15 21:00:00,planned,MAT-01,
2495,47,2026-05-08 16:02:00,2026-05-08 18:31:00,planned,MAT-01,
2496,16,2026-04-25 08:01:00,2026-04-25 10:33:00,unplanned,MEC-02,2654.0
2497,2,2026-04-21 13:19:00,2026-04-21 15:44:00,unplanned,CAL-01,9730.0
2498,41,2026-05-01 09:45:00,2026-05-01 11:36:00,planned,CAL-01,327.0
2499,29,2026-01-07 05:21:00,2026-01-07 06:12:00,planned,MAT-01,1731.0
2500,17,2026-04-14 05:56:00,2026-04-14 07:04:00,planned,MEC-02,8444.0
2501,41,2026-01-24 05:14:00,2026-01-24 07:47:00,planned,MEC-02,9113.0
2502,28,2026-04-30 08:37:00,2026-04-30 11:08:00,planned,MAT-01,2366.0
2503,8,2026-06-15 06:21:00,2026-06-15 07:48:00,planned,CAL-01,
2504,36,2026-02-23 06:21:00,2026-02-23 09:21:00,unplanned,ELEC-01,7473.0
2505,7,2026-05-23 23:22:00,2026-05-24 00:06:00,unplanned,CAL-01,2988.0
2506,22,2026-03-07 14:27:00,2026-03-07 15:42:00,unplanned,MEC-01,2325.0
2507,35,2026-02-10 09:04:00,2026-02-10 09:32:00,planned,MEC-01,701.0
2508,12,2026-05-31 09:30:00,2026-05-31 09:48:00,unplanned,CAL-01,6568.0
2509,1,2026-06-07 06:58:00,2026-06-07 07:19:00,unplanned,ELEC-01,4981.0
2510,6,2026-05-17 22:49:00,2026-05-18 00:44:00,unplanned,MAT-01,7887.0
2511,12,2026-04-03 23:19:00,2026-04-04 01:13:00,unplanned,MAT-01,9252.0
2512,24,2026-02-19 08:15:00,2026-02-19 08:43:00,unplanned,CAL-01,4820.0
2513,29,2026-04-27 14:18:00,2026-04-27 16:01:00,planned,MEC-01,2457.0
2514,41,2026-01-14 01:45:00,2026-01-14 03:24:00,planned,MAT-01,1754.0
2515,50,2026-06-19 07:43:00,2026-06-19 09:42:00,planned,CAL-01,1522.0
2516,44,2026-03-13 11:04:00,2026-03-13 11:55:00,planned,MEC-02,5401.0
2517,31,2026-06-17 01:15:00,2026-06-17 03:46:00,planned,ELEC-01,6944.0
2518,39,2026-01-05 20:10:00,2026-01-05 22:59:00,planned,MAT-01,8046.0
2519,24,2026-01-28 01:23:00,2026-01-28 02:33:00,planned,MEC-01,5489.0
2520,22,2026-01-09 02:20:00,2026-01-09 02:32:00,unplanned,MEC-01,6597.0
2521,50,2026-05-18 22:39:00,2026-05-19 01:29:00,unplanned,ELEC-01,4329.0
2522,37,2026-02-13 08:08:00,2026-02-13 08:19:00,unplanned,MEC-01,
2523,40,2026-02-15 05:25:00,2026-02-15 07:58:00,unplanned,MAT-01,
2524,22,2026-06-03 16:00:00,2026-06-03 18:38:00,planned,MEC-01,
2525,15,2026-04-24 04:54:00,2026-04-24 07:38:00,unplanned,CAL-01,4469.0
2526,49,2026-04-12 13:32:00,2026-04-12 14:13:00,planned,ELEC-01,
2527,7,2026-05-09 00:05:00,2026-05-09 01:00:00,unplanned,MAT-01,1974.0
2528,15,2026-04-16 08:05:00,2026-04-16 08:42:00,planned,MEC-01,2949.0
2529,10,2026-01-25 20:06:00,2026-01-25 22:08:00,unplanned,CAL-01,
2530,41,2026-01-10 15:39:00,2026-01-10 15:45:00,planned,CAL-01,
2531,35,2026-06-22 15:43:00,2026-06-22 16:42:00,planned,MAT-01,
2532,31,2026-01-08 01:16:00,2026-01-08 04:05:00,unplanned,MEC-02,2685.0
2533,3,2026-04-15 06:23:00,2026-04-15 07:11:00,planned,CAL-01,
2534,3,2026-05-08 21:39:00,2026-05-09 00:15:00,planned,ELEC-01,
2535,31,2026-04-25 04:22:00,2026-04-25 05:22:00,planned,MEC-02,8716.0
2536,43,2026-02-28 01:44:00,2026-02-28 04:26:00,planned,MAT-01,443.0
2537,32,2026-05-28 13:06:00,2026-05-28 14:08:00,unplanned,CAL-01,9602.0
2538,28,2026-05-26 12:54:00,2026-05-26 13:26:00,unplanned,MEC-01,5276.0
2539,42,2026-02-13 20:33:00,2026-02-13 22:46:00,planned,MAT-01,4494.0
2540,18,2026-05-03 06:45:00,2026-05-03 08:28:00,unplanned,MEC-02,
2541,26,2026-02-03 01:18:00,2026-02-03 03:42:00,planned,ELEC-01,8221.0
2542,46,2026-04-25 21:46:00,2026-04-25 22:36:00,planned,MEC-02,8421.0
2543,14,2026-05-18 20:40:00,2026-05-18 22:40:00,planned,CAL-01,1807.0
2544,6,2026-05-15 01:15:00,2026-05-15 03:03:00,unplanned,MEC-02,5712.0
2545,11,2026-01-29 17:49:00,2026-01-29 20:46:00,unplanned,CAL-01,
2546,25,2026-04-02 10:20:00,2026-04-02 10:40:00,unplanned,ELEC-01,
2547,6,2026-03-23 11:54:00,2026-03-23 12:45:00,unplanned,MEC-02,
2548,49,2026-05-10 00:14:00,2026-05-10 00:43:00,planned,MEC-02,8132.0
2549,34,2026-04-30 05:27:00,2026-04-30 07:23:00,planned,CAL-01,9823.0
2550,47,2026-03-30 01:35:00,2026-03-30 01:42:00,unplanned,ELEC-01,7347.0
2551,24,2026-06-25 13:20:00,2026-06-25 13:36:00,unplanned,MAT-01,4706.0
2552,19,2026-06-29 04:06:00,2026-06-29 05:50:00,planned,MAT-01,
2553,43,2026-05-21 17:54:00,2026-05-21 19:12:00,unplanned,MEC-01,9319.0
2554,50,2026-01-12 11:34:00,2026-01-12 13:32:00,planned,MEC-01,9182.0
2555,16,2026-06-08 03:20:00,2026-06-08 04:50:00,planned,MEC-01,
2556,26,2026-03-24 13:35:00,2026-03-24 13:44:00,unplanned,MEC-02,3134.0
2557,44,2026-06-06 18:29:00,2026-06-06 19:23:00,planned,MAT-01,819.0
2558,35,2026-05-25 01:58:00,2026-05-25 04:07:00,unplanned,MEC-02,135.0
2559,19,2026-03-28 16:28:00,2026-03-28 18:50:00,unplanned,MEC-02,2375.0
2560,16,2026-01-25 18:22:00,2026-01-25 18:29:00,unplanned,MAT-01,
2561,25,2026-01-28 08:41:00,2026-01-28 08:56:00,unplanned,MAT-01,576.0
2562,12,2026-01-10 12:22:00,2026-01-10 13:32:00,planned,MAT-01,3.0
2563,17,2026-06-08 08:17:00,2026-06-08 09:40:00,unplanned,ELEC-01,2347.0
2564,41,2026-06-23 20:51:00,2026-06-23 23:26:00,planned,ELEC-01,1639.0
2565,35,2026-01-27 00:53:00,2026-01-27 02:26:00,planned,MEC-01,4625.0
2566,38,2026-06-14 08:03:00,2026-06-14 08:10:00,planned,MAT-01,5465.0
2567,7,2026-01-20 01:14:00,2026-01-20 01:45:00,unplanned,CAL-01,4219.0
2568,5,2026-02-21 03:41:00,2026-02-21 06:12:00,planned,CAL-01,8949.0
2569,5,2026-02-06 17:13:00,2026-02-06 20:10:00,planned,MEC-01,4227.0
2570,28,2026-05-30 00:15:00,2026-05-30 02:22:00,unplanned,MEC-02,
2571,16,2026-02-12 01:20:00,2026-02-12 04:05:00,planned,ELEC-01,
2572,44,2026-04-11 10:16:00,2026-04-11 10:43:00,unplanned,MEC-02,4220.0
2573,25,2026-03-14 01:41:00,2026-03-14 02:06:00,planned,CAL-01,5704.0
2574,30,2026-04-19 23:38:00,2026-04-20 01:21:00,planned,MEC-01,4364.0
2575,40,2026-01-25 23:18:00,2026-01-26 01:43:00,planned,MEC-01,
2576,2,2026-06-12 06:08:00,2026-06-12 08:29:00,planned,MAT-01,
2577,20,2026-05-22 10:25:00,2026-05-22 10:45:00,planned,MEC-01,
2578,10,2026-04-28 19:00:00,2026-04-28 19:49:00,planned,MAT-01,
2579,28,2026-05-30 01:32:00,2026-05-30 03:40:00,unplanned,MAT-01,5463.0
2580,25,2026-03-29 13:47:00,2026-03-29 14:55:00,unplanned,MAT-01,5841.0
2581,43,2026-04-30 22:40:00,2026-05-01 00:51:00,unplanned,ELEC-01,
2582,37,2026-03-03 01:22:00,2026-03-03 04:13:00,planned,MEC-02,6052.0
2583,29,2026-04-26 19:20:00,2026-04-26 21:54:00,unplanned,MEC-01,384.0
2584,18,2026-01-23 23:09:00,2026-01-24 01:12:00,planned,MEC-01,9616.0
2585,16,2026-01-07 21:42:00,2026-01-08 00:37:00,planned,MEC-01,
2586,44,2026-01-18 08:10:00,2026-01-18 09:55:00,unplanned,MAT-01,
2587,20,2026-03-14 18:49:00,2026-03-14 20:55:00,unplanned,MEC-02,
2588,29,2026-04-09 01:32:00,2026-04-09 03:13:00,unplanned,MEC-01,4223.0
2589,11,2026-05-09 06:31:00,2026-05-09 08:27:00,planned,MAT-01,2773.0
2590,47,2026-02-05 05:19:00,2026-02-05 06:32:00,unplanned,MEC-02,7990.0
2591,40,2026-02-23 17:32:00,2026-02-23 19:45:00,planned,MEC-02,7554.0
2592,22,2026-04-12 22:36:00,2026-04-13 00:35:00,planned,MEC-01,
2593,6,2026-02-15 22:58:00,2026-02-16 01:42:00,planned,MEC-01,7110.0
2594,19,2026-03-30 07:23:00,2026-03-30 08:32:00,planned,MEC-01,6274.0
2595,8,2026-04-08 21:37:00,2026-04-08 21:46:00,unplanned,ELEC-01,4777.0
2596,23,2026-01-13 04:57:00,2026-01-13 05:26:00,planned,MEC-02,
2597,42,2026-01-09 20:17:00,2026-01-09 21:14:00,planned,MEC-01,1534.0
2598,4,2026-04-06 10:46:00,2026-04-06 11:02:00,unplanned,MAT-01,913.0
2599,3,2026-06-13 22:22:00,2026-06-13 23:12:00,planned,ELEC-01,
2600,39,2026-06-24 09:40:00,2026-06-24 11:24:00,unplanned,CAL-01,
2601,40,2026-04-16 02:26:00,2026-04-16 04:25:00,unplanned,CAL-01,1303.0
2602,45,2026-05-14 19:35:00,2026-05-14 20:49:00,planned,ELEC-01,
2603,35,2026-03-10 17:54:00,2026-03-10 19:49:00,unplanned,CAL-01,2226.0
2604,10,2026-02-06 00:41:00,2026-02-06 02:12:00,unplanned,MEC-01,
2605,19,2026-02-21 12:27:00,2026-02-21 14:34:00,planned,MEC-02,1053.0
2606,19,2026-05-19 22:06:00,2026-05-20 00:47:00,unplanned,MAT-01,
2607,3,2026-01-31 15:39:00,2026-01-31 17:04:00,planned,MEC-02,6295.0
2608,45,2026-04-10 21:36:00,2026-04-10 21:50:00,unplanned,MAT-01,9941.0
2609,40,2026-03-07 15:52:00,2026-03-07 18:52:00,unplanned,MEC-02,
2610,46,2026-05-10 09:28:00,2026-05-10 11:49:00,unplanned,CAL-01,9576.0
2611,15,2026-06-21 01:48:00,2026-06-21 02:53:00,planned,MAT-01,
2612,15,2026-02-09 11:27:00,2026-02-09 11:34:00,unplanned,MEC-01,8911.0
2613,4,2026-01-31 08:20:00,2026-01-31 08:51:00,unplanned,MAT-01,8149.0
2614,20,2026-01-13 04:57:00,2026-01-13 05:44:00,planned,MEC-02,2031.0
2615,14,2026-05-22 18:03:00,2026-05-22 19:18:00,unplanned,MEC-02,
2616,30,2026-02-13 13:12:00,2026-02-13 15:20:00,unplanned,MEC-02,3640.0
2617,3,2026-06-21 06:03:00,2026-06-21 06:49:00,unplanned,ELEC-01,8761.0
2618,43,2026-05-04 02:49:00,2026-05-04 04:46:00,unplanned,MAT-01,742.0
2619,26,2026-03-15 08:16:00,2026-03-15 10:26:00,planned,MAT-01,8533.0
2620,4,2026-06-05 01:47:00,2026-06-05 04:21:00,planned,MEC-02,8585.0
2621,28,2026-02-26 06:07:00,2026-02-26 07:36:00,unplanned,MEC-02,6482.0
2622,49,2026-01-11 01:06:00,2026-01-11 02:21:00,unplanned,ELEC-01,9189.0
2623,7,2026-01-07 20:51:00,2026-01-07 22:43:00,unplanned,ELEC-01,4011.0
2624,38,2026-04-21 05:55:00,2026-04-21 07:31:00,planned,CAL-01,4938.0
2625,41,2026-04-11 03:46:00,2026-04-11 05:50:00,unplanned,MEC-02,2099.0
2626,35,2026-06-20 17:33:00,2026-06-20 18:04:00,unplanned,MEC-02,3588.0
2627,21,2026-02-23 12:42:00,2026-02-23 13:48:00,planned,CAL-01,4227.0
2628,35,2026-06-08 07:22:00,2026-06-08 09:48:00,unplanned,MEC-02,
2629,21,2026-01-04 16:17:00,2026-01-04 18:39:00,planned,MAT-01,5325.0
2630,23,2026-04-10 20:17:00,2026-04-10 22:05:00,unplanned,CAL-01,915.0
2631,44,2026-03-28 03:01:00,2026-03-28 03:11:00,planned,MEC-01,9377.0
2632,35,2026-05-31 04:32:00,2026-05-31 07:10:00,unplanned,MEC-01,9931.0
2633,14,2026-05-22 16:27:00,2026-05-22 16:46:00,unplanned,MEC-01,
2634,9,2026-03-15 12:20:00,2026-03-15 13:02:00,unplanned,CAL-01,4606.0
2635,7,2026-01-07 21:33:00,2026-01-07 22:08:00,unplanned,MEC-02,
2636,48,2026-05-24 11:36:00,2026-05-24 11:47:00,planned,CAL-01,8343.0
2637,40,2026-02-07 23:52:00,2026-02-08 01:25:00,planned,MEC-01,8176.0
2638,23,2026-04-03 00:02:00,2026-04-03 01:33:00,unplanned,MEC-01,8144.0
2639,29,2026-05-27 09:25:00,2026-05-27 11:34:00,unplanned,ELEC-01,
2640,10,2026-06-25 15:15:00,2026-06-25 17:15:00,unplanned,MEC-02,5786.0
2641,11,2026-01-22 08:00:00,2026-01-22 09:17:00,planned,CAL-01,8360.0
2642,48,2026-01-07 14:26:00,2026-01-07 16:33:00,unplanned,CAL-01,8974.0
2643,16,2026-02-26 20:28:00,2026-02-26 22:57:00,planned,ELEC-01,2544.0
2644,19,2026-02-09 06:22:00,2026-02-09 06:54:00,planned,ELEC-01,
2645,48,2026-05-14 19:23:00,2026-05-14 20:16:00,unplanned,MEC-01,6960.0
2646,42,2026-05-11 14:26:00,2026-05-11 15:54:00,unplanned,MEC-01,
2647,48,2026-06-19 05:57:00,2026-06-19 08:50:00,unplanned,MAT-01,2661.0
2648,5,2026-05-20 00:52:00,2026-05-20 03:43:00,planned,MAT-01,9829.0
2649,15,2026-01-02 00:56:00,2026-01-02 03:36:00,planned,MEC-02,6277.0
2650,30,2026-01-27 01:23:00,2026-01-27 04:04:00,planned,MEC-01,
2651,47,2026-06-21 09:03:00,2026-06-21 10:15:00,planned,MAT-01,3451.0
2652,30,2026-06-26 21:58:00,2026-06-26 22:58:00,unplanned,CAL-01,2699.0
2653,10,2026-01-31 10:56:00,2026-01-31 13:34:00,planned,ELEC-01,3559.0
2654,27,2026-02-24 04:43:00,2026-02-24 06:15:00,unplanned,CAL-01,
2655,35,2026-05-30 03:31:00,2026-05-30 03:55:00,planned,CAL-01,
2656,39,2026-03-18 00:07:00,2026-03-18 01:33:00,planned,MAT-01,8384.0
2657,5,2026-04-02 19:31:00,2026-04-02 21:45:00,unplanned,CAL-01,3037.0
2658,38,2026-01-13 06:56:00,2026-01-13 08:46:00,planned,MEC-01,7664.0
2659,5,2026-04-30 13:19:00,2026-04-30 15:51:00,planned,CAL-01,7294.0
2660,36,2026-02-06 23:18:00,2026-02-06 23:27:00,unplanned,MEC-01,
2661,6,2026-02-14 07:50:00,2026-02-14 08:29:00,unplanned,MEC-01,1530.0
2662,2,2026-03-04 07:27:00,2026-03-04 08:17:00,planned,MEC-02,
2663,37,2026-01-18 04:55:00,2026-01-18 05:07:00,planned,MEC-01,
2664,50,2026-03-16 02:01:00,2026-03-16 03:46:00,unplanned,MEC-02,59.0
2665,22,2026-02-13 04:37:00,2026-02-13 06:49:00,unplanned,CAL-01,8269.0
2666,19,2026-02-06 20:48:00,2026-02-06 22:22:00,planned,MEC-01,
2667,6,2026-05-25 04:45:00,2026-05-25 06:54:00,planned,CAL-01,
2668,32,2026-02-12 18:46:00,2026-02-12 19:51:00,unplanned,MEC-01,
2669,32,2026-06-28 09:19:00,2026-06-28 11:03:00,unplanned,CAL-01,
2670,1,2026-05-24 02:48:00,2026-05-24 03:18:00,planned,MEC-01,7037.0
2671,30,2026-05-22 05:25:00,2026-05-22 06:28:00,planned,CAL-01,
2672,30,2026-02-21 09:39:00,2026-02-21 10:39:00,unplanned,MEC-01,2611.0
2673,48,2026-04-16 02:31:00,2026-04-16 03:40:00,unplanned,MEC-01,2997.0
2674,28,2026-04-16 17:06:00,2026-04-16 19:20:00,planned,MEC-02,3004.0
2675,33,2026-04-24 03:08:00,2026-04-24 04:38:00,planned,ELEC-01,369.0
2676,43,2026-06-12 14:31:00,2026-06-12 15:29:00,unplanned,ELEC-01,1558.0
2677,21,2026-03-27 23:08:00,2026-03-28 01:43:00,unplanned,MEC-02,
2678,15,2026-02-09 09:47:00,2026-02-09 10:24:00,unplanned,MEC-01,1842.0
2679,43,2026-06-18 21:34:00,2026-06-18 23:26:00,planned,MEC-02,
2680,22,2026-05-19 14:14:00,2026-05-19 14:48:00,planned,MAT-01,
2681,14,2026-06-08 04:13:00,2026-06-08 07:13:00,planned,MEC-02,2579.0
2682,31,2026-01-12 22:56:00,2026-01-12 23:01:00,unplanned,MEC-01,
2683,19,2026-01-14 08:11:00,2026-01-14 08:20:00,unplanned,MEC-02,2140.0
2684,50,2026-02-10 19:45:00,2026-02-10 20:36:00,unplanned,ELEC-01,
2685,4,2026-06-25 19:34:00,2026-06-25 20:40:00,planned,ELEC-01,4286.0
2686,39,2026-05-06 07:29:00,2026-05-06 09:27:00,unplanned,ELEC-01,
2687,38,2026-03-29 08:03:00,2026-03-29 10:31:00,planned,CAL-01,
2688,42,2026-06-20 03:01:00,2026-06-20 03:20:00,planned,MAT-01,4352.0
2689,33,2026-03-29 03:52:00,2026-03-29 06:22:00,planned,MEC-01,9709.0
2690,10,2026-03-02 11:25:00,2026-03-02 14:03:00,unplanned,CAL-01,7205.0
2691,39,2026-05-28 03:48:00,2026-05-28 05:44:00,unplanned,ELEC-01,7985.0
2692,21,2026-01-17 13:45:00,2026-01-17 16:09:00,unplanned,MAT-01,8082.0
2693,38,2026-02-07 01:15:00,2026-02-07 01:45:00,planned,MEC-01,6198.0
2694,49,2026-03-01 05:41:00,2026-03-01 06:10:00,planned,ELEC-01,6796.0
2695,5,2026-03-08 09:40:00,2026-03-08 12:29:00,planned,MAT-01,2560.0
2696,21,2026-02-07 09:41:00,2026-02-07 12:40:00,unplanned,MEC-01,2734.0
2697,1,2026-03-05 08:19:00,2026-03-05 08:55:00,unplanned,CAL-01,
2698,25,2026-01-08 04:53:00,2026-01-08 07:52:00,planned,MAT-01,2935.0
2699,21,2026-02-22 06:42:00,2026-02-22 07:48:00,unplanned,MEC-01,5076.0
2700,42,2026-06-12 21:45:00,2026-06-12 22:59:00,planned,MEC-01,2104.0
2701,24,2026-01-23 14:05:00,2026-01-23 15:52:00,planned,ELEC-01,8870.0
2702,45,2026-04-18 22:07:00,2026-04-18 23:38:00,unplanned,ELEC-01,5511.0
2703,47,2026-05-25 10:33:00,2026-05-25 11:06:00,unplanned,ELEC-01,8174.0
2704,23,2026-06-01 16:56:00,2026-06-01 18:13:00,unplanned,ELEC-01,3063.0
2705,25,2026-02-14 04:35:00,2026-02-14 06:52:00,planned,ELEC-01,2237.0
2706,2,2026-03-01 00:09:00,2026-03-01 02:57:00,planned,MEC-02,4176.0
2707,37,2026-06-18 02:16:00,2026-06-18 05:00:00,planned,ELEC-01,6661.0
2708,12,2026-04-01 19:04:00,2026-04-01 21:26:00,unplanned,CAL-01,360.0
2709,42,2026-01-23 01:19:00,2026-01-23 04:09:00,unplanned,MAT-01,446.0
2710,1,2026-03-09 16:50:00,2026-03-09 19:15:00,planned,MEC-01,8308.0
2711,27,2026-01-13 08:50:00,2026-01-13 08:58:00,unplanned,MEC-02,1225.0
2712,4,2026-02-16 12:53:00,2026-02-16 15:06:00,unplanned,ELEC-01,3775.0
2713,41,2026-01-09 06:05:00,2026-01-09 08:34:00,planned,CAL-01,
2714,9,2026-04-19 23:38:00,2026-04-20 00:29:00,unplanned,CAL-01,8112.0
2715,14,2026-02-14 09:26:00,2026-02-14 11:12:00,unplanned,MEC-02,2698.0
2716,39,2026-06-21 02:54:00,2026-06-21 04:57:00,unplanned,MEC-02,932.0
2717,15,2026-02-17 21:21:00,2026-02-18 00:04:00,planned,CAL-01,6979.0
2718,19,2026-02-01 15:11:00,2026-02-01 15:48:00,unplanned,CAL-01,4394.0
2719,21,2026-02-26 13:43:00,2026-02-26 15:49:00,planned,MEC-01,
2720,40,2026-03-16 22:29:00,2026-03-17 01:29:00,unplanned,ELEC-01,9987.0
2721,10,2026-01-19 09:02:00,2026-01-19 10:30:00,unplanned,MEC-01,
2722,11,2026-02-24 22:49:00,2026-02-25 00:19:00,unplanned,MEC-01,1239.0
2723,14,2026-06-22 15:23:00,2026-06-22 17:06:00,unplanned,CAL-01,4636.0
2724,45,2026-06-02 22:14:00,2026-06-02 23:05:00,unplanned,MEC-02,
2725,10,2026-01-11 08:06:00,2026-01-11 08:55:00,unplanned,ELEC-01,7000.0
2726,5,2026-01-09 00:01:00,2026-01-09 01:00:00,planned,MAT-01,5369.0
2727,9,2026-03-08 10:55:00,2026-03-08 12:29:00,planned,ELEC-01,9156.0
2728,43,2026-05-13 07:57:00,2026-05-13 08:08:00,planned,MEC-02,5885.0
2729,17,2026-05-23 04:33:00,2026-05-23 06:35:00,planned,MAT-01,2607.0
2730,14,2026-04-30 21:02:00,2026-04-30 21:08:00,planned,ELEC-01,
2731,48,2026-02-09 03:49:00,2026-02-09 03:58:00,planned,MEC-02,
2732,43,2026-05-18 20:15:00,2026-05-18 21:38:00,unplanned,ELEC-01,9439.0
2733,29,2026-03-24 06:09:00,2026-03-24 08:52:00,planned,ELEC-01,5535.0
2734,44,2026-06-19 09:23:00,2026-06-19 09:31:00,planned,MEC-01,5816.0
2735,16,2026-02-11 12:43:00,2026-02-11 13:16:00,unplanned,MAT-01,4683.0
2736,18,2026-04-20 07:35:00,2026-04-20 09:04:00,unplanned,MEC-02,
2737,4,2026-03-10 23:04:00,2026-03-10 23:47:00,unplanned,MEC-02,2932.0
2738,39,2026-03-04 19:51:00,2026-03-04 22:42:00,unplanned,CAL-01,1406.0
2739,4,2026-04-07 22:26:00,2026-04-07 22:57:00,planned,MEC-01,7151.0
2740,15,2026-03-22 10:03:00,2026-03-22 12:22:00,unplanned,MEC-01,1038.0
2741,32,2026-03-24 18:27:00,2026-03-24 21:16:00,unplanned,MEC-01,1075.0
2742,15,2026-05-04 07:16:00,2026-05-04 09:16:00,unplanned,ELEC-01,8165.0
2743,2,2026-01-23 23:41:00,2026-01-24 02:08:00,unplanned,ELEC-01,
2744,37,2026-05-19 23:08:00,2026-05-20 00:52:00,planned,ELEC-01,
2745,7,2026-01-01 21:27:00,2026-01-01 22:06:00,planned,MEC-02,
2746,21,2026-04-27 03:14:00,2026-04-27 04:16:00,planned,ELEC-01,9056.0
2747,34,2026-02-02 22:07:00,2026-02-03 00:36:00,planned,MEC-01,1519.0
2748,46,2026-04-18 09:37:00,2026-04-18 11:27:00,planned,MEC-01,7425.0
2749,50,2026-04-21 11:48:00,2026-04-21 14:30:00,unplanned,MEC-02,
2750,6,2026-03-05 19:35:00,2026-03-05 20:51:00,unplanned,ELEC-01,
2751,36,2026-04-25 18:31:00,2026-04-25 20:50:00,planned,MEC-01,3.0
2752,24,2026-04-24 14:56:00,2026-04-24 16:21:00,planned,MAT-01,1236.0
2753,9,2026-06-11 05:36:00,2026-06-11 06:22:00,planned,MAT-01,2981.0
2754,48,2026-06-16 09:30:00,2026-06-16 10:03:00,unplanned,CAL-01,
2755,12,2026-03-14 23:31:00,2026-03-14 23:58:00,unplanned,MEC-02,6441.0
2756,24,2026-03-26 20:57:00,2026-03-26 21:42:00,planned,MEC-02,
2757,31,2026-06-14 06:34:00,2026-06-14 06:53:00,unplanned,ELEC-01,307.0
2758,44,2026-04-12 01:50:00,2026-04-12 04:33:00,planned,MAT-01,3118.0
2759,15,2026-02-12 15:59:00,2026-02-12 16:07:00,unplanned,MEC-02,
2760,15,2026-02-19 21:14:00,2026-02-19 22:05:00,unplanned,ELEC-01,1686.0
2761,48,2026-05-05 08:09:00,2026-05-05 09:09:00,unplanned,ELEC-01,
2762,41,2026-05-06 17:26:00,2026-05-06 17:37:00,unplanned,CAL-01,
2763,43,2026-05-14 13:22:00,2026-05-14 15:44:00,planned,MEC-01,4378.0
2764,48,2026-06-17 18:29:00,2026-06-17 19:46:00,planned,CAL-01,432.0
2765,27,2026-06-01 07:11:00,2026-06-01 09:36:00,planned,MEC-02,8596.0
2766,9,2026-06-18 11:34:00,2026-06-18 14:09:00,planned,MEC-02,
2767,32,2026-02-28 02:39:00,2026-02-28 05:38:00,planned,MEC-02,
2768,21,2026-06-02 14:56:00,2026-06-02 16:25:00,unplanned,MEC-01,7392.0
2769,1,2026-05-08 16:28:00,2026-05-08 17:13:00,planned,MAT-01,
2770,7,2026-03-21 03:48:00,2026-03-21 05:07:00,unplanned,MAT-01,
2771,17,2026-06-16 14:18:00,2026-06-16 14:41:00,planned,MAT-01,8989.0
2772,22,2026-04-25 07:38:00,2026-04-25 07:45:00,planned,MAT-01,1769.0
2773,17,2026-02-27 05:57:00,2026-02-27 08:16:00,planned,MEC-01,
2774,7,2026-06-01 19:38:00,2026-06-01 19:46:00,planned,MEC-01,9142.0
2775,44,2026-01-16 10:21:00,2026-01-16 10:54:00,unplanned,CAL-01,8019.0
2776,48,2026-04-24 09:53:00,2026-04-24 11:17:00,unplanned,ELEC-01,
2777,37,2026-04-02 12:31:00,2026-04-02 15:30:00,unplanned,MAT-01,7907.0
2778,29,2026-06-21 07:14:00,2026-06-21 10:06:00,planned,MAT-01,2395.0
2779,46,2026-05-04 16:33:00,2026-05-04 17:36:00,unplanned,CAL-01,5572.0
2780,18,2026-01-12 13:44:00,2026-01-12 16:17:00,unplanned,MEC-02,1414.0
2781,13,2026-01-08 04:38:00,2026-01-08 04:47:00,unplanned,MAT-01,2836.0
2782,11,2026-03-27 18:13:00,2026-03-27 18:34:00,unplanned,ELEC-01,
2783,45,2026-01-22 07:54:00,2026-01-22 09:09:00,unplanned,ELEC-01,5791.0
2784,7,2026-05-01 17:11:00,2026-05-01 18:51:00,unplanned,MEC-01,8808.0
2785,49,2026-04-07 19:19:00,2026-04-07 21:54:00,unplanned,ELEC-01,
2786,5,2026-02-04 02:53:00,2026-02-04 05:40:00,planned,CAL-01,
2787,7,2026-01-29 07:39:00,2026-01-29 08:41:00,unplanned,MAT-01,1163.0
2788,42,2026-02-01 01:30:00,2026-02-01 03:39:00,unplanned,ELEC-01,1427.0
2789,25,2026-03-31 02:49:00,2026-03-31 04:57:00,unplanned,MEC-02,
2790,44,2026-02-25 16:52:00,2026-02-25 17:23:00,planned,CAL-01,
2791,7,2026-05-16 02:43:00,2026-05-16 04:37:00,unplanned,MEC-02,9836.0
2792,5,2026-03-28 05:02:00,2026-03-28 07:06:00,unplanned,ELEC-01,1378.0
2793,46,2026-04-21 02:26:00,2026-04-21 04:49:00,unplanned,MEC-01,
2794,37,2026-01-23 23:22:00,2026-01-24 00:49:00,unplanned,MEC-02,4402.0
2795,32,2026-06-18 09:13:00,2026-06-18 09:31:00,planned,MEC-02,4882.0
2796,48,2026-04-09 09:26:00,2026-04-09 10:38:00,unplanned,CAL-01,4653.0
2797,35,2026-05-08 09:29:00,2026-05-08 11:54:00,planned,MEC-02,935.0
2798,24,2026-06-28 21:30:00,2026-06-28 23:55:00,planned,MAT-01,1304.0
2799,9,2026-01-04 06:35:00,2026-01-04 07:43:00,planned,MEC-02,
2800,26,2026-01-21 06:51:00,2026-01-21 07:53:00,unplanned,MEC-02,5057.0
2801,36,2026-06-06 11:13:00,2026-06-06 11:26:00,planned,CAL-01,
2802,46,2026-02-08 10:42:00,2026-02-08 11:09:00,unplanned,MEC-02,
2803,41,2026-02-19 01:23:00,2026-02-19 02:56:00,planned,CAL-01,6868.0
2804,9,2026-01-19 15:46:00,2026-01-19 17:14:00,planned,CAL-01,174.0
2805,2,2026-03-16 12:43:00,2026-03-16 15:05:00,unplanned,MEC-02,4242.0
2806,3,2026-03-19 06:49:00,2026-03-19 09:47:00,planned,MAT-01,
2807,47,2026-03-06 06:25:00,2026-03-06 08:35:00,unplanned,MAT-01,7000.0
2808,23,2026-06-16 10:34:00,2026-06-16 10:45:00,planned,CAL-01,
2809,5,2026-02-15 12:58:00,2026-02-15 14:40:00,unplanned,ELEC-01,2903.0
2810,17,2026-02-15 04:18:00,2026-02-15 04:51:00,unplanned,CAL-01,3249.0
2811,35,2026-04-03 09:44:00,2026-04-03 12:11:00,unplanned,CAL-01,4398.0
2812,29,2026-04-20 14:06:00,2026-04-20 16:15:00,unplanned,MAT-01,9452.0
2813,42,2026-04-28 05:47:00,2026-04-28 06:28:00,unplanned,ELEC-01,9774.0
2814,21,2026-04-23 05:39:00,2026-04-23 07:13:00,planned,MEC-02,9963.0
2815,46,2026-06-09 10:12:00,2026-06-09 12:48:00,unplanned,MEC-02,
2816,34,2026-03-08 22:43:00,2026-03-09 00:35:00,planned,CAL-01,1120.0
2817,11,2026-05-30 17:05:00,2026-05-30 20:04:00,planned,CAL-01,3955.0
2818,27,2026-01-26 09:48:00,2026-01-26 11:30:00,unplanned,MEC-02,
2819,48,2026-05-13 23:36:00,2026-05-14 01:48:00,planned,MAT-01,2638.0
2820,21,2026-05-31 17:44:00,2026-05-31 20:00:00,unplanned,MEC-02,6588.0
2821,27,2026-04-18 02:36:00,2026-04-18 03:40:00,unplanned,MAT-01,7254.0
2822,22,2026-02-25 14:17:00,2026-02-25 14:27:00,unplanned,ELEC-01,
2823,43,2026-06-06 04:00:00,2026-06-06 04:31:00,unplanned,MEC-01,8952.0
2824,16,2026-01-11 08:20:00,2026-01-11 09:45:00,planned,ELEC-01,2259.0
2825,6,2026-01-26 19:00:00,2026-01-26 21:41:00,planned,MAT-01,
2826,43,2026-04-06 18:42:00,2026-04-06 21:05:00,planned,CAL-01,6733.0
2827,19,2026-04-12 19:24:00,2026-04-12 20:23:00,unplanned,CAL-01,1056.0
2828,30,2026-04-24 22:43:00,2026-04-24 22:51:00,unplanned,CAL-01,8806.0
2829,38,2026-05-08 01:06:00,2026-05-08 02:36:00,unplanned,CAL-01,
2830,37,2026-02-03 00:01:00,2026-02-03 02:13:00,planned,CAL-01,5234.0
2831,45,2026-01-20 14:00:00,2026-01-20 15:11:00,planned,MEC-02,1819.0
2832,49,2026-03-17 18:37:00,2026-03-17 19:03:00,planned,ELEC-01,
2833,27,2026-02-11 08:06:00,2026-02-11 09:18:00,planned,MAT-01,9613.0
2834,11,2026-05-20 10:11:00,2026-05-20 11:11:00,unplanned,MEC-02,
2835,34,2026-03-06 14:43:00,2026-03-06 15:11:00,unplanned,MAT-01,8305.0
2836,24,2026-06-17 04:45:00,2026-06-17 05:17:00,unplanned,MEC-02,1603.0
2837,10,2026-02-24 14:27:00,2026-02-24 15:21:00,unplanned,MAT-01,2286.0
2838,7,2026-01-17 14:01:00,2026-01-17 16:53:00,planned,CAL-01,7116.0
2839,12,2026-04-11 15:42:00,2026-04-11 16:00:00,unplanned,MEC-02,
2840,8,2026-05-09 16:12:00,2026-05-09 18:47:00,planned,CAL-01,5325.0
2841,18,2026-03-24 17:49:00,2026-03-24 20:41:00,planned,CAL-01,5511.0
2842,24,2026-02-14 16:02:00,2026-02-14 18:44:00,planned,CAL-01,9240.0
2843,16,2026-05-01 01:48:00,2026-05-01 03:26:00,unplanned,ELEC-01,8868.0
2844,44,2026-05-06 06:47:00,2026-05-06 08:35:00,unplanned,MEC-01,
2845,10,2026-05-16 09:51:00,2026-05-16 11:10:00,planned,MEC-02,189.0
2846,25,2026-04-05 22:48:00,2026-04-06 01:14:00,planned,MEC-01,9561.0
2847,38,2026-03-18 05:06:00,2026-03-18 05:52:00,unplanned,ELEC-01,
2848,35,2026-03-28 08:51:00,2026-03-28 09:38:00,planned,MAT-01,3788.0
2849,44,2026-03-30 20:20:00,2026-03-30 23:09:00,unplanned,MEC-01,
2850,2,2026-02-25 18:06:00,2026-02-25 21:03:00,unplanned,MEC-02,
2851,25,2026-02-22 16:53:00,2026-02-22 19:50:00,planned,MAT-01,4633.0
2852,40,2026-05-08 05:15:00,2026-05-08 07:08:00,unplanned,ELEC-01,4395.0
2853,45,2026-03-30 01:52:00,2026-03-30 03:24:00,planned,ELEC-01,
2854,29,2026-02-03 17:29:00,2026-02-03 18:26:00,unplanned,ELEC-01,2048.0
2855,37,2026-06-06 23:13:00,2026-06-07 01:01:00,planned,MEC-02,
2856,15,2026-01-04 13:36:00,2026-01-04 14:24:00,unplanned,CAL-01,5107.0
2857,47,2026-01-23 08:24:00,2026-01-23 11:23:00,unplanned,CAL-01,1181.0
2858,41,2026-04-07 11:38:00,2026-04-07 12:21:00,unplanned,MEC-02,5195.0
2859,50,2026-01-04 17:19:00,2026-01-04 19:42:00,unplanned,CAL-01,
2860,48,2026-04-01 22:18:00,2026-04-02 00:26:00,planned,MAT-01,8585.0
2861,41,2026-01-15 14:29:00,2026-01-15 16:46:00,unplanned,MEC-02,9461.0
2862,33,2026-05-22 18:19:00,2026-05-22 20:56:00,planned,MEC-02,6066.0
2863,22,2026-01-07 13:47:00,2026-01-07 15:35:00,unplanned,ELEC-01,6626.0
2864,41,2026-01-28 09:24:00,2026-01-28 11:36:00,planned,MEC-01,
2865,26,2026-01-18 19:32:00,2026-01-18 21:36:00,unplanned,MEC-02,
2866,25,2026-06-03 00:16:00,2026-06-03 02:48:00,planned,CAL-01,7885.0
2867,26,2026-05-19 16:51:00,2026-05-19 17:07:00,unplanned,MAT-01,1816.0
2868,43,2026-03-01 22:27:00,2026-03-02 01:19:00,planned,ELEC-01,3685.0
2869,15,2026-01-22 00:51:00,2026-01-22 03:42:00,planned,ELEC-01,5962.0
2870,37,2026-04-13 22:28:00,2026-04-14 00:11:00,unplanned,MAT-01,4648.0
2871,19,2026-03-09 05:28:00,2026-03-09 05:52:00,unplanned,MAT-01,
2872,2,2026-01-21 19:33:00,2026-01-21 21:22:00,unplanned,ELEC-01,5096.0
2873,20,2026-01-05 15:16:00,2026-01-05 17:47:00,planned,CAL-01,4716.0
2874,31,2026-01-25 14:35:00,2026-01-25 16:56:00,planned,ELEC-01,
2875,4,2026-02-21 17:57:00,2026-02-21 19:04:00,planned,ELEC-01,
2876,47,2026-03-23 06:39:00,2026-03-23 08:48:00,unplanned,MEC-02,2022.0
2877,45,2026-04-23 08:31:00,2026-04-23 08:48:00,unplanned,MEC-01,5401.0
2878,41,2026-04-03 14:42:00,2026-04-03 16:51:00,unplanned,ELEC-01,4504.0
2879,20,2026-05-21 18:09:00,2026-05-21 18:56:00,planned,CAL-01,6850.0
2880,19,2026-02-18 06:19:00,2026-02-18 09:14:00,unplanned,ELEC-01,4023.0
2881,33,2026-03-25 07:52:00,2026-03-25 08:46:00,planned,ELEC-01,4598.0
2882,42,2026-01-15 00:35:00,2026-01-15 03:13:00,planned,MEC-02,
2883,9,2026-04-01 00:34:00,2026-04-01 02:34:00,planned,MEC-01,
2884,35,2026-03-06 00:04:00,2026-03-06 01:34:00,unplanned,CAL-01,4597.0
2885,44,2026-04-30 04:15:00,2026-04-30 05:08:00,planned,MEC-02,1462.0
2886,36,2026-01-10 15:05:00,2026-01-10 16:18:00,unplanned,ELEC-01,
2887,3,2026-01-07 16:20:00,2026-01-07 17:46:00,planned,MEC-01,5062.0
2888,5,2026-06-16 06:14:00,2026-06-16 07:48:00,planned,CAL-01,7689.0
2889,29,2026-04-13 02:39:00,2026-04-13 05:15:00,unplanned,ELEC-01,4391.0
2890,19,2026-03-19 19:05:00,2026-03-19 20:57:00,unplanned,ELEC-01,4186.0
2891,49,2026-03-23 14:01:00,2026-03-23 15:16:00,planned,ELEC-01,2298.0
2892,16,2026-01-31 13:00:00,2026-01-31 14:46:00,planned,MAT-01,
2893,1,2026-02-28 20:43:00,2026-02-28 22:56:00,unplanned,MEC-01,4488.0
2894,18,2026-01-19 23:39:00,2026-01-19 23:46:00,planned,CAL-01,
2895,18,2026-05-26 04:52:00,2026-05-26 07:16:00,unplanned,CAL-01,7889.0
2896,24,2026-02-10 13:05:00,2026-02-10 13:22:00,unplanned,MAT-01,639.0
2897,10,2026-04-10 00:47:00,2026-04-10 01:18:00,unplanned,MEC-01,
2898,9,2026-06-02 14:54:00,2026-06-02 15:45:00,planned,MAT-01,2647.0
2899,48,2026-01-08 16:06:00,2026-01-08 17:27:00,planned,MEC-02,3365.0
2900,30,2026-02-07 17:09:00,2026-02-07 19:35:00,unplanned,ELEC-01,
2901,40,2026-01-09 19:24:00,2026-01-09 21:46:00,unplanned,CAL-01,
2902,50,2026-02-13 20:36:00,2026-02-13 21:15:00,unplanned,CAL-01,4028.0
2903,3,2026-02-05 16:23:00,2026-02-05 17:52:00,unplanned,MAT-01,7869.0
2904,28,2026-04-09 06:11:00,2026-04-09 07:47:00,unplanned,MEC-01,7986.0
2905,40,2026-03-09 20:43:00,2026-03-09 21:48:00,planned,MAT-01,9968.0
2906,34,2026-01-15 08:26:00,2026-01-15 10:50:00,planned,ELEC-01,6720.0
2907,30,2026-04-14 07:39:00,2026-04-14 08:11:00,planned,MAT-01,9722.0
2908,42,2026-03-16 11:38:00,2026-03-16 12:31:00,unplanned,CAL-01,8432.0
2909,6,2026-05-13 23:26:00,2026-05-14 00:22:00,planned,ELEC-01,2965.0
2910,36,2026-04-01 12:41:00,2026-04-01 14:29:00,planned,MEC-01,
2911,42,2026-03-30 09:30:00,2026-03-30 11:41:00,planned,MEC-02,3753.0
2912,49,2026-02-26 03:08:00,2026-02-26 05:49:00,planned,CAL-01,
2913,48,2026-05-14 00:44:00,2026-05-14 02:32:00,planned,ELEC-01,3575.0
2914,37,2026-06-15 23:47:00,2026-06-16 01:04:00,planned,ELEC-01,559.0
2915,41,2026-05-29 16:58:00,2026-05-29 19:22:00,planned,ELEC-01,500.0
2916,35,2026-03-05 23:52:00,2026-03-06 00:17:00,unplanned,MAT-01,
2917,29,2026-03-24 22:23:00,2026-03-24 23:35:00,planned,CAL-01,3688.0
2918,27,2026-04-02 19:38:00,2026-04-02 20:48:00,unplanned,ELEC-01,5447.0
2919,9,2026-05-04 17:18:00,2026-05-04 20:16:00,unplanned,MAT-01,6391.0
2920,27,2026-04-14 18:56:00,2026-04-14 19:51:00,planned,MEC-01,8187.0
2921,44,2026-01-29 12:25:00,2026-01-29 14:20:00,unplanned,MEC-02,8794.0
2922,26,2026-01-13 11:25:00,2026-01-13 14:24:00,unplanned,CAL-01,1507.0
2923,42,2026-03-02 00:11:00,2026-03-02 01:32:00,unplanned,CAL-01,8189.0
2924,36,2026-01-13 20:44:00,2026-01-13 23:38:00,unplanned,CAL-01,
2925,25,2026-03-11 02:56:00,2026-03-11 04:55:00,planned,CAL-01,3132.0
2926,48,2026-05-09 15:31:00,2026-05-09 15:37:00,planned,ELEC-01,5806.0
2927,19,2026-06-08 05:27:00,2026-06-08 07:25:00,planned,MEC-02,2599.0
2928,11,2026-06-19 10:25:00,2026-06-19 11:44:00,planned,MAT-01,9961.0
2929,32,2026-02-16 02:39:00,2026-02-16 02:51:00,planned,MEC-01,1899.0
2930,25,2026-05-04 18:02:00,2026-05-04 18:13:00,planned,MEC-01,
2931,43,2026-04-26 10:32:00,2026-04-26 10:59:00,planned,ELEC-01,
2932,14,2026-02-04 14:04:00,2026-02-04 17:01:00,planned,MAT-01,
2933,13,2026-02-27 23:11:00,2026-02-28 00:12:00,unplanned,ELEC-01,
2934,3,2026-03-09 00:24:00,2026-03-09 00:42:00,planned,MEC-02,1990.0
2935,19,2026-03-25 05:00:00,2026-03-25 07:29:00,unplanned,MEC-02,7966.0
2936,47,2026-01-20 19:04:00,2026-01-20 21:30:00,planned,MEC-02,4733.0
2937,5,2026-01-17 01:34:00,2026-01-17 02:24:00,planned,MEC-01,4262.0
2938,15,2026-04-28 17:05:00,2026-04-28 17:55:00,unplanned,ELEC-01,4725.0
2939,10,2026-06-08 06:28:00,2026-06-08 07:02:00,planned,MEC-01,
2940,49,2026-03-17 20:14:00,2026-03-17 20:40:00,unplanned,ELEC-01,2819.0
2941,5,2026-05-05 05:49:00,2026-05-05 06:57:00,unplanned,MAT-01,7593.0
2942,26,2026-05-02 14:40:00,2026-05-02 17:34:00,unplanned,MEC-01,2381.0
2943,7,2026-03-26 04:53:00,2026-03-26 05:05:00,planned,MEC-02,
2944,39,2026-06-26 07:18:00,2026-06-26 08:46:00,planned,ELEC-01,3578.0
2945,40,2026-05-04 02:51:00,2026-05-04 04:12:00,unplanned,MEC-02,8457.0
2946,27,2026-03-08 07:42:00,2026-03-08 09:08:00,unplanned,MAT-01,2483.0
2947,21,2026-01-15 14:22:00,2026-01-15 14:52:00,unplanned,MEC-02,
2948,49,2026-06-21 22:39:00,2026-06-21 23:23:00,planned,MAT-01,5639.0
2949,7,2026-05-07 01:09:00,2026-05-07 02:33:00,unplanned,CAL-01,
2950,8,2026-01-20 12:18:00,2026-01-20 12:44:00,unplanned,MEC-02,2022.0
2951,24,2026-04-01 16:58:00,2026-04-01 17:18:00,planned,MEC-02,
2952,3,2026-02-16 23:18:00,2026-02-17 01:31:00,unplanned,MEC-02,
2953,6,2026-06-29 16:25:00,2026-06-29 18:49:00,planned,MAT-01,8346.0
2954,4,2026-01-14 08:11:00,2026-01-14 10:02:00,unplanned,MEC-01,4519.0
2955,12,2026-03-03 15:25:00,2026-03-03 18:13:00,unplanned,MEC-02,9307.0
2956,4,2026-05-04 15:07:00,2026-05-04 16:13:00,planned,MEC-01,2328.0
2957,43,2026-05-22 16:23:00,2026-05-22 18:08:00,unplanned,MAT-01,
2958,43,2026-06-28 17:57:00,2026-06-28 20:37:00,unplanned,MAT-01,3981.0
2959,17,2026-05-26 02:29:00,2026-05-26 05:18:00,planned,CAL-01,4131.0
2960,13,2026-06-06 10:16:00,2026-06-06 12:34:00,planned,CAL-01,1636.0
2961,36,2026-02-18 15:25:00,2026-02-18 18:12:00,planned,MEC-02,
2962,10,2026-03-08 21:50:00,2026-03-08 22:50:00,unplanned,ELEC-01,3107.0
2963,2,2026-03-19 00:23:00,2026-03-19 02:24:00,unplanned,ELEC-01,707.0
2964,13,2026-05-19 20:39:00,2026-05-19 22:09:00,unplanned,MEC-02,7658.0
2965,46,2026-06-12 14:00:00,2026-06-12 16:59:00,planned,MEC-01,
2966,43,2026-02-16 10:51:00,2026-02-16 12:05:00,unplanned,MEC-02,1078.0
2967,35,2026-06-07 10:07:00,2026-06-07 11:29:00,unplanned,MEC-02,3659.0
2968,15,2026-05-09 01:58:00,2026-05-09 02:30:00,unplanned,MEC-01,8731.0
2969,33,2026-02-05 06:49:00,2026-02-05 07:48:00,unplanned,MAT-01,
2970,27,2026-04-08 23:17:00,2026-04-09 02:14:00,unplanned,MEC-01,3965.0
2971,16,2026-03-21 22:43:00,2026-03-21 23:12:00,planned,MEC-01,4816.0
2972,47,2026-04-21 04:23:00,2026-04-21 04:32:00,unplanned,MEC-02,
2973,37,2026-03-23 15:22:00,2026-03-23 16:21:00,unplanned,MEC-01,
2974,31,2026-06-06 14:13:00,2026-06-06 16:44:00,planned,CAL-01,2289.0
2975,4,2026-04-30 02:23:00,2026-04-30 04:57:00,planned,MEC-01,7382.0
2976,31,2026-01-31 03:54:00,2026-01-31 05:37:00,planned,MAT-01,
2977,10,2026-04-24 16:45:00,2026-04-24 17:44:00,unplanned,CAL-01,8061.0
2978,2,2026-06-05 18:22:00,2026-06-05 19:53:00,planned,MEC-02,
2979,23,2026-02-02 05:06:00,2026-02-02 05:54:00,planned,MEC-02,
2980,31,2026-04-05 11:10:00,2026-04-05 14:07:00,planned,CAL-01,9370.0
2981,15,2026-02-09 15:08:00,2026-02-09 17:19:00,planned,CAL-01,2655.0
2982,20,2026-05-08 15:38:00,2026-05-08 18:17:00,unplanned,CAL-01,
2983,41,2026-05-07 09:29:00,2026-05-07 09:44:00,planned,MEC-02,5117.0
2984,33,2026-06-04 14:17:00,2026-06-04 15:29:00,unplanned,MAT-01,3848.0
2985,19,2026-04-04 18:28:00,2026-04-04 20:04:00,unplanned,MEC-01,9136.0
2986,23,2026-05-17 12:26:00,2026-05-17 14:31:00,unplanned,MEC-01,8608.0
2987,20,2026-03-05 20:55:00,2026-03-05 21:51:00,planned,MAT-01,6199.0
2988,24,2026-02-02 19:46:00,2026-02-02 21:33:00,unplanned,CAL-01,6795.0
2989,40,2026-05-18 09:39:00,2026-05-18 12:02:00,planned,MAT-01,2826.0
2990,10,2026-02-22 18:37:00,2026-02-22 19:49:00,unplanned,MEC-01,
2991,1,2026-02-14 08:04:00,2026-02-14 09:11:00,planned,CAL-01,3994.0
2992,15,2026-06-11 02:57:00,2026-06-11 03:25:00,unplanned,ELEC-01,1386.0
2993,43,2026-05-18 22:17:00,2026-05-18 22:36:00,unplanned,MEC-01,1444.0
2994,22,2026-04-10 20:52:00,2026-04-10 23:18:00,unplanned,CAL-01,3844.0
2995,27,2026-04-14 16:16:00,2026-04-14 18:55:00,planned,MEC-01,3645.0
2996,33,2026-01-13 11:21:00,2026-01-13 12:25:00,unplanned,MAT-01,3168.0
2997,5,2026-04-06 14:55:00,2026-04-06 16:14:00,unplanned,CAL-01,8672.0
2998,30,2026-04-03 17:31:00,2026-04-03 17:37:00,planned,MEC-01,
2999,35,2026-03-25 03:15:00,2026-03-25 04:23:00,unplanned,MEC-01,8937.0
3000,17,2026-03-09 19:56:00,2026-03-09 21:20:00,unplanned,ELEC-01,
3001,21,2026-04-06 00:42:00,2026-04-06 02:42:00,unplanned,MAT-01,1554.0
3002,19,2026-03-14 05:55:00,2026-03-14 07:32:00,unplanned,MAT-01,9808.0
3003,30,2026-06-09 13:03:00,2026-06-09 13:40:00,planned,MEC-01,3879.0
3004,18,2026-01-26 14:28:00,2026-01-26 15:57:00,planned,ELEC-01,
3005,1,2026-02-01 23:39:00,2026-02-02 02:04:00,planned,CAL-01,5295.0
3006,8,2026-05-01 22:31:00,2026-05-01 23:36:00,unplanned,MEC-01,
3007,50,2026-03-11 04:49:00,2026-03-11 04:57:00,unplanned,CAL-01,
3008,15,2026-03-22 01:09:00,2026-03-22 03:25:00,unplanned,CAL-01,
3009,25,2026-05-15 09:02:00,2026-05-15 09:41:00,planned,MEC-02,8869.0
3010,43,2026-02-07 09:36:00,2026-02-07 09:57:00,unplanned,MEC-01,1564.0
3011,8,2026-03-09 16:55:00,2026-03-09 17:51:00,planned,MEC-02,6635.0
3012,17,2026-01-10 14:34:00,2026-01-10 14:46:00,planned,ELEC-01,3497.0
3013,12,2026-02-05 06:21:00,2026-02-05 09:13:00,planned,CAL-01,5719.0
3014,1,2026-03-23 19:02:00,2026-03-23 20:36:00,planned,MAT-01,6536.0
3015,18,2026-03-07 07:04:00,2026-03-07 08:24:00,planned,MEC-02,
3016,7,2026-05-09 19:22:00,2026-05-09 19:50:00,unplanned,MEC-02,2417.0
3017,48,2026-02-08 20:48:00,2026-02-08 20:55:00,planned,MEC-01,4490.0
3018,48,2026-05-05 04:02:00,2026-05-05 06:51:00,planned,MAT-01,3907.0
3019,20,2026-06-22 14:59:00,2026-06-22 17:47:00,unplanned,MEC-01,9434.0
3020,37,2026-01-23 02:11:00,2026-01-23 04:34:00,unplanned,MEC-01,3204.0
3021,10,2026-05-15 03:13:00,2026-05-15 04:32:00,planned,MEC-02,6603.0
3022,31,2026-03-30 06:35:00,2026-03-30 08:27:00,planned,MEC-02,5567.0
3023,14,2026-01-05 01:37:00,2026-01-05 02:59:00,unplanned,MEC-01,
3024,44,2026-02-14 22:53:00,2026-02-15 01:09:00,planned,MEC-02,450.0
3025,10,2026-03-15 01:28:00,2026-03-15 01:59:00,unplanned,ELEC-01,
3026,28,2026-06-17 23:01:00,2026-06-18 01:13:00,planned,MEC-01,5535.0
3027,39,2026-05-21 08:13:00,2026-05-21 10:12:00,unplanned,ELEC-01,6510.0
3028,17,2026-04-27 23:28:00,2026-04-28 00:47:00,planned,MEC-01,961.0
3029,27,2026-05-10 12:20:00,2026-05-10 13:53:00,unplanned,ELEC-01,3446.0
3030,37,2026-05-01 14:07:00,2026-05-01 15:08:00,unplanned,MEC-02,7154.0
3031,27,2026-06-24 19:31:00,2026-06-24 20:06:00,planned,CAL-01,
3032,4,2026-06-04 22:40:00,2026-06-04 23:53:00,unplanned,CAL-01,
3033,39,2026-03-22 21:41:00,2026-03-22 21:48:00,planned,MEC-01,3847.0
3034,34,2026-02-13 00:22:00,2026-02-13 00:27:00,planned,MEC-01,3098.0
3035,23,2026-05-31 10:54:00,2026-05-31 12:34:00,unplanned,MEC-02,2598.0
3036,24,2026-03-26 15:04:00,2026-03-26 16:42:00,planned,CAL-01,9720.0
3037,15,2026-02-18 21:01:00,2026-02-18 21:49:00,planned,ELEC-01,7330.0
3038,32,2026-02-28 02:50:00,2026-02-28 03:21:00,unplanned,MEC-01,3254.0
3039,41,2026-04-02 11:07:00,2026-04-02 12:23:00,planned,MEC-02,3384.0
3040,39,2026-05-06 13:52:00,2026-05-06 16:25:00,planned,MEC-01,5044.0
3041,43,2026-06-22 16:57:00,2026-06-22 18:10:00,planned,MEC-01,7315.0
3042,42,2026-03-11 01:42:00,2026-03-11 01:47:00,planned,CAL-01,
3043,39,2026-03-27 13:44:00,2026-03-27 15:10:00,planned,ELEC-01,6858.0
3044,39,2026-03-01 11:53:00,2026-03-01 14:27:00,unplanned,CAL-01,7566.0
3045,8,2026-03-11 19:57:00,2026-03-11 20:36:00,unplanned,MAT-01,7185.0
3046,3,2026-02-17 02:20:00,2026-02-17 02:43:00,unplanned,ELEC-01,6402.0
3047,17,2026-05-25 12:07:00,2026-05-25 12:26:00,planned,MEC-02,3964.0
3048,47,2026-01-04 09:48:00,2026-01-04 11:31:00,unplanned,MAT-01,9581.0
3049,30,2026-02-09 02:19:00,2026-02-09 05:19:00,unplanned,MEC-02,
3050,7,2026-06-19 09:58:00,2026-06-19 11:15:00,unplanned,MEC-02,
3051,40,2026-05-30 01:17:00,2026-05-30 02:40:00,unplanned,ELEC-01,
3052,30,2026-02-23 03:21:00,2026-02-23 04:54:00,unplanned,ELEC-01,8678.0
3053,41,2026-03-02 14:24:00,2026-03-02 16:01:00,planned,MAT-01,
3054,10,2026-05-09 01:03:00,2026-05-09 03:34:00,planned,MEC-01,2704.0
3055,14,2026-06-27 14:11:00,2026-06-27 14:32:00,unplanned,CAL-01,8922.0
3056,37,2026-03-20 16:22:00,2026-03-20 18:21:00,unplanned,MEC-02,
3057,4,2026-01-04 06:01:00,2026-01-04 08:20:00,unplanned,CAL-01,7839.0
3058,5,2026-03-10 08:51:00,2026-03-10 09:36:00,planned,CAL-01,8847.0
3059,5,2026-01-11 12:29:00,2026-01-11 13:18:00,unplanned,CAL-01,
3060,17,2026-04-17 18:44:00,2026-04-17 21:13:00,planned,MAT-01,
3061,36,2026-05-14 15:05:00,2026-05-14 16:45:00,planned,ELEC-01,
3062,36,2026-01-22 13:33:00,2026-01-22 13:49:00,planned,ELEC-01,6795.0
3063,15,2026-03-21 15:45:00,2026-03-21 15:56:00,planned,MEC-01,7447.0
3064,25,2026-01-20 20:17:00,2026-01-20 21:40:00,planned,MEC-01,3400.0
3065,19,2026-03-17 12:30:00,2026-03-17 14:53:00,unplanned,MEC-01,
3066,40,2026-05-28 14:52:00,2026-05-28 16:00:00,planned,MAT-01,
3067,47,2026-05-14 08:50:00,2026-05-14 08:57:00,planned,MAT-01,3647.0
3068,4,2026-01-08 18:58:00,2026-01-08 20:58:00,unplanned,MAT-01,3572.0
3069,5,2026-05-14 10:56:00,2026-05-14 13:00:00,planned,CAL-01,9581.0
3070,36,2026-06-05 00:16:00,2026-06-05 02:30:00,unplanned,MAT-01,
3071,47,2026-06-07 19:52:00,2026-06-07 22:36:00,planned,CAL-01,2410.0
3072,3,2026-03-22 16:16:00,2026-03-22 17:47:00,planned,MEC-01,4554.0
3073,42,2026-01-29 16:19:00,2026-01-29 16:57:00,planned,ELEC-01,
3074,34,2026-05-20 18:47:00,2026-05-20 20:01:00,unplanned,MEC-02,
3075,26,2026-01-23 10:53:00,2026-01-23 13:49:00,planned,MEC-01,1811.0
3076,34,2026-04-11 02:01:00,2026-04-11 02:46:00,planned,MEC-01,3897.0
3077,12,2026-02-09 11:28:00,2026-02-09 13:16:00,planned,MAT-01,
3078,32,2026-03-28 14:17:00,2026-03-28 16:13:00,planned,MEC-01,3052.0
3079,21,2026-04-14 11:24:00,2026-04-14 13:36:00,planned,MEC-02,2517.0
3080,23,2026-03-23 05:28:00,2026-03-23 07:11:00,unplanned,CAL-01,
3081,16,2026-06-04 04:08:00,2026-06-04 05:06:00,planned,MAT-01,7705.0
3082,41,2026-05-09 02:41:00,2026-05-09 04:42:00,planned,MEC-01,4615.0
3083,45,2026-03-22 11:28:00,2026-03-22 14:13:00,unplanned,MAT-01,
3084,11,2026-05-01 07:42:00,2026-05-01 08:12:00,unplanned,CAL-01,7387.0
3085,50,2026-03-22 11:42:00,2026-03-22 12:40:00,planned,MEC-02,7080.0
3086,9,2026-01-16 08:53:00,2026-01-16 11:05:00,unplanned,ELEC-01,9015.0
3087,13,2026-05-02 16:53:00,2026-05-02 17:26:00,unplanned,CAL-01,
3088,44,2026-03-08 10:37:00,2026-03-08 12:39:00,planned,MEC-01,
3089,46,2026-06-28 19:23:00,2026-06-28 20:50:00,planned,MEC-01,
3090,34,2026-02-26 10:11:00,2026-02-26 12:04:00,unplanned,MEC-01,5131.0
3091,43,2026-03-05 06:21:00,2026-03-05 07:11:00,planned,MEC-01,2695.0
3092,32,2026-02-06 22:32:00,2026-02-06 23:43:00,unplanned,MEC-01,
3093,29,2026-02-05 04:30:00,2026-02-05 06:31:00,unplanned,CAL-01,9910.0
3094,11,2026-03-27 22:51:00,2026-03-28 01:10:00,unplanned,CAL-01,9223.0
3095,2,2026-03-08 01:56:00,2026-03-08 04:23:00,unplanned,MEC-02,1316.0
3096,42,2026-03-21 17:19:00,2026-03-21 18:03:00,planned,ELEC-01,4513.0
3097,47,2026-05-08 18:19:00,2026-05-08 18:42:00,unplanned,MEC-02,1572.0
3098,30,2026-02-19 22:44:00,2026-02-19 22:58:00,planned,MAT-01,8677.0
3099,28,2026-06-06 06:50:00,2026-06-06 07:47:00,unplanned,CAL-01,3617.0
3100,16,2026-06-27 12:09:00,2026-06-27 13:50:00,unplanned,MAT-01,4216.0
3101,22,2026-04-09 04:27:00,2026-04-09 07:00:00,planned,MEC-01,6725.0
3102,10,2026-04-22 08:26:00,2026-04-22 09:23:00,unplanned,ELEC-01,2227.0
3103,27,2026-01-28 16:31:00,2026-01-28 18:36:00,unplanned,MAT-01,6257.0
3104,44,2026-04-23 09:11:00,2026-04-23 11:39:00,unplanned,MAT-01,
3105,44,2026-02-14 02:11:00,2026-02-14 03:19:00,planned,MAT-01,
3106,9,2026-06-21 23:49:00,2026-06-22 00:32:00,planned,CAL-01,8005.0
3107,12,2026-01-13 06:19:00,2026-01-13 07:16:00,planned,MEC-02,
3108,5,2026-02-03 12:15:00,2026-02-03 13:07:00,planned,CAL-01,
3109,24,2026-02-11 15:01:00,2026-02-11 15:55:00,unplanned,MAT-01,4870.0
3110,32,2026-05-16 22:39:00,2026-05-17 01:22:00,unplanned,MAT-01,1897.0
3111,16,2026-01-02 05:35:00,2026-01-02 08:20:00,planned,CAL-01,7152.0
3112,3,2026-03-18 09:57:00,2026-03-18 11:45:00,unplanned,MAT-01,
3113,30,2026-06-14 13:24:00,2026-06-14 15:12:00,unplanned,MEC-02,9041.0
3114,26,2026-02-01 14:12:00,2026-02-01 17:00:00,planned,ELEC-01,9741.0
3115,40,2026-04-27 06:04:00,2026-04-27 08:22:00,unplanned,MEC-01,6479.0
3116,32,2026-05-22 10:17:00,2026-05-22 11:35:00,unplanned,MEC-02,7726.0
3117,18,2026-03-16 01:50:00,2026-03-16 02:20:00,planned,MAT-01,1237.0
3118,34,2026-05-24 17:59:00,2026-05-24 18:13:00,unplanned,MEC-01,2689.0
3119,34,2026-03-20 09:32:00,2026-03-20 11:20:00,planned,CAL-01,9016.0
3120,16,2026-03-27 15:48:00,2026-03-27 15:53:00,planned,MEC-01,539.0
3121,41,2026-01-09 08:00:00,2026-01-09 10:40:00,planned,MEC-01,8863.0
3122,24,2026-06-25 07:34:00,2026-06-25 08:39:00,planned,MAT-01,
3123,39,2026-05-27 10:48:00,2026-05-27 11:28:00,planned,MAT-01,
3124,50,2026-03-07 11:29:00,2026-03-07 13:50:00,planned,MEC-01,
3125,15,2026-06-29 05:45:00,2026-06-29 08:00:00,planned,ELEC-01,
3126,28,2026-06-18 21:58:00,2026-06-19 00:53:00,unplanned,MEC-02,9242.0
3127,10,2026-04-05 07:03:00,2026-04-05 07:56:00,planned,MEC-01,
3128,8,2026-03-09 21:14:00,2026-03-10 00:04:00,unplanned,MAT-01,2803.0
3129,24,2026-05-05 23:51:00,2026-05-06 02:39:00,unplanned,MEC-01,5337.0
3130,45,2026-06-20 09:30:00,2026-06-20 11:39:00,unplanned,MAT-01,8222.0
3131,26,2026-01-28 14:09:00,2026-01-28 16:07:00,unplanned,CAL-01,5610.0
3132,18,2026-01-01 05:37:00,2026-01-01 06:30:00,unplanned,CAL-01,680.0
3133,45,2026-06-26 11:12:00,2026-06-26 14:04:00,planned,MEC-01,3506.0
3134,13,2026-03-12 06:52:00,2026-03-12 08:03:00,unplanned,ELEC-01,4571.0
3135,32,2026-06-08 17:41:00,2026-06-08 18:52:00,planned,ELEC-01,
3136,40,2026-05-01 20:56:00,2026-05-01 23:31:00,unplanned,MAT-01,3496.0
3137,18,2026-02-25 08:43:00,2026-02-25 10:23:00,unplanned,ELEC-01,9079.0
3138,5,2026-05-04 13:22:00,2026-05-04 13:46:00,planned,MAT-01,5917.0
3139,9,2026-03-30 03:23:00,2026-03-30 04:02:00,unplanned,MEC-01,
3140,46,2026-05-30 23:12:00,2026-05-31 00:02:00,unplanned,MEC-01,6569.0
3141,2,2026-04-05 04:32:00,2026-04-05 05:07:00,planned,MAT-01,5168.0
3142,44,2026-05-16 07:08:00,2026-05-16 09:25:00,unplanned,MAT-01,3176.0
3143,31,2026-01-18 13:20:00,2026-01-18 13:48:00,planned,MAT-01,3822.0
3144,21,2026-01-08 09:48:00,2026-01-08 10:06:00,planned,ELEC-01,1713.0
3145,38,2026-04-25 18:40:00,2026-04-25 19:31:00,planned,MAT-01,
3146,2,2026-02-14 09:55:00,2026-02-14 10:42:00,planned,MEC-02,8059.0
3147,28,2026-05-18 18:13:00,2026-05-18 19:23:00,unplanned,ELEC-01,1780.0
3148,12,2026-06-29 06:59:00,2026-06-29 08:54:00,unplanned,MAT-01,1689.0
3149,20,2026-01-10 20:33:00,2026-01-10 21:33:00,unplanned,MEC-02,9644.0
3150,49,2026-03-30 02:44:00,2026-03-30 05:36:00,unplanned,ELEC-01,8520.0
3151,42,2026-05-10 03:38:00,2026-05-10 03:49:00,planned,MAT-01,8470.0
3152,19,2026-06-11 05:24:00,2026-06-11 05:37:00,unplanned,MAT-01,9531.0
3153,12,2026-01-09 18:42:00,2026-01-09 20:14:00,unplanned,CAL-01,9559.0
3154,13,2026-06-15 20:27:00,2026-06-15 23:16:00,planned,CAL-01,
3155,39,2026-04-29 19:52:00,2026-04-29 21:54:00,unplanned,ELEC-01,
3156,36,2026-04-22 18:45:00,2026-04-22 20:51:00,planned,CAL-01,
3157,46,2026-06-09 21:13:00,2026-06-09 22:40:00,planned,MEC-01,4714.0
3158,8,2026-01-29 23:03:00,2026-01-30 00:27:00,unplanned,CAL-01,9922.0
3159,31,2026-03-23 08:05:00,2026-03-23 10:29:00,unplanned,MEC-01,8521.0
3160,37,2026-06-10 23:03:00,2026-06-10 23:43:00,unplanned,ELEC-01,
3161,44,2026-06-25 10:58:00,2026-06-25 11:48:00,unplanned,ELEC-01,
3162,43,2026-02-18 04:26:00,2026-02-18 06:09:00,unplanned,MAT-01,1336.0
3163,13,2026-02-20 05:13:00,2026-02-20 05:35:00,unplanned,MEC-02,
3164,19,2026-05-12 17:56:00,2026-05-12 19:15:00,unplanned,ELEC-01,
3165,21,2026-02-15 04:48:00,2026-02-15 06:02:00,planned,MEC-02,5093.0
3166,16,2026-01-10 16:23:00,2026-01-10 17:58:00,planned,ELEC-01,9961.0
3167,8,2026-02-13 15:09:00,2026-02-13 15:16:00,planned,ELEC-01,
3168,33,2026-03-07 03:54:00,2026-03-07 05:30:00,unplanned,MEC-01,
3169,34,2026-06-10 06:13:00,2026-06-10 06:50:00,planned,MEC-01,6875.0
3170,19,2026-01-21 10:37:00,2026-01-21 12:43:00,planned,MEC-02,8685.0
3171,5,2026-03-09 07:55:00,2026-03-09 08:16:00,planned,MAT-01,1667.0
3172,21,2026-06-29 17:13:00,2026-06-29 19:25:00,planned,CAL-01,2156.0
3173,15,2026-05-27 08:45:00,2026-05-27 09:15:00,planned,ELEC-01,3067.0
3174,5,2026-04-15 05:12:00,2026-04-15 06:24:00,planned,MAT-01,9853.0
3175,13,2026-01-24 20:41:00,2026-01-24 22:34:00,unplanned,CAL-01,1454.0
3176,49,2026-03-27 21:25:00,2026-03-27 22:05:00,unplanned,MAT-01,2895.0
3177,23,2026-02-22 14:13:00,2026-02-22 16:00:00,unplanned,ELEC-01,1527.0
3178,14,2026-06-10 17:37:00,2026-06-10 18:55:00,unplanned,MEC-01,2930.0
3179,15,2026-01-15 17:52:00,2026-01-15 20:44:00,unplanned,ELEC-01,7390.0
3180,8,2026-04-14 02:19:00,2026-04-14 03:24:00,planned,MEC-01,4406.0
3181,5,2026-05-08 05:01:00,2026-05-08 07:36:00,unplanned,CAL-01,8912.0
3182,45,2026-04-09 18:29:00,2026-04-09 18:58:00,unplanned,MEC-01,
3183,32,2026-01-12 22:49:00,2026-01-12 23:18:00,unplanned,CAL-01,5232.0
3184,48,2026-04-16 13:00:00,2026-04-16 14:57:00,planned,MEC-01,3079.0
3185,46,2026-05-10 14:42:00,2026-05-10 16:17:00,planned,MEC-01,2576.0
3186,26,2026-05-18 00:00:00,2026-05-18 01:06:00,unplanned,MEC-01,3112.0
3187,31,2026-03-11 06:24:00,2026-03-11 08:17:00,planned,ELEC-01,9784.0
3188,27,2026-03-14 17:48:00,2026-03-14 19:18:00,unplanned,MEC-02,8505.0
3189,4,2026-02-04 21:05:00,2026-02-04 23:02:00,unplanned,CAL-01,5130.0
3190,45,2026-05-27 08:28:00,2026-05-27 10:25:00,unplanned,MEC-01,7521.0
3191,10,2026-01-02 23:06:00,2026-01-03 00:16:00,planned,MEC-02,9191.0
3192,35,2026-04-25 15:24:00,2026-04-25 16:34:00,unplanned,ELEC-01,7033.0
3193,17,2026-03-26 02:00:00,2026-03-26 02:52:00,planned,CAL-01,983.0
3194,38,2026-04-18 05:56:00,2026-04-18 08:02:00,unplanned,MEC-02,8795.0
3195,34,2026-05-04 10:32:00,2026-05-04 12:34:00,unplanned,CAL-01,
3196,12,2026-05-15 10:45:00,2026-05-15 11:28:00,planned,MEC-02,
3197,1,2026-03-22 10:04:00,2026-03-22 11:59:00,planned,MEC-01,236.0
3198,4,2026-06-06 14:37:00,2026-06-06 16:18:00,unplanned,ELEC-01,
3199,6,2026-05-01 07:05:00,2026-05-01 08:46:00,unplanned,MEC-01,
3200,25,2026-03-10 10:37:00,2026-03-10 12:23:00,planned,ELEC-01,9080.0
3201,38,2026-04-13 04:07:00,2026-04-13 05:20:00,planned,CAL-01,4563.0
3202,45,2026-06-03 08:39:00,2026-06-03 09:55:00,unplanned,MEC-02,
3203,41,2026-03-04 07:25:00,2026-03-04 07:30:00,planned,MAT-01,
3204,7,2026-04-06 16:37:00,2026-04-06 17:35:00,unplanned,ELEC-01,5768.0
3205,7,2026-04-08 06:43:00,2026-04-08 07:45:00,planned,CAL-01,826.0
3206,44,2026-06-17 09:13:00,2026-06-17 12:03:00,unplanned,MEC-02,662.0
3207,18,2026-06-09 23:35:00,2026-06-10 00:29:00,planned,CAL-01,
3208,33,2026-05-12 01:30:00,2026-05-12 03:57:00,unplanned,MEC-02,6241.0
3209,23,2026-06-01 17:48:00,2026-06-01 18:40:00,planned,MAT-01,
3210,42,2026-02-14 21:51:00,2026-02-15 00:09:00,planned,MAT-01,7239.0
3211,41,2026-03-04 10:39:00,2026-03-04 12:33:00,planned,ELEC-01,3624.0
3212,18,2026-04-13 03:41:00,2026-04-13 06:31:00,unplanned,CAL-01,2765.0
3213,45,2026-06-29 05:45:00,2026-06-29 06:38:00,planned,CAL-01,1723.0
3214,41,2026-05-10 22:28:00,2026-05-11 01:17:00,planned,MEC-01,
3215,17,2026-02-22 09:43:00,2026-02-22 11:33:00,planned,MEC-01,6805.0
3216,10,2026-03-06 03:57:00,2026-03-06 06:04:00,planned,MAT-01,3361.0
3217,2,2026-03-07 01:04:00,2026-03-07 03:43:00,unplanned,ELEC-01,
3218,22,2026-03-17 09:24:00,2026-03-17 09:32:00,planned,CAL-01,5190.0
3219,15,2026-05-10 19:38:00,2026-05-10 21:13:00,planned,CAL-01,2907.0
3220,1,2026-06-23 01:16:00,2026-06-23 02:36:00,unplanned,ELEC-01,
3221,19,2026-04-21 09:59:00,2026-04-21 12:03:00,unplanned,MEC-01,
3222,10,2026-05-22 00:32:00,2026-05-22 03:11:00,planned,MAT-01,593.0
3223,28,2026-06-16 08:01:00,2026-06-16 08:41:00,unplanned,MEC-01,
3224,28,2026-06-18 08:38:00,2026-06-18 08:52:00,unplanned,MAT-01,
3225,33,2026-01-30 03:07:00,2026-01-30 04:48:00,unplanned,MEC-02,2172.0
3226,29,2026-05-18 19:23:00,2026-05-18 19:33:00,planned,MAT-01,962.0
3227,26,2026-05-30 01:59:00,2026-05-30 03:31:00,planned,ELEC-01,5970.0
3228,46,2026-01-10 01:31:00,2026-01-10 01:39:00,planned,ELEC-01,9412.0
3229,33,2026-04-25 02:04:00,2026-04-25 02:58:00,unplanned,MEC-02,5449.0
3230,22,2026-03-22 04:11:00,2026-03-22 06:24:00,planned,MEC-01,
3231,10,2026-06-14 22:11:00,2026-06-14 22:26:00,unplanned,MEC-02,
3232,5,2026-04-26 23:30:00,2026-04-27 02:23:00,unplanned,ELEC-01,1465.0
3233,31,2026-02-06 20:06:00,2026-02-06 20:44:00,unplanned,MEC-02,606.0
3234,27,2026-03-05 16:58:00,2026-03-05 19:01:00,unplanned,MAT-01,2086.0
3235,38,2026-05-09 16:00:00,2026-05-09 17:06:00,planned,ELEC-01,1407.0
3236,21,2026-03-17 03:26:00,2026-03-17 05:57:00,unplanned,MEC-02,4429.0
3237,50,2026-05-31 22:58:00,2026-05-31 23:26:00,planned,MAT-01,
3238,23,2026-03-30 05:26:00,2026-03-30 07:56:00,planned,MAT-01,1513.0
3239,4,2026-03-21 13:38:00,2026-03-21 15:16:00,planned,MAT-01,
3240,34,2026-01-14 19:13:00,2026-01-14 21:35:00,planned,MAT-01,
3241,9,2026-04-07 20:36:00,2026-04-07 23:18:00,unplanned,MEC-01,921.0
3242,42,2026-06-07 17:19:00,2026-06-07 17:56:00,planned,ELEC-01,8639.0
3243,19,2026-02-12 21:45:00,2026-02-12 22:54:00,planned,MEC-01,
3244,30,2026-01-01 16:04:00,2026-01-01 18:55:00,unplanned,MAT-01,
3245,36,2026-01-07 18:25:00,2026-01-07 19:24:00,planned,MAT-01,1031.0
3246,19,2026-02-01 18:48:00,2026-02-01 21:42:00,unplanned,MAT-01,9222.0
3247,46,2026-06-22 09:11:00,2026-06-22 10:56:00,unplanned,MEC-02,919.0
3248,44,2026-03-14 20:58:00,2026-03-14 21:17:00,planned,MEC-02,1299.0
3249,34,2026-02-16 23:12:00,2026-02-16 23:42:00,planned,MEC-02,5192.0
3250,3,2026-01-09 05:28:00,2026-01-09 07:39:00,planned,MEC-01,1807.0
3251,29,2026-01-31 21:30:00,2026-01-31 21:44:00,unplanned,CAL-01,2335.0
3252,15,2026-06-16 16:31:00,2026-06-16 18:41:00,planned,MEC-02,6011.0
3253,9,2026-03-19 09:27:00,2026-03-19 11:14:00,planned,CAL-01,
3254,31,2026-04-10 04:33:00,2026-04-10 04:56:00,unplanned,MAT-01,954.0
3255,9,2026-04-30 05:22:00,2026-04-30 08:07:00,unplanned,MAT-01,7003.0
3256,17,2026-01-18 18:38:00,2026-01-18 19:04:00,unplanned,MEC-02,
3257,7,2026-03-06 06:36:00,2026-03-06 08:32:00,planned,ELEC-01,
3258,34,2026-04-02 09:12:00,2026-04-02 11:16:00,unplanned,MAT-01,
3259,18,2026-04-24 23:50:00,2026-04-25 02:03:00,planned,ELEC-01,
3260,20,2026-02-17 02:21:00,2026-02-17 04:20:00,planned,MEC-02,6124.0
3261,8,2026-06-03 13:54:00,2026-06-03 16:52:00,unplanned,ELEC-01,
3262,11,2026-02-14 14:20:00,2026-02-14 16:25:00,unplanned,MEC-01,
3263,25,2026-05-02 16:42:00,2026-05-02 19:18:00,planned,MEC-02,1486.0
3264,33,2026-06-09 12:45:00,2026-06-09 14:04:00,planned,MEC-01,626.0
3265,41,2026-05-11 22:49:00,2026-05-11 22:54:00,unplanned,CAL-01,
3266,34,2026-01-15 07:56:00,2026-01-15 08:07:00,planned,MEC-02,6268.0
3267,21,2026-05-18 01:46:00,2026-05-18 02:26:00,planned,MEC-01,
3268,32,2026-01-04 02:49:00,2026-01-04 04:46:00,planned,ELEC-01,4378.0
3269,40,2026-06-20 23:25:00,2026-06-21 02:02:00,unplanned,CAL-01,418.0
3270,27,2026-03-08 03:40:00,2026-03-08 06:06:00,unplanned,ELEC-01,
3271,1,2026-02-01 05:36:00,2026-02-01 08:01:00,planned,MAT-01,2110.0
3272,28,2026-04-18 09:31:00,2026-04-18 11:29:00,unplanned,MAT-01,2689.0
3273,16,2026-05-04 16:06:00,2026-05-04 16:34:00,planned,MEC-01,7128.0
3274,43,2026-02-28 10:59:00,2026-02-28 13:23:00,unplanned,MEC-01,4312.0
3275,12,2026-04-25 08:08:00,2026-04-25 10:08:00,unplanned,MEC-01,
3276,38,2026-02-14 06:51:00,2026-02-14 08:25:00,planned,MAT-01,2964.0
3277,10,2026-05-05 12:47:00,2026-05-05 14:05:00,unplanned,MAT-01,9444.0
3278,18,2026-06-22 16:03:00,2026-06-22 18:06:00,unplanned,MEC-02,9546.0
3279,27,2026-05-08 12:14:00,2026-05-08 13:32:00,unplanned,MEC-02,
3280,15,2026-02-08 15:41:00,2026-02-08 16:59:00,unplanned,MEC-01,
3281,45,2026-04-18 11:57:00,2026-04-18 14:51:00,unplanned,MEC-01,
3282,21,2026-03-20 00:57:00,2026-03-20 03:01:00,unplanned,ELEC-01,604.0
3283,36,2026-01-27 16:28:00,2026-01-27 18:20:00,planned,MAT-01,73.0
3284,26,2026-04-07 21:52:00,2026-04-07 22:26:00,unplanned,ELEC-01,
3285,10,2026-06-15 08:07:00,2026-06-15 09:44:00,unplanned,MAT-01,7505.0
3286,11,2026-03-11 04:01:00,2026-03-11 04:42:00,unplanned,MAT-01,1215.0
3287,35,2026-05-07 23:49:00,2026-05-08 02:00:00,planned,MEC-01,427.0
3288,29,2026-05-23 01:59:00,2026-05-23 02:09:00,unplanned,MAT-01,9339.0
3289,48,2026-05-03 03:56:00,2026-05-03 04:45:00,unplanned,MEC-02,9917.0
3290,24,2026-06-11 17:43:00,2026-06-11 18:52:00,unplanned,MEC-01,5769.0
3291,35,2026-02-21 11:08:00,2026-02-21 11:46:00,planned,MEC-01,6335.0
3292,40,2026-05-27 16:04:00,2026-05-27 17:00:00,planned,MAT-01,7922.0
3293,41,2026-03-20 03:27:00,2026-03-20 03:53:00,planned,ELEC-01,
3294,32,2026-03-13 14:01:00,2026-03-13 16:03:00,unplanned,MEC-01,
3295,38,2026-02-05 21:20:00,2026-02-05 23:57:00,planned,MEC-01,3328.0
3296,15,2026-04-24 10:06:00,2026-04-24 10:54:00,unplanned,MAT-01,8409.0
3297,12,2026-05-21 18:43:00,2026-05-21 20:23:00,planned,CAL-01,1852.0
3298,2,2026-01-28 03:58:00,2026-01-28 06:31:00,unplanned,CAL-01,7485.0
3299,50,2026-05-14 10:13:00,2026-05-14 12:03:00,unplanned,MAT-01,
3300,10,2026-03-13 18:51:00,2026-03-13 21:22:00,unplanned,MEC-02,6167.0
3301,24,2026-04-20 22:39:00,2026-04-21 00:15:00,unplanned,MEC-02,6882.0
3302,36,2026-06-15 09:41:00,2026-06-15 11:58:00,planned,MEC-02,4954.0
3303,16,2026-03-12 10:21:00,2026-03-12 11:03:00,unplanned,ELEC-01,6026.0
3304,37,2026-04-22 11:08:00,2026-04-22 11:52:00,unplanned,MAT-01,
3305,37,2026-05-24 20:18:00,2026-05-24 22:13:00,planned,CAL-01,
3306,32,2026-05-09 05:27:00,2026-05-09 07:22:00,planned,MEC-02,4218.0
3307,15,2026-03-07 06:30:00,2026-03-07 08:09:00,unplanned,ELEC-01,9573.0
3308,24,2026-03-19 01:14:00,2026-03-19 01:34:00,planned,ELEC-01,
3309,47,2026-04-18 13:57:00,2026-04-18 14:50:00,unplanned,CAL-01,
3310,44,2026-06-19 06:41:00,2026-06-19 07:49:00,planned,MEC-02,599.0
3311,25,2026-06-21 15:27:00,2026-06-21 18:01:00,planned,CAL-01,317.0
3312,48,2026-05-22 00:43:00,2026-05-22 01:08:00,unplanned,MEC-01,5936.0
3313,20,2026-04-09 01:04:00,2026-04-09 01:38:00,planned,MEC-01,
3314,7,2026-04-16 14:13:00,2026-04-16 14:22:00,planned,CAL-01,237.0
3315,35,2026-02-09 19:11:00,2026-02-09 19:18:00,planned,ELEC-01,9724.0
3316,34,2026-05-06 06:34:00,2026-05-06 09:16:00,unplanned,MAT-01,3035.0
3317,22,2026-01-09 08:52:00,2026-01-09 10:26:00,planned,ELEC-01,8667.0
3318,46,2026-05-01 06:14:00,2026-05-01 07:07:00,planned,CAL-01,
3319,48,2026-06-14 02:20:00,2026-06-14 04:12:00,unplanned,MEC-02,9124.0
3320,46,2026-06-07 04:43:00,2026-06-07 05:23:00,unplanned,MEC-01,832.0
3321,36,2026-04-27 06:32:00,2026-04-27 07:19:00,planned,MEC-01,4741.0
3322,27,2026-06-11 03:31:00,2026-06-11 03:38:00,planned,CAL-01,422.0
3323,17,2026-05-21 20:25:00,2026-05-21 21:40:00,planned,MEC-02,5677.0
3324,18,2026-03-06 16:25:00,2026-03-06 17:44:00,unplanned,MEC-02,5119.0
3325,24,2026-01-07 07:31:00,2026-01-07 09:43:00,unplanned,CAL-01,885.0
3326,37,2026-06-19 15:22:00,2026-06-19 15:49:00,unplanned,CAL-01,
3327,45,2026-01-20 12:58:00,2026-01-20 14:11:00,planned,MEC-01,416.0
3328,19,2026-03-08 18:47:00,2026-03-08 19:08:00,planned,MEC-01,4180.0
3329,6,2026-05-09 20:24:00,2026-05-09 20:43:00,unplanned,MEC-02,225.0
3330,43,2026-03-27 06:36:00,2026-03-27 09:03:00,planned,MAT-01,9770.0
3331,41,2026-06-20 21:03:00,2026-06-20 21:58:00,planned,MEC-02,1933.0
3332,45,2026-03-30 03:11:00,2026-03-30 06:07:00,unplanned,CAL-01,5993.0
3333,44,2026-06-23 04:13:00,2026-06-23 04:22:00,unplanned,MEC-02,8472.0
3334,50,2026-06-22 22:32:00,2026-06-22 23:49:00,unplanned,CAL-01,8350.0
3335,39,2026-05-29 06:31:00,2026-05-29 07:52:00,planned,MEC-02,220.0
3336,2,2026-06-12 11:54:00,2026-06-12 14:32:00,unplanned,MAT-01,5374.0
3337,42,2026-05-12 00:03:00,2026-05-12 01:35:00,unplanned,CAL-01,2345.0
3338,9,2026-03-09 13:15:00,2026-03-09 15:34:00,unplanned,MEC-01,5693.0
3339,21,2026-04-26 10:22:00,2026-04-26 11:55:00,unplanned,MAT-01,454.0
3340,2,2026-04-19 08:33:00,2026-04-19 11:01:00,planned,MEC-02,7130.0
3341,10,2026-06-04 05:02:00,2026-06-04 07:36:00,planned,MEC-01,6212.0
3342,2,2026-02-13 15:37:00,2026-02-13 15:44:00,unplanned,ELEC-01,1731.0
3343,10,2026-06-21 15:32:00,2026-06-21 17:24:00,planned,CAL-01,8314.0
3344,23,2026-03-31 16:18:00,2026-03-31 17:03:00,planned,MEC-02,
3345,32,2026-04-19 12:26:00,2026-04-19 13:45:00,unplanned,MEC-01,9903.0
3346,15,2026-05-25 06:38:00,2026-05-25 07:42:00,unplanned,CAL-01,7172.0
3347,33,2026-03-03 04:47:00,2026-03-03 06:01:00,unplanned,MEC-01,
3348,2,2026-04-16 04:47:00,2026-04-16 07:45:00,planned,CAL-01,7064.0
3349,14,2026-01-10 05:48:00,2026-01-10 08:24:00,unplanned,ELEC-01,
3350,15,2026-05-25 02:45:00,2026-05-25 03:53:00,planned,ELEC-01,8714.0
3351,33,2026-05-19 06:35:00,2026-05-19 08:48:00,planned,ELEC-01,2462.0
3352,31,2026-03-03 18:16:00,2026-03-03 19:42:00,planned,ELEC-01,
3353,41,2026-06-28 20:51:00,2026-06-28 23:13:00,unplanned,MEC-01,8711.0
3354,50,2026-05-03 17:59:00,2026-05-03 20:35:00,planned,MAT-01,
3355,33,2026-04-29 09:52:00,2026-04-29 10:09:00,unplanned,CAL-01,539.0
3356,14,2026-03-17 01:07:00,2026-03-17 02:13:00,planned,MEC-01,
3357,5,2026-01-30 17:38:00,2026-01-30 18:32:00,planned,ELEC-01,5939.0
3358,39,2026-05-02 17:16:00,2026-05-02 18:09:00,unplanned,MEC-02,7055.0
3359,47,2026-05-04 18:21:00,2026-05-04 19:01:00,planned,MAT-01,4673.0
3360,13,2026-05-15 00:21:00,2026-05-15 02:33:00,planned,MAT-01,
3361,34,2026-01-12 18:00:00,2026-01-12 18:09:00,planned,CAL-01,702.0
3362,13,2026-02-14 20:05:00,2026-02-14 20:56:00,planned,MEC-02,781.0
3363,44,2026-01-27 09:42:00,2026-01-27 11:42:00,planned,MEC-02,3220.0
3364,18,2026-01-20 02:55:00,2026-01-20 05:33:00,planned,ELEC-01,3666.0
3365,20,2026-02-03 05:40:00,2026-02-03 06:25:00,planned,ELEC-01,4411.0
3366,2,2026-05-07 07:35:00,2026-05-07 09:36:00,planned,MAT-01,2330.0
3367,20,2026-01-14 00:51:00,2026-01-14 01:15:00,planned,MAT-01,4042.0
3368,14,2026-06-24 19:06:00,2026-06-24 19:55:00,unplanned,MEC-02,2130.0
3369,18,2026-05-05 17:37:00,2026-05-05 19:46:00,planned,MEC-01,5009.0
3370,47,2026-02-17 22:33:00,2026-02-18 00:10:00,unplanned,CAL-01,
3371,37,2026-05-27 04:17:00,2026-05-27 05:56:00,planned,MEC-01,
3372,28,2026-03-04 19:02:00,2026-03-04 21:39:00,planned,CAL-01,
3373,14,2026-06-14 17:19:00,2026-06-14 18:47:00,planned,CAL-01,833.0
3374,2,2026-05-25 05:27:00,2026-05-25 07:39:00,planned,MEC-02,
3375,24,2026-05-03 15:50:00,2026-05-03 15:56:00,unplanned,MEC-01,7593.0
3376,5,2026-03-26 10:38:00,2026-03-26 12:19:00,unplanned,CAL-01,4392.0
3377,11,2026-05-03 17:12:00,2026-05-03 19:12:00,planned,MEC-02,1575.0
3378,14,2026-04-26 01:47:00,2026-04-26 02:01:00,unplanned,ELEC-01,
3379,37,2026-02-24 08:19:00,2026-02-24 10:42:00,planned,MEC-02,8807.0
3380,1,2026-06-13 02:05:00,2026-06-13 02:44:00,unplanned,MEC-02,1342.0
3381,43,2026-02-03 09:25:00,2026-02-03 11:07:00,unplanned,MEC-01,8773.0
3382,2,2026-06-20 04:40:00,2026-06-20 07:31:00,unplanned,MEC-02,4547.0
3383,15,2026-06-03 15:35:00,2026-06-03 18:14:00,planned,MEC-02,521.0
3384,48,2026-02-01 14:06:00,2026-02-01 16:57:00,unplanned,MEC-01,6302.0
3385,35,2026-06-29 04:37:00,2026-06-29 04:44:00,planned,MEC-02,9489.0
3386,16,2026-05-19 15:40:00,2026-05-19 17:43:00,planned,MAT-01,5440.0
3387,18,2026-03-29 15:43:00,2026-03-29 16:27:00,planned,MAT-01,981.0
3388,8,2026-03-17 21:38:00,2026-03-17 23:21:00,unplanned,ELEC-01,5912.0
3389,30,2026-04-23 03:35:00,2026-04-23 05:40:00,planned,CAL-01,1530.0
3390,15,2026-03-29 09:58:00,2026-03-29 11:22:00,planned,MEC-02,511.0
3391,38,2026-04-16 14:52:00,2026-04-16 16:17:00,unplanned,CAL-01,
3392,29,2026-01-22 21:39:00,2026-01-22 22:09:00,unplanned,MEC-02,3735.0
3393,9,2026-02-09 10:50:00,2026-02-09 11:03:00,unplanned,CAL-01,4876.0
3394,1,2026-05-03 03:05:00,2026-05-03 03:21:00,planned,ELEC-01,7183.0
3395,1,2026-06-17 02:23:00,2026-06-17 04:08:00,unplanned,MAT-01,763.0
3396,38,2026-03-28 12:49:00,2026-03-28 13:55:00,planned,MEC-01,
3397,15,2026-03-27 09:08:00,2026-03-27 11:15:00,planned,MAT-01,7162.0
3398,1,2026-06-27 15:26:00,2026-06-27 17:13:00,unplanned,MEC-02,8820.0
3399,4,2026-04-15 13:02:00,2026-04-15 14:59:00,unplanned,CAL-01,1478.0
3400,11,2026-01-14 14:18:00,2026-01-14 14:37:00,planned,CAL-01,3840.0
3401,19,2026-01-02 21:27:00,2026-01-03 00:19:00,unplanned,MEC-02,
3402,15,2026-01-01 18:37:00,2026-01-01 18:52:00,planned,ELEC-01,2033.0
3403,50,2026-02-16 01:33:00,2026-02-16 03:49:00,planned,CAL-01,9747.0
3404,8,2026-04-11 00:51:00,2026-04-11 02:50:00,unplanned,MEC-02,9792.0
3405,23,2026-02-03 19:44:00,2026-02-03 22:19:00,planned,ELEC-01,7792.0
3406,35,2026-03-22 10:31:00,2026-03-22 10:51:00,unplanned,CAL-01,9617.0
3407,49,2026-04-30 23:53:00,2026-05-01 02:07:00,planned,ELEC-01,9673.0
3408,47,2026-01-17 02:48:00,2026-01-17 05:42:00,unplanned,ELEC-01,
3409,41,2026-01-17 21:58:00,2026-01-18 00:23:00,planned,CAL-01,4441.0
3410,2,2026-06-13 20:59:00,2026-06-13 23:09:00,planned,MAT-01,5388.0
3411,32,2026-02-27 22:43:00,2026-02-28 00:32:00,planned,MEC-02,3224.0
3412,5,2026-03-14 23:12:00,2026-03-15 00:43:00,planned,ELEC-01,8104.0
3413,3,2026-04-20 08:15:00,2026-04-20 10:56:00,planned,MEC-02,
3414,21,2026-02-16 10:20:00,2026-02-16 12:33:00,planned,ELEC-01,6172.0
3415,38,2026-03-21 20:16:00,2026-03-21 20:40:00,unplanned,MEC-02,8949.0
3416,12,2026-05-15 10:05:00,2026-05-15 10:11:00,unplanned,ELEC-01,
3417,38,2026-06-07 20:56:00,2026-06-07 22:19:00,unplanned,MEC-02,6719.0
3418,37,2026-04-30 09:23:00,2026-04-30 10:21:00,planned,MEC-01,929.0
3419,50,2026-01-09 11:16:00,2026-01-09 13:33:00,unplanned,CAL-01,6522.0
3420,41,2026-03-26 08:42:00,2026-03-26 10:02:00,unplanned,MAT-01,1219.0
3421,5,2026-02-18 22:17:00,2026-02-19 01:01:00,planned,MEC-02,792.0
3422,25,2026-02-20 06:11:00,2026-02-20 08:13:00,unplanned,ELEC-01,379.0
3423,48,2026-01-14 09:02:00,2026-01-14 09:53:00,planned,CAL-01,7787.0
3424,40,2026-04-03 15:55:00,2026-04-03 18:43:00,planned,MEC-01,
3425,21,2026-05-14 20:52:00,2026-05-14 21:38:00,planned,MEC-01,1669.0
3426,44,2026-03-30 06:49:00,2026-03-30 07:33:00,planned,MEC-02,
3427,6,2026-03-08 02:08:00,2026-03-08 02:37:00,planned,MAT-01,
3428,48,2026-04-17 16:37:00,2026-04-17 17:12:00,unplanned,MEC-02,8512.0
3429,42,2026-01-13 19:32:00,2026-01-13 21:37:00,planned,CAL-01,
3430,24,2026-04-28 06:34:00,2026-04-28 06:42:00,planned,MEC-02,31.0
3431,23,2026-06-13 08:28:00,2026-06-13 09:46:00,unplanned,MEC-02,8494.0
3432,12,2026-01-06 21:53:00,2026-01-07 00:30:00,unplanned,MEC-01,
3433,30,2026-02-13 23:45:00,2026-02-14 01:23:00,planned,ELEC-01,
3434,36,2026-02-09 15:58:00,2026-02-09 18:22:00,unplanned,CAL-01,
3435,42,2026-04-06 15:23:00,2026-04-06 16:42:00,planned,CAL-01,7635.0
3436,49,2026-05-04 00:46:00,2026-05-04 03:04:00,unplanned,CAL-01,
3437,12,2026-04-10 20:07:00,2026-04-10 22:52:00,planned,ELEC-01,
3438,4,2026-05-08 19:18:00,2026-05-08 21:00:00,planned,ELEC-01,
3439,31,2026-01-24 00:44:00,2026-01-24 02:51:00,unplanned,MEC-02,3100.0
3440,23,2026-04-04 10:43:00,2026-04-04 13:13:00,planned,MEC-01,
3441,29,2026-02-19 12:02:00,2026-02-19 13:50:00,planned,CAL-01,2417.0
3442,13,2026-02-17 19:55:00,2026-02-17 20:46:00,planned,ELEC-01,
3443,26,2026-06-19 19:10:00,2026-06-19 21:34:00,unplanned,MEC-01,
3444,11,2026-01-02 09:20:00,2026-01-02 11:38:00,planned,MEC-01,3472.0
3445,49,2026-01-12 19:16:00,2026-01-12 19:37:00,unplanned,MEC-02,8896.0
3446,11,2026-05-14 18:26:00,2026-05-14 20:32:00,planned,MEC-02,5697.0
3447,43,2026-02-05 04:44:00,2026-02-05 06:04:00,unplanned,MEC-01,7365.0
3448,33,2026-06-17 12:40:00,2026-06-17 15:08:00,planned,ELEC-01,826.0
3449,4,2026-02-28 09:05:00,2026-02-28 09:17:00,planned,ELEC-01,2621.0
3450,38,2026-04-23 13:48:00,2026-04-23 16:08:00,unplanned,MAT-01,9069.0
3451,35,2026-05-03 01:49:00,2026-05-03 03:29:00,unplanned,MEC-01,
3452,5,2026-03-12 18:58:00,2026-03-12 19:27:00,unplanned,MEC-02,3585.0
3453,1,2026-01-09 22:43:00,2026-01-10 01:19:00,unplanned,CAL-01,3833.0
3454,10,2026-05-10 15:51:00,2026-05-10 16:12:00,planned,MEC-02,7682.0
3455,34,2026-05-02 21:02:00,2026-05-02 22:42:00,unplanned,MEC-02,8196.0
3456,36,2026-02-27 18:20:00,2026-02-27 19:55:00,planned,MEC-02,
3457,6,2026-06-08 03:10:00,2026-06-08 04:10:00,planned,MEC-02,6736.0
3458,23,2026-04-07 15:32:00,2026-04-07 16:26:00,planned,ELEC-01,9929.0
3459,9,2026-03-24 22:41:00,2026-03-24 23:05:00,unplanned,CAL-01,2283.0
3460,40,2026-06-22 00:47:00,2026-06-22 01:06:00,unplanned,MEC-01,6428.0
3461,35,2026-01-29 09:34:00,2026-01-29 09:42:00,planned,CAL-01,1527.0
3462,22,2026-03-26 01:23:00,2026-03-26 02:41:00,unplanned,MAT-01,7035.0
3463,50,2026-03-03 03:08:00,2026-03-03 05:30:00,unplanned,CAL-01,2352.0
3464,43,2026-05-08 15:29:00,2026-05-08 18:29:00,planned,MEC-01,5459.0
3465,21,2026-02-21 08:04:00,2026-02-21 08:24:00,planned,CAL-01,134.0
3466,4,2026-02-24 10:15:00,2026-02-24 11:03:00,planned,MAT-01,1685.0
3467,5,2026-01-24 01:16:00,2026-01-24 04:05:00,planned,ELEC-01,3658.0
3468,27,2026-02-28 21:19:00,2026-02-28 23:56:00,planned,MEC-02,2414.0
3469,11,2026-02-17 07:24:00,2026-02-17 07:56:00,unplanned,MEC-01,
3470,37,2026-04-14 23:33:00,2026-04-14 23:43:00,planned,CAL-01,7200.0
3471,35,2026-06-15 18:36:00,2026-06-15 20:54:00,planned,MAT-01,
3472,34,2026-06-12 09:25:00,2026-06-12 10:31:00,planned,MEC-01,3698.0
3473,46,2026-06-02 07:03:00,2026-06-02 09:12:00,planned,MAT-01,504.0
3474,43,2026-05-13 14:54:00,2026-05-13 16:28:00,planned,MEC-01,
3475,2,2026-05-18 00:06:00,2026-05-18 02:59:00,planned,CAL-01,
3476,6,2026-04-22 11:54:00,2026-04-22 12:21:00,unplanned,CAL-01,334.0
3477,49,2026-02-14 03:55:00,2026-02-14 04:43:00,planned,MAT-01,
3478,13,2026-04-26 02:39:00,2026-04-26 03:05:00,unplanned,CAL-01,408.0
3479,16,2026-02-01 12:03:00,2026-02-01 13:07:00,planned,ELEC-01,
3480,48,2026-01-14 07:02:00,2026-01-14 07:56:00,planned,MEC-01,
3481,42,2026-03-09 09:38:00,2026-03-09 10:53:00,unplanned,MEC-02,4716.0
3482,21,2026-06-20 19:48:00,2026-06-20 20:14:00,planned,MAT-01,2496.0
3483,5,2026-01-11 00:27:00,2026-01-11 01:39:00,planned,MEC-01,
3484,42,2026-01-13 04:40:00,2026-01-13 05:16:00,planned,ELEC-01,
3485,39,2026-03-11 10:44:00,2026-03-11 10:54:00,planned,MEC-02,5866.0
3486,32,2026-06-05 11:37:00,2026-06-05 14:33:00,unplanned,MEC-01,690.0
3487,22,2026-01-31 02:51:00,2026-01-31 03:36:00,unplanned,MAT-01,111.0
3488,6,2026-06-03 21:33:00,2026-06-04 00:31:00,unplanned,ELEC-01,5346.0
3489,17,2026-04-19 00:42:00,2026-04-19 02:55:00,planned,MEC-02,1207.0
3490,27,2026-02-07 15:45:00,2026-02-07 17:33:00,planned,MEC-02,3045.0
3491,38,2026-06-11 03:21:00,2026-06-11 05:43:00,planned,CAL-01,
3492,11,2026-05-25 05:18:00,2026-05-25 08:13:00,planned,MEC-01,2839.0
3493,8,2026-04-12 10:43:00,2026-04-12 12:00:00,planned,ELEC-01,9339.0
3494,50,2026-06-17 02:44:00,2026-06-17 05:37:00,unplanned,CAL-01,4034.0
3495,27,2026-03-10 07:45:00,2026-03-10 08:50:00,unplanned,MEC-02,
3496,46,2026-06-10 11:37:00,2026-06-10 12:59:00,planned,MEC-02,7683.0
3497,20,2026-01-11 06:41:00,2026-01-11 06:58:00,unplanned,MEC-02,4659.0
3498,34,2026-05-22 15:43:00,2026-05-22 17:33:00,unplanned,ELEC-01,7858.0
3499,50,2026-05-02 12:10:00,2026-05-02 14:11:00,unplanned,MEC-02,8303.0
3500,7,2026-05-21 02:58:00,2026-05-21 04:19:00,unplanned,ELEC-01,4960.0
3501,35,2026-05-20 02:00:00,2026-05-20 03:46:00,unplanned,CAL-01,
3502,1,2026-05-14 15:45:00,2026-05-14 17:25:00,unplanned,ELEC-01,171.0
3503,10,2026-04-28 14:59:00,2026-04-28 17:55:00,unplanned,ELEC-01,6877.0
3504,34,2026-02-03 06:42:00,2026-02-03 09:04:00,planned,MAT-01,2995.0
3505,49,2026-04-09 18:06:00,2026-04-09 20:31:00,planned,MAT-01,3947.0
3506,32,2026-01-19 05:09:00,2026-01-19 07:49:00,unplanned,MEC-02,8775.0
3507,27,2026-02-01 19:44:00,2026-02-01 20:49:00,unplanned,MEC-02,975.0
3508,23,2026-04-02 14:14:00,2026-04-02 15:57:00,unplanned,MEC-01,
3509,41,2026-01-14 15:11:00,2026-01-14 15:25:00,unplanned,ELEC-01,
3510,19,2026-06-16 05:36:00,2026-06-16 05:57:00,unplanned,MEC-02,3017.0
3511,19,2026-02-09 02:44:00,2026-02-09 04:55:00,unplanned,MEC-01,1782.0
3512,30,2026-02-15 02:43:00,2026-02-15 05:35:00,planned,MAT-01,
3513,35,2026-05-01 00:29:00,2026-05-01 03:03:00,unplanned,CAL-01,
3514,30,2026-04-21 07:23:00,2026-04-21 07:36:00,unplanned,MEC-02,2009.0
3515,27,2026-04-19 23:21:00,2026-04-20 00:06:00,planned,MEC-01,6627.0
3516,46,2026-03-25 20:03:00,2026-03-25 22:34:00,unplanned,MEC-02,
3517,8,2026-06-22 16:38:00,2026-06-22 18:02:00,unplanned,CAL-01,8727.0
3518,11,2026-04-01 20:52:00,2026-04-01 22:54:00,unplanned,MEC-01,
3519,36,2026-01-29 02:23:00,2026-01-29 04:08:00,planned,MEC-01,3122.0
3520,43,2026-06-13 18:11:00,2026-06-13 19:20:00,unplanned,ELEC-01,2791.0
3521,18,2026-01-29 17:21:00,2026-01-29 17:58:00,unplanned,MEC-01,5175.0
3522,17,2026-03-20 04:40:00,2026-03-20 06:07:00,unplanned,ELEC-01,4571.0
3523,3,2026-04-29 12:07:00,2026-04-29 14:44:00,unplanned,ELEC-01,
3524,26,2026-06-13 08:15:00,2026-06-13 09:44:00,planned,ELEC-01,
3525,36,2026-01-10 03:41:00,2026-01-10 06:27:00,unplanned,MEC-02,3637.0
3526,19,2026-01-08 09:05:00,2026-01-08 11:07:00,planned,CAL-01,
3527,50,2026-03-16 10:52:00,2026-03-16 12:05:00,planned,ELEC-01,3527.0
3528,40,2026-04-21 13:41:00,2026-04-21 14:04:00,unplanned,MEC-01,5933.0
3529,16,2026-02-23 15:20:00,2026-02-23 17:55:00,unplanned,MEC-01,8042.0
3530,44,2026-05-24 04:39:00,2026-05-24 05:38:00,unplanned,MEC-01,
3531,40,2026-05-22 07:03:00,2026-05-22 07:54:00,planned,MEC-02,
3532,50,2026-06-12 09:29:00,2026-06-12 12:13:00,planned,MEC-02,
3533,50,2026-06-03 18:54:00,2026-06-03 20:38:00,planned,CAL-01,1496.0
3534,39,2026-06-13 05:21:00,2026-06-13 07:55:00,planned,MAT-01,824.0
3535,32,2026-04-20 00:34:00,2026-04-20 02:04:00,unplanned,CAL-01,9774.0
3536,22,2026-03-05 06:56:00,2026-03-05 07:18:00,planned,CAL-01,
3537,47,2026-03-14 20:39:00,2026-03-14 21:33:00,planned,ELEC-01,6862.0
3538,42,2026-01-18 17:57:00,2026-01-18 18:49:00,planned,MEC-01,8086.0
3539,41,2026-01-08 02:13:00,2026-01-08 02:38:00,planned,MAT-01,2428.0
3540,46,2026-03-12 09:47:00,2026-03-12 11:39:00,unplanned,ELEC-01,45.0
3541,15,2026-05-09 17:56:00,2026-05-09 20:32:00,unplanned,MAT-01,5760.0
3542,2,2026-04-20 09:25:00,2026-04-20 12:10:00,unplanned,CAL-01,
3543,27,2026-01-20 19:07:00,2026-01-20 21:08:00,planned,MAT-01,6162.0
3544,8,2026-04-05 15:55:00,2026-04-05 18:18:00,planned,ELEC-01,4311.0
3545,33,2026-02-04 18:31:00,2026-02-04 20:36:00,unplanned,ELEC-01,8042.0
3546,49,2026-06-25 02:23:00,2026-06-25 04:06:00,unplanned,CAL-01,4632.0
3547,24,2026-04-16 15:07:00,2026-04-16 16:02:00,planned,MEC-01,8237.0
3548,26,2026-01-04 09:31:00,2026-01-04 11:14:00,unplanned,MEC-02,5130.0
3549,49,2026-01-02 13:56:00,2026-01-02 16:42:00,planned,MEC-01,
3550,15,2026-03-24 21:36:00,2026-03-24 22:26:00,unplanned,CAL-01,
3551,22,2026-05-15 11:45:00,2026-05-15 11:54:00,planned,CAL-01,
3552,40,2026-02-17 05:25:00,2026-02-17 07:11:00,unplanned,ELEC-01,3517.0
3553,28,2026-05-28 23:12:00,2026-05-29 00:39:00,planned,CAL-01,2632.0
3554,32,2026-03-09 02:36:00,2026-03-09 04:41:00,unplanned,MEC-02,
3555,6,2026-04-04 11:59:00,2026-04-04 14:08:00,planned,MEC-02,
3556,35,2026-04-10 17:03:00,2026-04-10 18:02:00,planned,MEC-02,5643.0
3557,45,2026-01-28 08:43:00,2026-01-28 09:34:00,planned,MEC-02,5191.0
3558,25,2026-05-30 23:13:00,2026-05-31 00:45:00,planned,MEC-01,2854.0
3559,49,2026-03-09 10:52:00,2026-03-09 11:16:00,unplanned,ELEC-01,462.0
3560,3,2026-02-02 06:44:00,2026-02-02 07:20:00,planned,CAL-01,4266.0
3561,47,2026-02-12 12:55:00,2026-02-12 15:25:00,planned,ELEC-01,4816.0
3562,44,2026-04-16 15:06:00,2026-04-16 16:57:00,planned,MEC-02,4793.0
3563,41,2026-05-14 07:53:00,2026-05-14 09:12:00,unplanned,MEC-01,6220.0
3564,5,2026-02-13 20:45:00,2026-02-13 22:35:00,planned,CAL-01,56.0
3565,38,2026-04-13 15:29:00,2026-04-13 15:39:00,planned,CAL-01,3282.0
3566,6,2026-05-14 09:19:00,2026-05-14 12:10:00,unplanned,MAT-01,3691.0
3567,13,2026-06-26 01:17:00,2026-06-26 03:17:00,planned,MEC-01,
3568,10,2026-01-20 03:06:00,2026-01-20 05:16:00,unplanned,ELEC-01,
3569,38,2026-05-24 04:57:00,2026-05-24 06:18:00,unplanned,MEC-01,
3570,45,2026-06-22 20:29:00,2026-06-22 22:24:00,planned,MEC-01,
3571,29,2026-04-03 20:10:00,2026-04-03 21:08:00,unplanned,MEC-01,7715.0
3572,50,2026-03-08 21:18:00,2026-03-08 23:21:00,planned,ELEC-01,9770.0
3573,49,2026-04-22 21:08:00,2026-04-22 22:12:00,unplanned,MEC-01,4329.0
3574,50,2026-01-27 07:38:00,2026-01-27 09:01:00,unplanned,MEC-01,7090.0
3575,14,2026-02-13 01:53:00,2026-02-13 02:36:00,unplanned,MEC-02,2075.0
3576,3,2026-03-02 22:12:00,2026-03-02 22:34:00,unplanned,ELEC-01,
3577,9,2026-04-10 14:56:00,2026-04-10 17:36:00,unplanned,MAT-01,7991.0
3578,13,2026-01-17 19:33:00,2026-01-17 19:46:00,unplanned,MEC-02,9107.0
3579,20,2026-01-28 22:19:00,2026-01-28 23:01:00,unplanned,CAL-01,544.0
3580,48,2026-02-11 12:21:00,2026-02-11 14:06:00,unplanned,MAT-01,69.0
3581,35,2026-02-02 20:56:00,2026-02-02 21:53:00,planned,CAL-01,6008.0
3582,7,2026-02-04 13:03:00,2026-02-04 16:00:00,unplanned,ELEC-01,372.0
3583,42,2026-05-22 20:25:00,2026-05-22 20:46:00,unplanned,MEC-02,4897.0
3584,50,2026-05-27 17:49:00,2026-05-27 19:51:00,unplanned,MEC-01,
3585,12,2026-05-09 18:55:00,2026-05-09 21:44:00,unplanned,MEC-02,5899.0
3586,35,2026-04-26 14:59:00,2026-04-26 15:24:00,unplanned,ELEC-01,8122.0
3587,17,2026-02-11 09:15:00,2026-02-11 11:40:00,unplanned,MAT-01,
3588,2,2026-04-23 03:16:00,2026-04-23 05:47:00,planned,MEC-02,
3589,30,2026-02-22 04:28:00,2026-02-22 06:55:00,unplanned,MEC-01,
3590,19,2026-03-09 21:44:00,2026-03-10 00:15:00,unplanned,MAT-01,
3591,18,2026-03-07 06:25:00,2026-03-07 09:16:00,planned,MEC-01,6763.0
3592,26,2026-04-25 15:10:00,2026-04-25 17:31:00,planned,CAL-01,784.0
3593,12,2026-05-03 08:36:00,2026-05-03 10:45:00,planned,CAL-01,
3594,36,2026-06-02 16:18:00,2026-06-02 17:27:00,unplanned,MAT-01,4611.0
3595,8,2026-03-08 10:08:00,2026-03-08 12:51:00,unplanned,MAT-01,
3596,32,2026-06-05 16:47:00,2026-06-05 18:26:00,planned,ELEC-01,4991.0
3597,1,2026-06-24 23:35:00,2026-06-25 00:18:00,planned,CAL-01,361.0
3598,13,2026-01-11 22:07:00,2026-01-11 23:00:00,planned,ELEC-01,4942.0
3599,47,2026-01-16 18:49:00,2026-01-16 21:28:00,planned,MAT-01,3922.0
3600,50,2026-01-02 19:59:00,2026-01-02 22:28:00,unplanned,MAT-01,9954.0
3601,38,2026-03-15 16:25:00,2026-03-15 16:57:00,planned,MEC-02,1446.0
3602,21,2026-02-20 03:52:00,2026-02-20 06:13:00,planned,MAT-01,8602.0
3603,27,2026-04-02 19:25:00,2026-04-02 19:47:00,unplanned,ELEC-01,3988.0
3604,44,2026-04-08 10:27:00,2026-04-08 12:50:00,unplanned,MAT-01,
3605,26,2026-04-24 21:07:00,2026-04-24 21:57:00,unplanned,ELEC-01,1003.0
3606,38,2026-03-08 20:08:00,2026-03-08 22:13:00,planned,MAT-01,
3607,27,2026-04-15 23:24:00,2026-04-15 23:31:00,planned,MEC-02,
3608,50,2026-03-17 02:30:00,2026-03-17 05:09:00,unplanned,MEC-02,3434.0
3609,13,2026-01-18 00:51:00,2026-01-18 02:59:00,planned,MEC-02,
3610,37,2026-03-18 19:20:00,2026-03-18 20:27:00,planned,MEC-02,4331.0
3611,11,2026-04-25 16:01:00,2026-04-25 18:54:00,planned,MEC-01,
3612,4,2026-01-19 11:17:00,2026-01-19 13:41:00,unplanned,ELEC-01,4527.0
3613,31,2026-06-03 05:27:00,2026-06-03 06:48:00,planned,MAT-01,1288.0
3614,26,2026-01-28 13:55:00,2026-01-28 14:16:00,unplanned,MEC-02,
3615,49,2026-06-11 04:10:00,2026-06-11 06:51:00,planned,MEC-01,1911.0
3616,34,2026-01-21 03:52:00,2026-01-21 04:05:00,unplanned,MEC-02,4085.0
3617,11,2026-04-11 11:51:00,2026-04-11 14:10:00,planned,MEC-02,
3618,12,2026-04-14 04:39:00,2026-04-14 05:55:00,planned,CAL-01,7881.0
3619,31,2026-06-26 10:10:00,2026-06-26 12:24:00,planned,ELEC-01,
3620,47,2026-05-14 20:14:00,2026-05-14 20:58:00,planned,MEC-01,263.0
3621,12,2026-03-15 13:48:00,2026-03-15 16:15:00,planned,CAL-01,3459.0
3622,49,2026-02-12 20:27:00,2026-02-12 21:48:00,planned,CAL-01,4262.0
3623,42,2026-02-01 23:24:00,2026-02-02 00:02:00,planned,CAL-01,1190.0
3624,33,2026-05-07 18:06:00,2026-05-07 20:12:00,unplanned,MAT-01,1776.0
3625,28,2026-06-18 07:20:00,2026-06-18 09:23:00,planned,CAL-01,6564.0
3626,27,2026-01-02 18:33:00,2026-01-02 21:07:00,planned,MEC-01,272.0
3627,33,2026-06-18 03:49:00,2026-06-18 05:08:00,unplanned,CAL-01,510.0
3628,36,2026-04-08 20:29:00,2026-04-08 21:48:00,planned,MEC-02,5347.0
3629,45,2026-05-25 12:25:00,2026-05-25 12:54:00,planned,MAT-01,8797.0
3630,46,2026-04-26 19:51:00,2026-04-26 21:41:00,unplanned,ELEC-01,
3631,24,2026-02-17 06:21:00,2026-02-17 07:33:00,unplanned,MEC-02,4928.0
3632,32,2026-03-21 18:43:00,2026-03-21 20:53:00,unplanned,MEC-02,3486.0
3633,3,2026-03-14 19:18:00,2026-03-14 21:26:00,unplanned,MEC-02,348.0
3634,50,2026-01-11 19:42:00,2026-01-11 22:40:00,unplanned,MEC-02,3809.0
3635,38,2026-02-13 22:00:00,2026-02-14 00:57:00,unplanned,MEC-02,
3636,3,2026-02-19 04:33:00,2026-02-19 06:05:00,unplanned,CAL-01,4916.0
3637,1,2026-05-08 06:32:00,2026-05-08 06:42:00,unplanned,MEC-02,
3638,24,2026-03-24 16:59:00,2026-03-24 18:45:00,unplanned,MEC-02,810.0
3639,8,2026-04-17 08:25:00,2026-04-17 10:50:00,planned,MAT-01,3424.0
3640,9,2026-04-02 17:18:00,2026-04-02 18:01:00,unplanned,MEC-01,9614.0
3641,14,2026-03-05 07:00:00,2026-03-05 07:56:00,unplanned,MEC-02,3455.0
3642,33,2026-04-22 00:27:00,2026-04-22 01:53:00,unplanned,MEC-02,2515.0
3643,2,2026-06-24 01:27:00,2026-06-24 03:20:00,unplanned,ELEC-01,
3644,27,2026-05-09 19:43:00,2026-05-09 21:26:00,unplanned,MEC-01,
3645,44,2026-05-04 19:35:00,2026-05-04 21:22:00,unplanned,CAL-01,5937.0
3646,32,2026-03-04 18:38:00,2026-03-04 19:17:00,planned,MEC-01,7129.0
3647,41,2026-05-28 01:46:00,2026-05-28 04:34:00,planned,CAL-01,1958.0
3648,19,2026-04-26 02:39:00,2026-04-26 05:12:00,planned,ELEC-01,1837.0
3649,26,2026-01-14 15:16:00,2026-01-14 17:41:00,unplanned,MAT-01,9729.0
3650,13,2026-02-06 18:26:00,2026-02-06 20:13:00,unplanned,MAT-01,
3651,20,2026-05-08 10:06:00,2026-05-08 12:03:00,unplanned,MEC-02,1812.0
3652,36,2026-02-01 19:02:00,2026-02-01 21:58:00,unplanned,MEC-01,4287.0
3653,26,2026-03-25 05:23:00,2026-03-25 06:36:00,planned,CAL-01,
3654,20,2026-03-03 10:12:00,2026-03-03 11:32:00,unplanned,MEC-01,
3655,2,2026-06-24 20:31:00,2026-06-24 22:38:00,planned,MEC-02,8728.0
3656,12,2026-03-08 08:38:00,2026-03-08 11:29:00,planned,ELEC-01,6470.0
3657,19,2026-04-26 19:55:00,2026-04-26 22:39:00,planned,CAL-01,928.0
3658,13,2026-06-08 15:58:00,2026-06-08 17:02:00,planned,CAL-01,7756.0
3659,14,2026-05-04 17:29:00,2026-05-04 17:52:00,planned,MEC-01,
3660,30,2026-03-20 05:15:00,2026-03-20 07:39:00,planned,MEC-02,8348.0
3661,22,2026-02-06 14:30:00,2026-02-06 16:14:00,unplanned,MEC-02,
3662,2,2026-05-07 06:55:00,2026-05-07 09:50:00,unplanned,MAT-01,6007.0
3663,1,2026-04-16 00:56:00,2026-04-16 03:19:00,unplanned,CAL-01,2611.0
3664,28,2026-02-16 01:01:00,2026-02-16 01:06:00,unplanned,CAL-01,6945.0
3665,20,2026-05-27 18:12:00,2026-05-27 19:46:00,planned,MEC-02,1767.0
3666,10,2026-02-12 01:46:00,2026-02-12 03:10:00,planned,ELEC-01,3298.0
3667,44,2026-03-30 05:10:00,2026-03-30 05:53:00,unplanned,CAL-01,
3668,46,2026-05-20 17:33:00,2026-05-20 20:28:00,unplanned,CAL-01,
3669,28,2026-04-02 00:13:00,2026-04-02 03:13:00,unplanned,MAT-01,2320.0
3670,46,2026-04-15 04:34:00,2026-04-15 05:15:00,unplanned,ELEC-01,
3671,5,2026-04-28 09:53:00,2026-04-28 10:27:00,planned,ELEC-01,1039.0
3672,6,2026-03-17 21:23:00,2026-03-17 23:03:00,unplanned,MEC-02,4788.0
3673,11,2026-04-25 17:47:00,2026-04-25 18:00:00,planned,ELEC-01,
3674,24,2026-02-06 23:32:00,2026-02-06 23:49:00,unplanned,MEC-02,8853.0
3675,2,2026-02-08 15:23:00,2026-02-08 16:03:00,planned,CAL-01,6085.0
3676,15,2026-03-24 03:38:00,2026-03-24 03:45:00,unplanned,CAL-01,7335.0
3677,31,2026-02-01 10:27:00,2026-02-01 13:12:00,unplanned,CAL-01,9778.0
3678,32,2026-04-24 13:42:00,2026-04-24 14:28:00,unplanned,MAT-01,9152.0
3679,48,2026-06-09 08:23:00,2026-06-09 10:15:00,planned,CAL-01,5737.0
3680,26,2026-04-12 04:38:00,2026-04-12 06:15:00,unplanned,MAT-01,968.0
3681,4,2026-02-15 20:22:00,2026-02-15 21:04:00,unplanned,MEC-01,8336.0
3682,28,2026-01-17 07:45:00,2026-01-17 10:01:00,unplanned,MEC-02,
3683,27,2026-05-22 23:33:00,2026-05-23 00:42:00,unplanned,MEC-01,9386.0
3684,7,2026-04-12 00:58:00,2026-04-12 03:12:00,unplanned,CAL-01,8224.0
3685,17,2026-02-06 18:53:00,2026-02-06 19:05:00,planned,CAL-01,6855.0
3686,32,2026-01-11 06:42:00,2026-01-11 09:28:00,unplanned,ELEC-01,359.0
3687,36,2026-04-17 02:47:00,2026-04-17 05:39:00,planned,ELEC-01,2369.0
3688,35,2026-03-26 07:31:00,2026-03-26 07:41:00,unplanned,MAT-01,3928.0
3689,30,2026-03-05 16:43:00,2026-03-05 16:55:00,unplanned,MEC-02,
3690,24,2026-02-11 22:58:00,2026-02-11 23:09:00,unplanned,MEC-01,991.0
3691,15,2026-01-31 09:55:00,2026-01-31 10:00:00,planned,ELEC-01,5819.0
3692,11,2026-05-30 20:52:00,2026-05-30 22:42:00,planned,MEC-02,7498.0
3693,18,2026-03-11 07:01:00,2026-03-11 07:41:00,unplanned,ELEC-01,2236.0
3694,42,2026-01-08 10:41:00,2026-01-08 11:19:00,planned,MEC-02,9237.0
3695,37,2026-04-11 04:14:00,2026-04-11 04:40:00,planned,MAT-01,
3696,14,2026-05-21 12:10:00,2026-05-21 13:52:00,unplanned,MAT-01,
3697,40,2026-03-03 09:38:00,2026-03-03 09:51:00,planned,CAL-01,
3698,13,2026-01-25 19:03:00,2026-01-25 21:45:00,planned,ELEC-01,9726.0
3699,40,2026-06-03 03:03:00,2026-06-03 05:44:00,planned,ELEC-01,9947.0
3700,1,2026-01-11 21:38:00,2026-01-12 00:24:00,planned,ELEC-01,
3701,12,2026-01-30 20:54:00,2026-01-30 21:30:00,planned,MEC-01,265.0
3702,29,2026-04-02 03:38:00,2026-04-02 04:29:00,planned,ELEC-01,75.0
3703,20,2026-04-26 21:21:00,2026-04-26 23:45:00,planned,MEC-01,5895.0
3704,12,2026-04-03 22:56:00,2026-04-04 00:24:00,unplanned,MEC-01,4794.0
3705,40,2026-05-25 19:09:00,2026-05-25 19:43:00,planned,MEC-01,7203.0
3706,27,2026-06-19 20:34:00,2026-06-19 22:49:00,planned,MEC-02,
3707,13,2026-06-27 03:47:00,2026-06-27 05:15:00,planned,MEC-02,4793.0
3708,42,2026-04-25 10:42:00,2026-04-25 13:31:00,planned,MAT-01,3324.0
3709,17,2026-03-28 13:54:00,2026-03-28 14:29:00,planned,CAL-01,4771.0
3710,30,2026-02-13 14:59:00,2026-02-13 16:38:00,unplanned,ELEC-01,3104.0
3711,15,2026-05-20 13:36:00,2026-05-20 16:13:00,unplanned,MEC-01,9032.0
3712,27,2026-01-27 21:59:00,2026-01-27 23:34:00,unplanned,MEC-02,4345.0
3713,28,2026-02-23 14:24:00,2026-02-23 15:26:00,planned,MEC-01,3650.0
3714,19,2026-02-09 21:28:00,2026-02-09 22:08:00,unplanned,MEC-02,3945.0
3715,1,2026-05-29 12:25:00,2026-05-29 14:29:00,planned,MAT-01,
3716,36,2026-02-20 17:52:00,2026-02-20 19:50:00,unplanned,CAL-01,1234.0
3717,13,2026-01-29 23:41:00,2026-01-30 02:36:00,planned,MEC-02,159.0
3718,37,2026-01-06 12:25:00,2026-01-06 13:45:00,planned,CAL-01,
3719,23,2026-01-29 19:36:00,2026-01-29 21:19:00,unplanned,CAL-01,7159.0
3720,41,2026-03-31 09:55:00,2026-03-31 12:28:00,unplanned,MEC-02,5004.0
3721,26,2026-02-26 17:05:00,2026-02-26 17:43:00,unplanned,CAL-01,895.0
3722,40,2026-03-17 16:27:00,2026-03-17 18:22:00,unplanned,MAT-01,2705.0
3723,7,2026-06-01 19:14:00,2026-06-01 21:26:00,planned,MEC-02,
3724,36,2026-04-08 07:01:00,2026-04-08 08:05:00,planned,CAL-01,
3725,27,2026-01-28 20:36:00,2026-01-28 21:18:00,unplanned,MEC-02,2619.0
3726,19,2026-01-21 16:07:00,2026-01-21 17:10:00,unplanned,CAL-01,
3727,20,2026-01-24 20:18:00,2026-01-24 21:32:00,planned,CAL-01,4506.0
3728,11,2026-05-15 07:54:00,2026-05-15 09:04:00,planned,MAT-01,6206.0
3729,22,2026-02-12 19:01:00,2026-02-12 20:19:00,planned,MEC-02,2522.0
3730,40,2026-01-15 02:13:00,2026-01-15 04:00:00,planned,MEC-02,
3731,47,2026-06-18 20:51:00,2026-06-18 23:08:00,unplanned,ELEC-01,5058.0
3732,23,2026-05-25 16:21:00,2026-05-25 17:28:00,planned,ELEC-01,7221.0
3733,50,2026-02-13 07:34:00,2026-02-13 08:59:00,planned,MEC-02,
3734,32,2026-04-28 18:53:00,2026-04-28 21:27:00,planned,CAL-01,7596.0
3735,38,2026-02-03 08:01:00,2026-02-03 10:56:00,planned,MEC-01,978.0
3736,20,2026-06-23 11:14:00,2026-06-23 13:13:00,planned,CAL-01,7433.0
3737,43,2026-04-26 07:53:00,2026-04-26 09:01:00,planned,MEC-02,
3738,14,2026-01-28 09:34:00,2026-01-28 09:47:00,planned,CAL-01,
3739,35,2026-03-03 10:01:00,2026-03-03 12:03:00,planned,MEC-01,
3740,8,2026-02-16 00:14:00,2026-02-16 01:31:00,unplanned,MEC-02,
3741,26,2026-01-12 06:22:00,2026-01-12 06:48:00,planned,MEC-01,5423.0
3742,48,2026-02-07 23:57:00,2026-02-08 00:58:00,planned,ELEC-01,124.0
3743,36,2026-02-01 17:43:00,2026-02-01 18:08:00,planned,MEC-02,2116.0
3744,25,2026-02-25 04:46:00,2026-02-25 05:27:00,unplanned,MEC-02,2547.0
3745,27,2026-05-01 00:49:00,2026-05-01 03:32:00,unplanned,MAT-01,718.0
3746,24,2026-04-18 14:17:00,2026-04-18 16:36:00,unplanned,CAL-01,
3747,7,2026-02-17 14:43:00,2026-02-17 15:29:00,planned,ELEC-01,2942.0
3748,22,2026-01-31 08:09:00,2026-01-31 09:44:00,unplanned,ELEC-01,
3749,30,2026-06-10 05:12:00,2026-06-10 06:15:00,unplanned,CAL-01,
3750,42,2026-03-26 21:07:00,2026-03-26 21:26:00,planned,MAT-01,7485.0
3751,30,2026-06-16 15:27:00,2026-06-16 15:48:00,planned,CAL-01,6831.0
3752,27,2026-03-30 07:28:00,2026-03-30 10:14:00,planned,ELEC-01,8951.0
3753,33,2026-03-20 05:06:00,2026-03-20 07:47:00,planned,CAL-01,6442.0
3754,14,2026-03-29 22:44:00,2026-03-30 00:09:00,unplanned,MAT-01,
3755,45,2026-04-18 11:44:00,2026-04-18 12:12:00,planned,MEC-01,9045.0
3756,35,2026-06-01 06:43:00,2026-06-01 07:39:00,planned,CAL-01,869.0
3757,37,2026-05-29 20:57:00,2026-05-29 22:23:00,unplanned,MEC-01,5832.0
3758,45,2026-06-18 04:49:00,2026-06-18 05:55:00,planned,MEC-02,515.0
3759,22,2026-01-01 01:19:00,2026-01-01 02:48:00,planned,CAL-01,
3760,7,2026-05-09 22:36:00,2026-05-10 01:24:00,planned,MEC-01,4476.0
3761,2,2026-05-31 04:23:00,2026-05-31 05:49:00,unplanned,ELEC-01,3017.0
3762,33,2026-02-06 05:48:00,2026-02-06 08:15:00,planned,CAL-01,1399.0
3763,28,2026-02-10 00:59:00,2026-02-10 03:36:00,unplanned,MEC-01,9131.0
3764,33,2026-04-02 19:39:00,2026-04-02 21:02:00,planned,MEC-01,7426.0
3765,18,2026-02-27 10:15:00,2026-02-27 11:28:00,unplanned,MAT-01,
3766,1,2026-02-10 00:37:00,2026-02-10 01:57:00,unplanned,ELEC-01,7439.0
3767,39,2026-06-01 16:14:00,2026-06-01 17:26:00,planned,MEC-02,1615.0
3768,37,2026-03-12 20:55:00,2026-03-12 23:53:00,unplanned,MEC-01,4340.0
3769,20,2026-06-17 05:23:00,2026-06-17 05:31:00,unplanned,CAL-01,
3770,2,2026-05-29 03:21:00,2026-05-29 03:34:00,planned,MEC-02,
3771,50,2026-05-07 15:12:00,2026-05-07 17:55:00,unplanned,MEC-02,
3772,13,2026-01-17 12:00:00,2026-01-17 13:04:00,unplanned,MEC-01,8554.0
3773,34,2026-06-16 19:44:00,2026-06-16 21:12:00,unplanned,MAT-01,4505.0
3774,25,2026-01-17 06:50:00,2026-01-17 09:08:00,planned,CAL-01,1776.0
3775,1,2026-01-10 21:38:00,2026-01-10 23:05:00,planned,MAT-01,
3776,12,2026-06-24 14:27:00,2026-06-24 15:58:00,planned,MAT-01,1401.0
3777,8,2026-06-20 10:53:00,2026-06-20 12:38:00,unplanned,MEC-01,
3778,39,2026-05-11 16:23:00,2026-05-11 16:49:00,planned,CAL-01,8347.0
3779,42,2026-01-18 13:01:00,2026-01-18 14:24:00,planned,MAT-01,2677.0
3780,11,2026-04-02 02:12:00,2026-04-02 04:03:00,unplanned,MEC-01,3293.0
3781,4,2026-01-26 13:18:00,2026-01-26 16:03:00,unplanned,MAT-01,463.0
3782,2,2026-01-18 18:19:00,2026-01-18 20:40:00,planned,MEC-02,9951.0
3783,17,2026-04-22 03:17:00,2026-04-22 03:49:00,planned,ELEC-01,1461.0
3784,30,2026-05-20 20:16:00,2026-05-20 21:09:00,planned,MAT-01,452.0
3785,50,2026-05-31 11:17:00,2026-05-31 11:24:00,planned,CAL-01,
3786,43,2026-02-24 07:03:00,2026-02-24 08:23:00,planned,MEC-02,4656.0
3787,21,2026-03-03 09:32:00,2026-03-03 11:15:00,planned,MAT-01,
3788,43,2026-02-24 04:14:00,2026-02-24 04:32:00,planned,MAT-01,2742.0
3789,7,2026-03-08 06:47:00,2026-03-08 06:58:00,unplanned,MEC-01,
3790,34,2026-01-21 11:41:00,2026-01-21 11:53:00,unplanned,MEC-02,755.0
3791,37,2026-05-16 14:50:00,2026-05-16 15:40:00,planned,CAL-01,2595.0
3792,5,2026-05-23 09:14:00,2026-05-23 10:06:00,unplanned,MAT-01,1309.0
3793,37,2026-01-19 10:15:00,2026-01-19 11:41:00,planned,MAT-01,8908.0
3794,37,2026-01-26 10:05:00,2026-01-26 11:30:00,planned,ELEC-01,2688.0
3795,39,2026-04-04 04:25:00,2026-04-04 07:10:00,unplanned,MEC-01,13.0
3796,5,2026-03-31 08:42:00,2026-03-31 08:47:00,planned,MEC-02,
3797,34,2026-05-10 23:01:00,2026-05-11 00:28:00,unplanned,MAT-01,
3798,10,2026-02-20 04:15:00,2026-02-20 05:34:00,unplanned,MEC-01,9727.0
3799,48,2026-02-22 00:40:00,2026-02-22 03:22:00,planned,CAL-01,
3800,46,2026-01-22 01:00:00,2026-01-22 01:42:00,planned,ELEC-01,
3801,3,2026-05-22 04:18:00,2026-05-22 06:54:00,unplanned,CAL-01,9115.0
3802,29,2026-06-27 13:37:00,2026-06-27 13:42:00,planned,ELEC-01,
3803,18,2026-05-18 00:11:00,2026-05-18 00:53:00,unplanned,ELEC-01,5326.0
3804,38,2026-01-03 05:25:00,2026-01-03 08:24:00,unplanned,CAL-01,3287.0
3805,39,2026-02-04 06:28:00,2026-02-04 08:39:00,unplanned,MAT-01,1031.0
3806,24,2026-02-01 03:58:00,2026-02-01 06:34:00,unplanned,ELEC-01,9108.0
3807,46,2026-01-05 20:20:00,2026-01-05 20:58:00,unplanned,MAT-01,7408.0
3808,22,2026-03-09 20:37:00,2026-03-09 21:36:00,planned,MEC-01,5805.0
3809,17,2026-04-01 19:35:00,2026-04-01 20:32:00,planned,MEC-01,3350.0
3810,24,2026-01-07 04:09:00,2026-01-07 04:52:00,unplanned,MEC-01,5249.0
3811,48,2026-01-18 13:24:00,2026-01-18 15:57:00,planned,ELEC-01,9460.0
3812,5,2026-01-10 00:45:00,2026-01-10 02:32:00,unplanned,MEC-02,
3813,40,2026-03-30 13:04:00,2026-03-30 14:35:00,planned,CAL-01,6039.0
3814,8,2026-02-01 06:47:00,2026-02-01 09:47:00,planned,ELEC-01,795.0
3815,49,2026-03-28 09:35:00,2026-03-28 10:35:00,unplanned,MAT-01,
3816,27,2026-02-15 21:58:00,2026-02-15 23:34:00,planned,ELEC-01,5580.0
3817,34,2026-04-09 02:47:00,2026-04-09 05:40:00,unplanned,MEC-01,
3818,16,2026-05-07 05:45:00,2026-05-07 08:21:00,unplanned,ELEC-01,
3819,19,2026-06-10 03:44:00,2026-06-10 05:42:00,planned,MAT-01,2878.0
3820,38,2026-04-15 14:56:00,2026-04-15 16:23:00,unplanned,MAT-01,3234.0
3821,33,2026-04-13 05:14:00,2026-04-13 06:46:00,unplanned,ELEC-01,3786.0
3822,4,2026-05-11 07:15:00,2026-05-11 08:23:00,planned,MEC-02,
3823,32,2026-05-02 01:43:00,2026-05-02 02:13:00,planned,ELEC-01,
3824,6,2026-06-22 18:00:00,2026-06-22 19:01:00,planned,MEC-02,
3825,10,2026-05-30 07:46:00,2026-05-30 08:55:00,unplanned,MEC-01,513.0
3826,17,2026-02-20 21:26:00,2026-02-20 23:53:00,planned,ELEC-01,
3827,13,2026-02-19 16:35:00,2026-02-19 17:54:00,planned,MEC-02,4129.0
3828,50,2026-06-18 22:10:00,2026-06-18 23:38:00,planned,CAL-01,9557.0
3829,2,2026-06-10 07:53:00,2026-06-10 08:31:00,unplanned,MAT-01,1242.0
3830,12,2026-03-19 23:32:00,2026-03-20 01:13:00,unplanned,MEC-02,7258.0
3831,12,2026-05-16 12:15:00,2026-05-16 12:50:00,unplanned,MEC-01,8411.0
3832,22,2026-02-20 13:09:00,2026-02-20 14:25:00,unplanned,MAT-01,1288.0
3833,10,2026-05-23 12:46:00,2026-05-23 13:56:00,planned,MEC-01,4497.0
3834,15,2026-01-20 08:44:00,2026-01-20 11:00:00,unplanned,MAT-01,
3835,16,2026-02-27 22:24:00,2026-02-28 01:17:00,planned,MEC-01,6243.0
3836,14,2026-03-02 22:31:00,2026-03-03 01:15:00,unplanned,ELEC-01,9262.0
3837,36,2026-05-17 11:27:00,2026-05-17 14:17:00,planned,MAT-01,4042.0
3838,45,2026-01-23 06:59:00,2026-01-23 08:15:00,planned,ELEC-01,9236.0
3839,48,2026-01-25 06:49:00,2026-01-25 08:56:00,unplanned,MAT-01,2122.0
3840,14,2026-06-16 06:23:00,2026-06-16 07:29:00,planned,ELEC-01,2023.0
3841,43,2026-04-12 18:50:00,2026-04-12 20:14:00,unplanned,MEC-02,9170.0
3842,50,2026-01-31 12:27:00,2026-01-31 13:15:00,unplanned,MEC-02,
3843,26,2026-03-12 07:22:00,2026-03-12 08:19:00,unplanned,CAL-01,101.0
3844,23,2026-05-29 00:00:00,2026-05-29 01:38:00,unplanned,ELEC-01,8423.0
3845,23,2026-02-07 15:03:00,2026-02-07 17:14:00,planned,MEC-02,2337.0
3846,15,2026-03-04 05:00:00,2026-03-04 06:01:00,unplanned,MEC-01,5714.0
3847,41,2026-06-09 18:54:00,2026-06-09 19:59:00,planned,CAL-01,6944.0
3848,42,2026-06-11 07:22:00,2026-06-11 08:58:00,planned,MAT-01,
3849,21,2026-05-05 09:50:00,2026-05-05 10:28:00,unplanned,CAL-01,5309.0
3850,10,2026-03-01 09:12:00,2026-03-01 11:34:00,unplanned,MAT-01,1297.0
3851,18,2026-06-02 02:19:00,2026-06-02 04:19:00,unplanned,MEC-01,8278.0
3852,36,2026-05-22 04:44:00,2026-05-22 06:05:00,planned,MEC-02,8982.0
3853,39,2026-05-21 12:16:00,2026-05-21 14:19:00,unplanned,MEC-02,106.0
3854,49,2026-05-12 12:54:00,2026-05-12 14:29:00,planned,ELEC-01,1013.0
3855,41,2026-02-14 07:42:00,2026-02-14 08:56:00,unplanned,MAT-01,6002.0
3856,10,2026-02-11 04:24:00,2026-02-11 06:04:00,planned,ELEC-01,
3857,27,2026-05-12 12:28:00,2026-05-12 13:21:00,planned,MAT-01,
3858,35,2026-04-27 02:41:00,2026-04-27 02:54:00,unplanned,MEC-02,
3859,42,2026-02-17 06:58:00,2026-02-17 09:43:00,unplanned,CAL-01,959.0
3860,3,2026-04-06 05:39:00,2026-04-06 06:06:00,unplanned,MAT-01,2761.0
3861,38,2026-03-27 22:44:00,2026-03-28 00:58:00,unplanned,MEC-01,9438.0
3862,19,2026-01-12 01:11:00,2026-01-12 01:38:00,unplanned,ELEC-01,
3863,46,2026-04-09 21:43:00,2026-04-09 21:59:00,planned,CAL-01,2134.0
3864,10,2026-01-23 06:27:00,2026-01-23 06:47:00,unplanned,CAL-01,881.0
3865,2,2026-01-18 01:16:00,2026-01-18 02:48:00,unplanned,MEC-02,1559.0
3866,22,2026-04-13 11:44:00,2026-04-13 13:45:00,unplanned,MEC-01,9236.0
3867,45,2026-06-13 21:23:00,2026-06-13 22:57:00,unplanned,ELEC-01,4035.0
3868,13,2026-03-23 23:11:00,2026-03-24 01:44:00,planned,MEC-01,
3869,21,2026-04-21 08:05:00,2026-04-21 08:11:00,unplanned,MAT-01,4131.0
3870,27,2026-03-04 20:15:00,2026-03-04 21:24:00,planned,MEC-02,3422.0
3871,40,2026-02-04 23:52:00,2026-02-05 01:32:00,planned,MEC-01,1247.0
3872,22,2026-05-24 08:18:00,2026-05-24 10:51:00,unplanned,MEC-02,1945.0
3873,42,2026-04-20 07:57:00,2026-04-20 09:47:00,planned,ELEC-01,8082.0
3874,37,2026-01-13 08:39:00,2026-01-13 09:10:00,unplanned,CAL-01,3834.0
3875,40,2026-01-11 08:00:00,2026-01-11 09:59:00,planned,CAL-01,8558.0
3876,7,2026-03-29 12:36:00,2026-03-29 14:13:00,planned,ELEC-01,5658.0
3877,1,2026-05-27 00:44:00,2026-05-27 03:18:00,planned,MEC-02,
3878,5,2026-01-11 03:35:00,2026-01-11 05:09:00,unplanned,MEC-02,5303.0
3879,2,2026-01-15 00:15:00,2026-01-15 01:20:00,planned,CAL-01,5604.0
3880,7,2026-02-12 05:18:00,2026-02-12 05:55:00,unplanned,MAT-01,
3881,1,2026-01-04 23:26:00,2026-01-05 00:53:00,planned,ELEC-01,7951.0
3882,7,2026-02-26 17:30:00,2026-02-26 20:12:00,unplanned,CAL-01,5325.0
3883,18,2026-06-08 03:40:00,2026-06-08 05:12:00,unplanned,MAT-01,8547.0
3884,27,2026-01-18 14:15:00,2026-01-18 15:13:00,unplanned,MEC-02,127.0
3885,19,2026-05-31 03:58:00,2026-05-31 05:11:00,planned,MEC-02,1793.0
3886,40,2026-04-28 09:55:00,2026-04-28 11:40:00,unplanned,MAT-01,8461.0
3887,2,2026-02-13 21:49:00,2026-02-13 22:25:00,unplanned,MAT-01,
3888,2,2026-01-12 01:39:00,2026-01-12 04:06:00,planned,MEC-01,2668.0
3889,37,2026-06-16 04:09:00,2026-06-16 05:47:00,planned,MEC-01,5879.0
3890,40,2026-04-24 02:34:00,2026-04-24 04:41:00,unplanned,MAT-01,2531.0
3891,14,2026-01-09 17:08:00,2026-01-09 19:41:00,unplanned,CAL-01,
3892,37,2026-06-11 15:07:00,2026-06-11 17:59:00,planned,MEC-02,
3893,40,2026-05-03 10:33:00,2026-05-03 13:16:00,unplanned,MEC-01,2620.0
3894,41,2026-04-20 04:02:00,2026-04-20 05:49:00,unplanned,MEC-02,7666.0
3895,16,2026-01-19 03:55:00,2026-01-19 05:05:00,unplanned,MEC-01,
3896,10,2026-06-17 09:58:00,2026-06-17 10:37:00,unplanned,MEC-01,2236.0
3897,24,2026-04-03 20:26:00,2026-04-03 21:57:00,planned,CAL-01,9800.0
3898,13,2026-06-22 02:44:00,2026-06-22 05:28:00,unplanned,CAL-01,
3899,30,2026-02-18 09:46:00,2026-02-18 12:08:00,planned,MEC-02,9139.0
3900,48,2026-05-25 17:20:00,2026-05-25 18:53:00,planned,MAT-01,7637.0
3901,21,2026-02-22 08:37:00,2026-02-22 10:26:00,planned,MEC-02,6357.0
3902,27,2026-03-05 17:56:00,2026-03-05 20:44:00,unplanned,ELEC-01,
3903,13,2026-01-22 21:29:00,2026-01-22 22:13:00,unplanned,MAT-01,
3904,19,2026-03-06 09:25:00,2026-03-06 09:51:00,planned,CAL-01,
3905,25,2026-01-07 14:29:00,2026-01-07 16:30:00,planned,CAL-01,
3906,25,2026-01-30 13:21:00,2026-01-30 15:47:00,unplanned,MEC-01,1429.0
3907,22,2026-04-07 00:05:00,2026-04-07 02:29:00,planned,MEC-01,1004.0
3908,18,2026-03-04 06:18:00,2026-03-04 06:34:00,unplanned,CAL-01,6923.0
3909,46,2026-01-18 12:45:00,2026-01-18 13:31:00,planned,MAT-01,
3910,2,2026-05-29 17:53:00,2026-05-29 20:09:00,planned,MEC-01,8218.0
3911,36,2026-06-16 05:08:00,2026-06-16 07:09:00,unplanned,CAL-01,3584.0
3912,37,2026-05-01 22:34:00,2026-05-01 23:54:00,unplanned,MEC-01,
3913,11,2026-06-13 08:41:00,2026-06-13 11:09:00,unplanned,MAT-01,4334.0
3914,39,2026-05-29 09:55:00,2026-05-29 12:47:00,unplanned,CAL-01,2056.0
3915,26,2026-02-21 06:19:00,2026-02-21 07:35:00,unplanned,CAL-01,
3916,50,2026-06-27 19:08:00,2026-06-27 21:31:00,unplanned,CAL-01,2779.0
3917,47,2026-01-26 17:07:00,2026-01-26 17:57:00,unplanned,MEC-01,
3918,29,2026-04-06 10:54:00,2026-04-06 12:05:00,planned,CAL-01,7476.0
3919,3,2026-06-13 19:50:00,2026-06-13 20:45:00,planned,CAL-01,
3920,20,2026-01-04 19:24:00,2026-01-04 20:24:00,planned,ELEC-01,2797.0
3921,35,2026-05-05 00:08:00,2026-05-05 02:36:00,planned,CAL-01,
3922,28,2026-05-17 14:24:00,2026-05-17 16:02:00,planned,ELEC-01,3444.0
3923,11,2026-06-19 07:43:00,2026-06-19 09:09:00,unplanned,ELEC-01,
3924,25,2026-05-24 18:17:00,2026-05-24 19:17:00,unplanned,MAT-01,1103.0
3925,15,2026-05-18 22:39:00,2026-05-19 00:25:00,unplanned,MEC-01,
3926,35,2026-03-05 05:51:00,2026-03-05 06:45:00,unplanned,MEC-01,828.0
3927,45,2026-04-09 02:18:00,2026-04-09 02:54:00,unplanned,ELEC-01,
3928,42,2026-01-13 02:56:00,2026-01-13 03:29:00,planned,MEC-01,
3929,1,2026-06-09 17:25:00,2026-06-09 19:17:00,planned,CAL-01,3276.0
3930,38,2026-04-11 04:51:00,2026-04-11 06:54:00,planned,MAT-01,9127.0
3931,14,2026-06-09 10:18:00,2026-06-09 11:07:00,unplanned,MEC-01,
3932,43,2026-02-27 13:33:00,2026-02-27 15:17:00,unplanned,MEC-01,5089.0
3933,30,2026-05-09 23:41:00,2026-05-10 00:49:00,unplanned,MEC-01,943.0
3934,31,2026-05-21 20:17:00,2026-05-21 22:05:00,unplanned,MEC-02,
3935,23,2026-01-07 23:46:00,2026-01-08 02:08:00,planned,CAL-01,9492.0
3936,2,2026-05-17 11:16:00,2026-05-17 13:56:00,planned,CAL-01,3514.0
3937,4,2026-05-13 02:26:00,2026-05-13 04:49:00,unplanned,ELEC-01,
3938,6,2026-05-13 22:07:00,2026-05-14 01:03:00,unplanned,ELEC-01,9348.0
3939,25,2026-01-17 12:32:00,2026-01-17 15:28:00,unplanned,MEC-01,7002.0
3940,22,2026-05-02 10:30:00,2026-05-02 11:15:00,planned,MEC-02,
3941,45,2026-02-22 05:18:00,2026-02-22 08:06:00,planned,MAT-01,7336.0
3942,20,2026-05-13 20:20:00,2026-05-13 21:28:00,planned,ELEC-01,
3943,15,2026-03-28 21:18:00,2026-03-28 23:26:00,unplanned,MEC-01,
3944,7,2026-01-10 12:41:00,2026-01-10 15:10:00,planned,ELEC-01,4464.0
3945,24,2026-03-27 19:49:00,2026-03-27 22:33:00,unplanned,CAL-01,8229.0
3946,39,2026-01-19 06:39:00,2026-01-19 07:14:00,unplanned,MEC-02,3482.0
3947,2,2026-01-21 18:30:00,2026-01-21 21:05:00,unplanned,MEC-01,9037.0
3948,46,2026-03-08 20:05:00,2026-03-08 22:43:00,unplanned,MAT-01,948.0
3949,31,2026-03-17 21:58:00,2026-03-17 22:47:00,unplanned,ELEC-01,
3950,19,2026-01-01 04:23:00,2026-01-01 06:52:00,planned,ELEC-01,
3951,16,2026-06-12 00:57:00,2026-06-12 03:47:00,planned,MEC-01,
3952,41,2026-01-24 07:50:00,2026-01-24 10:15:00,planned,ELEC-01,2400.0
3953,17,2026-04-23 10:40:00,2026-04-23 12:45:00,planned,MAT-01,
3954,18,2026-02-24 03:43:00,2026-02-24 04:13:00,unplanned,MEC-02,1466.0
3955,38,2026-01-11 01:26:00,2026-01-11 02:30:00,unplanned,MEC-01,
3956,33,2026-03-21 08:42:00,2026-03-21 11:02:00,planned,MAT-01,5610.0
3957,19,2026-02-06 07:28:00,2026-02-06 10:15:00,unplanned,MEC-01,6690.0
3958,4,2026-06-27 03:45:00,2026-06-27 04:37:00,planned,MEC-02,615.0
3959,18,2026-02-02 00:31:00,2026-02-02 01:16:00,unplanned,MAT-01,6550.0
3960,42,2026-01-19 20:59:00,2026-01-19 22:51:00,unplanned,MAT-01,2066.0
3961,50,2026-03-14 04:01:00,2026-03-14 05:17:00,planned,MEC-02,8932.0
3962,10,2026-03-08 06:53:00,2026-03-08 07:16:00,unplanned,MEC-01,474.0
3963,2,2026-02-02 23:08:00,2026-02-03 02:04:00,unplanned,MEC-01,3448.0
3964,5,2026-02-04 23:36:00,2026-02-05 01:45:00,unplanned,MEC-01,352.0
3965,26,2026-01-02 10:27:00,2026-01-02 11:48:00,unplanned,CAL-01,1229.0
3966,31,2026-05-08 02:06:00,2026-05-08 03:18:00,unplanned,MEC-01,
3967,14,2026-02-07 08:08:00,2026-02-07 09:16:00,planned,MAT-01,
3968,44,2026-02-24 22:48:00,2026-02-25 00:43:00,unplanned,MAT-01,
3969,50,2026-05-02 22:04:00,2026-05-03 00:37:00,unplanned,CAL-01,4597.0
3970,30,2026-06-03 12:36:00,2026-06-03 14:43:00,planned,CAL-01,
3971,27,2026-06-09 07:37:00,2026-06-09 09:49:00,planned,MEC-02,
3972,11,2026-05-02 22:27:00,2026-05-02 22:43:00,planned,MEC-01,
3973,19,2026-04-27 11:48:00,2026-04-27 13:15:00,planned,CAL-01,9289.0
3974,29,2026-02-13 23:37:00,2026-02-14 01:49:00,planned,ELEC-01,1088.0
3975,5,2026-05-26 10:34:00,2026-05-26 13:14:00,planned,MAT-01,9217.0
3976,11,2026-03-12 07:04:00,2026-03-12 09:30:00,planned,MAT-01,7991.0
3977,8,2026-04-19 12:42:00,2026-04-19 14:40:00,unplanned,MEC-01,
3978,29,2026-02-17 18:12:00,2026-02-17 20:45:00,planned,ELEC-01,
3979,8,2026-03-28 09:03:00,2026-03-28 09:11:00,planned,MEC-01,1524.0
3980,33,2026-01-31 18:22:00,2026-01-31 18:31:00,unplanned,MAT-01,
3981,21,2026-06-13 17:42:00,2026-06-13 20:37:00,unplanned,MEC-01,
3982,5,2026-04-03 23:25:00,2026-04-03 23:39:00,planned,MAT-01,3277.0
3983,50,2026-03-14 08:26:00,2026-03-14 09:38:00,unplanned,MAT-01,
3984,49,2026-02-15 23:07:00,2026-02-16 00:33:00,planned,MAT-01,1018.0
3985,46,2026-03-30 20:11:00,2026-03-30 22:18:00,planned,MEC-01,8219.0
3986,32,2026-04-21 15:04:00,2026-04-21 15:59:00,unplanned,MEC-02,571.0
3987,6,2026-02-23 05:53:00,2026-02-23 08:04:00,planned,MEC-01,3835.0
3988,19,2026-05-11 16:55:00,2026-05-11 17:20:00,planned,ELEC-01,4505.0
3989,14,2026-02-07 11:25:00,2026-02-07 12:03:00,unplanned,MEC-01,970.0
3990,3,2026-02-24 16:33:00,2026-02-24 17:38:00,unplanned,CAL-01,
3991,24,2026-02-16 23:59:00,2026-02-17 02:20:00,planned,MEC-01,3427.0
3992,6,2026-01-03 17:56:00,2026-01-03 20:52:00,unplanned,MEC-02,
3993,17,2026-04-01 07:57:00,2026-04-01 09:35:00,unplanned,MEC-02,
3994,26,2026-06-09 17:39:00,2026-06-09 17:48:00,planned,ELEC-01,9075.0
3995,42,2026-02-19 12:24:00,2026-02-19 13:50:00,unplanned,MEC-02,1459.0
3996,16,2026-02-10 20:07:00,2026-02-10 20:24:00,unplanned,MAT-01,2199.0
3997,14,2026-03-03 03:07:00,2026-03-03 05:52:00,unplanned,MEC-01,
3998,18,2026-05-29 23:10:00,2026-05-30 01:03:00,unplanned,ELEC-01,9681.0
3999,1,2026-02-25 00:02:00,2026-02-25 02:07:00,unplanned,ELEC-01,308.0
4000,7,2026-01-26 19:49:00,2026-01-26 20:10:00,unplanned,ELEC-01,5900.0
4001,1,2026-02-16 02:04:00,2026-02-16 03:39:00,unplanned,CAL-01,
4002,14,2026-06-06 05:52:00,2026-06-06 06:26:00,unplanned,ELEC-01,
4003,42,2026-06-22 16:07:00,2026-06-22 18:50:00,planned,MEC-01,345.0
4004,7,2026-05-27 01:33:00,2026-05-27 02:26:00,unplanned,CAL-01,4.0
4005,16,2026-03-27 10:03:00,2026-03-27 12:41:00,planned,MEC-02,264.0
4006,28,2026-02-22 00:03:00,2026-02-22 00:11:00,planned,MAT-01,
4007,12,2026-06-22 04:58:00,2026-06-22 05:22:00,planned,ELEC-01,8444.0
4008,5,2026-04-28 10:49:00,2026-04-28 12:08:00,unplanned,CAL-01,4197.0
4009,14,2026-04-15 19:31:00,2026-04-15 20:53:00,planned,MEC-02,8031.0
4010,15,2026-01-27 02:08:00,2026-01-27 04:08:00,unplanned,CAL-01,1642.0
4011,43,2026-02-09 20:00:00,2026-02-09 22:14:00,unplanned,CAL-01,
4012,9,2026-05-22 02:44:00,2026-05-22 02:55:00,planned,ELEC-01,7593.0
4013,10,2026-01-08 19:15:00,2026-01-08 21:26:00,unplanned,MEC-01,
4014,24,2026-04-09 16:12:00,2026-04-09 17:38:00,unplanned,MAT-01,6069.0
4015,3,2026-03-27 16:47:00,2026-03-27 18:53:00,planned,MAT-01,5587.0
4016,35,2026-03-17 21:29:00,2026-03-17 21:49:00,planned,MAT-01,5672.0
4017,38,2026-05-07 17:05:00,2026-05-07 17:46:00,planned,MEC-01,2723.0
4018,11,2026-01-30 16:49:00,2026-01-30 18:06:00,unplanned,ELEC-01,7852.0
4019,20,2026-05-31 17:04:00,2026-05-31 17:38:00,planned,ELEC-01,
4020,26,2026-04-20 18:40:00,2026-04-20 19:09:00,planned,MEC-01,1742.0
4021,44,2026-02-11 17:14:00,2026-02-11 17:51:00,unplanned,MEC-02,8633.0
4022,18,2026-02-15 21:44:00,2026-02-15 23:05:00,unplanned,MEC-02,7925.0
4023,37,2026-05-21 02:58:00,2026-05-21 03:54:00,planned,ELEC-01,677.0
4024,6,2026-03-05 12:56:00,2026-03-05 14:36:00,unplanned,MEC-02,1883.0
4025,5,2026-02-21 19:20:00,2026-02-21 20:22:00,planned,MAT-01,7903.0
4026,47,2026-05-23 13:21:00,2026-05-23 14:48:00,planned,MEC-01,8541.0
4027,24,2026-06-20 06:50:00,2026-06-20 08:13:00,unplanned,MAT-01,3858.0
4028,29,2026-05-30 19:40:00,2026-05-30 21:51:00,unplanned,CAL-01,
4029,26,2026-06-28 00:26:00,2026-06-28 01:11:00,planned,MEC-02,4529.0
4030,14,2026-05-13 15:27:00,2026-05-13 15:39:00,planned,ELEC-01,
4031,46,2026-01-15 14:13:00,2026-01-15 16:23:00,unplanned,ELEC-01,595.0
4032,7,2026-03-22 19:42:00,2026-03-22 21:06:00,planned,MAT-01,5936.0
4033,3,2026-06-28 04:15:00,2026-06-28 04:24:00,planned,MAT-01,4418.0
4034,26,2026-03-16 02:19:00,2026-03-16 04:42:00,planned,CAL-01,
4035,5,2026-03-24 03:38:00,2026-03-24 04:59:00,planned,ELEC-01,9459.0
4036,45,2026-04-19 16:45:00,2026-04-19 19:17:00,unplanned,CAL-01,
4037,45,2026-06-27 13:05:00,2026-06-27 14:11:00,planned,ELEC-01,
4038,6,2026-02-28 09:07:00,2026-02-28 11:02:00,unplanned,CAL-01,2251.0
4039,4,2026-03-24 04:53:00,2026-03-24 07:40:00,unplanned,MAT-01,7564.0
4040,41,2026-02-02 10:01:00,2026-02-02 10:54:00,planned,ELEC-01,
4041,49,2026-03-03 19:40:00,2026-03-03 21:55:00,planned,MEC-02,2195.0
4042,14,2026-02-10 20:48:00,2026-02-10 23:45:00,planned,MAT-01,6432.0
4043,20,2026-05-08 11:00:00,2026-05-08 11:48:00,unplanned,MEC-02,
4044,16,2026-01-18 00:47:00,2026-01-18 01:34:00,unplanned,CAL-01,2850.0
4045,30,2026-04-10 07:18:00,2026-04-10 09:53:00,unplanned,CAL-01,9278.0
4046,5,2026-06-15 20:24:00,2026-06-15 22:12:00,unplanned,MEC-01,
4047,13,2026-04-19 05:44:00,2026-04-19 07:33:00,planned,ELEC-01,
4048,10,2026-04-29 09:59:00,2026-04-29 11:11:00,planned,CAL-01,
4049,46,2026-03-28 05:43:00,2026-03-28 07:22:00,unplanned,CAL-01,6143.0
4050,11,2026-05-25 03:39:00,2026-05-25 06:00:00,unplanned,CAL-01,2943.0
4051,41,2026-02-08 09:50:00,2026-02-08 09:59:00,unplanned,MEC-01,682.0
4052,44,2026-03-30 21:27:00,2026-03-30 22:14:00,unplanned,CAL-01,
4053,44,2026-06-23 03:26:00,2026-06-23 05:04:00,unplanned,MAT-01,3134.0
4054,22,2026-04-14 23:31:00,2026-04-15 02:13:00,planned,CAL-01,
4055,27,2026-06-26 09:40:00,2026-06-26 12:29:00,planned,ELEC-01,8640.0
4056,22,2026-03-18 15:32:00,2026-03-18 18:04:00,unplanned,CAL-01,6643.0
4057,38,2026-05-08 05:57:00,2026-05-08 07:49:00,unplanned,ELEC-01,461.0
4058,39,2026-01-09 01:55:00,2026-01-09 04:47:00,unplanned,MAT-01,8390.0
4059,42,2026-05-19 03:50:00,2026-05-19 05:05:00,unplanned,ELEC-01,
4060,3,2026-01-21 01:29:00,2026-01-21 03:30:00,unplanned,MEC-01,
4061,28,2026-01-28 22:54:00,2026-01-29 00:28:00,planned,MEC-02,
4062,2,2026-02-03 11:45:00,2026-02-03 14:28:00,unplanned,ELEC-01,
4063,18,2026-03-15 08:54:00,2026-03-15 11:31:00,planned,CAL-01,2723.0
4064,29,2026-02-19 14:40:00,2026-02-19 16:30:00,planned,MAT-01,2564.0
4065,3,2026-06-22 10:22:00,2026-06-22 13:13:00,planned,MEC-01,
4066,29,2026-03-01 03:09:00,2026-03-01 04:44:00,unplanned,MEC-01,4869.0
4067,41,2026-04-12 20:59:00,2026-04-12 23:23:00,planned,MEC-02,
4068,47,2026-04-24 02:56:00,2026-04-24 05:36:00,planned,MEC-02,4862.0
4069,36,2026-01-15 20:42:00,2026-01-15 22:38:00,unplanned,MEC-02,2839.0
4070,9,2026-06-19 10:08:00,2026-06-19 11:57:00,unplanned,ELEC-01,
4071,14,2026-03-20 15:27:00,2026-03-20 15:43:00,planned,MEC-01,
4072,33,2026-02-04 06:58:00,2026-02-04 09:08:00,planned,MEC-01,7165.0
4073,49,2026-05-02 07:45:00,2026-05-02 09:35:00,unplanned,MAT-01,8720.0
4074,41,2026-05-08 05:53:00,2026-05-08 06:30:00,unplanned,MEC-02,7279.0
4075,46,2026-01-16 05:02:00,2026-01-16 07:13:00,unplanned,ELEC-01,
4076,14,2026-05-15 19:51:00,2026-05-15 21:30:00,unplanned,MAT-01,9545.0
4077,39,2026-02-11 12:04:00,2026-02-11 12:46:00,unplanned,MEC-02,950.0
4078,27,2026-06-03 19:50:00,2026-06-03 21:09:00,unplanned,MEC-01,
4079,23,2026-02-15 02:28:00,2026-02-15 05:22:00,unplanned,CAL-01,5683.0
4080,35,2026-04-30 00:22:00,2026-04-30 03:09:00,planned,CAL-01,454.0
4081,12,2026-01-16 21:34:00,2026-01-16 22:34:00,planned,ELEC-01,
4082,50,2026-01-01 09:42:00,2026-01-01 10:33:00,planned,MEC-02,1483.0
4083,20,2026-01-05 16:37:00,2026-01-05 17:21:00,planned,MEC-02,
4084,48,2026-06-09 22:39:00,2026-06-09 22:48:00,planned,ELEC-01,949.0
4085,22,2026-03-25 06:28:00,2026-03-25 08:49:00,planned,ELEC-01,2585.0
4086,39,2026-06-06 21:36:00,2026-06-07 00:08:00,unplanned,ELEC-01,
4087,32,2026-05-28 01:48:00,2026-05-28 02:26:00,planned,MEC-02,3268.0
4088,26,2026-04-30 09:34:00,2026-04-30 10:00:00,unplanned,MEC-02,8341.0
4089,13,2026-05-19 18:24:00,2026-05-19 20:53:00,unplanned,MEC-02,7757.0
4090,24,2026-03-29 13:01:00,2026-03-29 13:30:00,unplanned,MEC-02,9510.0
4091,12,2026-01-04 14:33:00,2026-01-04 15:55:00,unplanned,CAL-01,
4092,5,2026-01-26 19:24:00,2026-01-26 20:43:00,planned,MAT-01,
4093,37,2026-05-14 19:30:00,2026-05-14 22:07:00,unplanned,ELEC-01,3664.0
4094,4,2026-05-03 14:14:00,2026-05-03 16:58:00,planned,ELEC-01,7275.0
4095,36,2026-01-02 14:49:00,2026-01-02 14:56:00,unplanned,MAT-01,2235.0
4096,46,2026-05-24 11:23:00,2026-05-24 13:12:00,planned,MEC-01,4818.0
4097,26,2026-01-28 07:38:00,2026-01-28 08:59:00,planned,MEC-01,3676.0
4098,45,2026-05-21 09:48:00,2026-05-21 12:05:00,unplanned,MEC-01,
4099,7,2026-02-14 14:33:00,2026-02-14 16:35:00,planned,CAL-01,6539.0
4100,33,2026-02-13 12:06:00,2026-02-13 12:16:00,planned,ELEC-01,6643.0
4101,3,2026-01-24 09:52:00,2026-01-24 12:05:00,planned,CAL-01,6202.0
4102,16,2026-05-05 09:02:00,2026-05-05 10:14:00,planned,MAT-01,8798.0
4103,16,2026-04-20 19:50:00,2026-04-20 21:13:00,planned,CAL-01,7631.0
4104,22,2026-03-04 07:50:00,2026-03-04 08:04:00,planned,MEC-02,4756.0
4105,35,2026-02-14 20:09:00,2026-02-14 22:18:00,unplanned,MAT-01,2703.0
4106,26,2026-05-07 01:44:00,2026-05-07 03:15:00,planned,CAL-01,6130.0
4107,30,2026-01-15 08:21:00,2026-01-15 08:48:00,planned,MEC-02,8102.0
4108,15,2026-03-22 14:49:00,2026-03-22 15:42:00,unplanned,MAT-01,
4109,46,2026-02-04 17:41:00,2026-02-04 19:31:00,planned,MAT-01,7967.0
4110,13,2026-05-12 04:53:00,2026-05-12 05:18:00,unplanned,MEC-02,4008.0
4111,46,2026-03-23 05:35:00,2026-03-23 06:32:00,unplanned,MEC-02,3554.0
4112,7,2026-01-12 08:40:00,2026-01-12 09:33:00,unplanned,ELEC-01,2558.0
4113,22,2026-06-02 22:05:00,2026-06-02 23:45:00,unplanned,MAT-01,1994.0
4114,13,2026-02-21 16:20:00,2026-02-21 18:38:00,planned,ELEC-01,1246.0
4115,36,2026-03-14 12:51:00,2026-03-14 15:27:00,unplanned,MAT-01,1054.0
4116,8,2026-01-15 22:35:00,2026-01-16 00:48:00,unplanned,MEC-01,7831.0
4117,8,2026-01-30 15:32:00,2026-01-30 17:36:00,planned,MEC-02,4703.0
4118,19,2026-01-18 22:23:00,2026-01-18 23:52:00,unplanned,ELEC-01,740.0
4119,7,2026-01-17 19:19:00,2026-01-17 21:05:00,planned,MEC-01,
4120,39,2026-01-27 12:00:00,2026-01-27 13:03:00,planned,MEC-02,
4121,5,2026-04-16 16:58:00,2026-04-16 19:38:00,planned,MAT-01,
4122,43,2026-04-26 08:59:00,2026-04-26 10:28:00,unplanned,MEC-02,
4123,10,2026-06-12 16:09:00,2026-06-12 17:54:00,planned,ELEC-01,4409.0
4124,8,2026-02-11 06:28:00,2026-02-11 08:25:00,planned,ELEC-01,7342.0
4125,44,2026-04-06 07:05:00,2026-04-06 07:14:00,unplanned,MEC-02,6158.0
4126,13,2026-03-22 19:35:00,2026-03-22 21:14:00,unplanned,MEC-02,3115.0
4127,21,2026-03-01 10:15:00,2026-03-01 13:05:00,planned,MEC-02,2690.0
4128,24,2026-02-02 22:39:00,2026-02-03 00:34:00,planned,MAT-01,
4129,24,2026-02-03 15:20:00,2026-02-03 15:55:00,unplanned,ELEC-01,2673.0
4130,50,2026-01-05 01:40:00,2026-01-05 04:18:00,unplanned,MAT-01,
4131,21,2026-01-04 20:33:00,2026-01-04 21:20:00,unplanned,MEC-02,6695.0
4132,28,2026-01-31 05:46:00,2026-01-31 08:43:00,unplanned,CAL-01,3581.0
4133,18,2026-02-21 09:38:00,2026-02-21 10:27:00,unplanned,MEC-02,5741.0
4134,12,2026-01-23 01:40:00,2026-01-23 03:35:00,planned,MEC-02,5659.0
4135,44,2026-02-06 14:02:00,2026-02-06 15:48:00,unplanned,MAT-01,4386.0
4136,34,2026-05-10 11:56:00,2026-05-10 13:45:00,unplanned,MEC-01,3702.0
4137,27,2026-03-17 20:33:00,2026-03-17 22:55:00,planned,MEC-01,
4138,44,2026-04-17 01:53:00,2026-04-17 04:28:00,unplanned,CAL-01,1023.0
4139,3,2026-05-10 12:32:00,2026-05-10 15:04:00,unplanned,MAT-01,
4140,3,2026-03-21 19:22:00,2026-03-21 20:28:00,planned,MAT-01,5883.0
4141,39,2026-06-25 06:51:00,2026-06-25 07:13:00,unplanned,MEC-02,16.0
4142,10,2026-01-12 00:36:00,2026-01-12 02:16:00,unplanned,ELEC-01,2326.0
4143,42,2026-04-25 00:25:00,2026-04-25 01:41:00,unplanned,MEC-02,1449.0
4144,49,2026-02-05 13:14:00,2026-02-05 16:07:00,planned,CAL-01,
4145,33,2026-02-20 22:02:00,2026-02-20 23:10:00,unplanned,ELEC-01,
4146,9,2026-05-31 22:47:00,2026-05-31 23:12:00,unplanned,MAT-01,
4147,49,2026-01-20 18:42:00,2026-01-20 19:06:00,unplanned,ELEC-01,6272.0
4148,38,2026-06-23 07:24:00,2026-06-23 08:29:00,planned,ELEC-01,9475.0
4149,1,2026-02-17 13:52:00,2026-02-17 15:49:00,planned,MEC-02,2894.0
4150,39,2026-05-08 08:51:00,2026-05-08 09:40:00,unplanned,MEC-02,1904.0
4151,46,2026-03-08 09:08:00,2026-03-08 09:31:00,planned,MAT-01,8293.0
4152,12,2026-02-15 07:03:00,2026-02-15 08:16:00,planned,MEC-02,1516.0
4153,18,2026-05-01 00:26:00,2026-05-01 01:20:00,planned,CAL-01,3855.0
4154,20,2026-01-20 19:09:00,2026-01-20 21:12:00,unplanned,CAL-01,8006.0
4155,36,2026-02-26 23:42:00,2026-02-27 02:07:00,planned,MEC-02,9162.0
4156,43,2026-02-10 08:33:00,2026-02-10 11:24:00,unplanned,MAT-01,9453.0
4157,10,2026-01-24 17:44:00,2026-01-24 20:30:00,unplanned,MEC-02,5990.0
4158,12,2026-03-21 20:24:00,2026-03-21 21:25:00,unplanned,ELEC-01,3632.0
4159,42,2026-06-29 17:20:00,2026-06-29 19:55:00,planned,ELEC-01,7723.0
4160,1,2026-05-22 05:37:00,2026-05-22 07:28:00,unplanned,MAT-01,9115.0
4161,24,2026-02-24 13:33:00,2026-02-24 15:19:00,planned,MAT-01,125.0
4162,48,2026-03-02 14:38:00,2026-03-02 14:46:00,planned,ELEC-01,
4163,48,2026-03-28 15:55:00,2026-03-28 18:11:00,unplanned,MEC-01,5808.0
4164,32,2026-02-28 05:57:00,2026-02-28 06:46:00,planned,MEC-02,5138.0
4165,31,2026-03-16 22:34:00,2026-03-17 00:28:00,unplanned,MAT-01,6729.0
4166,36,2026-01-23 11:05:00,2026-01-23 11:32:00,unplanned,MEC-02,7206.0
4167,15,2026-04-01 05:15:00,2026-04-01 08:07:00,unplanned,MEC-01,
4168,1,2026-01-07 03:51:00,2026-01-07 06:51:00,unplanned,ELEC-01,3903.0
4169,40,2026-02-26 23:52:00,2026-02-27 02:28:00,planned,ELEC-01,
4170,31,2026-02-27 03:58:00,2026-02-27 06:57:00,unplanned,ELEC-01,
4171,4,2026-05-30 17:57:00,2026-05-30 18:12:00,planned,MEC-01,503.0
4172,29,2026-05-19 20:26:00,2026-05-19 22:29:00,planned,CAL-01,7458.0
4173,32,2026-05-28 03:02:00,2026-05-28 04:00:00,unplanned,CAL-01,9694.0
4174,9,2026-06-21 19:42:00,2026-06-21 20:46:00,unplanned,MEC-02,
4175,10,2026-06-06 20:01:00,2026-06-06 22:35:00,planned,MEC-02,
4176,29,2026-03-18 07:25:00,2026-03-18 09:20:00,planned,ELEC-01,9537.0
4177,50,2026-04-24 05:08:00,2026-04-24 06:20:00,unplanned,MEC-01,3311.0
4178,37,2026-05-06 12:26:00,2026-05-06 14:31:00,planned,MAT-01,9579.0
4179,17,2026-06-11 11:28:00,2026-06-11 11:36:00,planned,MEC-02,
4180,46,2026-04-04 16:23:00,2026-04-04 19:10:00,planned,MEC-02,
4181,28,2026-03-13 03:42:00,2026-03-13 04:59:00,planned,MAT-01,5820.0
4182,45,2026-02-09 09:31:00,2026-02-09 09:43:00,unplanned,MEC-01,4545.0
4183,13,2026-06-03 01:30:00,2026-06-03 02:47:00,unplanned,CAL-01,4717.0
4184,18,2026-02-22 17:47:00,2026-02-22 20:02:00,planned,ELEC-01,5240.0
4185,30,2026-01-02 14:00:00,2026-01-02 15:22:00,unplanned,MEC-01,8713.0
4186,27,2026-05-20 04:01:00,2026-05-20 06:22:00,planned,CAL-01,248.0
4187,15,2026-05-16 07:58:00,2026-05-16 09:47:00,unplanned,CAL-01,5011.0
4188,32,2026-01-12 12:05:00,2026-01-12 14:06:00,unplanned,MEC-01,594.0
4189,20,2026-02-23 02:40:00,2026-02-23 03:12:00,planned,MAT-01,4920.0
4190,46,2026-01-19 17:18:00,2026-01-19 19:55:00,planned,ELEC-01,
4191,36,2026-02-07 19:27:00,2026-02-07 22:19:00,unplanned,MAT-01,2742.0
4192,4,2026-01-28 02:06:00,2026-01-28 04:59:00,planned,MAT-01,4264.0
4193,35,2026-03-07 02:59:00,2026-03-07 03:30:00,planned,ELEC-01,4854.0
4194,26,2026-06-03 10:12:00,2026-06-03 12:44:00,unplanned,ELEC-01,1750.0
4195,6,2026-02-24 23:06:00,2026-02-25 01:07:00,planned,MEC-02,
4196,36,2026-06-26 08:18:00,2026-06-26 08:29:00,planned,CAL-01,5502.0
4197,30,2026-03-13 23:21:00,2026-03-14 00:36:00,unplanned,MEC-01,8880.0
4198,21,2026-05-19 12:18:00,2026-05-19 14:27:00,unplanned,MEC-02,9894.0
4199,25,2026-04-15 13:40:00,2026-04-15 15:57:00,planned,MAT-01,2536.0
4200,35,2026-02-07 02:48:00,2026-02-07 04:49:00,planned,CAL-01,
4201,32,2026-04-06 11:58:00,2026-04-06 13:32:00,unplanned,MEC-02,8935.0
4202,19,2026-05-10 06:23:00,2026-05-10 06:46:00,planned,MEC-01,4420.0
4203,9,2026-02-15 11:59:00,2026-02-15 12:32:00,planned,MEC-01,4545.0
4204,45,2026-03-07 05:12:00,2026-03-07 08:10:00,unplanned,MAT-01,7437.0
4205,38,2026-02-24 00:18:00,2026-02-24 03:17:00,unplanned,MAT-01,3580.0
4206,36,2026-01-28 21:33:00,2026-01-28 23:38:00,unplanned,MEC-01,5826.0
4207,37,2026-03-24 20:34:00,2026-03-24 21:58:00,unplanned,MEC-02,
4208,8,2026-05-31 15:52:00,2026-05-31 16:51:00,planned,CAL-01,221.0
4209,46,2026-03-22 00:04:00,2026-03-22 01:27:00,unplanned,ELEC-01,2121.0
4210,30,2026-01-22 18:51:00,2026-01-22 21:40:00,unplanned,MEC-01,
4211,20,2026-05-23 15:33:00,2026-05-23 17:03:00,unplanned,MEC-01,
4212,1,2026-01-20 22:55:00,2026-01-21 00:47:00,unplanned,MEC-02,5096.0
4213,34,2026-06-12 22:51:00,2026-06-13 00:29:00,unplanned,ELEC-01,
4214,29,2026-01-17 18:08:00,2026-01-17 19:58:00,unplanned,MEC-01,5090.0
4215,49,2026-03-03 02:02:00,2026-03-03 02:53:00,planned,MEC-01,1414.0
4216,24,2026-02-25 12:38:00,2026-02-25 14:37:00,unplanned,MAT-01,2175.0
4217,37,2026-02-08 16:16:00,2026-02-08 17:00:00,planned,MEC-02,
4218,40,2026-02-11 17:09:00,2026-02-11 17:36:00,unplanned,MAT-01,
4219,17,2026-03-06 20:06:00,2026-03-06 22:04:00,planned,MAT-01,7448.0
4220,5,2026-01-18 19:46:00,2026-01-18 22:40:00,planned,MEC-02,9439.0
4221,44,2026-06-11 18:22:00,2026-06-11 20:41:00,planned,ELEC-01,9062.0
4222,49,2026-06-20 09:51:00,2026-06-20 10:09:00,planned,ELEC-01,
4223,23,2026-04-28 05:58:00,2026-04-28 07:42:00,unplanned,CAL-01,3185.0
4224,22,2026-05-25 13:37:00,2026-05-25 16:26:00,planned,MEC-02,5705.0
4225,41,2026-05-20 03:50:00,2026-05-20 05:35:00,planned,MAT-01,2880.0
4226,45,2026-05-20 08:53:00,2026-05-20 10:52:00,unplanned,CAL-01,
4227,40,2026-05-31 23:14:00,2026-05-31 23:57:00,unplanned,ELEC-01,4344.0
4228,42,2026-03-30 03:09:00,2026-03-30 04:46:00,unplanned,ELEC-01,6706.0
4229,4,2026-02-05 06:08:00,2026-02-05 08:02:00,unplanned,MEC-02,
4230,20,2026-05-24 09:41:00,2026-05-24 12:35:00,planned,MAT-01,7697.0
4231,6,2026-01-06 11:47:00,2026-01-06 13:25:00,unplanned,CAL-01,
4232,9,2026-03-11 04:34:00,2026-03-11 04:40:00,planned,ELEC-01,2335.0
4233,28,2026-05-20 01:12:00,2026-05-20 04:08:00,planned,MAT-01,1174.0
4234,47,2026-03-20 11:14:00,2026-03-20 12:28:00,unplanned,CAL-01,
4235,33,2026-01-06 15:40:00,2026-01-06 18:05:00,planned,ELEC-01,8104.0
4236,17,2026-01-02 12:50:00,2026-01-02 15:46:00,unplanned,ELEC-01,7921.0
4237,41,2026-03-03 21:31:00,2026-03-03 22:32:00,planned,CAL-01,2989.0
4238,17,2026-01-04 01:24:00,2026-01-04 04:17:00,unplanned,ELEC-01,7598.0
4239,38,2026-04-04 22:31:00,2026-04-05 01:11:00,unplanned,CAL-01,
4240,41,2026-06-07 20:43:00,2026-06-07 21:47:00,planned,CAL-01,8535.0
4241,16,2026-01-08 22:46:00,2026-01-08 23:37:00,planned,MAT-01,5816.0
4242,41,2026-03-15 10:11:00,2026-03-15 12:18:00,unplanned,MEC-02,2730.0
4243,28,2026-06-06 07:08:00,2026-06-06 07:52:00,planned,MAT-01,
4244,50,2026-06-11 06:34:00,2026-06-11 09:26:00,unplanned,CAL-01,3953.0
4245,6,2026-01-03 03:18:00,2026-01-03 04:06:00,planned,CAL-01,2312.0
4246,46,2026-02-23 10:29:00,2026-02-23 10:40:00,planned,MAT-01,7735.0
4247,42,2026-01-15 14:25:00,2026-01-15 16:12:00,unplanned,MEC-02,
4248,15,2026-06-01 01:04:00,2026-06-01 01:46:00,planned,MEC-02,3456.0
4249,22,2026-03-05 15:58:00,2026-03-05 17:44:00,planned,MAT-01,4276.0
4250,19,2026-03-20 04:38:00,2026-03-20 06:17:00,planned,ELEC-01,
4251,22,2026-05-07 13:45:00,2026-05-07 16:35:00,planned,MAT-01,3346.0
4252,35,2026-03-19 22:26:00,2026-03-19 23:10:00,unplanned,ELEC-01,9300.0
4253,37,2026-06-28 03:23:00,2026-06-28 03:32:00,unplanned,ELEC-01,1031.0
4254,11,2026-04-30 13:37:00,2026-04-30 14:54:00,unplanned,MEC-01,3383.0
4255,5,2026-06-05 18:59:00,2026-06-05 20:34:00,unplanned,CAL-01,
4256,15,2026-01-06 15:49:00,2026-01-06 18:22:00,unplanned,CAL-01,9678.0
4257,29,2026-05-17 04:13:00,2026-05-17 07:06:00,unplanned,MEC-01,9531.0
4258,26,2026-05-31 09:45:00,2026-05-31 12:04:00,planned,MEC-01,
4259,3,2026-05-01 12:55:00,2026-05-01 15:44:00,planned,ELEC-01,2803.0
4260,21,2026-06-06 03:48:00,2026-06-06 04:23:00,planned,CAL-01,240.0
4261,45,2026-05-22 21:04:00,2026-05-22 23:19:00,unplanned,MAT-01,4353.0
4262,8,2026-04-27 02:01:00,2026-04-27 02:39:00,unplanned,MEC-02,7999.0
4263,21,2026-05-23 04:49:00,2026-05-23 07:40:00,planned,MEC-02,3867.0
4264,32,2026-01-22 01:10:00,2026-01-22 03:50:00,unplanned,MEC-01,
4265,44,2026-04-13 12:56:00,2026-04-13 14:34:00,planned,CAL-01,5368.0
4266,7,2026-01-17 21:45:00,2026-01-17 22:04:00,planned,MEC-01,7456.0
4267,1,2026-05-10 05:54:00,2026-05-10 07:48:00,planned,CAL-01,
4268,12,2026-03-02 13:44:00,2026-03-02 15:15:00,unplanned,MAT-01,2058.0
4269,23,2026-02-13 02:10:00,2026-02-13 03:26:00,unplanned,ELEC-01,1110.0
4270,22,2026-01-13 07:04:00,2026-01-13 09:51:00,unplanned,CAL-01,3796.0
4271,47,2026-01-02 23:06:00,2026-01-03 01:03:00,planned,MEC-02,7556.0
4272,4,2026-02-28 19:07:00,2026-02-28 20:59:00,unplanned,MEC-02,
4273,37,2026-05-20 16:15:00,2026-05-20 18:49:00,unplanned,CAL-01,1517.0
4274,34,2026-02-26 16:49:00,2026-02-26 18:52:00,planned,MEC-01,1953.0
4275,41,2026-06-09 11:59:00,2026-06-09 12:47:00,planned,CAL-01,6936.0
4276,42,2026-05-07 10:57:00,2026-05-07 13:50:00,planned,MAT-01,8811.0
4277,20,2026-06-20 10:52:00,2026-06-20 12:39:00,planned,MEC-02,921.0
4278,24,2026-02-09 09:30:00,2026-02-09 10:57:00,unplanned,CAL-01,
4279,12,2026-05-29 02:40:00,2026-05-29 03:13:00,planned,MAT-01,3550.0
4280,12,2026-06-16 13:24:00,2026-06-16 16:13:00,planned,MEC-01,
4281,42,2026-01-19 00:07:00,2026-01-19 02:22:00,unplanned,MEC-02,
4282,50,2026-01-17 12:31:00,2026-01-17 14:38:00,planned,MEC-01,6560.0
4283,30,2026-06-26 00:33:00,2026-06-26 03:15:00,unplanned,MAT-01,6102.0
4284,4,2026-03-26 03:00:00,2026-03-26 05:55:00,planned,MEC-02,8255.0
4285,13,2026-06-01 06:42:00,2026-06-01 06:48:00,unplanned,MAT-01,6585.0
4286,35,2026-03-02 07:40:00,2026-03-02 07:59:00,unplanned,MAT-01,9837.0
4287,11,2026-01-01 02:10:00,2026-01-01 04:53:00,planned,MEC-01,6890.0
4288,15,2026-03-14 12:47:00,2026-03-14 13:13:00,unplanned,CAL-01,5564.0
4289,33,2026-06-25 06:21:00,2026-06-25 08:10:00,unplanned,CAL-01,4675.0
4290,27,2026-06-23 02:13:00,2026-06-23 02:39:00,planned,MEC-02,7914.0
4291,37,2026-03-14 02:42:00,2026-03-14 03:32:00,unplanned,MEC-02,5575.0
4292,30,2026-04-03 15:57:00,2026-04-03 16:11:00,unplanned,ELEC-01,9833.0
4293,32,2026-02-18 01:55:00,2026-02-18 02:11:00,unplanned,CAL-01,4923.0
4294,32,2026-05-18 02:00:00,2026-05-18 02:08:00,unplanned,MEC-02,7367.0
4295,36,2026-01-18 09:33:00,2026-01-18 12:11:00,planned,MAT-01,6779.0
4296,44,2026-04-24 00:53:00,2026-04-24 03:00:00,planned,ELEC-01,6778.0
4297,4,2026-01-24 08:33:00,2026-01-24 09:28:00,planned,CAL-01,
4298,39,2026-03-09 03:59:00,2026-03-09 05:18:00,planned,MEC-02,2940.0
4299,16,2026-02-17 22:59:00,2026-02-18 00:11:00,planned,MEC-02,
4300,46,2026-01-07 03:50:00,2026-01-07 04:05:00,planned,MAT-01,
4301,19,2026-05-19 18:57:00,2026-05-19 21:09:00,unplanned,CAL-01,3375.0
4302,23,2026-02-07 09:34:00,2026-02-07 09:41:00,unplanned,MAT-01,1001.0
4303,8,2026-04-29 17:25:00,2026-04-29 19:52:00,planned,CAL-01,3916.0
4304,34,2026-04-20 12:37:00,2026-04-20 14:57:00,unplanned,ELEC-01,
4305,3,2026-03-05 17:27:00,2026-03-05 19:12:00,planned,MAT-01,
4306,16,2026-05-19 05:06:00,2026-05-19 06:48:00,unplanned,CAL-01,4892.0
4307,8,2026-06-13 06:03:00,2026-06-13 08:24:00,planned,CAL-01,2603.0
4308,43,2026-01-04 22:40:00,2026-01-04 22:46:00,unplanned,MAT-01,
4309,10,2026-01-23 04:46:00,2026-01-23 06:06:00,unplanned,ELEC-01,543.0
4310,50,2026-06-07 00:45:00,2026-06-07 03:19:00,unplanned,ELEC-01,9588.0
4311,29,2026-01-02 06:55:00,2026-01-02 08:34:00,planned,ELEC-01,
4312,44,2026-03-25 08:10:00,2026-03-25 10:46:00,unplanned,MEC-01,7847.0
4313,36,2026-05-27 07:19:00,2026-05-27 09:49:00,planned,MEC-01,286.0
4314,13,2026-04-24 01:47:00,2026-04-24 04:39:00,planned,CAL-01,
4315,41,2026-06-04 19:05:00,2026-06-04 21:08:00,unplanned,MEC-01,1560.0
4316,24,2026-03-13 03:25:00,2026-03-13 06:01:00,unplanned,MEC-02,1153.0
4317,11,2026-05-05 20:22:00,2026-05-05 21:57:00,planned,ELEC-01,9345.0
4318,14,2026-05-15 05:49:00,2026-05-15 08:20:00,unplanned,MEC-02,
4319,17,2026-01-11 13:27:00,2026-01-11 13:51:00,unplanned,ELEC-01,2445.0
4320,14,2026-06-29 10:20:00,2026-06-29 11:33:00,planned,ELEC-01,2154.0
4321,18,2026-01-22 17:21:00,2026-01-22 19:33:00,unplanned,ELEC-01,
4322,33,2026-01-07 15:10:00,2026-01-07 16:27:00,unplanned,CAL-01,7747.0
4323,28,2026-05-16 11:29:00,2026-05-16 13:47:00,unplanned,CAL-01,7914.0
4324,44,2026-05-13 03:40:00,2026-05-13 06:23:00,unplanned,ELEC-01,5132.0
4325,38,2026-01-02 00:19:00,2026-01-02 01:44:00,unplanned,MEC-01,2307.0
4326,46,2026-06-20 12:32:00,2026-06-20 13:29:00,unplanned,CAL-01,2809.0
4327,21,2026-03-13 01:50:00,2026-03-13 04:27:00,unplanned,MEC-02,127.0
4328,40,2026-02-16 03:43:00,2026-02-16 04:11:00,unplanned,MAT-01,6256.0
4329,19,2026-05-05 17:53:00,2026-05-05 18:48:00,planned,MEC-02,1221.0
4330,39,2026-01-26 00:00:00,2026-01-26 02:50:00,planned,MEC-02,5529.0
4331,47,2026-01-12 21:05:00,2026-01-12 22:58:00,unplanned,CAL-01,
4332,17,2026-05-19 07:40:00,2026-05-19 08:55:00,unplanned,CAL-01,
4333,43,2026-04-12 03:47:00,2026-04-12 06:46:00,unplanned,MEC-01,327.0
4334,7,2026-05-14 09:28:00,2026-05-14 11:44:00,planned,MEC-01,
4335,38,2026-03-01 15:55:00,2026-03-01 18:13:00,unplanned,ELEC-01,4191.0
4336,50,2026-03-11 13:41:00,2026-03-11 13:49:00,unplanned,CAL-01,
4337,25,2026-01-10 09:43:00,2026-01-10 12:15:00,planned,MAT-01,
4338,50,2026-02-22 11:04:00,2026-02-22 13:47:00,planned,CAL-01,
4339,13,2026-04-26 19:50:00,2026-04-26 22:20:00,unplanned,MAT-01,
4340,14,2026-01-25 22:26:00,2026-01-26 01:24:00,unplanned,MAT-01,7059.0
4341,30,2026-06-27 04:38:00,2026-06-27 05:21:00,planned,ELEC-01,3859.0
4342,33,2026-06-04 02:36:00,2026-06-04 05:32:00,unplanned,CAL-01,3026.0
4343,28,2026-03-14 15:24:00,2026-03-14 17:20:00,unplanned,MAT-01,
4344,15,2026-04-08 13:45:00,2026-04-08 15:43:00,planned,CAL-01,9176.0
4345,20,2026-06-10 11:23:00,2026-06-10 12:48:00,planned,CAL-01,
4346,35,2026-06-03 08:46:00,2026-06-03 11:40:00,unplanned,MAT-01,
4347,28,2026-05-11 08:33:00,2026-05-11 10:09:00,unplanned,MAT-01,
4348,34,2026-05-04 17:20:00,2026-05-04 18:07:00,planned,MAT-01,4327.0
4349,15,2026-04-29 16:28:00,2026-04-29 18:52:00,planned,MEC-02,8696.0
4350,4,2026-02-24 02:41:00,2026-02-24 03:23:00,unplanned,MEC-01,2623.0
4351,24,2026-05-06 23:34:00,2026-05-07 02:05:00,planned,CAL-01,3186.0
4352,27,2026-03-24 05:05:00,2026-03-24 06:11:00,unplanned,CAL-01,
4353,46,2026-06-28 01:04:00,2026-06-28 03:45:00,unplanned,MEC-01,5662.0
4354,33,2026-06-01 11:22:00,2026-06-01 13:20:00,unplanned,CAL-01,
4355,23,2026-04-20 23:52:00,2026-04-21 01:51:00,unplanned,MAT-01,8326.0
4356,36,2026-01-05 22:53:00,2026-01-05 23:56:00,unplanned,ELEC-01,5866.0
4357,14,2026-04-10 04:20:00,2026-04-10 05:34:00,unplanned,MEC-01,
4358,35,2026-06-27 02:18:00,2026-06-27 04:14:00,planned,MAT-01,5125.0
4359,25,2026-06-25 08:00:00,2026-06-25 09:57:00,unplanned,MEC-02,
4360,39,2026-03-04 19:34:00,2026-03-04 22:17:00,planned,MEC-01,6599.0
4361,35,2026-05-20 04:59:00,2026-05-20 06:15:00,unplanned,ELEC-01,517.0
4362,17,2026-05-17 11:21:00,2026-05-17 13:47:00,unplanned,CAL-01,
4363,12,2026-05-09 03:28:00,2026-05-09 03:48:00,planned,MEC-01,
4364,13,2026-03-17 02:31:00,2026-03-17 04:23:00,planned,MAT-01,7301.0
4365,12,2026-03-19 12:22:00,2026-03-19 15:07:00,planned,ELEC-01,
4366,6,2026-05-29 22:02:00,2026-05-30 01:00:00,unplanned,CAL-01,5136.0
4367,6,2026-04-06 05:44:00,2026-04-06 06:32:00,unplanned,CAL-01,9497.0
4368,33,2026-04-02 13:29:00,2026-04-02 15:05:00,planned,MEC-02,8989.0
4369,37,2026-03-06 21:15:00,2026-03-06 23:17:00,unplanned,ELEC-01,5329.0
4370,9,2026-01-14 03:34:00,2026-01-14 04:05:00,unplanned,MAT-01,6546.0
4371,23,2026-03-27 18:05:00,2026-03-27 18:55:00,planned,MEC-01,1207.0
4372,30,2026-05-22 18:00:00,2026-05-22 19:51:00,planned,MAT-01,4498.0
4373,40,2026-05-30 09:56:00,2026-05-30 11:54:00,planned,ELEC-01,
4374,39,2026-04-07 08:48:00,2026-04-07 09:55:00,planned,MEC-01,
4375,5,2026-06-18 08:49:00,2026-06-18 11:48:00,unplanned,CAL-01,
4376,42,2026-03-18 23:02:00,2026-03-19 01:22:00,unplanned,MEC-01,
4377,36,2026-01-18 21:15:00,2026-01-18 21:47:00,planned,ELEC-01,8775.0
4378,4,2026-03-17 23:24:00,2026-03-18 01:43:00,planned,MAT-01,4813.0
4379,13,2026-06-01 19:28:00,2026-06-01 21:41:00,unplanned,MEC-02,2153.0
4380,7,2026-02-28 05:14:00,2026-02-28 06:29:00,planned,MEC-01,3568.0
4381,29,2026-06-28 06:33:00,2026-06-28 08:35:00,unplanned,CAL-01,
4382,24,2026-06-25 01:44:00,2026-06-25 03:19:00,unplanned,CAL-01,6938.0
4383,40,2026-04-27 07:47:00,2026-04-27 10:26:00,planned,MAT-01,8143.0
4384,32,2026-03-10 23:47:00,2026-03-11 00:55:00,unplanned,MEC-02,1827.0
4385,21,2026-01-09 11:25:00,2026-01-09 13:09:00,planned,MAT-01,2073.0
4386,22,2026-03-21 06:00:00,2026-03-21 06:30:00,unplanned,MAT-01,
4387,16,2026-05-11 07:25:00,2026-05-11 09:08:00,unplanned,MEC-02,
4388,40,2026-06-08 09:18:00,2026-06-08 10:14:00,unplanned,ELEC-01,5799.0
4389,14,2026-02-09 22:03:00,2026-02-09 22:41:00,unplanned,CAL-01,
4390,16,2026-01-08 13:33:00,2026-01-08 16:25:00,planned,MAT-01,8805.0
4391,48,2026-03-13 18:47:00,2026-03-13 20:42:00,unplanned,MEC-02,
4392,48,2026-04-23 01:01:00,2026-04-23 02:21:00,unplanned,MEC-01,9920.0
4393,45,2026-03-01 01:10:00,2026-03-01 02:11:00,unplanned,MEC-02,
4394,38,2026-01-16 11:41:00,2026-01-16 13:03:00,planned,MAT-01,3916.0
4395,50,2026-02-12 13:22:00,2026-02-12 13:57:00,unplanned,MEC-01,6227.0
4396,12,2026-06-23 13:07:00,2026-06-23 13:30:00,unplanned,MEC-02,
4397,13,2026-03-02 21:40:00,2026-03-02 23:50:00,planned,MAT-01,5811.0
4398,50,2026-06-16 21:50:00,2026-06-16 22:58:00,unplanned,MEC-01,2729.0
4399,11,2026-05-04 09:43:00,2026-05-04 11:56:00,unplanned,MEC-01,5310.0
4400,5,2026-01-04 21:49:00,2026-01-04 22:36:00,unplanned,ELEC-01,5051.0
4401,16,2026-03-22 19:11:00,2026-03-22 21:50:00,unplanned,MAT-01,
4402,38,2026-04-13 07:03:00,2026-04-13 09:42:00,unplanned,MEC-01,6704.0
4403,3,2026-03-19 04:42:00,2026-03-19 05:45:00,planned,MEC-02,3664.0
4404,40,2026-05-17 05:26:00,2026-05-17 06:33:00,unplanned,MEC-01,7064.0
4405,11,2026-04-01 19:47:00,2026-04-01 20:05:00,planned,MAT-01,3823.0
4406,13,2026-03-31 14:39:00,2026-03-31 17:01:00,planned,ELEC-01,4657.0
4407,26,2026-04-02 18:42:00,2026-04-02 21:26:00,planned,CAL-01,6225.0
4408,3,2026-03-17 00:40:00,2026-03-17 01:38:00,planned,MEC-01,3294.0
4409,9,2026-01-13 18:35:00,2026-01-13 18:40:00,planned,MEC-02,8342.0
4410,29,2026-03-13 12:14:00,2026-03-13 12:43:00,planned,ELEC-01,
4411,16,2026-01-13 07:11:00,2026-01-13 08:58:00,unplanned,MAT-01,4360.0
4412,17,2026-03-20 00:45:00,2026-03-20 02:26:00,unplanned,ELEC-01,
4413,38,2026-02-14 23:47:00,2026-02-14 23:56:00,unplanned,MEC-02,8996.0
4414,18,2026-01-20 07:30:00,2026-01-20 09:35:00,planned,MEC-01,4245.0
4415,29,2026-03-06 12:19:00,2026-03-06 13:13:00,unplanned,MEC-01,7964.0
4416,35,2026-05-28 22:08:00,2026-05-29 00:22:00,planned,CAL-01,4017.0
4417,41,2026-01-26 19:30:00,2026-01-26 20:43:00,unplanned,MEC-01,
4418,25,2026-03-13 13:03:00,2026-03-13 14:46:00,unplanned,MEC-02,4284.0
4419,1,2026-01-10 21:52:00,2026-01-11 00:35:00,planned,CAL-01,5939.0
4420,23,2026-06-04 08:50:00,2026-06-04 10:05:00,unplanned,MAT-01,8703.0
4421,47,2026-04-16 16:57:00,2026-04-16 18:41:00,planned,ELEC-01,4139.0
4422,4,2026-01-16 11:48:00,2026-01-16 14:37:00,planned,MEC-01,6379.0
4423,50,2026-03-12 04:07:00,2026-03-12 05:48:00,planned,MEC-01,
4424,46,2026-04-01 04:24:00,2026-04-01 06:30:00,unplanned,CAL-01,
4425,47,2026-06-02 22:08:00,2026-06-03 00:18:00,unplanned,MEC-02,3801.0
4426,1,2026-02-14 20:57:00,2026-02-14 23:49:00,unplanned,MEC-02,
4427,20,2026-03-09 19:28:00,2026-03-09 22:06:00,unplanned,MAT-01,6537.0
4428,29,2026-02-14 09:44:00,2026-02-14 11:15:00,unplanned,MEC-01,8741.0
4429,44,2026-03-06 02:38:00,2026-03-06 04:51:00,planned,ELEC-01,5714.0
4430,12,2026-01-13 05:16:00,2026-01-13 07:41:00,unplanned,ELEC-01,7049.0
4431,34,2026-06-02 08:49:00,2026-06-02 10:02:00,planned,CAL-01,8610.0
4432,38,2026-01-23 01:14:00,2026-01-23 02:22:00,planned,MEC-02,2031.0
4433,17,2026-04-09 22:28:00,2026-04-09 23:12:00,planned,CAL-01,8472.0
4434,28,2026-01-15 05:13:00,2026-01-15 06:00:00,unplanned,MAT-01,9593.0
4435,2,2026-01-18 21:55:00,2026-01-18 23:20:00,unplanned,MEC-01,6886.0
4436,50,2026-03-22 04:21:00,2026-03-22 06:00:00,planned,ELEC-01,
4437,1,2026-04-09 14:11:00,2026-04-09 15:31:00,planned,ELEC-01,9953.0
4438,45,2026-05-17 10:32:00,2026-05-17 12:03:00,unplanned,ELEC-01,2325.0
4439,46,2026-01-15 05:11:00,2026-01-15 06:02:00,unplanned,MEC-02,4653.0
4440,32,2026-04-14 01:00:00,2026-04-14 02:39:00,unplanned,CAL-01,4052.0
4441,45,2026-05-15 14:38:00,2026-05-15 15:55:00,unplanned,CAL-01,
4442,5,2026-06-15 21:53:00,2026-06-15 23:07:00,planned,CAL-01,2212.0
4443,47,2026-04-15 01:25:00,2026-04-15 03:55:00,unplanned,MAT-01,4803.0
4444,44,2026-02-10 13:13:00,2026-02-10 13:54:00,planned,MAT-01,2042.0
4445,42,2026-01-09 18:44:00,2026-01-09 20:13:00,planned,MEC-01,
4446,34,2026-01-03 00:11:00,2026-01-03 01:24:00,unplanned,MEC-02,
4447,5,2026-04-27 00:34:00,2026-04-27 01:53:00,planned,MEC-02,
4448,20,2026-02-02 21:48:00,2026-02-02 23:32:00,planned,ELEC-01,5250.0
4449,9,2026-01-13 21:28:00,2026-01-13 22:53:00,planned,CAL-01,
4450,2,2026-02-27 21:35:00,2026-02-28 00:02:00,unplanned,MEC-01,7064.0
4451,48,2026-03-25 20:25:00,2026-03-25 22:44:00,unplanned,CAL-01,
4452,14,2026-02-18 05:31:00,2026-02-18 08:04:00,unplanned,CAL-01,
4453,42,2026-06-10 01:53:00,2026-06-10 02:08:00,planned,MEC-01,7679.0
4454,19,2026-02-19 13:11:00,2026-02-19 15:15:00,unplanned,MAT-01,1413.0
4455,3,2026-04-27 08:05:00,2026-04-27 10:45:00,unplanned,MEC-01,
4456,40,2026-01-07 07:26:00,2026-01-07 08:55:00,planned,MAT-01,307.0
4457,11,2026-02-05 12:48:00,2026-02-05 13:50:00,unplanned,MAT-01,7780.0
4458,44,2026-06-12 02:01:00,2026-06-12 03:39:00,planned,CAL-01,6163.0
4459,12,2026-03-11 06:08:00,2026-03-11 08:41:00,unplanned,MAT-01,2145.0
4460,22,2026-03-13 21:40:00,2026-03-13 23:06:00,unplanned,MAT-01,
4461,28,2026-06-19 03:32:00,2026-06-19 04:11:00,unplanned,ELEC-01,
4462,30,2026-02-12 07:45:00,2026-02-12 09:45:00,unplanned,ELEC-01,159.0
4463,5,2026-06-29 19:29:00,2026-06-29 22:07:00,planned,MAT-01,
4464,47,2026-02-02 22:57:00,2026-02-02 23:19:00,unplanned,MEC-02,
4465,13,2026-05-23 15:57:00,2026-05-23 18:21:00,unplanned,ELEC-01,4035.0
4466,9,2026-02-20 12:20:00,2026-02-20 14:10:00,planned,MEC-02,
4467,34,2026-04-24 06:17:00,2026-04-24 08:34:00,planned,MEC-01,570.0
4468,35,2026-05-17 16:04:00,2026-05-17 17:24:00,unplanned,CAL-01,1954.0
4469,9,2026-06-11 03:17:00,2026-06-11 05:26:00,planned,MAT-01,693.0
4470,16,2026-02-09 20:19:00,2026-02-09 21:54:00,unplanned,ELEC-01,4001.0
4471,25,2026-06-26 11:59:00,2026-06-26 12:58:00,unplanned,MEC-02,8250.0
4472,9,2026-04-17 08:34:00,2026-04-17 09:53:00,unplanned,MEC-01,4045.0
4473,30,2026-04-26 20:06:00,2026-04-26 20:14:00,planned,MEC-02,6538.0
4474,17,2026-05-01 06:01:00,2026-05-01 07:38:00,planned,MEC-02,5164.0
4475,35,2026-06-18 10:45:00,2026-06-18 13:39:00,unplanned,MEC-01,9102.0
4476,12,2026-06-13 20:03:00,2026-06-13 23:02:00,planned,CAL-01,9510.0
4477,50,2026-04-04 22:44:00,2026-04-05 01:00:00,planned,MEC-02,2147.0
4478,28,2026-04-09 14:58:00,2026-04-09 16:29:00,planned,ELEC-01,
4479,38,2026-06-03 05:37:00,2026-06-03 06:13:00,unplanned,MEC-02,
4480,19,2026-04-14 00:29:00,2026-04-14 00:43:00,planned,MEC-01,2115.0
4481,19,2026-04-06 20:55:00,2026-04-06 23:44:00,planned,ELEC-01,
4482,26,2026-02-01 14:11:00,2026-02-01 16:36:00,planned,MEC-01,
4483,4,2026-06-19 16:01:00,2026-06-19 16:39:00,unplanned,CAL-01,7565.0
4484,7,2026-01-27 23:54:00,2026-01-28 02:43:00,unplanned,MEC-01,
4485,9,2026-06-17 08:11:00,2026-06-17 08:26:00,planned,MEC-02,
4486,27,2026-06-03 20:05:00,2026-06-03 21:42:00,planned,CAL-01,
4487,27,2026-02-11 23:32:00,2026-02-12 02:04:00,planned,CAL-01,5393.0
4488,35,2026-06-11 08:51:00,2026-06-11 10:59:00,planned,MEC-01,
4489,2,2026-01-09 07:41:00,2026-01-09 10:04:00,planned,MEC-02,1188.0
4490,26,2026-03-01 09:58:00,2026-03-01 12:28:00,planned,MAT-01,9196.0
4491,26,2026-05-17 12:26:00,2026-05-17 14:05:00,planned,MEC-02,
4492,35,2026-01-20 13:38:00,2026-01-20 15:30:00,planned,ELEC-01,1682.0
4493,8,2026-05-10 17:19:00,2026-05-10 18:18:00,unplanned,MEC-01,3673.0
4494,40,2026-02-11 09:40:00,2026-02-11 10:40:00,planned,MAT-01,3481.0
4495,19,2026-01-20 13:40:00,2026-01-20 14:05:00,unplanned,MAT-01,147.0
4496,1,2026-05-10 15:16:00,2026-05-10 17:54:00,planned,ELEC-01,9753.0
4497,15,2026-04-05 11:40:00,2026-04-05 13:17:00,unplanned,CAL-01,8692.0
4498,46,2026-02-10 22:12:00,2026-02-11 01:08:00,planned,CAL-01,8854.0
4499,6,2026-01-13 20:55:00,2026-01-13 22:26:00,unplanned,MEC-02,1883.0
4500,12,2026-06-01 19:25:00,2026-06-01 21:58:00,unplanned,MEC-02,7719.0
4501,37,2026-03-10 10:25:00,2026-03-10 10:57:00,planned,MAT-01,
4502,14,2026-06-29 03:33:00,2026-06-29 05:11:00,unplanned,MEC-02,805.0
4503,16,2026-06-20 21:27:00,2026-06-20 23:11:00,unplanned,MAT-01,830.0
4504,18,2026-02-12 02:13:00,2026-02-12 03:17:00,planned,CAL-01,
4505,29,2026-04-05 11:57:00,2026-04-05 14:57:00,unplanned,ELEC-01,3887.0
4506,13,2026-06-13 23:25:00,2026-06-14 00:56:00,unplanned,ELEC-01,
4507,27,2026-04-27 04:47:00,2026-04-27 05:07:00,planned,CAL-01,9780.0
4508,17,2026-05-30 22:25:00,2026-05-31 00:31:00,unplanned,MEC-02,
4509,17,2026-04-12 07:59:00,2026-04-12 09:52:00,planned,CAL-01,5397.0
4510,2,2026-03-27 20:38:00,2026-03-27 23:05:00,unplanned,MEC-01,
4511,47,2026-01-16 09:39:00,2026-01-16 11:18:00,planned,MEC-01,3395.0
4512,21,2026-02-15 23:55:00,2026-02-16 01:57:00,unplanned,CAL-01,
4513,46,2026-04-30 18:19:00,2026-04-30 20:49:00,planned,CAL-01,2773.0
4514,24,2026-03-27 18:21:00,2026-03-27 19:00:00,planned,CAL-01,7348.0
4515,25,2026-04-17 13:10:00,2026-04-17 14:58:00,planned,ELEC-01,
4516,49,2026-06-19 15:19:00,2026-06-19 15:29:00,unplanned,ELEC-01,2331.0
4517,16,2026-06-03 19:32:00,2026-06-03 19:44:00,planned,MAT-01,
4518,45,2026-04-16 18:14:00,2026-04-16 20:31:00,unplanned,MEC-01,
4519,26,2026-03-21 03:28:00,2026-03-21 06:10:00,unplanned,MEC-02,950.0
4520,17,2026-01-28 01:39:00,2026-01-28 02:54:00,planned,MEC-01,
4521,33,2026-04-11 07:45:00,2026-04-11 08:06:00,unplanned,CAL-01,2835.0
4522,49,2026-04-20 13:05:00,2026-04-20 15:53:00,planned,CAL-01,3217.0
4523,47,2026-01-09 21:13:00,2026-01-10 00:06:00,planned,CAL-01,7425.0
4524,24,2026-01-10 07:12:00,2026-01-10 09:48:00,planned,CAL-01,4970.0
4525,4,2026-03-24 08:31:00,2026-03-24 08:56:00,planned,MEC-01,7148.0
4526,11,2026-03-07 06:34:00,2026-03-07 07:09:00,unplanned,MAT-01,
4527,39,2026-06-23 08:58:00,2026-06-23 10:03:00,unplanned,MAT-01,7220.0
4528,37,2026-02-17 06:10:00,2026-02-17 07:29:00,unplanned,CAL-01,6861.0
4529,34,2026-04-21 22:38:00,2026-04-21 23:56:00,unplanned,MEC-02,7543.0
4530,12,2026-04-07 10:07:00,2026-04-07 11:55:00,planned,MEC-02,8019.0
4531,23,2026-04-18 05:49:00,2026-04-18 08:35:00,unplanned,CAL-01,826.0
4532,39,2026-01-19 21:01:00,2026-01-19 21:45:00,unplanned,MAT-01,6167.0
4533,39,2026-05-23 23:50:00,2026-05-24 01:46:00,planned,MAT-01,2125.0
4534,38,2026-03-05 00:23:00,2026-03-05 00:48:00,unplanned,MEC-02,
4535,6,2026-06-13 06:46:00,2026-06-13 08:18:00,unplanned,ELEC-01,5295.0
4536,28,2026-05-30 13:47:00,2026-05-30 16:36:00,unplanned,MAT-01,7641.0
4537,19,2026-01-18 18:28:00,2026-01-18 19:30:00,planned,CAL-01,4824.0
4538,3,2026-01-12 22:20:00,2026-01-12 22:41:00,planned,MEC-02,6579.0
4539,15,2026-04-08 15:05:00,2026-04-08 16:03:00,unplanned,MAT-01,
4540,32,2026-04-29 10:44:00,2026-04-29 11:33:00,planned,MAT-01,2410.0
4541,47,2026-02-06 22:22:00,2026-02-07 01:03:00,planned,ELEC-01,5007.0
4542,6,2026-05-07 05:28:00,2026-05-07 08:04:00,unplanned,MEC-02,6915.0
4543,32,2026-03-28 20:32:00,2026-03-28 20:44:00,planned,MAT-01,9551.0
4544,38,2026-05-16 18:41:00,2026-05-16 20:32:00,unplanned,MEC-02,7610.0
4545,18,2026-06-16 12:07:00,2026-06-16 12:36:00,unplanned,CAL-01,
4546,22,2026-06-29 02:21:00,2026-06-29 02:46:00,unplanned,MEC-01,9475.0
4547,9,2026-05-26 03:43:00,2026-05-26 06:41:00,unplanned,CAL-01,6788.0
4548,41,2026-01-03 21:18:00,2026-01-03 22:52:00,planned,CAL-01,
4549,5,2026-06-10 13:14:00,2026-06-10 14:49:00,unplanned,MEC-01,3465.0
4550,50,2026-03-29 21:29:00,2026-03-29 23:21:00,unplanned,MAT-01,5688.0
4551,49,2026-06-07 18:35:00,2026-06-07 19:02:00,unplanned,MEC-01,
4552,32,2026-03-19 19:05:00,2026-03-19 20:59:00,planned,MEC-02,3546.0
4553,43,2026-03-14 20:31:00,2026-03-14 23:12:00,planned,CAL-01,4282.0
4554,40,2026-03-07 01:12:00,2026-03-07 03:27:00,planned,MAT-01,
4555,1,2026-01-13 08:39:00,2026-01-13 09:31:00,unplanned,MEC-02,9383.0
4556,29,2026-06-02 04:58:00,2026-06-02 06:20:00,unplanned,MAT-01,6928.0
4557,42,2026-01-14 21:32:00,2026-01-14 22:51:00,planned,CAL-01,2913.0
4558,25,2026-03-11 17:05:00,2026-03-11 19:53:00,planned,MEC-01,4280.0
4559,15,2026-06-21 15:33:00,2026-06-21 17:02:00,unplanned,ELEC-01,9640.0
4560,5,2026-05-03 05:58:00,2026-05-03 06:17:00,unplanned,MAT-01,6288.0
4561,20,2026-02-01 19:02:00,2026-02-01 20:19:00,unplanned,MEC-02,8890.0
4562,7,2026-06-28 07:26:00,2026-06-28 10:18:00,unplanned,ELEC-01,1685.0
4563,5,2026-05-13 02:15:00,2026-05-13 02:35:00,unplanned,CAL-01,4146.0
4564,18,2026-02-19 20:04:00,2026-02-19 20:33:00,unplanned,MAT-01,
4565,13,2026-05-09 00:21:00,2026-05-09 01:15:00,unplanned,MEC-02,5107.0
4566,37,2026-03-09 21:49:00,2026-03-10 00:17:00,unplanned,MEC-02,2409.0
4567,4,2026-01-06 11:31:00,2026-01-06 12:59:00,unplanned,MAT-01,
4568,50,2026-06-06 07:23:00,2026-06-06 09:34:00,planned,CAL-01,1481.0
4569,14,2026-04-04 12:52:00,2026-04-04 15:12:00,planned,ELEC-01,
4570,38,2026-06-01 16:27:00,2026-06-01 18:05:00,planned,MEC-01,100.0
4571,35,2026-02-09 06:32:00,2026-02-09 07:09:00,unplanned,MEC-01,6072.0
4572,28,2026-05-09 00:01:00,2026-05-09 01:15:00,unplanned,MEC-01,
4573,48,2026-04-19 15:54:00,2026-04-19 18:06:00,unplanned,ELEC-01,2721.0
4574,10,2026-05-27 09:00:00,2026-05-27 11:40:00,unplanned,MAT-01,
4575,35,2026-03-15 08:51:00,2026-03-15 11:43:00,planned,CAL-01,6282.0
4576,25,2026-03-29 22:38:00,2026-03-29 23:29:00,planned,ELEC-01,
4577,22,2026-05-03 07:54:00,2026-05-03 08:01:00,planned,MAT-01,7183.0
4578,12,2026-04-03 21:24:00,2026-04-04 00:07:00,unplanned,MEC-01,
4579,41,2026-04-06 14:26:00,2026-04-06 15:11:00,planned,MEC-02,
4580,5,2026-05-18 15:43:00,2026-05-18 17:51:00,unplanned,ELEC-01,311.0
4581,10,2026-04-12 20:50:00,2026-04-12 21:21:00,planned,MEC-01,9343.0
4582,13,2026-03-18 15:47:00,2026-03-18 18:23:00,unplanned,CAL-01,7187.0
4583,16,2026-02-14 03:05:00,2026-02-14 03:56:00,unplanned,MAT-01,108.0
4584,11,2026-04-06 01:45:00,2026-04-06 03:36:00,planned,MAT-01,4743.0
4585,23,2026-05-31 07:42:00,2026-05-31 09:56:00,unplanned,CAL-01,4959.0
4586,37,2026-01-24 00:41:00,2026-01-24 03:25:00,unplanned,MEC-01,
4587,28,2026-06-09 12:21:00,2026-06-09 14:41:00,planned,MEC-02,24.0
4588,26,2026-04-17 08:06:00,2026-04-17 09:02:00,planned,MEC-01,5917.0
4589,2,2026-05-27 00:32:00,2026-05-27 02:35:00,unplanned,MEC-02,6219.0
4590,41,2026-02-28 07:11:00,2026-02-28 08:36:00,unplanned,MEC-02,7646.0
4591,5,2026-03-28 03:40:00,2026-03-28 05:59:00,unplanned,MEC-02,49.0
4592,40,2026-01-23 04:50:00,2026-01-23 07:24:00,unplanned,MAT-01,
4593,15,2026-03-15 15:13:00,2026-03-15 15:35:00,unplanned,MEC-02,7625.0
4594,22,2026-01-15 01:59:00,2026-01-15 02:16:00,planned,MEC-01,933.0
4595,49,2026-05-11 01:12:00,2026-05-11 02:09:00,unplanned,MAT-01,
4596,16,2026-01-25 01:58:00,2026-01-25 04:19:00,unplanned,ELEC-01,1994.0
4597,46,2026-06-14 18:30:00,2026-06-14 18:40:00,planned,CAL-01,
4598,3,2026-02-24 22:29:00,2026-02-24 23:09:00,planned,CAL-01,
4599,34,2026-05-31 09:51:00,2026-05-31 11:46:00,unplanned,MEC-01,2616.0
4600,2,2026-06-21 21:58:00,2026-06-22 00:25:00,unplanned,CAL-01,236.0
4601,45,2026-01-14 16:45:00,2026-01-14 17:54:00,planned,ELEC-01,2701.0
4602,49,2026-05-27 21:39:00,2026-05-27 22:02:00,planned,MEC-01,
4603,16,2026-04-14 13:19:00,2026-04-14 16:11:00,unplanned,CAL-01,
4604,36,2026-06-29 01:50:00,2026-06-29 03:11:00,unplanned,ELEC-01,2509.0
4605,19,2026-06-11 05:36:00,2026-06-11 08:20:00,unplanned,MEC-01,
4606,39,2026-06-02 14:52:00,2026-06-02 16:22:00,planned,MAT-01,9672.0
4607,21,2026-05-31 03:53:00,2026-05-31 06:43:00,unplanned,MAT-01,9165.0
4608,5,2026-02-13 17:30:00,2026-02-13 19:39:00,planned,MAT-01,7439.0
4609,11,2026-01-13 14:53:00,2026-01-13 17:51:00,planned,MEC-02,3003.0
4610,28,2026-05-22 23:23:00,2026-05-23 01:14:00,planned,ELEC-01,
4611,21,2026-04-25 01:19:00,2026-04-25 03:53:00,unplanned,CAL-01,3949.0
4612,39,2026-05-07 16:57:00,2026-05-07 17:47:00,planned,MAT-01,8609.0
4613,28,2026-02-28 16:51:00,2026-02-28 18:53:00,unplanned,ELEC-01,1548.0
4614,36,2026-05-08 15:38:00,2026-05-08 15:53:00,unplanned,MEC-01,4053.0
4615,1,2026-03-04 12:35:00,2026-03-04 13:02:00,unplanned,MEC-01,7528.0
4616,43,2026-05-28 05:20:00,2026-05-28 06:11:00,unplanned,CAL-01,7283.0
4617,34,2026-01-25 23:57:00,2026-01-26 02:15:00,planned,MEC-02,
4618,41,2026-03-28 23:56:00,2026-03-29 02:35:00,planned,ELEC-01,1922.0
4619,19,2026-05-16 04:57:00,2026-05-16 06:53:00,planned,ELEC-01,3204.0
4620,23,2026-04-26 13:35:00,2026-04-26 15:04:00,planned,MEC-01,
4621,45,2026-05-19 10:11:00,2026-05-19 12:54:00,planned,CAL-01,8407.0
4622,29,2026-03-23 15:53:00,2026-03-23 18:08:00,unplanned,MEC-01,1997.0
4623,34,2026-04-17 10:41:00,2026-04-17 11:28:00,planned,MEC-01,1335.0
4624,30,2026-02-20 09:00:00,2026-02-20 09:53:00,planned,ELEC-01,5348.0
4625,20,2026-01-27 11:42:00,2026-01-27 13:58:00,unplanned,CAL-01,951.0
4626,37,2026-06-09 15:00:00,2026-06-09 16:13:00,unplanned,CAL-01,
4627,42,2026-06-15 13:45:00,2026-06-15 15:58:00,planned,MAT-01,
4628,14,2026-04-21 13:52:00,2026-04-21 14:15:00,unplanned,ELEC-01,2959.0
4629,9,2026-02-13 21:59:00,2026-02-13 23:53:00,planned,MAT-01,4457.0
4630,23,2026-06-11 21:14:00,2026-06-11 23:03:00,unplanned,ELEC-01,343.0
4631,10,2026-02-17 02:43:00,2026-02-17 05:01:00,planned,MEC-01,
4632,36,2026-04-17 17:04:00,2026-04-17 17:44:00,planned,MAT-01,1904.0
4633,1,2026-01-20 01:43:00,2026-01-20 04:17:00,unplanned,MEC-01,3539.0
4634,16,2026-03-10 23:45:00,2026-03-11 01:17:00,unplanned,MAT-01,6664.0
4635,19,2026-02-07 21:11:00,2026-02-07 23:04:00,planned,MEC-02,9995.0
4636,21,2026-06-12 20:46:00,2026-06-12 23:36:00,planned,CAL-01,9287.0
4637,20,2026-02-20 20:12:00,2026-02-20 23:12:00,planned,MEC-02,4328.0
4638,32,2026-01-10 19:56:00,2026-01-10 22:35:00,planned,MAT-01,1934.0
4639,27,2026-04-07 18:12:00,2026-04-07 21:07:00,unplanned,MAT-01,
4640,31,2026-06-05 06:01:00,2026-06-05 06:35:00,unplanned,CAL-01,
4641,12,2026-04-13 05:58:00,2026-04-13 08:38:00,unplanned,CAL-01,
4642,39,2026-03-16 17:03:00,2026-03-16 17:24:00,unplanned,CAL-01,3273.0
4643,6,2026-05-14 05:49:00,2026-05-14 08:48:00,unplanned,MEC-02,4503.0
4644,35,2026-05-27 10:48:00,2026-05-27 13:30:00,planned,ELEC-01,5775.0
4645,3,2026-04-17 07:56:00,2026-04-17 08:49:00,planned,ELEC-01,8832.0
4646,4,2026-01-29 18:21:00,2026-01-29 18:56:00,planned,MEC-01,1544.0
4647,47,2026-04-11 14:47:00,2026-04-11 17:08:00,planned,CAL-01,1115.0
4648,6,2026-01-10 22:17:00,2026-01-11 00:50:00,planned,MEC-02,7019.0
4649,50,2026-04-01 01:07:00,2026-04-01 01:16:00,unplanned,MEC-02,9690.0
4650,1,2026-06-07 03:01:00,2026-06-07 04:40:00,planned,CAL-01,
4651,3,2026-02-01 03:10:00,2026-02-01 03:50:00,planned,MEC-02,8496.0
4652,17,2026-01-06 07:00:00,2026-01-06 09:47:00,planned,ELEC-01,9759.0
4653,44,2026-01-05 17:51:00,2026-01-05 19:19:00,unplanned,MEC-01,
4654,31,2026-05-25 01:46:00,2026-05-25 03:30:00,unplanned,MEC-01,9266.0
4655,15,2026-03-20 05:43:00,2026-03-20 07:52:00,unplanned,MAT-01,3553.0
4656,48,2026-01-12 05:24:00,2026-01-12 06:15:00,planned,MEC-02,8678.0
4657,45,2026-02-05 01:15:00,2026-02-05 04:14:00,planned,MEC-01,7640.0
4658,13,2026-03-28 16:15:00,2026-03-28 17:09:00,planned,MEC-01,7087.0
4659,49,2026-04-23 06:07:00,2026-04-23 08:12:00,planned,ELEC-01,3517.0
4660,47,2026-02-17 11:16:00,2026-02-17 12:39:00,unplanned,MEC-01,3840.0
4661,41,2026-01-19 22:57:00,2026-01-19 23:14:00,unplanned,MEC-02,5541.0
4662,45,2026-02-05 19:33:00,2026-02-05 21:18:00,planned,MEC-02,140.0
4663,23,2026-05-03 15:27:00,2026-05-03 16:11:00,planned,MEC-02,3738.0
4664,25,2026-05-03 06:49:00,2026-05-03 07:24:00,planned,CAL-01,4212.0
4665,2,2026-01-07 16:03:00,2026-01-07 18:19:00,planned,CAL-01,7673.0
4666,2,2026-03-30 06:41:00,2026-03-30 06:51:00,unplanned,ELEC-01,7959.0
4667,13,2026-04-08 22:07:00,2026-04-08 23:17:00,unplanned,MEC-02,2785.0
4668,7,2026-01-02 21:18:00,2026-01-02 23:08:00,unplanned,MEC-02,
4669,42,2026-01-10 06:06:00,2026-01-10 08:43:00,planned,CAL-01,
4670,12,2026-05-12 11:59:00,2026-05-12 13:38:00,unplanned,ELEC-01,6174.0
4671,16,2026-04-25 05:09:00,2026-04-25 06:49:00,planned,MAT-01,
4672,3,2026-03-18 22:35:00,2026-03-19 01:29:00,unplanned,CAL-01,
4673,28,2026-04-30 14:16:00,2026-04-30 15:25:00,unplanned,MEC-02,
4674,40,2026-06-15 09:40:00,2026-06-15 11:57:00,unplanned,CAL-01,
4675,41,2026-01-23 14:56:00,2026-01-23 15:37:00,unplanned,MEC-01,4856.0
4676,7,2026-05-27 22:29:00,2026-05-28 01:25:00,unplanned,MEC-02,2962.0
4677,3,2026-03-14 22:14:00,2026-03-15 01:00:00,planned,MEC-02,
4678,1,2026-06-13 11:04:00,2026-06-13 12:12:00,unplanned,ELEC-01,
4679,17,2026-02-05 21:08:00,2026-02-05 22:24:00,unplanned,ELEC-01,
4680,22,2026-02-25 19:46:00,2026-02-25 22:43:00,planned,MEC-01,2802.0
4681,22,2026-03-23 20:24:00,2026-03-23 21:20:00,unplanned,MEC-02,4960.0
4682,32,2026-03-01 16:31:00,2026-03-01 17:11:00,unplanned,MEC-01,6569.0
4683,39,2026-03-05 22:10:00,2026-03-05 22:30:00,planned,MEC-02,3535.0
4684,10,2026-06-11 01:09:00,2026-06-11 01:18:00,planned,ELEC-01,8106.0
4685,46,2026-04-14 16:33:00,2026-04-14 19:06:00,planned,MEC-02,
4686,38,2026-03-22 23:16:00,2026-03-23 01:27:00,planned,MAT-01,3362.0
4687,22,2026-04-14 01:23:00,2026-04-14 01:55:00,planned,MEC-02,3622.0
4688,36,2026-05-29 14:44:00,2026-05-29 16:24:00,unplanned,ELEC-01,
4689,17,2026-04-22 17:48:00,2026-04-22 18:33:00,unplanned,MEC-01,6785.0
4690,45,2026-05-25 18:56:00,2026-05-25 19:56:00,unplanned,MAT-01,5625.0
4691,45,2026-06-14 05:25:00,2026-06-14 07:45:00,planned,MEC-01,
4692,31,2026-01-29 03:11:00,2026-01-29 05:19:00,planned,ELEC-01,8965.0
4693,6,2026-03-03 10:32:00,2026-03-03 11:29:00,planned,MAT-01,6825.0
4694,46,2026-02-20 23:24:00,2026-02-21 01:55:00,unplanned,ELEC-01,8251.0
4695,33,2026-05-25 18:58:00,2026-05-25 20:55:00,planned,MEC-02,7730.0
4696,14,2026-06-17 05:21:00,2026-06-17 07:36:00,unplanned,MAT-01,1969.0
4697,29,2026-01-25 04:34:00,2026-01-25 05:22:00,unplanned,MEC-02,9939.0
4698,23,2026-02-01 21:39:00,2026-02-01 22:35:00,planned,CAL-01,9279.0
4699,45,2026-01-27 08:02:00,2026-01-27 10:28:00,planned,MEC-01,
4700,30,2026-01-08 21:10:00,2026-01-08 21:44:00,planned,ELEC-01,9720.0
4701,28,2026-06-08 19:47:00,2026-06-08 20:56:00,unplanned,MEC-01,
4702,50,2026-05-01 18:13:00,2026-05-01 19:17:00,planned,ELEC-01,2106.0
4703,37,2026-06-26 18:26:00,2026-06-26 19:26:00,planned,CAL-01,3766.0
4704,33,2026-01-06 14:24:00,2026-01-06 14:55:00,planned,MEC-01,7075.0
4705,5,2026-03-18 01:38:00,2026-03-18 03:09:00,planned,ELEC-01,1844.0
4706,4,2026-01-31 02:54:00,2026-01-31 03:59:00,unplanned,MEC-01,7167.0
4707,16,2026-06-25 17:59:00,2026-06-25 19:56:00,unplanned,ELEC-01,7931.0
4708,25,2026-04-08 14:52:00,2026-04-08 15:43:00,unplanned,CAL-01,1238.0
4709,44,2026-04-30 07:47:00,2026-04-30 10:22:00,planned,CAL-01,5260.0
4710,44,2026-05-14 06:57:00,2026-05-14 08:19:00,unplanned,MEC-02,3072.0
4711,11,2026-06-02 09:12:00,2026-06-02 10:56:00,unplanned,MAT-01,8954.0
4712,37,2026-03-17 18:17:00,2026-03-17 20:13:00,planned,MEC-01,
4713,35,2026-05-26 22:40:00,2026-05-26 23:45:00,planned,CAL-01,
4714,37,2026-03-02 10:12:00,2026-03-02 12:21:00,unplanned,ELEC-01,1747.0
4715,4,2026-01-09 11:00:00,2026-01-09 12:54:00,unplanned,MAT-01,
4716,11,2026-06-04 20:08:00,2026-06-04 20:25:00,planned,CAL-01,
4717,45,2026-01-03 19:16:00,2026-01-03 20:34:00,planned,MAT-01,
4718,8,2026-03-04 08:08:00,2026-03-04 09:20:00,planned,MAT-01,3963.0
4719,16,2026-04-22 07:51:00,2026-04-22 09:52:00,planned,CAL-01,5948.0
4720,1,2026-04-17 16:10:00,2026-04-17 19:00:00,planned,ELEC-01,5267.0
4721,35,2026-06-21 09:18:00,2026-06-21 10:48:00,unplanned,MEC-01,
4722,21,2026-01-13 06:55:00,2026-01-13 07:46:00,planned,ELEC-01,
4723,49,2026-02-07 05:55:00,2026-02-07 06:33:00,planned,CAL-01,1372.0
4724,20,2026-02-27 05:15:00,2026-02-27 06:03:00,unplanned,CAL-01,
4725,1,2026-02-20 06:15:00,2026-02-20 08:30:00,unplanned,MEC-02,4327.0
4726,24,2026-05-03 16:21:00,2026-05-03 18:41:00,unplanned,ELEC-01,
4727,43,2026-02-24 22:24:00,2026-02-25 01:10:00,planned,MAT-01,
4728,11,2026-05-05 16:48:00,2026-05-05 18:57:00,unplanned,MEC-01,6808.0
4729,22,2026-05-05 00:54:00,2026-05-05 02:43:00,planned,CAL-01,9985.0
4730,24,2026-05-25 00:22:00,2026-05-25 01:29:00,unplanned,ELEC-01,6169.0
4731,30,2026-05-23 13:06:00,2026-05-23 13:38:00,planned,CAL-01,
4732,25,2026-03-29 17:17:00,2026-03-29 18:25:00,unplanned,MAT-01,32.0
4733,3,2026-03-23 03:24:00,2026-03-23 05:12:00,planned,MEC-01,4739.0
4734,12,2026-05-25 03:46:00,2026-05-25 05:41:00,planned,MEC-02,6930.0
4735,20,2026-06-19 07:47:00,2026-06-19 08:31:00,unplanned,ELEC-01,
4736,19,2026-02-18 02:26:00,2026-02-18 04:03:00,planned,MEC-02,5048.0
4737,30,2026-03-05 22:17:00,2026-03-06 00:43:00,unplanned,CAL-01,6405.0
4738,32,2026-01-30 10:35:00,2026-01-30 11:56:00,planned,MEC-01,5194.0
4739,7,2026-03-01 17:12:00,2026-03-01 18:17:00,planned,MEC-02,6992.0
4740,7,2026-02-08 15:27:00,2026-02-08 15:54:00,unplanned,MEC-02,2600.0
4741,2,2026-04-23 12:47:00,2026-04-23 14:21:00,planned,ELEC-01,
4742,9,2026-06-16 09:29:00,2026-06-16 12:20:00,unplanned,MAT-01,345.0
4743,13,2026-02-02 03:26:00,2026-02-02 05:27:00,planned,MEC-02,560.0
4744,21,2026-02-09 11:49:00,2026-02-09 11:59:00,planned,MEC-01,5486.0
4745,2,2026-02-23 23:48:00,2026-02-24 02:13:00,planned,MEC-02,2233.0
4746,17,2026-04-29 22:51:00,2026-04-30 00:38:00,unplanned,MEC-02,9210.0
4747,20,2026-02-05 02:00:00,2026-02-05 03:18:00,planned,MAT-01,1332.0
4748,28,2026-05-28 16:17:00,2026-05-28 18:01:00,planned,CAL-01,6860.0
4749,18,2026-01-23 23:13:00,2026-01-24 00:13:00,planned,MEC-02,9209.0
4750,21,2026-04-21 08:14:00,2026-04-21 10:51:00,unplanned,MAT-01,
4751,23,2026-04-05 15:10:00,2026-04-05 17:21:00,planned,MAT-01,1951.0
4752,31,2026-03-14 00:12:00,2026-03-14 00:38:00,planned,MEC-02,7093.0
4753,43,2026-05-16 16:33:00,2026-05-16 18:33:00,planned,ELEC-01,1565.0
4754,42,2026-01-07 07:01:00,2026-01-07 08:39:00,planned,CAL-01,
4755,16,2026-04-28 05:33:00,2026-04-28 07:06:00,planned,MEC-01,1731.0
4756,12,2026-02-03 12:12:00,2026-02-03 13:01:00,planned,ELEC-01,
4757,47,2026-02-28 07:09:00,2026-02-28 07:22:00,unplanned,MEC-01,
4758,45,2026-04-20 01:14:00,2026-04-20 02:23:00,planned,MEC-02,2809.0
4759,47,2026-03-29 06:44:00,2026-03-29 09:01:00,planned,ELEC-01,9732.0
4760,35,2026-02-16 14:36:00,2026-02-16 15:01:00,unplanned,ELEC-01,2032.0
4761,45,2026-01-20 18:56:00,2026-01-20 19:31:00,planned,MAT-01,4555.0
4762,24,2026-03-21 00:07:00,2026-03-21 02:43:00,unplanned,CAL-01,5645.0
4763,15,2026-03-28 10:14:00,2026-03-28 12:28:00,planned,MAT-01,7402.0
4764,26,2026-01-22 23:23:00,2026-01-23 01:08:00,planned,MAT-01,
4765,42,2026-04-13 09:08:00,2026-04-13 10:57:00,planned,ELEC-01,
4766,18,2026-04-02 03:47:00,2026-04-02 05:19:00,planned,MAT-01,
4767,47,2026-01-12 08:44:00,2026-01-12 11:27:00,planned,ELEC-01,1820.0
4768,28,2026-02-25 11:21:00,2026-02-25 13:04:00,planned,MEC-01,
4769,9,2026-01-06 11:52:00,2026-01-06 12:14:00,planned,MAT-01,
4770,10,2026-06-03 16:32:00,2026-06-03 17:43:00,unplanned,ELEC-01,9046.0
4771,27,2026-05-15 18:16:00,2026-05-15 20:45:00,unplanned,ELEC-01,1861.0
4772,32,2026-03-17 07:37:00,2026-03-17 08:27:00,unplanned,MAT-01,3330.0
4773,44,2026-06-04 12:27:00,2026-06-04 12:49:00,planned,ELEC-01,7330.0
4774,15,2026-06-17 11:39:00,2026-06-17 11:47:00,unplanned,ELEC-01,2867.0
4775,47,2026-06-25 03:59:00,2026-06-25 05:16:00,unplanned,ELEC-01,1518.0
4776,30,2026-02-03 18:41:00,2026-02-03 20:23:00,planned,MAT-01,
4777,16,2026-03-09 21:13:00,2026-03-10 00:07:00,planned,ELEC-01,4885.0
4778,2,2026-04-29 04:47:00,2026-04-29 07:14:00,unplanned,ELEC-01,8999.0
4779,8,2026-04-21 02:51:00,2026-04-21 04:11:00,planned,MAT-01,9058.0
4780,13,2026-05-09 09:09:00,2026-05-09 11:30:00,planned,MEC-01,
4781,13,2026-06-11 22:58:00,2026-06-11 23:40:00,planned,MEC-01,6127.0
4782,42,2026-01-05 18:03:00,2026-01-05 20:14:00,planned,MAT-01,6204.0
4783,2,2026-03-16 20:30:00,2026-03-16 23:21:00,planned,MEC-02,5590.0
4784,34,2026-03-23 01:20:00,2026-03-23 02:49:00,planned,MEC-01,2769.0
4785,12,2026-06-23 17:38:00,2026-06-23 19:17:00,unplanned,MEC-02,
4786,45,2026-03-19 04:03:00,2026-03-19 05:16:00,unplanned,MEC-01,1283.0
4787,22,2026-01-21 09:36:00,2026-01-21 09:51:00,unplanned,MEC-01,7748.0
4788,40,2026-04-24 16:57:00,2026-04-24 19:11:00,planned,MAT-01,
4789,43,2026-01-07 05:11:00,2026-01-07 05:17:00,planned,MEC-02,753.0
4790,38,2026-06-28 06:49:00,2026-06-28 07:18:00,unplanned,MEC-01,2472.0
4791,29,2026-01-09 21:26:00,2026-01-09 22:56:00,planned,MAT-01,4297.0
4792,50,2026-04-28 20:47:00,2026-04-28 23:17:00,unplanned,MEC-02,2632.0
4793,34,2026-03-14 23:34:00,2026-03-15 01:50:00,planned,MAT-01,
4794,4,2026-05-03 15:32:00,2026-05-03 15:43:00,unplanned,MEC-02,3935.0
4795,40,2026-01-22 10:22:00,2026-01-22 11:00:00,planned,CAL-01,5565.0
4796,19,2026-04-06 11:12:00,2026-04-06 11:53:00,unplanned,MEC-02,
4797,44,2026-01-03 20:43:00,2026-01-03 20:51:00,unplanned,ELEC-01,
4798,17,2026-03-08 21:10:00,2026-03-08 23:56:00,planned,MAT-01,2049.0
4799,49,2026-03-11 15:52:00,2026-03-11 16:23:00,planned,MEC-01,6032.0
4800,14,2026-04-17 19:31:00,2026-04-17 20:34:00,planned,CAL-01,2000.0
4801,20,2026-06-04 07:09:00,2026-06-04 09:28:00,unplanned,ELEC-01,8667.0
4802,48,2026-03-27 11:58:00,2026-03-27 13:00:00,planned,ELEC-01,
4803,31,2026-02-06 15:41:00,2026-02-06 16:13:00,planned,MAT-01,
4804,29,2026-01-09 22:49:00,2026-01-09 23:03:00,unplanned,MAT-01,1093.0
4805,4,2026-03-28 16:54:00,2026-03-28 18:35:00,planned,MEC-02,8988.0
4806,17,2026-01-19 05:31:00,2026-01-19 07:34:00,planned,MEC-01,4247.0
4807,36,2026-03-30 13:06:00,2026-03-30 15:13:00,planned,MEC-02,
4808,31,2026-03-13 10:24:00,2026-03-13 11:04:00,planned,MEC-02,
4809,13,2026-02-19 21:37:00,2026-02-19 23:17:00,planned,MAT-01,6514.0
4810,44,2026-05-13 18:10:00,2026-05-13 20:29:00,planned,MAT-01,
4811,18,2026-03-18 20:52:00,2026-03-18 22:36:00,planned,CAL-01,4085.0
4812,47,2026-06-12 01:35:00,2026-06-12 02:40:00,unplanned,MEC-02,
4813,30,2026-06-13 09:55:00,2026-06-13 12:30:00,planned,MEC-01,7871.0
4814,41,2026-06-17 03:33:00,2026-06-17 06:26:00,unplanned,MEC-01,5552.0
4815,4,2026-05-18 10:29:00,2026-05-18 13:14:00,planned,ELEC-01,2133.0
4816,38,2026-01-30 04:25:00,2026-01-30 06:09:00,planned,ELEC-01,4948.0
4817,49,2026-01-17 01:12:00,2026-01-17 02:28:00,unplanned,MAT-01,
4818,8,2026-06-27 23:57:00,2026-06-28 00:22:00,unplanned,MAT-01,
4819,9,2026-05-07 06:34:00,2026-05-07 06:59:00,planned,MAT-01,
4820,30,2026-03-28 04:16:00,2026-03-28 04:31:00,unplanned,MEC-01,7279.0
4821,17,2026-03-16 07:27:00,2026-03-16 08:55:00,planned,MEC-01,
4822,3,2026-04-28 15:04:00,2026-04-28 16:47:00,planned,MEC-01,6567.0
4823,28,2026-02-02 20:18:00,2026-02-02 20:30:00,planned,MEC-02,
4824,1,2026-02-22 10:46:00,2026-02-22 13:02:00,planned,ELEC-01,4244.0
4825,23,2026-05-08 02:30:00,2026-05-08 03:08:00,planned,MEC-02,940.0
4826,16,2026-06-03 13:15:00,2026-06-03 13:55:00,unplanned,CAL-01,8269.0
4827,36,2026-03-03 12:25:00,2026-03-03 14:30:00,planned,MEC-02,5299.0
4828,15,2026-02-14 22:32:00,2026-02-15 01:10:00,unplanned,MEC-01,233.0
4829,2,2026-03-11 23:40:00,2026-03-12 02:01:00,unplanned,MEC-02,9663.0
4830,32,2026-06-03 20:16:00,2026-06-03 23:07:00,planned,CAL-01,5570.0
4831,20,2026-01-30 20:17:00,2026-01-30 21:46:00,planned,MEC-01,
4832,31,2026-02-12 20:02:00,2026-02-12 21:13:00,unplanned,ELEC-01,8545.0
4833,13,2026-02-03 07:08:00,2026-02-03 08:02:00,unplanned,MEC-02,
4834,20,2026-01-01 21:11:00,2026-01-01 22:02:00,planned,MAT-01,4794.0
4835,15,2026-01-05 04:30:00,2026-01-05 05:06:00,unplanned,MEC-02,7314.0
4836,3,2026-02-12 20:15:00,2026-02-12 22:21:00,unplanned,ELEC-01,
4837,36,2026-01-30 10:03:00,2026-01-30 10:54:00,planned,MEC-02,
4838,23,2026-06-25 20:39:00,2026-06-25 22:19:00,unplanned,MEC-02,
4839,23,2026-03-15 03:36:00,2026-03-15 03:49:00,unplanned,CAL-01,
4840,25,2026-04-16 07:37:00,2026-04-16 09:08:00,unplanned,MEC-01,9089.0
4841,9,2026-02-03 22:19:00,2026-02-03 22:52:00,unplanned,CAL-01,8497.0
4842,33,2026-06-09 16:51:00,2026-06-09 17:02:00,unplanned,ELEC-01,2992.0
4843,46,2026-04-22 11:51:00,2026-04-22 12:30:00,planned,MAT-01,2070.0
4844,1,2026-02-26 12:42:00,2026-02-26 15:02:00,unplanned,MEC-02,8998.0
4845,13,2026-04-09 23:14:00,2026-04-10 01:04:00,unplanned,CAL-01,5690.0
4846,48,2026-03-10 10:26:00,2026-03-10 11:41:00,unplanned,MEC-01,2722.0
4847,35,2026-03-29 06:35:00,2026-03-29 07:37:00,unplanned,ELEC-01,3774.0
4848,17,2026-06-02 05:18:00,2026-06-02 05:29:00,unplanned,ELEC-01,3385.0
4849,8,2026-05-25 21:17:00,2026-05-25 22:21:00,unplanned,CAL-01,
4850,39,2026-04-14 19:50:00,2026-04-14 21:59:00,planned,MEC-02,
4851,31,2026-04-17 08:20:00,2026-04-17 10:38:00,planned,MEC-02,4570.0
4852,46,2026-02-28 01:53:00,2026-02-28 04:13:00,planned,MEC-02,679.0
4853,49,2026-04-11 18:28:00,2026-04-11 20:58:00,planned,MAT-01,
4854,31,2026-02-20 06:41:00,2026-02-20 08:26:00,unplanned,MEC-02,6603.0
4855,44,2026-05-21 18:51:00,2026-05-21 20:16:00,unplanned,MEC-02,443.0
4856,17,2026-04-07 20:46:00,2026-04-07 22:21:00,planned,MEC-02,2645.0
4857,15,2026-06-10 12:03:00,2026-06-10 14:57:00,unplanned,MAT-01,7861.0
4858,47,2026-03-08 11:27:00,2026-03-08 14:08:00,planned,MEC-02,4360.0
4859,12,2026-02-04 22:25:00,2026-02-04 23:52:00,planned,ELEC-01,9075.0
4860,4,2026-06-06 05:21:00,2026-06-06 06:11:00,planned,MEC-02,5134.0
4861,9,2026-06-26 02:23:00,2026-06-26 03:58:00,unplanned,ELEC-01,
4862,50,2026-02-04 04:52:00,2026-02-04 06:47:00,planned,MEC-01,2573.0
4863,10,2026-06-23 14:32:00,2026-06-23 17:05:00,planned,MAT-01,
4864,39,2026-03-02 20:24:00,2026-03-02 21:44:00,unplanned,MEC-02,
4865,43,2026-03-05 05:45:00,2026-03-05 07:08:00,unplanned,MEC-01,731.0
4866,2,2026-01-06 01:25:00,2026-01-06 02:42:00,unplanned,MAT-01,9920.0
4867,4,2026-05-20 23:07:00,2026-05-21 01:47:00,planned,MEC-01,8585.0
4868,33,2026-05-17 05:31:00,2026-05-17 06:15:00,unplanned,ELEC-01,8950.0
4869,24,2026-02-13 09:16:00,2026-02-13 11:02:00,unplanned,MAT-01,5468.0
4870,19,2026-06-15 20:21:00,2026-06-15 23:13:00,planned,MEC-01,7316.0
4871,12,2026-04-03 07:47:00,2026-04-03 08:00:00,unplanned,MEC-01,7660.0
4872,13,2026-04-30 21:25:00,2026-04-30 23:23:00,unplanned,MEC-01,2200.0
4873,49,2026-03-10 06:57:00,2026-03-10 07:14:00,planned,MEC-01,8148.0
4874,10,2026-01-14 23:03:00,2026-01-14 23:17:00,unplanned,MAT-01,1454.0
4875,8,2026-04-13 22:08:00,2026-04-14 00:58:00,unplanned,MEC-02,2641.0
4876,49,2026-06-17 21:18:00,2026-06-17 21:44:00,unplanned,MEC-01,
4877,19,2026-01-13 00:36:00,2026-01-13 03:19:00,planned,MEC-01,6704.0
4878,39,2026-06-21 06:42:00,2026-06-21 08:41:00,unplanned,MAT-01,
4879,32,2026-02-09 07:06:00,2026-02-09 07:11:00,unplanned,MAT-01,
4880,26,2026-05-18 13:47:00,2026-05-18 15:52:00,planned,MAT-01,7870.0
4881,31,2026-03-13 12:00:00,2026-03-13 14:53:00,planned,MAT-01,
4882,9,2026-03-24 07:00:00,2026-03-24 08:19:00,planned,CAL-01,1750.0
4883,3,2026-04-23 17:15:00,2026-04-23 20:09:00,planned,MEC-02,6407.0
4884,17,2026-06-09 17:59:00,2026-06-09 19:30:00,planned,MAT-01,7209.0
4885,33,2026-06-28 21:06:00,2026-06-28 21:44:00,planned,MEC-01,
4886,5,2026-01-18 23:15:00,2026-01-19 00:37:00,unplanned,MAT-01,
4887,50,2026-05-11 05:58:00,2026-05-11 07:01:00,planned,ELEC-01,3953.0
4888,14,2026-04-03 08:18:00,2026-04-03 09:52:00,unplanned,MEC-02,7413.0
4889,16,2026-06-25 01:43:00,2026-06-25 01:55:00,unplanned,MEC-02,1002.0
4890,17,2026-04-10 08:49:00,2026-04-10 10:41:00,planned,MAT-01,4328.0
4891,46,2026-05-19 02:44:00,2026-05-19 02:58:00,planned,MEC-02,
4892,19,2026-05-06 00:29:00,2026-05-06 00:56:00,unplanned,MEC-02,3663.0
4893,19,2026-02-01 06:22:00,2026-02-01 08:11:00,planned,MAT-01,8023.0
4894,24,2026-05-30 13:33:00,2026-05-30 16:26:00,planned,MEC-01,2523.0
4895,37,2026-02-07 21:14:00,2026-02-07 21:55:00,unplanned,CAL-01,
4896,10,2026-05-12 02:53:00,2026-05-12 03:56:00,unplanned,CAL-01,2002.0
4897,14,2026-04-10 01:34:00,2026-04-10 03:44:00,unplanned,ELEC-01,3573.0
4898,25,2026-01-28 03:40:00,2026-01-28 05:50:00,unplanned,MEC-02,
4899,41,2026-06-11 09:15:00,2026-06-11 12:09:00,planned,ELEC-01,
4900,41,2026-03-09 20:55:00,2026-03-09 23:53:00,unplanned,MAT-01,7327.0
4901,8,2026-03-11 20:31:00,2026-03-11 20:54:00,planned,MAT-01,9274.0
4902,14,2026-05-20 19:42:00,2026-05-20 20:11:00,planned,MEC-02,
4903,37,2026-02-27 03:11:00,2026-02-27 04:42:00,planned,MEC-02,
4904,39,2026-06-28 04:37:00,2026-06-28 07:29:00,planned,ELEC-01,
4905,32,2026-05-10 09:07:00,2026-05-10 10:01:00,planned,ELEC-01,394.0
4906,9,2026-06-17 17:53:00,2026-06-17 19:16:00,planned,MEC-02,5879.0
4907,24,2026-03-31 05:13:00,2026-03-31 08:10:00,planned,MEC-02,9147.0
4908,45,2026-01-31 06:30:00,2026-01-31 08:07:00,planned,MEC-01,8144.0
4909,2,2026-01-31 06:01:00,2026-01-31 06:52:00,planned,MEC-01,7481.0
4910,8,2026-01-27 09:57:00,2026-01-27 11:41:00,unplanned,MEC-01,
4911,4,2026-03-19 23:53:00,2026-03-20 01:25:00,planned,MEC-02,9548.0
4912,21,2026-06-17 03:50:00,2026-06-17 05:14:00,planned,MEC-01,
4913,32,2026-02-06 22:53:00,2026-02-07 00:50:00,unplanned,ELEC-01,3098.0
4914,6,2026-01-01 13:08:00,2026-01-01 15:34:00,planned,ELEC-01,6960.0
4915,10,2026-05-05 22:39:00,2026-05-05 23:21:00,unplanned,ELEC-01,7717.0
4916,21,2026-06-29 00:00:00,2026-06-29 02:09:00,unplanned,CAL-01,
4917,35,2026-04-25 16:32:00,2026-04-25 18:14:00,unplanned,CAL-01,1131.0
4918,39,2026-02-08 23:34:00,2026-02-09 02:06:00,planned,ELEC-01,7837.0
4919,37,2026-06-15 04:26:00,2026-06-15 06:06:00,planned,MEC-01,6050.0
4920,3,2026-02-26 08:09:00,2026-02-26 09:23:00,unplanned,CAL-01,3463.0
4921,22,2026-02-08 16:55:00,2026-02-08 17:34:00,unplanned,MEC-02,
4922,8,2026-06-07 04:45:00,2026-06-07 07:01:00,unplanned,MAT-01,9617.0
4923,31,2026-02-17 13:25:00,2026-02-17 14:57:00,unplanned,ELEC-01,6657.0
4924,3,2026-02-08 22:17:00,2026-02-09 00:47:00,unplanned,MEC-01,6719.0
4925,21,2026-01-06 10:17:00,2026-01-06 13:01:00,unplanned,CAL-01,
4926,49,2026-03-18 23:13:00,2026-03-18 23:24:00,unplanned,MEC-02,8905.0
4927,50,2026-06-28 07:58:00,2026-06-28 10:56:00,unplanned,MAT-01,6984.0
4928,16,2026-05-19 04:51:00,2026-05-19 07:21:00,planned,ELEC-01,4297.0
4929,13,2026-02-10 22:00:00,2026-02-11 00:40:00,unplanned,MEC-02,
4930,5,2026-04-16 08:47:00,2026-04-16 09:06:00,unplanned,MEC-01,7361.0
4931,19,2026-04-18 02:47:00,2026-04-18 05:04:00,planned,ELEC-01,8808.0
4932,38,2026-02-24 10:52:00,2026-02-24 12:51:00,planned,CAL-01,
4933,30,2026-03-17 09:30:00,2026-03-17 11:52:00,unplanned,CAL-01,
4934,35,2026-01-14 18:08:00,2026-01-14 20:45:00,unplanned,MEC-02,9574.0
4935,50,2026-01-04 06:08:00,2026-01-04 08:35:00,unplanned,ELEC-01,2387.0
4936,17,2026-03-06 06:25:00,2026-03-06 08:06:00,planned,ELEC-01,
4937,8,2026-05-23 04:12:00,2026-05-23 06:22:00,planned,MEC-02,2714.0
4938,33,2026-02-03 21:35:00,2026-02-03 23:41:00,planned,MEC-02,9905.0
4939,4,2026-06-29 10:16:00,2026-06-29 12:35:00,planned,ELEC-01,
4940,33,2026-06-23 09:43:00,2026-06-23 11:47:00,planned,ELEC-01,3001.0
4941,14,2026-02-01 07:45:00,2026-02-01 10:08:00,planned,MEC-02,8753.0
4942,23,2026-01-01 01:55:00,2026-01-01 02:34:00,planned,MEC-01,7100.0
4943,21,2026-05-13 09:36:00,2026-05-13 10:33:00,unplanned,CAL-01,6451.0
4944,11,2026-05-06 14:09:00,2026-05-06 15:32:00,planned,MEC-02,9144.0
4945,24,2026-02-01 04:59:00,2026-02-01 06:43:00,planned,MAT-01,7690.0
4946,48,2026-01-11 14:22:00,2026-01-11 15:51:00,planned,MEC-02,9514.0
4947,24,2026-02-11 16:28:00,2026-02-11 19:12:00,planned,ELEC-01,3265.0
4948,15,2026-04-17 01:06:00,2026-04-17 02:17:00,unplanned,CAL-01,9045.0
4949,33,2026-01-11 04:29:00,2026-01-11 04:52:00,unplanned,CAL-01,
4950,21,2026-01-28 02:11:00,2026-01-28 03:47:00,planned,MAT-01,1766.0
4951,45,2026-03-12 22:05:00,2026-03-12 23:10:00,unplanned,MAT-01,7539.0
4952,27,2026-06-01 11:09:00,2026-06-01 12:40:00,planned,MEC-02,
4953,6,2026-06-22 13:57:00,2026-06-22 16:09:00,planned,MEC-01,4131.0
4954,4,2026-03-17 13:10:00,2026-03-17 14:56:00,planned,CAL-01,1467.0
4955,21,2026-03-11 13:34:00,2026-03-11 15:52:00,unplanned,MAT-01,196.0
4956,14,2026-05-14 14:28:00,2026-05-14 16:26:00,unplanned,MEC-02,9249.0
4957,14,2026-03-25 14:45:00,2026-03-25 15:39:00,unplanned,MEC-02,
4958,21,2026-01-14 06:31:00,2026-01-14 09:18:00,planned,MEC-01,9103.0
4959,46,2026-06-13 22:43:00,2026-06-14 01:42:00,planned,MEC-01,569.0
4960,7,2026-05-21 00:15:00,2026-05-21 00:53:00,unplanned,CAL-01,
4961,11,2026-05-21 16:12:00,2026-05-21 19:12:00,planned,CAL-01,
4962,1,2026-04-21 11:46:00,2026-04-21 13:03:00,unplanned,MAT-01,6803.0
4963,13,2026-02-25 06:55:00,2026-02-25 08:58:00,unplanned,MAT-01,7975.0
4964,6,2026-03-21 13:10:00,2026-03-21 15:57:00,planned,MEC-02,283.0
4965,4,2026-03-19 18:39:00,2026-03-19 20:27:00,planned,MEC-01,3531.0
4966,4,2026-05-17 18:01:00,2026-05-17 18:06:00,unplanned,ELEC-01,4899.0
4967,39,2026-05-02 00:09:00,2026-05-02 02:25:00,unplanned,MEC-02,9028.0
4968,42,2026-05-31 06:57:00,2026-05-31 07:42:00,planned,ELEC-01,
4969,19,2026-04-08 11:58:00,2026-04-08 14:16:00,unplanned,MAT-01,
4970,39,2026-03-11 14:18:00,2026-03-11 15:47:00,unplanned,ELEC-01,2324.0
4971,43,2026-02-10 17:59:00,2026-02-10 19:00:00,unplanned,MEC-01,7137.0
4972,26,2026-05-25 07:49:00,2026-05-25 08:44:00,planned,MEC-01,
4973,48,2026-04-03 03:26:00,2026-04-03 04:46:00,planned,CAL-01,2696.0
4974,10,2026-01-23 16:24:00,2026-01-23 18:21:00,unplanned,ELEC-01,6707.0
4975,22,2026-02-04 13:50:00,2026-02-04 15:59:00,planned,CAL-01,9783.0
4976,23,2026-02-02 04:57:00,2026-02-02 05:18:00,planned,MEC-01,849.0
4977,1,2026-03-25 07:38:00,2026-03-25 09:32:00,planned,MEC-02,8957.0
4978,41,2026-06-22 06:39:00,2026-06-22 07:36:00,planned,ELEC-01,795.0
4979,2,2026-01-06 20:07:00,2026-01-06 21:45:00,unplanned,MAT-01,
4980,9,2026-05-17 15:45:00,2026-05-17 17:30:00,planned,MEC-02,263.0
4981,45,2026-06-17 15:40:00,2026-06-17 16:37:00,planned,MAT-01,2765.0
4982,1,2026-03-29 14:06:00,2026-03-29 16:01:00,planned,CAL-01,
4983,27,2026-01-31 09:47:00,2026-01-31 10:15:00,unplanned,MEC-01,
4984,48,2026-04-27 01:07:00,2026-04-27 01:49:00,unplanned,CAL-01,3497.0
4985,5,2026-06-19 13:57:00,2026-06-19 16:07:00,planned,MEC-01,9759.0
4986,28,2026-06-08 13:04:00,2026-06-08 15:37:00,planned,MEC-01,
4987,11,2026-06-13 20:32:00,2026-06-13 20:39:00,unplanned,CAL-01,5362.0
4988,22,2026-06-05 20:48:00,2026-06-05 21:47:00,unplanned,MEC-02,1238.0
4989,28,2026-05-19 07:04:00,2026-05-19 08:50:00,planned,MEC-02,
4990,7,2026-05-10 06:47:00,2026-05-10 07:09:00,unplanned,ELEC-01,710.0
4991,11,2026-03-09 03:12:00,2026-03-09 04:27:00,unplanned,MEC-01,5924.0
4992,49,2026-02-05 03:44:00,2026-02-05 04:46:00,planned,MAT-01,
4993,19,2026-06-05 08:04:00,2026-06-05 11:00:00,planned,MEC-01,6927.0
4994,36,2026-01-16 18:46:00,2026-01-16 21:14:00,unplanned,CAL-01,
4995,10,2026-02-04 20:02:00,2026-02-04 20:57:00,planned,CAL-01,1917.0
4996,27,2026-01-20 06:59:00,2026-01-20 08:08:00,planned,MAT-01,
4997,37,2026-03-02 23:28:00,2026-03-03 00:06:00,unplanned,CAL-01,8079.0
4998,17,2026-02-23 05:50:00,2026-02-23 05:57:00,unplanned,MAT-01,6908.0
4999,40,2026-01-02 15:39:00,2026-01-02 15:53:00,unplanned,ELEC-01,9385.0
5000,29,2026-01-10 11:28:00,2026-01-10 12:39:00,unplanned,MEC-02,
5001,3,2026-01-10 23:10:00,2026-01-11 00:11:00,planned,ELEC-01,
5002,41,2026-04-25 08:34:00,2026-04-25 10:30:00,planned,ELEC-01,
5003,36,2026-03-11 17:19:00,2026-03-11 18:35:00,unplanned,ELEC-01,
5004,29,2026-05-28 08:26:00,2026-05-28 10:20:00,unplanned,MEC-01,8979.0
5005,18,2026-02-06 17:07:00,2026-02-06 17:35:00,unplanned,MEC-01,2248.0
5006,47,2026-01-08 21:32:00,2026-01-09 00:11:00,unplanned,MEC-01,367.0
5007,2,2026-05-03 17:24:00,2026-05-03 18:09:00,planned,MEC-01,3863.0
5008,33,2026-01-11 16:38:00,2026-01-11 19:04:00,unplanned,ELEC-01,955.0
5009,28,2026-04-25 04:04:00,2026-04-25 05:53:00,planned,MEC-01,
5010,41,2026-02-04 21:45:00,2026-02-04 22:58:00,unplanned,CAL-01,
5011,45,2026-04-15 14:46:00,2026-04-15 17:06:00,planned,MAT-01,
5012,11,2026-02-11 11:54:00,2026-02-11 13:04:00,planned,MEC-02,6029.0
5013,32,2026-04-14 22:10:00,2026-04-15 00:13:00,unplanned,MEC-02,3540.0
5014,49,2026-02-10 17:48:00,2026-02-10 19:04:00,planned,ELEC-01,9453.0
5015,34,2026-04-25 04:26:00,2026-04-25 04:46:00,planned,ELEC-01,9940.0
5016,47,2026-06-16 17:31:00,2026-06-16 19:37:00,unplanned,MEC-02,7464.0
5017,26,2026-02-08 07:36:00,2026-02-08 09:02:00,unplanned,MAT-01,4565.0
5018,10,2026-05-07 23:20:00,2026-05-08 02:09:00,unplanned,MAT-01,8139.0
5019,40,2026-06-14 05:00:00,2026-06-14 06:22:00,planned,ELEC-01,
5020,45,2026-05-13 15:28:00,2026-05-13 18:21:00,unplanned,MAT-01,
5021,12,2026-05-27 01:05:00,2026-05-27 02:38:00,unplanned,ELEC-01,5868.0
5022,22,2026-05-29 14:41:00,2026-05-29 15:01:00,planned,CAL-01,1204.0
5023,10,2026-06-18 12:41:00,2026-06-18 13:04:00,planned,MAT-01,2031.0
5024,25,2026-03-21 10:28:00,2026-03-21 13:26:00,planned,MEC-02,9403.0
5025,16,2026-05-02 15:28:00,2026-05-02 18:20:00,planned,MEC-02,
5026,35,2026-01-12 22:40:00,2026-01-12 22:45:00,planned,MAT-01,
5027,4,2026-05-31 17:28:00,2026-05-31 18:49:00,planned,ELEC-01,
5028,7,2026-01-20 02:27:00,2026-01-20 02:49:00,planned,MEC-01,1802.0
5029,17,2026-06-20 21:21:00,2026-06-20 22:30:00,unplanned,ELEC-01,5842.0
5030,44,2026-02-10 09:27:00,2026-02-10 12:09:00,unplanned,ELEC-01,
5031,47,2026-02-25 17:15:00,2026-02-25 17:42:00,planned,MEC-01,290.0
5032,50,2026-06-01 01:23:00,2026-06-01 02:49:00,unplanned,CAL-01,5186.0
5033,9,2026-03-16 21:45:00,2026-03-16 22:02:00,planned,MAT-01,
5034,14,2026-03-26 11:33:00,2026-03-26 11:56:00,unplanned,MEC-01,
5035,17,2026-06-12 21:38:00,2026-06-12 23:51:00,unplanned,ELEC-01,
5036,31,2026-02-08 05:24:00,2026-02-08 07:51:00,planned,MEC-01,
5037,50,2026-06-07 16:32:00,2026-06-07 19:08:00,unplanned,ELEC-01,9739.0
5038,42,2026-03-08 13:35:00,2026-03-08 15:56:00,unplanned,ELEC-01,
5039,31,2026-04-08 08:18:00,2026-04-08 09:04:00,planned,MAT-01,
5040,19,2026-05-22 21:26:00,2026-05-22 23:25:00,unplanned,CAL-01,290.0
5041,44,2026-04-27 11:34:00,2026-04-27 14:26:00,planned,MEC-01,
5042,19,2026-04-04 18:30:00,2026-04-04 19:13:00,unplanned,CAL-01,2827.0
5043,44,2026-03-22 01:04:00,2026-03-22 01:51:00,unplanned,CAL-01,395.0
5044,13,2026-01-10 12:30:00,2026-01-10 13:58:00,unplanned,CAL-01,5592.0
5045,48,2026-03-08 13:23:00,2026-03-08 13:45:00,planned,ELEC-01,4743.0
5046,5,2026-06-27 09:40:00,2026-06-27 10:57:00,unplanned,ELEC-01,7378.0
5047,14,2026-04-05 03:20:00,2026-04-05 04:19:00,planned,MEC-01,
5048,34,2026-04-22 13:07:00,2026-04-22 15:49:00,unplanned,MEC-02,2934.0
5049,3,2026-03-23 14:27:00,2026-03-23 15:49:00,unplanned,CAL-01,3584.0
5050,48,2026-03-25 17:45:00,2026-03-25 18:01:00,planned,MAT-01,
5051,44,2026-02-25 18:03:00,2026-02-25 20:04:00,unplanned,ELEC-01,6136.0
5052,50,2026-02-23 06:11:00,2026-02-23 07:35:00,planned,MEC-01,3738.0
5053,1,2026-01-12 17:36:00,2026-01-12 18:55:00,unplanned,MEC-02,
5054,49,2026-05-23 16:05:00,2026-05-23 18:24:00,planned,CAL-01,4945.0
5055,20,2026-05-06 03:39:00,2026-05-06 06:12:00,planned,MAT-01,9938.0
5056,17,2026-05-30 08:14:00,2026-05-30 08:26:00,unplanned,ELEC-01,
5057,34,2026-02-14 21:58:00,2026-02-14 23:55:00,planned,CAL-01,
5058,23,2026-04-27 07:08:00,2026-04-27 07:44:00,unplanned,MAT-01,274.0
5059,24,2026-01-01 09:50:00,2026-01-01 11:26:00,unplanned,MAT-01,1920.0
5060,33,2026-02-27 22:18:00,2026-02-27 23:19:00,planned,CAL-01,964.0
5061,29,2026-03-21 20:35:00,2026-03-21 21:27:00,unplanned,ELEC-01,
5062,24,2026-04-11 20:13:00,2026-04-11 20:33:00,unplanned,CAL-01,1194.0
5063,19,2026-06-29 18:09:00,2026-06-29 18:48:00,planned,CAL-01,
5064,44,2026-03-26 19:35:00,2026-03-26 21:45:00,unplanned,MEC-01,
5065,47,2026-01-30 22:36:00,2026-01-31 01:15:00,planned,MEC-01,7151.0
5066,44,2026-01-12 06:47:00,2026-01-12 07:52:00,unplanned,CAL-01,4774.0
5067,39,2026-06-04 00:20:00,2026-06-04 00:46:00,unplanned,MEC-02,7739.0
5068,37,2026-01-15 05:56:00,2026-01-15 07:27:00,unplanned,CAL-01,4646.0
5069,33,2026-06-15 23:05:00,2026-06-15 23:20:00,planned,MEC-01,4591.0
5070,16,2026-04-06 14:50:00,2026-04-06 17:36:00,planned,MAT-01,6487.0
5071,5,2026-05-01 17:00:00,2026-05-01 19:49:00,unplanned,MEC-02,788.0
5072,11,2026-03-18 18:45:00,2026-03-18 21:00:00,planned,CAL-01,7947.0
5073,43,2026-05-02 20:41:00,2026-05-02 21:07:00,unplanned,CAL-01,9789.0
5074,48,2026-06-14 09:52:00,2026-06-14 11:05:00,planned,CAL-01,7431.0
5075,9,2026-03-10 20:34:00,2026-03-10 21:31:00,planned,MAT-01,7754.0
5076,49,2026-03-03 13:42:00,2026-03-03 13:52:00,planned,MEC-02,
5077,11,2026-02-16 23:50:00,2026-02-17 00:45:00,planned,CAL-01,
5078,48,2026-03-10 12:18:00,2026-03-10 13:20:00,unplanned,CAL-01,7294.0
5079,48,2026-05-08 06:43:00,2026-05-08 08:34:00,planned,ELEC-01,6464.0
5080,14,2026-03-10 06:33:00,2026-03-10 07:59:00,unplanned,ELEC-01,631.0
5081,35,2026-02-21 14:30:00,2026-02-21 16:50:00,unplanned,MEC-02,7153.0
5082,25,2026-06-21 07:12:00,2026-06-21 07:48:00,planned,MEC-01,2148.0
5083,19,2026-01-18 13:31:00,2026-01-18 14:50:00,unplanned,MAT-01,3515.0
5084,37,2026-01-09 10:50:00,2026-01-09 11:21:00,unplanned,MEC-02,
5085,41,2026-01-16 05:21:00,2026-01-16 05:44:00,planned,ELEC-01,5112.0
5086,46,2026-02-28 12:35:00,2026-02-28 14:26:00,unplanned,MEC-01,9155.0
5087,6,2026-06-12 06:57:00,2026-06-12 07:51:00,planned,MEC-02,5353.0
5088,1,2026-05-05 18:38:00,2026-05-05 19:45:00,planned,MEC-02,288.0
5089,39,2026-03-30 05:43:00,2026-03-30 07:23:00,planned,MEC-02,9975.0
5090,17,2026-03-01 12:21:00,2026-03-01 15:13:00,planned,CAL-01,9898.0
5091,16,2026-05-15 03:14:00,2026-05-15 05:05:00,planned,MEC-01,3523.0
5092,7,2026-01-06 16:49:00,2026-01-06 17:35:00,unplanned,MEC-01,
5093,15,2026-04-16 04:02:00,2026-04-16 06:03:00,planned,MAT-01,977.0
5094,15,2026-04-08 07:09:00,2026-04-08 07:50:00,unplanned,MEC-01,8550.0
5095,16,2026-06-22 12:36:00,2026-06-22 13:55:00,unplanned,MAT-01,1203.0
5096,11,2026-03-27 23:03:00,2026-03-28 00:47:00,planned,MEC-01,
5097,20,2026-03-08 03:36:00,2026-03-08 06:30:00,unplanned,MEC-01,4834.0
5098,33,2026-01-12 13:51:00,2026-01-12 16:30:00,planned,MEC-01,2454.0
5099,22,2026-04-17 12:54:00,2026-04-17 15:14:00,unplanned,MAT-01,
5100,9,2026-05-31 10:51:00,2026-05-31 13:27:00,unplanned,MEC-02,
5101,25,2026-03-26 10:03:00,2026-03-26 11:41:00,planned,MAT-01,3453.0
5102,47,2026-06-21 04:49:00,2026-06-21 05:20:00,unplanned,CAL-01,2275.0
5103,1,2026-04-16 08:42:00,2026-04-16 08:54:00,planned,MEC-01,7871.0
5104,38,2026-02-24 02:51:00,2026-02-24 04:04:00,unplanned,MEC-02,
5105,45,2026-03-30 00:19:00,2026-03-30 01:10:00,unplanned,MEC-01,5853.0
5106,50,2026-01-11 11:14:00,2026-01-11 12:53:00,unplanned,ELEC-01,
5107,14,2026-02-21 04:01:00,2026-02-21 04:44:00,planned,MEC-01,
5108,36,2026-05-28 20:50:00,2026-05-28 21:51:00,unplanned,MEC-02,2379.0
5109,38,2026-04-10 06:21:00,2026-04-10 07:20:00,planned,CAL-01,3660.0
5110,9,2026-03-23 13:06:00,2026-03-23 14:09:00,unplanned,MAT-01,5585.0
5111,42,2026-06-13 04:22:00,2026-06-13 06:36:00,unplanned,MEC-01,9818.0
5112,50,2026-04-04 21:58:00,2026-04-04 22:10:00,unplanned,ELEC-01,
5113,44,2026-01-06 01:25:00,2026-01-06 04:02:00,unplanned,MEC-02,2094.0
5114,47,2026-06-11 16:48:00,2026-06-11 19:13:00,planned,MEC-02,7124.0
5115,46,2026-05-07 09:17:00,2026-05-07 09:26:00,unplanned,MEC-02,6353.0
5116,32,2026-03-27 20:23:00,2026-03-27 21:27:00,planned,MEC-02,
5117,28,2026-01-21 07:19:00,2026-01-21 09:18:00,unplanned,MEC-02,5046.0
5118,43,2026-01-08 08:34:00,2026-01-08 09:16:00,planned,CAL-01,1172.0
5119,45,2026-03-11 10:43:00,2026-03-11 10:49:00,planned,MAT-01,6005.0
5120,14,2026-02-05 20:20:00,2026-02-05 22:28:00,unplanned,MEC-02,4137.0
5121,2,2026-04-22 17:00:00,2026-04-22 19:49:00,unplanned,CAL-01,2645.0
5122,45,2026-03-02 17:18:00,2026-03-02 18:19:00,planned,MEC-02,
5123,1,2026-02-01 07:40:00,2026-02-01 10:09:00,planned,ELEC-01,
5124,35,2026-03-23 18:09:00,2026-03-23 19:17:00,unplanned,ELEC-01,2285.0
5125,10,2026-04-02 02:59:00,2026-04-02 04:22:00,planned,MEC-01,1865.0
5126,34,2026-02-16 20:00:00,2026-02-16 21:50:00,planned,ELEC-01,6787.0
5127,13,2026-02-23 22:24:00,2026-02-24 00:12:00,unplanned,CAL-01,5570.0
5128,29,2026-04-19 22:18:00,2026-04-20 01:03:00,planned,ELEC-01,
5129,9,2026-04-22 05:13:00,2026-04-22 07:49:00,planned,MEC-02,4533.0
5130,37,2026-03-01 07:58:00,2026-03-01 08:38:00,unplanned,MAT-01,413.0
5131,20,2026-06-14 07:01:00,2026-06-14 07:33:00,unplanned,ELEC-01,9734.0
5132,43,2026-06-23 16:15:00,2026-06-23 18:35:00,unplanned,MAT-01,6574.0
5133,11,2026-01-10 08:01:00,2026-01-10 08:43:00,planned,MAT-01,5591.0
5134,34,2026-04-22 21:34:00,2026-04-22 23:57:00,planned,CAL-01,3559.0
5135,36,2026-03-29 10:11:00,2026-03-29 10:45:00,unplanned,MEC-02,2141.0
5136,49,2026-03-12 21:01:00,2026-03-12 21:27:00,planned,MEC-02,8220.0
5137,43,2026-02-27 00:06:00,2026-02-27 01:32:00,unplanned,CAL-01,4264.0
5138,27,2026-06-09 09:06:00,2026-06-09 09:37:00,planned,ELEC-01,5806.0
5139,39,2026-01-05 21:04:00,2026-01-06 00:00:00,planned,CAL-01,9879.0
5140,34,2026-05-07 19:28:00,2026-05-07 21:00:00,unplanned,ELEC-01,510.0
5141,27,2026-01-01 21:30:00,2026-01-01 23:37:00,unplanned,MEC-01,
5142,43,2026-01-19 23:30:00,2026-01-19 23:41:00,unplanned,MAT-01,
5143,42,2026-05-31 02:22:00,2026-05-31 02:47:00,planned,CAL-01,
5144,39,2026-03-01 21:32:00,2026-03-01 23:54:00,planned,MEC-01,6763.0
5145,46,2026-03-27 16:58:00,2026-03-27 17:47:00,planned,CAL-01,63.0
5146,44,2026-01-06 01:59:00,2026-01-06 03:58:00,unplanned,MAT-01,2349.0
5147,50,2026-03-07 13:54:00,2026-03-07 14:01:00,planned,MAT-01,
5148,46,2026-06-17 18:54:00,2026-06-17 19:00:00,unplanned,MEC-02,3097.0
5149,11,2026-01-23 22:15:00,2026-01-23 22:52:00,planned,ELEC-01,5590.0
5150,35,2026-04-13 15:29:00,2026-04-13 17:11:00,planned,MEC-02,4362.0
5151,12,2026-05-04 07:25:00,2026-05-04 09:05:00,unplanned,MEC-02,
5152,40,2026-04-02 07:49:00,2026-04-02 10:33:00,planned,ELEC-01,
5153,28,2026-05-12 09:48:00,2026-05-12 11:09:00,unplanned,MAT-01,671.0
5154,17,2026-01-24 12:05:00,2026-01-24 13:42:00,planned,MEC-02,
5155,43,2026-02-19 17:30:00,2026-02-19 20:08:00,unplanned,ELEC-01,117.0
5156,31,2026-04-23 03:49:00,2026-04-23 05:57:00,planned,ELEC-01,4505.0
5157,50,2026-05-15 04:09:00,2026-05-15 06:33:00,unplanned,MEC-01,
5158,37,2026-04-24 14:06:00,2026-04-24 17:03:00,planned,MAT-01,5365.0
5159,3,2026-03-25 14:48:00,2026-03-25 16:50:00,unplanned,MEC-02,
5160,7,2026-04-18 18:49:00,2026-04-18 20:44:00,unplanned,CAL-01,7006.0
5161,50,2026-06-03 13:36:00,2026-06-03 15:58:00,planned,ELEC-01,
5162,2,2026-04-19 16:31:00,2026-04-19 19:24:00,planned,ELEC-01,8067.0
5163,14,2026-05-01 04:45:00,2026-05-01 06:51:00,planned,MEC-02,
5164,21,2026-02-11 04:12:00,2026-02-11 06:08:00,planned,MEC-01,3148.0
5165,28,2026-04-30 14:04:00,2026-04-30 15:13:00,unplanned,MEC-01,9595.0
5166,48,2026-06-27 17:03:00,2026-06-27 19:41:00,unplanned,MAT-01,8681.0
5167,3,2026-05-10 23:50:00,2026-05-11 00:18:00,unplanned,MEC-02,
5168,48,2026-05-26 20:02:00,2026-05-26 22:57:00,unplanned,MAT-01,
5169,35,2026-04-21 13:27:00,2026-04-21 16:15:00,planned,ELEC-01,
5170,1,2026-02-13 05:33:00,2026-02-13 08:00:00,unplanned,MEC-01,
5171,28,2026-05-25 17:08:00,2026-05-25 19:08:00,unplanned,ELEC-01,3623.0
5172,40,2026-05-31 00:36:00,2026-05-31 03:01:00,unplanned,ELEC-01,1090.0
5173,17,2026-02-22 10:47:00,2026-02-22 12:21:00,unplanned,MEC-02,6976.0
5174,4,2026-02-17 13:31:00,2026-02-17 14:15:00,planned,CAL-01,6739.0
5175,35,2026-01-02 20:00:00,2026-01-02 21:47:00,unplanned,CAL-01,4821.0
5176,45,2026-02-28 03:52:00,2026-02-28 04:09:00,planned,MEC-02,4860.0
5177,8,2026-05-02 11:24:00,2026-05-02 13:34:00,planned,MEC-02,9753.0
5178,1,2026-06-29 23:57:00,2026-06-30 00:12:00,planned,ELEC-01,2667.0
5179,20,2026-02-28 16:49:00,2026-02-28 17:05:00,unplanned,ELEC-01,7008.0
5180,14,2026-03-14 01:05:00,2026-03-14 03:00:00,planned,MAT-01,4723.0
5181,10,2026-01-20 19:44:00,2026-01-20 22:24:00,planned,MAT-01,8863.0
5182,5,2026-05-05 00:51:00,2026-05-05 02:31:00,unplanned,MEC-02,5746.0
5183,3,2026-06-06 03:37:00,2026-06-06 05:18:00,planned,MEC-01,
5184,34,2026-06-26 16:07:00,2026-06-26 17:51:00,planned,MEC-01,
5185,34,2026-04-15 04:13:00,2026-04-15 06:00:00,unplanned,MEC-02,
5186,14,2026-04-14 19:58:00,2026-04-14 22:41:00,planned,MAT-01,1673.0
5187,49,2026-03-04 10:41:00,2026-03-04 11:17:00,unplanned,CAL-01,
5188,25,2026-02-23 07:20:00,2026-02-23 09:54:00,unplanned,ELEC-01,
5189,24,2026-05-16 18:40:00,2026-05-16 20:37:00,planned,CAL-01,1056.0
5190,32,2026-02-07 13:22:00,2026-02-07 13:41:00,planned,MEC-02,
5191,18,2026-04-06 16:42:00,2026-04-06 17:11:00,planned,MAT-01,8781.0
5192,8,2026-02-12 09:16:00,2026-02-12 11:42:00,unplanned,CAL-01,25.0
5193,36,2026-05-18 20:14:00,2026-05-18 21:36:00,unplanned,MAT-01,259.0
5194,16,2026-03-15 17:04:00,2026-03-15 18:58:00,planned,ELEC-01,5919.0
5195,45,2026-04-11 02:52:00,2026-04-11 03:08:00,unplanned,ELEC-01,7555.0
5196,27,2026-03-05 20:47:00,2026-03-05 21:57:00,unplanned,MAT-01,
5197,35,2026-04-27 15:12:00,2026-04-27 16:03:00,unplanned,ELEC-01,8069.0
5198,46,2026-03-05 11:11:00,2026-03-05 14:07:00,unplanned,ELEC-01,4374.0
5199,26,2026-01-14 04:43:00,2026-01-14 06:47:00,planned,ELEC-01,
5200,29,2026-05-07 16:07:00,2026-05-07 16:46:00,unplanned,ELEC-01,
5201,22,2026-03-16 14:44:00,2026-03-16 15:05:00,planned,ELEC-01,2364.0
5202,7,2026-02-25 10:49:00,2026-02-25 12:09:00,unplanned,CAL-01,1141.0
5203,48,2026-03-14 18:11:00,2026-03-14 21:01:00,planned,MAT-01,
5204,30,2026-03-13 18:53:00,2026-03-13 18:58:00,unplanned,MEC-02,2812.0
5205,8,2026-01-27 06:00:00,2026-01-27 06:58:00,planned,MAT-01,8865.0
5206,7,2026-04-15 15:08:00,2026-04-15 16:04:00,unplanned,MAT-01,4510.0
5207,29,2026-03-04 07:12:00,2026-03-04 10:07:00,planned,MEC-02,866.0
5208,37,2026-06-10 03:45:00,2026-06-10 04:09:00,unplanned,MEC-02,
5209,40,2026-02-15 02:53:00,2026-02-15 04:45:00,unplanned,MAT-01,
5210,39,2026-05-21 14:04:00,2026-05-21 15:13:00,unplanned,ELEC-01,
5211,26,2026-05-08 05:23:00,2026-05-08 05:31:00,planned,CAL-01,2561.0
5212,40,2026-01-01 15:05:00,2026-01-01 16:14:00,unplanned,MEC-01,7988.0
5213,14,2026-05-29 16:07:00,2026-05-29 17:42:00,unplanned,CAL-01,6308.0
5214,10,2026-02-03 00:44:00,2026-02-03 01:39:00,planned,MAT-01,9308.0
5215,49,2026-01-16 20:47:00,2026-01-16 22:39:00,unplanned,MEC-02,
5216,47,2026-05-05 23:24:00,2026-05-06 01:58:00,planned,CAL-01,6921.0
5217,43,2026-01-06 04:34:00,2026-01-06 05:18:00,unplanned,MEC-01,
5218,32,2026-03-09 07:19:00,2026-03-09 10:14:00,planned,CAL-01,3323.0
5219,8,2026-05-09 05:02:00,2026-05-09 06:35:00,unplanned,MAT-01,7696.0
5220,37,2026-06-22 00:49:00,2026-06-22 02:32:00,planned,ELEC-01,4525.0
5221,42,2026-06-22 06:10:00,2026-06-22 06:35:00,planned,CAL-01,5805.0
5222,39,2026-05-09 01:56:00,2026-05-09 02:02:00,planned,MEC-01,426.0
5223,5,2026-01-08 08:38:00,2026-01-08 10:31:00,planned,MEC-01,696.0
5224,25,2026-01-12 10:12:00,2026-01-12 11:16:00,unplanned,CAL-01,
5225,45,2026-04-30 04:00:00,2026-04-30 06:08:00,planned,ELEC-01,
5226,48,2026-06-19 06:12:00,2026-06-19 08:27:00,unplanned,MEC-01,8987.0
5227,31,2026-01-17 11:01:00,2026-01-17 13:01:00,planned,MAT-01,5025.0
5228,13,2026-05-25 23:19:00,2026-05-26 01:50:00,unplanned,ELEC-01,6802.0
5229,35,2026-02-28 02:16:00,2026-02-28 04:11:00,unplanned,ELEC-01,8098.0
5230,21,2026-03-12 03:13:00,2026-03-12 05:56:00,unplanned,CAL-01,3215.0
5231,5,2026-06-22 00:09:00,2026-06-22 02:11:00,unplanned,CAL-01,
5232,43,2026-02-18 13:14:00,2026-02-18 15:21:00,unplanned,MEC-01,4554.0
5233,3,2026-02-12 12:59:00,2026-02-12 15:01:00,unplanned,CAL-01,959.0
5234,15,2026-03-27 22:47:00,2026-03-28 00:11:00,unplanned,MAT-01,6683.0
5235,45,2026-01-25 08:00:00,2026-01-25 09:48:00,planned,CAL-01,
5236,39,2026-06-27 02:32:00,2026-06-27 04:43:00,planned,ELEC-01,
5237,28,2026-02-23 16:49:00,2026-02-23 18:45:00,planned,MEC-02,4163.0
5238,39,2026-02-03 22:09:00,2026-02-03 23:47:00,unplanned,ELEC-01,5923.0
5239,26,2026-06-27 10:04:00,2026-06-27 12:30:00,unplanned,MAT-01,
5240,30,2026-03-10 10:43:00,2026-03-10 11:40:00,unplanned,CAL-01,
5241,49,2026-04-15 23:54:00,2026-04-16 00:03:00,unplanned,CAL-01,
5242,30,2026-05-25 23:12:00,2026-05-26 02:04:00,unplanned,MEC-01,
5243,12,2026-02-27 09:29:00,2026-02-27 12:25:00,planned,CAL-01,
5244,29,2026-02-21 06:19:00,2026-02-21 07:09:00,planned,ELEC-01,
5245,30,2026-03-16 16:37:00,2026-03-16 18:52:00,unplanned,MAT-01,9802.0
5246,48,2026-06-15 05:32:00,2026-06-15 07:26:00,unplanned,MAT-01,
5247,10,2026-02-26 23:40:00,2026-02-27 01:50:00,planned,CAL-01,9938.0
5248,47,2026-03-02 02:21:00,2026-03-02 02:44:00,unplanned,MEC-02,5164.0
5249,32,2026-01-21 15:33:00,2026-01-21 17:00:00,unplanned,MAT-01,5401.0
5250,15,2026-06-27 08:48:00,2026-06-27 09:22:00,planned,MEC-02,1561.0
5251,31,2026-04-23 03:02:00,2026-04-23 04:22:00,planned,CAL-01,9515.0
5252,22,2026-03-16 06:08:00,2026-03-16 08:56:00,planned,MEC-01,4305.0
5253,14,2026-04-15 15:42:00,2026-04-15 18:08:00,unplanned,MAT-01,
5254,38,2026-01-17 01:18:00,2026-01-17 02:47:00,planned,CAL-01,
5255,23,2026-03-06 04:33:00,2026-03-06 06:44:00,unplanned,CAL-01,
5256,12,2026-04-29 04:33:00,2026-04-29 06:22:00,planned,CAL-01,9439.0
5257,19,2026-02-22 08:06:00,2026-02-22 09:43:00,planned,MEC-02,8942.0
5258,48,2026-05-25 11:10:00,2026-05-25 13:41:00,planned,CAL-01,3856.0
5259,31,2026-06-29 01:45:00,2026-06-29 03:54:00,planned,ELEC-01,4287.0
5260,20,2026-06-23 12:44:00,2026-06-23 13:35:00,planned,MEC-02,3709.0
5261,45,2026-03-27 23:36:00,2026-03-28 01:52:00,planned,CAL-01,354.0
5262,33,2026-03-02 13:11:00,2026-03-02 14:17:00,unplanned,ELEC-01,4030.0
5263,45,2026-06-12 14:56:00,2026-06-12 15:48:00,planned,MEC-01,
5264,21,2026-06-29 05:31:00,2026-06-29 08:14:00,unplanned,MEC-02,
5265,11,2026-03-23 23:15:00,2026-03-23 23:25:00,planned,ELEC-01,1778.0
5266,29,2026-04-07 06:09:00,2026-04-07 06:34:00,planned,MEC-01,5883.0
5267,11,2026-06-08 00:12:00,2026-06-08 01:29:00,planned,ELEC-01,
5268,10,2026-02-20 02:46:00,2026-02-20 04:30:00,planned,MAT-01,
5269,31,2026-04-07 20:12:00,2026-04-07 21:33:00,planned,ELEC-01,1861.0
5270,13,2026-03-30 09:04:00,2026-03-30 10:04:00,unplanned,CAL-01,5885.0
5271,13,2026-05-16 15:02:00,2026-05-16 16:40:00,planned,MEC-01,4070.0
5272,34,2026-06-05 08:15:00,2026-06-05 10:24:00,unplanned,CAL-01,2695.0
5273,14,2026-06-04 11:47:00,2026-06-04 12:17:00,planned,MEC-01,9487.0
5274,11,2026-02-08 13:58:00,2026-02-08 16:40:00,unplanned,MEC-01,506.0
5275,45,2026-02-26 07:31:00,2026-02-26 09:35:00,planned,CAL-01,
5276,43,2026-05-23 05:27:00,2026-05-23 07:35:00,planned,MEC-01,
5277,19,2026-03-20 15:42:00,2026-03-20 18:03:00,planned,MAT-01,
5278,38,2026-02-12 23:14:00,2026-02-13 01:07:00,unplanned,MEC-02,
5279,34,2026-03-24 18:39:00,2026-03-24 21:09:00,planned,MEC-02,
5280,17,2026-06-17 21:28:00,2026-06-17 22:40:00,planned,ELEC-01,8747.0
5281,13,2026-05-29 18:08:00,2026-05-29 18:45:00,planned,MEC-01,5874.0
5282,30,2026-05-01 15:23:00,2026-05-01 16:44:00,unplanned,MEC-01,6146.0
5283,37,2026-06-29 16:44:00,2026-06-29 18:45:00,unplanned,MAT-01,383.0
5284,30,2026-02-05 23:53:00,2026-02-06 00:08:00,unplanned,MEC-02,7578.0
5285,48,2026-02-20 22:06:00,2026-02-20 23:35:00,unplanned,MEC-02,5487.0
5286,3,2026-01-15 23:42:00,2026-01-16 02:06:00,unplanned,ELEC-01,5059.0
5287,30,2026-04-05 21:50:00,2026-04-05 23:57:00,unplanned,MAT-01,
5288,7,2026-04-08 10:49:00,2026-04-08 12:52:00,planned,CAL-01,7802.0
5289,42,2026-01-21 10:45:00,2026-01-21 11:02:00,unplanned,MEC-02,4808.0
5290,2,2026-04-08 07:01:00,2026-04-08 09:34:00,planned,ELEC-01,2098.0
5291,1,2026-05-27 15:17:00,2026-05-27 16:28:00,unplanned,CAL-01,9405.0
5292,23,2026-04-30 11:59:00,2026-04-30 14:07:00,planned,MAT-01,7423.0
5293,39,2026-01-05 05:20:00,2026-01-05 06:21:00,planned,ELEC-01,
5294,22,2026-03-10 16:58:00,2026-03-10 19:42:00,unplanned,CAL-01,
5295,5,2026-03-10 23:13:00,2026-03-11 01:33:00,planned,MEC-02,
5296,25,2026-05-05 18:07:00,2026-05-05 20:25:00,planned,CAL-01,5933.0
5297,13,2026-03-09 17:28:00,2026-03-09 20:04:00,planned,ELEC-01,8491.0
5298,19,2026-02-23 03:54:00,2026-02-23 04:07:00,unplanned,CAL-01,3022.0
5299,5,2026-05-18 17:43:00,2026-05-18 17:56:00,planned,MEC-02,4679.0
5300,30,2026-04-10 09:55:00,2026-04-10 10:26:00,unplanned,MEC-02,5686.0
5301,20,2026-03-17 02:11:00,2026-03-17 02:48:00,planned,CAL-01,1743.0
5302,6,2026-03-23 12:33:00,2026-03-23 14:47:00,unplanned,MEC-02,9560.0
5303,10,2026-05-02 12:39:00,2026-05-02 14:41:00,planned,MAT-01,
5304,23,2026-02-22 19:26:00,2026-02-22 19:52:00,unplanned,CAL-01,
5305,6,2026-02-11 16:23:00,2026-02-11 17:18:00,planned,ELEC-01,7948.0
5306,18,2026-03-17 21:34:00,2026-03-17 23:05:00,unplanned,CAL-01,3413.0
5307,9,2026-03-07 02:46:00,2026-03-07 03:04:00,planned,MEC-01,3791.0
5308,38,2026-04-15 02:07:00,2026-04-15 04:19:00,unplanned,MEC-02,814.0
5309,39,2026-02-21 01:27:00,2026-02-21 03:47:00,planned,CAL-01,8806.0
5310,41,2026-06-08 20:37:00,2026-06-08 23:27:00,planned,MEC-02,6696.0
5311,22,2026-03-01 03:00:00,2026-03-01 05:24:00,unplanned,MEC-01,
5312,50,2026-03-08 01:42:00,2026-03-08 02:12:00,planned,ELEC-01,2083.0
5313,28,2026-06-10 13:32:00,2026-06-10 15:33:00,unplanned,MAT-01,4337.0
5314,36,2026-01-14 22:48:00,2026-01-15 01:09:00,unplanned,CAL-01,2202.0
5315,34,2026-06-07 20:16:00,2026-06-07 21:30:00,planned,MEC-01,1002.0
5316,8,2026-04-07 06:31:00,2026-04-07 07:04:00,planned,CAL-01,9401.0
5317,38,2026-01-07 21:22:00,2026-01-07 22:38:00,unplanned,MEC-02,9295.0
5318,22,2026-02-02 19:48:00,2026-02-02 20:46:00,unplanned,MAT-01,
5319,8,2026-01-29 15:41:00,2026-01-29 16:16:00,planned,MEC-01,2065.0
5320,34,2026-04-19 09:57:00,2026-04-19 10:09:00,unplanned,MEC-02,7538.0
5321,17,2026-02-03 16:25:00,2026-02-03 19:03:00,unplanned,MEC-02,3014.0
5322,1,2026-02-18 09:00:00,2026-02-18 10:16:00,unplanned,CAL-01,3600.0
5323,45,2026-05-14 07:32:00,2026-05-14 10:06:00,unplanned,ELEC-01,8735.0
5324,8,2026-04-23 14:03:00,2026-04-23 14:57:00,planned,MEC-01,6469.0
5325,8,2026-01-12 09:41:00,2026-01-12 10:26:00,planned,MAT-01,2695.0
5326,19,2026-02-10 05:17:00,2026-02-10 07:22:00,unplanned,CAL-01,723.0
5327,18,2026-05-03 12:57:00,2026-05-03 13:43:00,planned,MEC-01,5192.0
5328,48,2026-04-25 21:31:00,2026-04-25 23:08:00,unplanned,MEC-01,7809.0
5329,48,2026-05-29 17:55:00,2026-05-29 19:58:00,unplanned,MEC-02,8877.0
5330,36,2026-05-24 20:13:00,2026-05-24 22:41:00,unplanned,MEC-01,2597.0
5331,36,2026-04-18 02:07:00,2026-04-18 04:44:00,planned,MEC-01,8056.0
5332,33,2026-05-25 22:45:00,2026-05-26 01:18:00,planned,MAT-01,
5333,13,2026-02-09 12:50:00,2026-02-09 15:38:00,unplanned,MEC-02,
5334,16,2026-03-29 17:05:00,2026-03-29 18:10:00,planned,MAT-01,
5335,49,2026-04-18 08:18:00,2026-04-18 08:54:00,unplanned,ELEC-01,4374.0
5336,38,2026-06-16 22:02:00,2026-06-16 22:51:00,unplanned,MAT-01,2540.0
5337,29,2026-04-17 10:59:00,2026-04-17 13:24:00,unplanned,MAT-01,2529.0
5338,41,2026-02-14 04:52:00,2026-02-14 05:30:00,unplanned,CAL-01,5145.0
5339,41,2026-03-25 17:14:00,2026-03-25 19:23:00,unplanned,MAT-01,9604.0
5340,16,2026-01-04 07:13:00,2026-01-04 09:11:00,unplanned,CAL-01,9368.0
5341,23,2026-02-04 08:03:00,2026-02-04 09:24:00,unplanned,MEC-01,
5342,27,2026-01-01 21:32:00,2026-01-01 22:28:00,unplanned,ELEC-01,7820.0
5343,38,2026-01-06 19:33:00,2026-01-06 22:19:00,planned,CAL-01,1684.0
5344,18,2026-05-27 10:58:00,2026-05-27 13:47:00,unplanned,MAT-01,3726.0
5345,35,2026-01-18 03:08:00,2026-01-18 05:49:00,unplanned,MEC-02,2420.0
5346,17,2026-06-14 08:33:00,2026-06-14 10:26:00,unplanned,CAL-01,9153.0
5347,46,2026-01-13 08:09:00,2026-01-13 09:03:00,unplanned,MAT-01,
5348,42,2026-05-09 15:22:00,2026-05-09 18:09:00,unplanned,MEC-02,3522.0
5349,17,2026-01-23 21:01:00,2026-01-23 22:02:00,unplanned,ELEC-01,9071.0
5350,43,2026-01-15 12:46:00,2026-01-15 14:11:00,unplanned,MEC-02,1583.0
5351,16,2026-02-06 01:44:00,2026-02-06 03:01:00,unplanned,MEC-01,8568.0
5352,13,2026-05-10 16:50:00,2026-05-10 18:06:00,unplanned,ELEC-01,4260.0
5353,33,2026-01-02 02:23:00,2026-01-02 04:55:00,unplanned,MAT-01,9604.0
5354,23,2026-04-27 19:18:00,2026-04-27 21:40:00,planned,MEC-01,6820.0
5355,1,2026-04-13 12:04:00,2026-04-13 13:46:00,unplanned,ELEC-01,996.0
5356,12,2026-06-19 13:22:00,2026-06-19 15:19:00,planned,ELEC-01,
5357,18,2026-05-02 02:10:00,2026-05-02 04:19:00,planned,CAL-01,
5358,24,2026-02-17 17:29:00,2026-02-17 19:40:00,unplanned,CAL-01,536.0
5359,9,2026-04-22 10:54:00,2026-04-22 13:23:00,planned,MEC-02,
5360,9,2026-05-11 20:29:00,2026-05-11 22:15:00,unplanned,MAT-01,6981.0
5361,18,2026-01-05 05:55:00,2026-01-05 08:38:00,unplanned,MEC-01,
5362,42,2026-04-12 10:02:00,2026-04-12 12:22:00,unplanned,MAT-01,1778.0
5363,45,2026-02-11 06:29:00,2026-02-11 07:31:00,planned,MEC-01,
5364,50,2026-03-25 03:26:00,2026-03-25 06:14:00,planned,MAT-01,7971.0
5365,41,2026-02-28 12:39:00,2026-02-28 13:12:00,planned,ELEC-01,
5366,9,2026-03-13 04:52:00,2026-03-13 05:01:00,planned,ELEC-01,9984.0
5367,13,2026-03-27 00:12:00,2026-03-27 02:07:00,planned,MEC-02,7973.0
5368,37,2026-02-03 17:52:00,2026-02-03 20:21:00,unplanned,MAT-01,914.0
5369,17,2026-01-28 02:31:00,2026-01-28 03:21:00,unplanned,MEC-01,2253.0
5370,41,2026-05-23 15:44:00,2026-05-23 18:37:00,unplanned,ELEC-01,
5371,37,2026-05-22 03:42:00,2026-05-22 05:15:00,unplanned,MAT-01,5321.0
5372,26,2026-04-17 07:35:00,2026-04-17 10:23:00,planned,ELEC-01,
5373,49,2026-02-14 18:40:00,2026-02-14 19:37:00,unplanned,MEC-02,
5374,7,2026-01-23 16:02:00,2026-01-23 18:25:00,unplanned,MEC-01,
5375,8,2026-05-20 15:33:00,2026-05-20 16:32:00,unplanned,ELEC-01,9933.0
5376,26,2026-02-19 08:18:00,2026-02-19 09:34:00,planned,CAL-01,4335.0
5377,4,2026-01-11 16:26:00,2026-01-11 17:51:00,planned,MEC-01,2720.0
5378,25,2026-03-19 23:36:00,2026-03-20 01:40:00,unplanned,MEC-01,
5379,9,2026-05-21 09:49:00,2026-05-21 11:20:00,planned,MEC-01,
5380,47,2026-01-22 04:53:00,2026-01-22 06:23:00,planned,MEC-01,
5381,24,2026-01-27 11:57:00,2026-01-27 14:55:00,unplanned,MEC-01,6122.0
5382,40,2026-03-28 08:43:00,2026-03-28 09:51:00,planned,MEC-02,2585.0
5383,2,2026-01-17 13:00:00,2026-01-17 14:38:00,unplanned,MAT-01,
5384,36,2026-04-02 17:49:00,2026-04-02 18:12:00,planned,MAT-01,9115.0
5385,3,2026-06-18 08:29:00,2026-06-18 08:42:00,unplanned,MEC-02,7427.0
5386,7,2026-05-28 10:34:00,2026-05-28 10:50:00,planned,CAL-01,672.0
5387,12,2026-03-20 15:07:00,2026-03-20 17:35:00,planned,MEC-01,3717.0
5388,11,2026-05-22 08:48:00,2026-05-22 10:41:00,unplanned,MAT-01,
5389,12,2026-01-08 16:59:00,2026-01-08 18:58:00,unplanned,MAT-01,762.0
5390,29,2026-01-30 07:58:00,2026-01-30 10:47:00,planned,CAL-01,7367.0
5391,24,2026-03-26 21:34:00,2026-03-26 22:43:00,unplanned,MEC-01,2399.0
5392,43,2026-04-19 19:38:00,2026-04-19 20:50:00,planned,MAT-01,
5393,25,2026-01-07 18:17:00,2026-01-07 21:00:00,planned,MEC-02,1410.0
5394,6,2026-03-16 06:36:00,2026-03-16 07:07:00,unplanned,MEC-01,9912.0
5395,49,2026-01-08 00:10:00,2026-01-08 02:51:00,planned,CAL-01,
5396,31,2026-03-15 23:18:00,2026-03-16 00:20:00,planned,MEC-02,2870.0
5397,17,2026-02-24 08:20:00,2026-02-24 09:06:00,planned,MAT-01,4465.0
5398,42,2026-03-03 21:55:00,2026-03-04 00:14:00,unplanned,CAL-01,1397.0
5399,47,2026-05-15 16:45:00,2026-05-15 18:20:00,planned,MEC-01,9272.0
5400,9,2026-05-13 13:42:00,2026-05-13 16:18:00,unplanned,MEC-02,3427.0
5401,3,2026-04-30 20:53:00,2026-04-30 23:32:00,planned,CAL-01,3073.0
5402,14,2026-05-27 07:24:00,2026-05-27 07:29:00,planned,MAT-01,
5403,43,2026-04-22 21:21:00,2026-04-22 23:20:00,planned,CAL-01,1719.0
5404,18,2026-02-24 20:35:00,2026-02-24 22:33:00,planned,CAL-01,5727.0
5405,43,2026-04-23 07:08:00,2026-04-23 09:03:00,planned,MEC-01,
5406,43,2026-04-26 09:01:00,2026-04-26 11:18:00,unplanned,CAL-01,8079.0
5407,49,2026-02-14 10:25:00,2026-02-14 12:08:00,planned,MEC-02,279.0
5408,27,2026-04-22 22:44:00,2026-04-23 00:41:00,unplanned,MEC-01,
5409,44,2026-05-05 13:00:00,2026-05-05 14:34:00,unplanned,MEC-02,143.0
5410,18,2026-06-21 20:00:00,2026-06-21 20:45:00,unplanned,ELEC-01,7086.0
5411,28,2026-06-07 19:53:00,2026-06-07 21:46:00,planned,CAL-01,2400.0
5412,15,2026-06-02 18:00:00,2026-06-02 20:45:00,unplanned,MEC-01,
5413,16,2026-03-16 19:55:00,2026-03-16 22:45:00,planned,MAT-01,8781.0
5414,7,2026-05-27 15:53:00,2026-05-27 18:17:00,unplanned,MEC-01,3591.0
5415,34,2026-03-09 18:44:00,2026-03-09 19:46:00,planned,MEC-01,9993.0
5416,5,2026-04-22 06:14:00,2026-04-22 07:39:00,planned,ELEC-01,
5417,8,2026-05-10 17:42:00,2026-05-10 18:26:00,unplanned,MEC-02,7375.0
5418,36,2026-02-27 19:57:00,2026-02-27 21:52:00,unplanned,CAL-01,8897.0
5419,8,2026-04-14 21:34:00,2026-04-14 23:29:00,unplanned,MEC-01,5194.0
5420,14,2026-03-23 11:09:00,2026-03-23 13:00:00,planned,MEC-02,604.0
5421,31,2026-05-12 06:30:00,2026-05-12 07:54:00,unplanned,CAL-01,
5422,48,2026-05-04 04:02:00,2026-05-04 05:55:00,unplanned,MEC-01,8978.0
5423,27,2026-03-04 03:48:00,2026-03-04 05:40:00,unplanned,MEC-02,5779.0
5424,31,2026-01-13 21:01:00,2026-01-13 22:23:00,planned,MEC-02,9637.0
5425,6,2026-01-03 07:06:00,2026-01-03 07:16:00,unplanned,CAL-01,5487.0
5426,23,2026-06-21 18:15:00,2026-06-21 18:49:00,planned,MEC-02,788.0
5427,48,2026-03-10 15:58:00,2026-03-10 17:38:00,planned,ELEC-01,
5428,10,2026-02-12 02:13:00,2026-02-12 02:22:00,planned,CAL-01,2587.0
5429,27,2026-06-21 03:39:00,2026-06-21 05:17:00,planned,MEC-02,2810.0
5430,44,2026-05-24 13:14:00,2026-05-24 15:10:00,planned,MEC-01,
5431,17,2026-06-04 17:21:00,2026-06-04 19:37:00,unplanned,MEC-02,3589.0
5432,31,2026-05-06 19:55:00,2026-05-06 22:06:00,unplanned,MEC-02,3650.0
5433,30,2026-06-20 04:30:00,2026-06-20 06:22:00,unplanned,MEC-01,
5434,48,2026-02-22 21:47:00,2026-02-22 23:14:00,planned,CAL-01,
5435,30,2026-04-27 12:41:00,2026-04-27 13:40:00,planned,MAT-01,2593.0
5436,13,2026-05-19 12:15:00,2026-05-19 14:58:00,unplanned,CAL-01,7208.0
5437,13,2026-05-19 23:14:00,2026-05-20 00:30:00,unplanned,MEC-02,5098.0
5438,36,2026-03-11 22:28:00,2026-03-12 01:23:00,planned,MEC-02,7979.0
5439,2,2026-05-03 11:42:00,2026-05-03 12:08:00,unplanned,MAT-01,
5440,32,2026-03-06 15:00:00,2026-03-06 16:13:00,unplanned,MAT-01,
5441,5,2026-01-21 01:50:00,2026-01-21 02:58:00,planned,ELEC-01,1139.0
5442,6,2026-03-29 17:04:00,2026-03-29 19:11:00,unplanned,MEC-01,8410.0
5443,15,2026-05-24 01:04:00,2026-05-24 01:52:00,planned,MAT-01,
5444,4,2026-02-09 22:44:00,2026-02-09 23:40:00,planned,MEC-01,8647.0
5445,47,2026-04-22 18:46:00,2026-04-22 21:30:00,unplanned,MEC-01,7718.0
5446,10,2026-02-03 19:19:00,2026-02-03 19:26:00,unplanned,MEC-01,3512.0
5447,14,2026-04-28 06:55:00,2026-04-28 09:28:00,unplanned,MEC-01,40.0
5448,14,2026-03-20 08:09:00,2026-03-20 10:27:00,planned,CAL-01,6512.0
5449,41,2026-05-12 13:07:00,2026-05-12 13:44:00,unplanned,MEC-02,
5450,48,2026-01-19 22:25:00,2026-01-19 23:39:00,planned,MAT-01,1058.0
5451,23,2026-05-21 00:48:00,2026-05-21 02:06:00,unplanned,MEC-01,5762.0
5452,11,2026-01-15 18:00:00,2026-01-15 20:46:00,planned,ELEC-01,939.0
5453,20,2026-06-21 15:11:00,2026-06-21 15:34:00,unplanned,CAL-01,2598.0
5454,6,2026-02-13 01:31:00,2026-02-13 01:39:00,planned,MEC-01,9404.0
5455,16,2026-05-28 07:28:00,2026-05-28 10:05:00,unplanned,MEC-02,1536.0
5456,11,2026-01-20 07:06:00,2026-01-20 09:18:00,unplanned,CAL-01,
5457,28,2026-01-19 18:55:00,2026-01-19 21:17:00,planned,CAL-01,6566.0
5458,22,2026-01-19 13:11:00,2026-01-19 13:53:00,unplanned,MEC-01,3592.0
5459,9,2026-04-30 04:20:00,2026-04-30 06:03:00,unplanned,MEC-02,989.0
5460,28,2026-05-21 00:14:00,2026-05-21 03:06:00,planned,MAT-01,3222.0
5461,35,2026-01-19 22:27:00,2026-01-20 00:39:00,unplanned,MEC-02,1372.0
5462,10,2026-06-11 13:55:00,2026-06-11 14:45:00,planned,ELEC-01,2488.0
5463,25,2026-04-01 08:33:00,2026-04-01 09:34:00,planned,MEC-02,1800.0
5464,35,2026-01-26 01:42:00,2026-01-26 03:06:00,planned,MEC-02,8381.0
5465,37,2026-01-13 16:13:00,2026-01-13 16:56:00,unplanned,ELEC-01,2601.0
5466,7,2026-06-23 17:38:00,2026-06-23 18:53:00,planned,MEC-02,
5467,50,2026-03-26 07:34:00,2026-03-26 08:26:00,planned,MEC-02,5009.0
5468,50,2026-02-20 01:50:00,2026-02-20 04:42:00,planned,CAL-01,
5469,9,2026-05-18 11:36:00,2026-05-18 14:10:00,unplanned,MAT-01,
5470,50,2026-05-19 13:41:00,2026-05-19 16:35:00,unplanned,CAL-01,9909.0
5471,15,2026-01-10 05:22:00,2026-01-10 07:22:00,planned,MEC-02,2741.0
5472,21,2026-01-02 07:25:00,2026-01-02 08:25:00,unplanned,MEC-02,3236.0
5473,48,2026-03-29 12:38:00,2026-03-29 15:30:00,planned,ELEC-01,
5474,21,2026-02-02 15:50:00,2026-02-02 17:08:00,unplanned,ELEC-01,2883.0
5475,3,2026-06-14 00:56:00,2026-06-14 02:13:00,planned,ELEC-01,
5476,4,2026-02-11 04:08:00,2026-02-11 07:04:00,unplanned,CAL-01,6219.0
5477,47,2026-06-29 23:24:00,2026-06-29 23:32:00,planned,MEC-01,6735.0
5478,24,2026-06-21 04:53:00,2026-06-21 05:13:00,unplanned,ELEC-01,7541.0
5479,37,2026-01-19 01:06:00,2026-01-19 02:03:00,unplanned,ELEC-01,1656.0
5480,6,2026-03-22 05:10:00,2026-03-22 07:44:00,planned,CAL-01,
5481,16,2026-03-21 05:45:00,2026-03-21 08:02:00,unplanned,ELEC-01,
5482,26,2026-01-13 23:20:00,2026-01-14 00:14:00,planned,MEC-01,2125.0
5483,24,2026-01-20 03:02:00,2026-01-20 05:38:00,planned,MEC-02,
5484,47,2026-06-02 07:28:00,2026-06-02 08:36:00,unplanned,MEC-02,
5485,7,2026-05-08 22:16:00,2026-05-08 23:55:00,planned,MAT-01,1949.0
5486,45,2026-05-07 05:59:00,2026-05-07 06:16:00,planned,ELEC-01,4043.0
5487,27,2026-05-29 00:39:00,2026-05-29 01:31:00,planned,ELEC-01,6504.0
5488,40,2026-05-09 14:58:00,2026-05-09 15:14:00,planned,MEC-01,9322.0
5489,36,2026-05-11 19:48:00,2026-05-11 20:22:00,unplanned,MAT-01,
5490,43,2026-03-06 12:13:00,2026-03-06 13:34:00,unplanned,MAT-01,
5491,31,2026-05-09 23:58:00,2026-05-10 02:56:00,unplanned,MAT-01,
5492,47,2026-02-05 02:17:00,2026-02-05 02:43:00,unplanned,MEC-01,5312.0
5493,50,2026-04-03 22:41:00,2026-04-04 01:27:00,planned,ELEC-01,
5494,38,2026-01-02 18:45:00,2026-01-02 19:02:00,unplanned,MAT-01,7018.0
5495,8,2026-06-27 07:14:00,2026-06-27 09:55:00,planned,CAL-01,1576.0
5496,30,2026-01-14 19:37:00,2026-01-14 22:23:00,unplanned,CAL-01,
5497,35,2026-01-29 06:21:00,2026-01-29 07:03:00,planned,ELEC-01,
5498,32,2026-05-14 21:35:00,2026-05-15 00:09:00,planned,ELEC-01,2563.0
5499,3,2026-05-20 11:06:00,2026-05-20 14:04:00,unplanned,CAL-01,1007.0
5500,47,2026-03-09 02:53:00,2026-03-09 05:50:00,unplanned,ELEC-01,2038.0
5501,34,2026-02-24 23:17:00,2026-02-25 02:14:00,planned,MEC-02,
5502,26,2026-06-04 13:34:00,2026-06-04 15:58:00,planned,CAL-01,5184.0
5503,50,2026-06-09 04:14:00,2026-06-09 04:35:00,unplanned,MEC-01,770.0
5504,5,2026-05-23 15:23:00,2026-05-23 16:32:00,unplanned,ELEC-01,1962.0
5505,10,2026-04-07 19:46:00,2026-04-07 21:11:00,planned,MEC-02,9201.0
5506,7,2026-05-08 23:30:00,2026-05-09 01:06:00,unplanned,MAT-01,2373.0
5507,37,2026-02-24 15:07:00,2026-02-24 17:03:00,unplanned,MEC-01,5126.0
5508,10,2026-04-23 11:39:00,2026-04-23 13:28:00,planned,MEC-01,
5509,27,2026-03-06 14:18:00,2026-03-06 15:08:00,unplanned,MEC-01,901.0
5510,14,2026-02-26 16:15:00,2026-02-26 18:56:00,planned,MEC-01,5466.0
5511,47,2026-05-02 04:23:00,2026-05-02 05:01:00,unplanned,MEC-02,
5512,11,2026-05-19 01:19:00,2026-05-19 03:57:00,planned,MEC-01,9355.0
5513,19,2026-01-13 22:44:00,2026-01-13 23:56:00,unplanned,MAT-01,8788.0
5514,13,2026-01-03 11:54:00,2026-01-03 13:17:00,unplanned,MAT-01,
5515,13,2026-03-10 23:58:00,2026-03-11 01:25:00,unplanned,MEC-01,9504.0
5516,6,2026-06-23 02:43:00,2026-06-23 05:20:00,unplanned,ELEC-01,6130.0
5517,36,2026-01-07 07:08:00,2026-01-07 08:44:00,unplanned,ELEC-01,5644.0
5518,24,2026-05-10 05:30:00,2026-05-10 08:26:00,unplanned,ELEC-01,2603.0
5519,35,2026-02-20 02:41:00,2026-02-20 04:30:00,planned,CAL-01,
5520,33,2026-03-28 05:44:00,2026-03-28 08:30:00,unplanned,MEC-02,
5521,13,2026-05-26 04:29:00,2026-05-26 07:23:00,planned,MAT-01,3649.0
5522,9,2026-03-14 19:43:00,2026-03-14 22:15:00,unplanned,ELEC-01,8854.0
5523,44,2026-03-02 02:33:00,2026-03-02 04:17:00,unplanned,MAT-01,
5524,39,2026-03-12 11:30:00,2026-03-12 12:02:00,unplanned,MEC-01,8715.0
5525,47,2026-05-21 13:24:00,2026-05-21 14:16:00,planned,MEC-02,
5526,9,2026-06-25 05:54:00,2026-06-25 06:39:00,unplanned,MEC-01,4767.0
5527,11,2026-02-06 16:51:00,2026-02-06 18:50:00,planned,ELEC-01,5764.0
5528,44,2026-01-09 10:36:00,2026-01-09 11:22:00,planned,MAT-01,6515.0
5529,10,2026-06-01 22:44:00,2026-06-02 00:09:00,planned,MEC-02,167.0
5530,23,2026-04-18 10:17:00,2026-04-18 11:28:00,unplanned,MAT-01,5174.0
5531,44,2026-06-24 01:25:00,2026-06-24 02:34:00,unplanned,CAL-01,348.0
5532,20,2026-06-29 13:42:00,2026-06-29 16:34:00,unplanned,MAT-01,3372.0
5533,8,2026-03-23 02:43:00,2026-03-23 03:56:00,planned,MEC-01,
5534,32,2026-04-05 03:52:00,2026-04-05 05:37:00,planned,MEC-01,
5535,6,2026-06-28 15:19:00,2026-06-28 16:19:00,unplanned,MEC-01,
5536,20,2026-05-06 13:23:00,2026-05-06 15:14:00,unplanned,MEC-02,2492.0
5537,35,2026-06-29 13:53:00,2026-06-29 15:16:00,unplanned,MEC-02,1888.0
5538,8,2026-01-14 00:22:00,2026-01-14 00:39:00,planned,ELEC-01,8555.0
5539,30,2026-02-25 23:46:00,2026-02-26 01:11:00,unplanned,MEC-02,6384.0
5540,24,2026-01-19 00:11:00,2026-01-19 02:31:00,unplanned,MEC-01,3155.0
5541,25,2026-02-05 06:56:00,2026-02-05 07:23:00,planned,MEC-01,6974.0
5542,37,2026-05-15 08:18:00,2026-05-15 08:52:00,planned,MEC-02,
5543,16,2026-06-26 12:50:00,2026-06-26 13:09:00,unplanned,MEC-01,4165.0
5544,4,2026-02-02 07:04:00,2026-02-02 09:11:00,planned,MEC-02,
5545,30,2026-01-21 22:35:00,2026-01-21 23:50:00,unplanned,CAL-01,9295.0
5546,41,2026-06-16 12:16:00,2026-06-16 14:18:00,planned,CAL-01,
5547,46,2026-02-20 20:20:00,2026-02-20 22:50:00,unplanned,ELEC-01,2838.0
5548,7,2026-02-10 06:29:00,2026-02-10 07:08:00,planned,MAT-01,2150.0
5549,1,2026-06-05 19:32:00,2026-06-05 21:25:00,planned,MEC-02,2615.0
5550,31,2026-06-21 09:34:00,2026-06-21 11:36:00,planned,ELEC-01,
5551,49,2026-03-30 02:24:00,2026-03-30 03:21:00,planned,MEC-02,
5552,46,2026-06-23 06:44:00,2026-06-23 07:59:00,unplanned,CAL-01,
5553,48,2026-05-08 09:18:00,2026-05-08 09:44:00,planned,MAT-01,
5554,28,2026-01-15 11:15:00,2026-01-15 11:58:00,planned,MEC-02,
5555,6,2026-04-02 23:02:00,2026-04-02 23:20:00,planned,MAT-01,1192.0
5556,14,2026-06-04 19:16:00,2026-06-04 20:17:00,planned,CAL-01,8824.0
5557,21,2026-03-19 05:45:00,2026-03-19 07:35:00,planned,MAT-01,1613.0
5558,48,2026-06-28 04:46:00,2026-06-28 05:36:00,unplanned,MEC-01,
5559,26,2026-02-17 11:49:00,2026-02-17 14:14:00,planned,MEC-01,9220.0
5560,10,2026-01-25 19:51:00,2026-01-25 21:48:00,planned,ELEC-01,
5561,36,2026-04-29 14:15:00,2026-04-29 15:31:00,unplanned,CAL-01,5188.0
5562,38,2026-02-25 19:01:00,2026-02-25 19:20:00,planned,ELEC-01,6813.0
5563,36,2026-06-04 15:51:00,2026-06-04 18:06:00,unplanned,MEC-02,2168.0
5564,9,2026-05-21 17:58:00,2026-05-21 18:53:00,planned,ELEC-01,5787.0
5565,46,2026-01-24 01:05:00,2026-01-24 03:32:00,planned,CAL-01,
5566,39,2026-06-03 17:16:00,2026-06-03 18:08:00,unplanned,ELEC-01,4458.0
5567,32,2026-01-12 05:39:00,2026-01-12 07:04:00,unplanned,ELEC-01,
5568,24,2026-01-27 21:46:00,2026-01-27 22:52:00,planned,ELEC-01,5806.0
5569,41,2026-03-29 17:49:00,2026-03-29 19:57:00,planned,MEC-01,9087.0
5570,14,2026-03-20 03:46:00,2026-03-20 05:31:00,planned,ELEC-01,400.0
5571,21,2026-06-01 19:20:00,2026-06-01 19:30:00,unplanned,MEC-02,
5572,46,2026-05-12 00:17:00,2026-05-12 02:46:00,planned,MAT-01,1138.0
5573,47,2026-06-21 19:38:00,2026-06-21 20:04:00,unplanned,MAT-01,4670.0
5574,6,2026-01-06 01:22:00,2026-01-06 01:58:00,planned,MEC-01,
5575,41,2026-05-07 08:19:00,2026-05-07 09:22:00,planned,MEC-02,2209.0
5576,45,2026-05-02 00:35:00,2026-05-02 02:38:00,planned,ELEC-01,8422.0
5577,33,2026-04-25 20:39:00,2026-04-25 23:00:00,planned,MEC-01,
5578,42,2026-04-06 00:10:00,2026-04-06 01:45:00,unplanned,MAT-01,2344.0
5579,49,2026-02-25 13:12:00,2026-02-25 16:09:00,unplanned,MEC-01,186.0
5580,39,2026-01-14 05:47:00,2026-01-14 07:20:00,planned,ELEC-01,6388.0
5581,19,2026-05-28 22:28:00,2026-05-29 00:38:00,unplanned,CAL-01,1760.0
5582,5,2026-01-02 23:38:00,2026-01-03 00:44:00,unplanned,MEC-02,
5583,7,2026-01-27 21:06:00,2026-01-27 22:42:00,planned,CAL-01,
5584,44,2026-02-10 21:47:00,2026-02-11 00:23:00,unplanned,ELEC-01,7043.0
5585,33,2026-03-30 00:35:00,2026-03-30 02:04:00,unplanned,MEC-01,2306.0
5586,6,2026-05-09 21:04:00,2026-05-09 21:35:00,planned,MEC-01,6264.0
5587,1,2026-02-03 10:01:00,2026-02-03 10:22:00,planned,MEC-02,4849.0
5588,29,2026-03-03 11:40:00,2026-03-03 13:51:00,unplanned,MAT-01,4917.0
5589,11,2026-03-29 07:51:00,2026-03-29 10:40:00,unplanned,MEC-02,
5590,49,2026-05-15 14:32:00,2026-05-15 14:55:00,planned,MEC-01,
5591,8,2026-03-18 21:58:00,2026-03-18 22:16:00,unplanned,ELEC-01,
5592,39,2026-03-17 15:51:00,2026-03-17 17:43:00,unplanned,MAT-01,3797.0
5593,21,2026-06-12 17:51:00,2026-06-12 18:06:00,unplanned,MEC-01,6232.0
5594,37,2026-04-14 04:57:00,2026-04-14 07:33:00,unplanned,ELEC-01,6484.0
5595,26,2026-03-25 18:06:00,2026-03-25 20:24:00,unplanned,ELEC-01,9755.0
5596,29,2026-04-13 11:43:00,2026-04-13 13:21:00,unplanned,MEC-01,
5597,18,2026-05-08 05:53:00,2026-05-08 06:55:00,unplanned,ELEC-01,45.0
5598,39,2026-01-01 11:07:00,2026-01-01 13:34:00,unplanned,MAT-01,941.0
5599,22,2026-04-12 22:37:00,2026-04-12 22:58:00,unplanned,MAT-01,1069.0
5600,12,2026-03-24 11:54:00,2026-03-24 12:20:00,unplanned,CAL-01,1424.0
5601,26,2026-02-10 06:19:00,2026-02-10 08:18:00,unplanned,CAL-01,6354.0
5602,15,2026-06-26 04:18:00,2026-06-26 05:50:00,unplanned,CAL-01,9621.0
5603,3,2026-06-28 04:04:00,2026-06-28 05:59:00,planned,ELEC-01,1090.0
5604,46,2026-03-15 00:31:00,2026-03-15 03:12:00,planned,MAT-01,3882.0
5605,24,2026-05-30 06:19:00,2026-05-30 07:13:00,unplanned,MAT-01,2746.0
5606,49,2026-04-26 05:55:00,2026-04-26 07:52:00,planned,CAL-01,7889.0
5607,29,2026-01-06 04:52:00,2026-01-06 06:23:00,unplanned,MAT-01,
5608,22,2026-04-23 18:31:00,2026-04-23 20:47:00,unplanned,ELEC-01,
5609,3,2026-05-13 17:37:00,2026-05-13 17:55:00,planned,MAT-01,8779.0
5610,9,2026-03-17 18:05:00,2026-03-17 19:49:00,unplanned,MEC-01,3856.0
5611,36,2026-03-30 13:11:00,2026-03-30 15:33:00,planned,ELEC-01,2262.0
5612,17,2026-06-13 02:47:00,2026-06-13 03:35:00,unplanned,ELEC-01,3991.0
5613,48,2026-04-22 10:25:00,2026-04-22 13:17:00,planned,MAT-01,1846.0
5614,23,2026-04-21 09:52:00,2026-04-21 11:11:00,planned,MEC-02,3839.0
5615,21,2026-05-21 22:43:00,2026-05-22 00:10:00,planned,CAL-01,1021.0
5616,5,2026-04-09 03:02:00,2026-04-09 05:18:00,planned,CAL-01,4602.0
5617,28,2026-04-21 14:46:00,2026-04-21 15:27:00,unplanned,MAT-01,1662.0
5618,5,2026-01-03 07:03:00,2026-01-03 07:52:00,unplanned,ELEC-01,
5619,5,2026-02-12 21:13:00,2026-02-12 22:10:00,planned,CAL-01,
5620,5,2026-04-13 22:37:00,2026-04-14 00:44:00,planned,MEC-02,1178.0
5621,34,2026-05-29 07:07:00,2026-05-29 08:06:00,planned,MEC-01,
5622,40,2026-03-19 21:46:00,2026-03-19 23:38:00,planned,ELEC-01,1269.0
5623,47,2026-06-15 14:51:00,2026-06-15 15:09:00,planned,MAT-01,9443.0
5624,37,2026-05-22 08:49:00,2026-05-22 08:54:00,unplanned,MEC-01,73.0
5625,49,2026-05-23 09:04:00,2026-05-23 10:20:00,unplanned,CAL-01,7878.0
5626,35,2026-05-21 14:11:00,2026-05-21 15:14:00,unplanned,MEC-02,8304.0
5627,33,2026-02-28 14:22:00,2026-02-28 16:49:00,unplanned,ELEC-01,5430.0
5628,12,2026-01-14 21:13:00,2026-01-14 21:50:00,unplanned,MEC-01,
5629,40,2026-06-09 17:09:00,2026-06-09 17:34:00,planned,ELEC-01,7804.0
5630,19,2026-02-15 00:32:00,2026-02-15 02:01:00,unplanned,MAT-01,
5631,47,2026-03-24 01:56:00,2026-03-24 03:13:00,planned,MEC-01,
5632,12,2026-02-27 03:20:00,2026-02-27 05:37:00,planned,MEC-01,3920.0
5633,40,2026-05-19 02:06:00,2026-05-19 04:47:00,planned,CAL-01,5432.0
5634,11,2026-01-15 12:51:00,2026-01-15 15:13:00,planned,MEC-02,
5635,4,2026-01-11 09:43:00,2026-01-11 11:37:00,planned,ELEC-01,
5636,5,2026-05-04 05:12:00,2026-05-04 07:38:00,planned,MEC-02,7247.0
5637,22,2026-05-13 10:43:00,2026-05-13 13:00:00,unplanned,MEC-02,9490.0
5638,48,2026-01-27 17:20:00,2026-01-27 18:27:00,unplanned,ELEC-01,
5639,2,2026-06-03 17:04:00,2026-06-03 20:01:00,planned,CAL-01,
5640,23,2026-02-16 16:12:00,2026-02-16 18:01:00,planned,ELEC-01,
5641,31,2026-01-13 15:12:00,2026-01-13 17:01:00,unplanned,MAT-01,
5642,30,2026-05-28 14:01:00,2026-05-28 16:59:00,planned,MAT-01,83.0
5643,37,2026-05-12 14:34:00,2026-05-12 17:21:00,unplanned,MEC-01,4358.0
5644,3,2026-03-28 17:31:00,2026-03-28 19:52:00,planned,MEC-01,4924.0
5645,19,2026-03-17 18:32:00,2026-03-17 20:26:00,planned,MEC-02,7332.0
5646,23,2026-05-31 20:13:00,2026-05-31 20:56:00,planned,MAT-01,6868.0
5647,42,2026-01-28 07:26:00,2026-01-28 09:02:00,planned,MEC-01,
5648,4,2026-01-21 06:00:00,2026-01-21 06:18:00,planned,MEC-01,3252.0
5649,47,2026-03-25 10:29:00,2026-03-25 12:11:00,unplanned,ELEC-01,3115.0
5650,50,2026-02-23 04:26:00,2026-02-23 05:45:00,planned,MEC-02,8873.0
5651,2,2026-06-13 05:31:00,2026-06-13 07:05:00,unplanned,MEC-01,8556.0
5652,19,2026-01-23 06:00:00,2026-01-23 07:01:00,planned,CAL-01,1591.0
5653,33,2026-02-03 23:33:00,2026-02-04 02:32:00,unplanned,MEC-01,
5654,32,2026-05-24 23:38:00,2026-05-24 23:56:00,planned,MEC-02,5032.0
5655,32,2026-01-23 00:38:00,2026-01-23 02:27:00,planned,MEC-02,
5656,7,2026-03-29 00:58:00,2026-03-29 03:54:00,unplanned,ELEC-01,9897.0
5657,21,2026-04-24 02:33:00,2026-04-24 04:53:00,unplanned,CAL-01,8151.0
5658,6,2026-06-23 13:54:00,2026-06-23 14:33:00,planned,MEC-01,
5659,33,2026-01-06 18:00:00,2026-01-06 18:40:00,unplanned,MAT-01,3277.0
5660,5,2026-02-13 04:36:00,2026-02-13 04:57:00,planned,MEC-01,5630.0
5661,27,2026-03-01 07:10:00,2026-03-01 09:22:00,unplanned,MEC-02,3914.0
5662,41,2026-01-03 18:50:00,2026-01-03 20:12:00,unplanned,CAL-01,238.0
5663,14,2026-05-30 11:56:00,2026-05-30 13:26:00,unplanned,ELEC-01,4218.0
5664,37,2026-06-03 09:11:00,2026-06-03 11:46:00,planned,ELEC-01,4122.0
5665,42,2026-05-24 10:24:00,2026-05-24 11:47:00,planned,MEC-01,5261.0
5666,37,2026-02-14 06:32:00,2026-02-14 07:40:00,planned,MEC-02,2740.0
5667,24,2026-06-18 12:22:00,2026-06-18 13:22:00,unplanned,CAL-01,7677.0
5668,27,2026-03-27 19:52:00,2026-03-27 21:29:00,planned,MEC-01,
5669,46,2026-02-05 00:56:00,2026-02-05 01:15:00,unplanned,MEC-01,8769.0
5670,34,2026-01-27 21:50:00,2026-01-27 22:48:00,planned,MEC-01,9575.0
5671,9,2026-01-10 16:33:00,2026-01-10 16:42:00,unplanned,MAT-01,4628.0
5672,46,2026-01-22 11:11:00,2026-01-22 12:11:00,planned,MEC-02,
5673,34,2026-06-08 08:59:00,2026-06-08 10:00:00,planned,MAT-01,7075.0
5674,23,2026-01-06 22:49:00,2026-01-07 00:03:00,planned,ELEC-01,2755.0
5675,11,2026-01-15 22:25:00,2026-01-16 01:21:00,planned,CAL-01,
5676,1,2026-02-15 10:58:00,2026-02-15 11:10:00,unplanned,MAT-01,
5677,8,2026-04-09 16:29:00,2026-04-09 19:23:00,unplanned,MEC-02,3277.0
5678,15,2026-02-19 15:55:00,2026-02-19 18:15:00,planned,CAL-01,
5679,31,2026-03-17 21:27:00,2026-03-18 00:19:00,planned,MEC-02,9704.0
5680,24,2026-04-24 11:28:00,2026-04-24 14:15:00,unplanned,ELEC-01,
5681,36,2026-06-13 23:11:00,2026-06-14 01:02:00,unplanned,MAT-01,3702.0
5682,37,2026-03-18 00:52:00,2026-03-18 03:31:00,planned,CAL-01,
5683,50,2026-04-05 11:30:00,2026-04-05 13:12:00,unplanned,MEC-02,5911.0
5684,46,2026-05-26 22:06:00,2026-05-26 23:46:00,unplanned,MAT-01,2101.0
5685,28,2026-04-18 15:55:00,2026-04-18 16:25:00,planned,MEC-01,852.0
5686,40,2026-03-01 01:22:00,2026-03-01 02:11:00,unplanned,MAT-01,1847.0
5687,15,2026-04-06 23:42:00,2026-04-07 00:10:00,planned,MEC-01,5487.0
5688,41,2026-01-01 01:17:00,2026-01-01 03:24:00,planned,MEC-02,8796.0
5689,40,2026-02-02 21:17:00,2026-02-02 22:52:00,planned,CAL-01,8218.0
5690,35,2026-01-28 19:10:00,2026-01-28 21:39:00,unplanned,MEC-01,
5691,6,2026-03-16 03:56:00,2026-03-16 06:05:00,planned,CAL-01,7141.0
5692,35,2026-03-04 20:49:00,2026-03-04 21:46:00,planned,MEC-01,4469.0
5693,5,2026-04-02 15:11:00,2026-04-02 17:35:00,unplanned,ELEC-01,2606.0
5694,42,2026-06-28 13:32:00,2026-06-28 13:47:00,unplanned,MEC-02,6642.0
5695,15,2026-05-19 05:01:00,2026-05-19 06:54:00,planned,ELEC-01,
5696,20,2026-03-29 23:45:00,2026-03-30 01:23:00,planned,MAT-01,5158.0
5697,14,2026-06-24 03:11:00,2026-06-24 04:58:00,unplanned,MEC-02,5914.0
5698,38,2026-06-21 17:14:00,2026-06-21 19:14:00,planned,CAL-01,
5699,8,2026-03-12 22:39:00,2026-03-13 00:12:00,unplanned,MAT-01,3247.0
5700,39,2026-02-16 04:20:00,2026-02-16 05:48:00,planned,MAT-01,9964.0
5701,15,2026-04-26 09:50:00,2026-04-26 12:27:00,planned,MEC-02,8269.0
5702,20,2026-03-17 11:38:00,2026-03-17 13:14:00,planned,CAL-01,3261.0
5703,19,2026-06-14 16:45:00,2026-06-14 16:55:00,unplanned,MEC-01,7125.0
5704,20,2026-05-05 08:08:00,2026-05-05 09:15:00,planned,MEC-01,
5705,30,2026-04-04 10:50:00,2026-04-04 11:02:00,unplanned,MEC-02,
5706,7,2026-01-26 06:10:00,2026-01-26 07:11:00,unplanned,CAL-01,6022.0
5707,3,2026-06-16 15:31:00,2026-06-16 17:25:00,planned,MEC-01,1423.0
5708,40,2026-05-21 15:59:00,2026-05-21 17:34:00,planned,MEC-02,8540.0
5709,39,2026-03-19 21:39:00,2026-03-19 21:46:00,planned,MEC-02,5429.0
5710,3,2026-05-25 15:53:00,2026-05-25 17:46:00,unplanned,ELEC-01,2205.0
5711,50,2026-02-15 14:19:00,2026-02-15 14:54:00,unplanned,MEC-02,6212.0
5712,39,2026-06-03 10:31:00,2026-06-03 10:55:00,planned,CAL-01,
5713,33,2026-02-22 07:08:00,2026-02-22 07:36:00,unplanned,ELEC-01,4763.0
5714,44,2026-01-23 07:30:00,2026-01-23 10:14:00,unplanned,MEC-01,3915.0
5715,30,2026-01-01 23:30:00,2026-01-02 00:55:00,planned,CAL-01,3280.0
5716,6,2026-05-09 22:30:00,2026-05-10 01:12:00,unplanned,MAT-01,7.0
5717,15,2026-06-12 21:48:00,2026-06-13 00:40:00,unplanned,MAT-01,
5718,35,2026-01-18 01:44:00,2026-01-18 03:09:00,planned,MEC-02,3401.0
5719,39,2026-06-19 11:20:00,2026-06-19 11:39:00,planned,ELEC-01,1428.0
5720,18,2026-04-28 16:17:00,2026-04-28 16:26:00,unplanned,MEC-01,7314.0
5721,49,2026-04-19 01:40:00,2026-04-19 03:15:00,unplanned,MAT-01,4047.0
5722,44,2026-03-16 06:36:00,2026-03-16 07:05:00,planned,MAT-01,2382.0
5723,42,2026-01-17 17:11:00,2026-01-17 18:44:00,planned,MEC-02,
5724,8,2026-03-26 11:49:00,2026-03-26 11:54:00,unplanned,CAL-01,2605.0
5725,35,2026-04-08 17:27:00,2026-04-08 18:59:00,unplanned,MEC-01,4452.0
5726,35,2026-02-08 12:11:00,2026-02-08 14:05:00,unplanned,MAT-01,6244.0
5727,18,2026-04-30 21:38:00,2026-04-30 22:03:00,planned,ELEC-01,
5728,36,2026-04-06 14:03:00,2026-04-06 16:07:00,planned,MEC-02,
5729,30,2026-02-13 08:15:00,2026-02-13 10:09:00,planned,MEC-01,
5730,48,2026-03-26 06:38:00,2026-03-26 08:27:00,unplanned,MEC-01,1230.0
5731,49,2026-05-17 16:23:00,2026-05-17 17:11:00,unplanned,MEC-02,1270.0
5732,2,2026-01-14 23:28:00,2026-01-15 00:10:00,unplanned,MEC-02,9574.0
5733,50,2026-04-05 01:02:00,2026-04-05 02:52:00,unplanned,ELEC-01,
5734,11,2026-03-30 23:54:00,2026-03-31 01:54:00,planned,CAL-01,2070.0
5735,19,2026-05-02 04:44:00,2026-05-02 07:06:00,unplanned,MEC-01,4985.0
5736,22,2026-05-10 22:30:00,2026-05-11 01:24:00,planned,MEC-02,7632.0
5737,12,2026-03-18 13:39:00,2026-03-18 14:18:00,planned,CAL-01,1113.0
5738,1,2026-06-13 21:34:00,2026-06-13 23:41:00,unplanned,MEC-01,9848.0
5739,24,2026-01-01 17:14:00,2026-01-01 20:05:00,unplanned,MAT-01,6222.0
5740,10,2026-01-14 21:09:00,2026-01-14 23:12:00,unplanned,ELEC-01,3233.0
5741,17,2026-04-26 11:03:00,2026-04-26 12:47:00,planned,MAT-01,1511.0
5742,16,2026-04-17 23:26:00,2026-04-18 02:13:00,planned,MEC-01,6706.0
5743,2,2026-01-12 22:17:00,2026-01-12 23:56:00,planned,MEC-01,6376.0
5744,15,2026-02-24 22:54:00,2026-02-25 01:34:00,unplanned,CAL-01,1259.0
5745,16,2026-06-08 00:29:00,2026-06-08 01:37:00,unplanned,MAT-01,
5746,33,2026-06-23 13:52:00,2026-06-23 16:18:00,unplanned,MEC-02,2957.0
5747,19,2026-04-17 13:19:00,2026-04-17 15:15:00,unplanned,MAT-01,6650.0
5748,16,2026-05-03 03:32:00,2026-05-03 03:52:00,planned,ELEC-01,5528.0
5749,11,2026-03-12 09:01:00,2026-03-12 11:07:00,unplanned,ELEC-01,
5750,13,2026-02-17 16:13:00,2026-02-17 18:55:00,unplanned,MAT-01,1306.0
5751,14,2026-03-02 10:15:00,2026-03-02 12:46:00,unplanned,MAT-01,8175.0
5752,27,2026-02-28 10:42:00,2026-02-28 12:04:00,planned,CAL-01,
5753,38,2026-05-21 10:32:00,2026-05-21 12:44:00,unplanned,MAT-01,4609.0
5754,15,2026-01-07 15:08:00,2026-01-07 16:50:00,planned,CAL-01,7263.0
5755,43,2026-03-05 08:33:00,2026-03-05 09:04:00,unplanned,ELEC-01,7897.0
5756,49,2026-01-06 22:54:00,2026-01-06 23:16:00,unplanned,ELEC-01,9546.0
5757,49,2026-02-18 01:32:00,2026-02-18 03:46:00,unplanned,MEC-01,
5758,18,2026-01-09 06:23:00,2026-01-09 08:16:00,planned,MEC-01,
5759,25,2026-01-01 11:41:00,2026-01-01 12:34:00,planned,CAL-01,5173.0
5760,41,2026-02-22 00:47:00,2026-02-22 03:31:00,planned,MAT-01,5173.0
5761,7,2026-05-24 23:27:00,2026-05-25 00:51:00,unplanned,MEC-01,4562.0
5762,25,2026-05-20 15:52:00,2026-05-20 18:34:00,planned,MEC-01,
5763,44,2026-02-24 09:58:00,2026-02-24 12:40:00,unplanned,CAL-01,9272.0
5764,24,2026-03-25 12:33:00,2026-03-25 15:07:00,planned,MEC-02,2905.0
5765,32,2026-02-18 13:38:00,2026-02-18 16:25:00,unplanned,CAL-01,2814.0
5766,17,2026-01-15 19:59:00,2026-01-15 22:04:00,unplanned,CAL-01,6645.0
5767,23,2026-05-29 05:39:00,2026-05-29 07:19:00,planned,MEC-01,7431.0
5768,28,2026-04-25 14:32:00,2026-04-25 17:23:00,unplanned,MAT-01,
5769,24,2026-02-26 03:19:00,2026-02-26 05:28:00,unplanned,MEC-02,2654.0
5770,45,2026-06-16 22:57:00,2026-06-17 01:51:00,planned,MEC-01,3179.0
5771,44,2026-01-08 00:36:00,2026-01-08 00:52:00,planned,MEC-01,8006.0
5772,47,2026-03-26 08:37:00,2026-03-26 11:13:00,unplanned,MAT-01,4457.0
5773,50,2026-05-30 17:06:00,2026-05-30 18:24:00,unplanned,MEC-01,7151.0
5774,38,2026-06-08 05:24:00,2026-06-08 06:16:00,planned,MEC-01,8508.0
5775,5,2026-06-01 01:27:00,2026-06-01 03:23:00,unplanned,CAL-01,4878.0
5776,26,2026-01-02 20:18:00,2026-01-02 21:11:00,planned,CAL-01,7055.0
5777,10,2026-02-28 08:30:00,2026-02-28 09:45:00,planned,ELEC-01,
5778,34,2026-06-16 03:06:00,2026-06-16 04:35:00,planned,MEC-01,3422.0
5779,48,2026-03-16 08:21:00,2026-03-16 10:49:00,unplanned,MEC-01,708.0
5780,8,2026-06-28 07:47:00,2026-06-28 08:56:00,unplanned,ELEC-01,
5781,36,2026-05-09 21:36:00,2026-05-10 00:14:00,unplanned,ELEC-01,
5782,8,2026-06-03 22:28:00,2026-06-03 22:58:00,planned,MAT-01,
5783,12,2026-05-27 07:11:00,2026-05-27 09:20:00,unplanned,CAL-01,
5784,16,2026-01-28 05:17:00,2026-01-28 06:34:00,unplanned,MEC-01,4261.0
5785,10,2026-05-14 06:29:00,2026-05-14 08:25:00,unplanned,MAT-01,
5786,2,2026-01-23 20:35:00,2026-01-23 21:17:00,unplanned,MAT-01,
5787,39,2026-05-05 20:11:00,2026-05-05 21:53:00,planned,MEC-01,5938.0
5788,3,2026-03-20 05:21:00,2026-03-20 05:59:00,unplanned,MEC-01,
5789,23,2026-06-29 05:28:00,2026-06-29 07:00:00,planned,MEC-01,
5790,7,2026-02-16 23:14:00,2026-02-16 23:20:00,planned,MEC-01,311.0
5791,19,2026-04-13 22:22:00,2026-04-13 22:59:00,unplanned,MAT-01,1031.0
5792,28,2026-05-01 20:55:00,2026-05-01 21:10:00,unplanned,MAT-01,
5793,21,2026-02-03 00:19:00,2026-02-03 01:27:00,planned,MAT-01,
5794,23,2026-01-23 09:03:00,2026-01-23 09:16:00,planned,MEC-01,5910.0
5795,45,2026-03-01 19:33:00,2026-03-01 21:08:00,unplanned,MAT-01,6965.0
5796,29,2026-05-20 03:50:00,2026-05-20 06:28:00,unplanned,MEC-02,3769.0
5797,48,2026-03-24 19:56:00,2026-03-24 21:49:00,planned,ELEC-01,4920.0
5798,49,2026-01-29 00:50:00,2026-01-29 03:29:00,unplanned,MAT-01,
5799,19,2026-02-08 21:57:00,2026-02-08 23:22:00,planned,ELEC-01,
5800,10,2026-05-08 12:46:00,2026-05-08 13:05:00,planned,MEC-02,9887.0
5801,7,2026-06-29 00:39:00,2026-06-29 03:34:00,unplanned,CAL-01,
5802,9,2026-03-21 19:18:00,2026-03-21 22:10:00,unplanned,ELEC-01,8389.0
5803,3,2026-06-06 14:20:00,2026-06-06 16:58:00,planned,MAT-01,8056.0
5804,48,2026-01-21 21:44:00,2026-01-21 22:21:00,planned,ELEC-01,3232.0
5805,39,2026-05-16 20:37:00,2026-05-16 21:34:00,planned,CAL-01,3175.0
5806,42,2026-01-17 14:46:00,2026-01-17 15:43:00,unplanned,ELEC-01,1642.0
5807,23,2026-02-04 22:57:00,2026-02-05 00:56:00,unplanned,MEC-01,
5808,29,2026-03-05 08:58:00,2026-03-05 09:35:00,planned,MAT-01,2687.0
5809,27,2026-01-19 03:27:00,2026-01-19 05:13:00,planned,CAL-01,5916.0
5810,2,2026-03-02 07:12:00,2026-03-02 07:35:00,unplanned,MAT-01,
5811,4,2026-01-30 12:26:00,2026-01-30 14:05:00,planned,MAT-01,4829.0
5812,40,2026-06-22 07:14:00,2026-06-22 09:06:00,planned,CAL-01,
5813,27,2026-06-21 06:14:00,2026-06-21 09:14:00,planned,CAL-01,7296.0
5814,13,2026-05-03 18:05:00,2026-05-03 19:33:00,unplanned,MAT-01,3785.0
5815,41,2026-05-21 23:05:00,2026-05-22 01:29:00,unplanned,MAT-01,
5816,20,2026-06-21 20:56:00,2026-06-21 22:58:00,unplanned,MEC-02,4507.0
5817,40,2026-02-24 13:38:00,2026-02-24 15:17:00,unplanned,CAL-01,3025.0
5818,20,2026-04-23 00:47:00,2026-04-23 01:47:00,unplanned,MEC-02,9609.0
5819,43,2026-05-08 08:25:00,2026-05-08 09:57:00,planned,MEC-01,73.0
5820,33,2026-06-16 04:52:00,2026-06-16 06:47:00,planned,MEC-02,9253.0
5821,11,2026-02-08 17:35:00,2026-02-08 18:30:00,unplanned,MEC-02,
5822,4,2026-04-07 14:56:00,2026-04-07 17:56:00,unplanned,MEC-01,9813.0
5823,49,2026-05-26 00:33:00,2026-05-26 02:40:00,unplanned,CAL-01,1850.0
5824,8,2026-06-07 00:45:00,2026-06-07 02:51:00,unplanned,MEC-02,
5825,8,2026-01-28 12:29:00,2026-01-28 13:14:00,planned,MEC-02,
5826,17,2026-01-10 03:26:00,2026-01-10 05:22:00,planned,MEC-02,2965.0
5827,37,2026-01-10 13:26:00,2026-01-10 14:30:00,planned,ELEC-01,3858.0
5828,22,2026-04-13 22:09:00,2026-04-13 23:29:00,unplanned,MEC-02,
5829,24,2026-03-09 18:52:00,2026-03-09 20:09:00,unplanned,MEC-01,5225.0
5830,46,2026-02-26 22:22:00,2026-02-27 01:15:00,unplanned,MEC-01,3957.0
5831,22,2026-04-02 12:00:00,2026-04-02 12:30:00,unplanned,CAL-01,
5832,12,2026-01-17 12:30:00,2026-01-17 13:52:00,unplanned,ELEC-01,7625.0
5833,25,2026-05-20 08:02:00,2026-05-20 09:37:00,unplanned,CAL-01,
5834,21,2026-01-18 08:02:00,2026-01-18 10:23:00,unplanned,MEC-01,8631.0
5835,10,2026-01-05 22:46:00,2026-01-05 23:16:00,planned,MAT-01,3692.0
5836,4,2026-01-07 12:46:00,2026-01-07 15:30:00,unplanned,MAT-01,
5837,10,2026-06-17 08:52:00,2026-06-17 10:23:00,unplanned,MEC-02,8733.0
5838,4,2026-02-13 20:11:00,2026-02-13 22:59:00,unplanned,MAT-01,5669.0
5839,45,2026-01-27 05:14:00,2026-01-27 06:32:00,planned,MEC-01,
5840,3,2026-01-08 21:21:00,2026-01-08 23:23:00,planned,ELEC-01,8827.0
5841,36,2026-05-19 16:17:00,2026-05-19 16:23:00,unplanned,CAL-01,2248.0
5842,17,2026-04-02 21:45:00,2026-04-02 22:44:00,planned,ELEC-01,5244.0
5843,43,2026-05-09 21:33:00,2026-05-10 00:14:00,unplanned,MAT-01,1193.0
5844,3,2026-03-07 07:37:00,2026-03-07 09:34:00,unplanned,MEC-01,7287.0
5845,40,2026-03-05 02:49:00,2026-03-05 05:21:00,unplanned,MAT-01,7560.0
5846,36,2026-05-15 21:11:00,2026-05-15 21:44:00,unplanned,ELEC-01,
5847,27,2026-01-06 00:01:00,2026-01-06 01:53:00,unplanned,CAL-01,3232.0
5848,9,2026-03-12 19:46:00,2026-03-12 20:14:00,unplanned,ELEC-01,7876.0
5849,23,2026-05-04 22:16:00,2026-05-04 23:40:00,planned,MAT-01,6522.0
5850,31,2026-04-29 00:54:00,2026-04-29 01:07:00,unplanned,MAT-01,9273.0
5851,25,2026-01-25 17:56:00,2026-01-25 20:50:00,unplanned,MEC-01,
5852,33,2026-02-26 09:25:00,2026-02-26 11:54:00,planned,MEC-02,5087.0
5853,43,2026-05-17 11:31:00,2026-05-17 12:06:00,unplanned,CAL-01,7946.0
5854,27,2026-03-06 06:34:00,2026-03-06 08:01:00,planned,MEC-01,5777.0
5855,18,2026-03-01 10:57:00,2026-03-01 11:53:00,planned,MEC-01,
5856,50,2026-05-28 19:57:00,2026-05-28 21:07:00,unplanned,CAL-01,8273.0
5857,30,2026-03-04 18:47:00,2026-03-04 19:54:00,planned,CAL-01,6604.0
5858,34,2026-03-31 08:09:00,2026-03-31 08:50:00,planned,ELEC-01,
5859,34,2026-05-28 01:43:00,2026-05-28 02:33:00,planned,MAT-01,
5860,20,2026-04-16 03:34:00,2026-04-16 05:55:00,unplanned,ELEC-01,
5861,42,2026-06-17 01:11:00,2026-06-17 02:35:00,planned,MEC-02,2795.0
5862,38,2026-02-20 14:44:00,2026-02-20 15:04:00,unplanned,MAT-01,3803.0
5863,13,2026-05-27 06:02:00,2026-05-27 08:09:00,unplanned,MEC-01,9726.0
5864,14,2026-01-09 11:49:00,2026-01-09 13:05:00,planned,MEC-01,7888.0
5865,42,2026-03-11 12:59:00,2026-03-11 13:28:00,unplanned,MAT-01,
5866,41,2026-05-28 12:01:00,2026-05-28 14:16:00,unplanned,MEC-02,6161.0
5867,47,2026-06-25 06:49:00,2026-06-25 08:51:00,planned,CAL-01,167.0
5868,11,2026-05-07 08:49:00,2026-05-07 11:08:00,unplanned,MEC-02,980.0
5869,39,2026-03-29 16:35:00,2026-03-29 19:09:00,planned,MAT-01,
5870,20,2026-02-20 02:46:00,2026-02-20 05:37:00,unplanned,MAT-01,
5871,40,2026-03-03 01:12:00,2026-03-03 03:43:00,unplanned,MAT-01,7897.0
5872,14,2026-04-28 23:53:00,2026-04-29 00:03:00,planned,CAL-01,6976.0
5873,47,2026-03-01 03:38:00,2026-03-01 04:40:00,planned,CAL-01,8235.0
5874,13,2026-04-12 22:44:00,2026-04-13 00:29:00,unplanned,ELEC-01,
5875,33,2026-06-16 02:49:00,2026-06-16 03:38:00,planned,CAL-01,555.0
5876,40,2026-06-01 17:20:00,2026-06-01 19:46:00,unplanned,MEC-01,2008.0
5877,20,2026-04-07 12:50:00,2026-04-07 13:31:00,planned,MEC-02,
5878,23,2026-01-02 11:10:00,2026-01-02 13:17:00,unplanned,MEC-01,2051.0
5879,21,2026-02-19 05:54:00,2026-02-19 08:20:00,unplanned,MAT-01,
5880,26,2026-01-01 16:07:00,2026-01-01 18:45:00,unplanned,MEC-02,1116.0
5881,34,2026-04-24 12:57:00,2026-04-24 14:04:00,planned,MEC-01,
5882,9,2026-02-12 14:46:00,2026-02-12 16:48:00,unplanned,ELEC-01,4383.0
5883,29,2026-04-29 06:02:00,2026-04-29 06:23:00,planned,MEC-01,3385.0
5884,37,2026-05-19 16:40:00,2026-05-19 18:18:00,planned,MAT-01,8792.0
5885,15,2026-01-08 19:00:00,2026-01-08 21:21:00,unplanned,MEC-01,6850.0
5886,1,2026-02-28 22:44:00,2026-02-28 22:53:00,unplanned,MEC-02,563.0
5887,34,2026-05-09 09:04:00,2026-05-09 11:22:00,unplanned,MAT-01,1888.0
5888,41,2026-03-25 03:23:00,2026-03-25 03:55:00,unplanned,ELEC-01,
5889,45,2026-04-25 18:36:00,2026-04-25 20:22:00,planned,MEC-01,620.0
5890,7,2026-02-07 22:55:00,2026-02-07 23:49:00,unplanned,MEC-01,
5891,42,2026-02-24 18:11:00,2026-02-24 20:48:00,unplanned,ELEC-01,
5892,35,2026-05-29 05:11:00,2026-05-29 05:34:00,planned,CAL-01,
5893,4,2026-04-26 16:31:00,2026-04-26 17:34:00,unplanned,MAT-01,7762.0
5894,2,2026-06-22 06:24:00,2026-06-22 07:24:00,planned,MAT-01,2617.0
5895,10,2026-04-14 06:27:00,2026-04-14 09:26:00,unplanned,CAL-01,3845.0
5896,19,2026-05-05 22:16:00,2026-05-06 01:08:00,unplanned,MAT-01,
5897,37,2026-03-02 06:56:00,2026-03-02 08:58:00,unplanned,CAL-01,2715.0
5898,18,2026-02-21 07:12:00,2026-02-21 09:10:00,planned,MEC-02,5071.0
5899,40,2026-03-04 11:14:00,2026-03-04 11:30:00,planned,CAL-01,1220.0
5900,33,2026-02-18 01:21:00,2026-02-18 02:00:00,planned,MAT-01,
5901,12,2026-01-01 23:41:00,2026-01-02 01:24:00,unplanned,CAL-01,
5902,13,2026-03-20 04:13:00,2026-03-20 05:53:00,unplanned,MEC-01,
5903,41,2026-03-12 15:47:00,2026-03-12 16:40:00,unplanned,MEC-02,6996.0
5904,28,2026-06-26 14:02:00,2026-06-26 14:58:00,unplanned,ELEC-01,655.0
5905,11,2026-03-26 09:21:00,2026-03-26 11:58:00,unplanned,ELEC-01,5038.0
5906,9,2026-01-16 23:58:00,2026-01-17 01:56:00,unplanned,MEC-02,7257.0
5907,36,2026-02-12 13:01:00,2026-02-12 13:08:00,unplanned,MEC-01,1313.0
5908,50,2026-01-15 20:09:00,2026-01-15 21:23:00,unplanned,CAL-01,3647.0
5909,1,2026-04-08 17:19:00,2026-04-08 17:56:00,unplanned,CAL-01,
5910,40,2026-03-15 21:58:00,2026-03-15 22:14:00,unplanned,MAT-01,
5911,39,2026-06-10 16:58:00,2026-06-10 19:38:00,unplanned,MEC-02,5115.0
5912,24,2026-02-07 18:03:00,2026-02-07 18:50:00,unplanned,MEC-01,6181.0
5913,4,2026-05-03 23:52:00,2026-05-04 02:13:00,unplanned,MEC-02,7920.0
5914,47,2026-01-07 12:35:00,2026-01-07 14:59:00,planned,CAL-01,7492.0
5915,27,2026-04-29 13:08:00,2026-04-29 14:16:00,unplanned,CAL-01,
5916,47,2026-06-13 08:35:00,2026-06-13 09:37:00,unplanned,MEC-02,515.0
5917,49,2026-04-26 15:34:00,2026-04-26 18:33:00,planned,ELEC-01,935.0
5918,31,2026-03-17 17:59:00,2026-03-17 19:16:00,planned,MEC-02,3639.0
5919,14,2026-02-07 19:17:00,2026-02-07 20:22:00,planned,MEC-02,4752.0
5920,32,2026-04-24 14:15:00,2026-04-24 15:45:00,unplanned,ELEC-01,
5921,32,2026-03-19 21:09:00,2026-03-19 22:34:00,planned,MEC-01,613.0
5922,11,2026-01-28 22:41:00,2026-01-29 00:32:00,planned,MAT-01,3541.0
5923,27,2026-03-22 08:01:00,2026-03-22 09:42:00,unplanned,MEC-01,6608.0
5924,20,2026-06-05 22:59:00,2026-06-06 01:28:00,planned,MEC-01,9337.0
5925,6,2026-06-15 02:40:00,2026-06-15 05:30:00,planned,ELEC-01,
5926,26,2026-01-02 22:31:00,2026-01-03 01:13:00,unplanned,CAL-01,8516.0
5927,43,2026-04-25 14:20:00,2026-04-25 16:43:00,unplanned,MEC-02,3071.0
5928,29,2026-03-14 20:09:00,2026-03-14 22:13:00,unplanned,ELEC-01,
5929,11,2026-06-20 13:57:00,2026-06-20 15:29:00,planned,MAT-01,3353.0
5930,25,2026-04-01 18:04:00,2026-04-01 20:55:00,planned,ELEC-01,1875.0
5931,44,2026-02-02 17:05:00,2026-02-02 19:18:00,planned,CAL-01,
5932,45,2026-03-22 16:28:00,2026-03-22 16:33:00,unplanned,ELEC-01,8696.0
5933,26,2026-06-24 11:23:00,2026-06-24 14:23:00,planned,MEC-01,2718.0
5934,19,2026-01-10 16:27:00,2026-01-10 18:26:00,unplanned,ELEC-01,4810.0
5935,22,2026-04-17 19:00:00,2026-04-17 20:00:00,unplanned,MAT-01,8164.0
5936,27,2026-05-18 06:18:00,2026-05-18 09:06:00,planned,ELEC-01,
5937,41,2026-03-24 06:25:00,2026-03-24 08:54:00,planned,MAT-01,2319.0
5938,47,2026-04-08 22:39:00,2026-04-09 00:53:00,planned,CAL-01,8164.0
5939,23,2026-05-10 21:52:00,2026-05-10 22:35:00,planned,ELEC-01,8102.0
5940,9,2026-06-21 11:51:00,2026-06-21 14:49:00,unplanned,CAL-01,7585.0
5941,26,2026-04-22 05:47:00,2026-04-22 07:43:00,unplanned,MEC-01,4592.0
5942,2,2026-03-19 22:35:00,2026-03-19 22:51:00,unplanned,MEC-02,
5943,46,2026-04-22 14:16:00,2026-04-22 14:29:00,planned,MAT-01,7192.0
5944,42,2026-03-18 22:58:00,2026-03-19 01:24:00,unplanned,CAL-01,
5945,20,2026-03-18 01:06:00,2026-03-18 03:35:00,planned,CAL-01,557.0
5946,35,2026-06-16 13:17:00,2026-06-16 13:51:00,unplanned,MEC-01,
5947,25,2026-06-04 05:41:00,2026-06-04 06:02:00,unplanned,MEC-02,7070.0
5948,3,2026-04-21 18:11:00,2026-04-21 20:38:00,unplanned,MEC-01,7806.0
5949,15,2026-01-05 06:25:00,2026-01-05 09:21:00,unplanned,CAL-01,2591.0
5950,7,2026-01-13 19:03:00,2026-01-13 20:02:00,planned,ELEC-01,2764.0
5951,36,2026-06-14 23:48:00,2026-06-15 00:26:00,planned,MEC-02,4933.0
5952,34,2026-05-22 23:54:00,2026-05-23 00:10:00,planned,MEC-02,2501.0
5953,2,2026-05-26 05:51:00,2026-05-26 05:58:00,unplanned,ELEC-01,
5954,25,2026-04-29 20:05:00,2026-04-29 21:23:00,planned,CAL-01,
5955,15,2026-03-10 02:12:00,2026-03-10 02:43:00,unplanned,ELEC-01,7935.0
5956,23,2026-06-01 04:35:00,2026-06-01 05:38:00,unplanned,MEC-02,654.0
5957,8,2026-02-14 16:49:00,2026-02-14 18:25:00,planned,CAL-01,
5958,9,2026-02-22 09:55:00,2026-02-22 12:49:00,planned,MEC-01,2914.0
5959,18,2026-05-01 09:00:00,2026-05-01 10:58:00,planned,MEC-02,9035.0
5960,45,2026-06-26 06:20:00,2026-06-26 07:01:00,planned,CAL-01,
5961,21,2026-05-24 10:39:00,2026-05-24 12:01:00,planned,MEC-02,
5962,12,2026-03-31 20:09:00,2026-03-31 21:44:00,planned,MEC-01,3140.0
5963,30,2026-01-11 13:17:00,2026-01-11 15:47:00,planned,MEC-01,3195.0
5964,11,2026-05-28 06:32:00,2026-05-28 08:21:00,planned,ELEC-01,7508.0
5965,27,2026-05-24 21:02:00,2026-05-24 22:54:00,unplanned,MAT-01,5759.0
5966,18,2026-03-22 06:51:00,2026-03-22 09:25:00,planned,MAT-01,
5967,9,2026-02-24 17:03:00,2026-02-24 19:51:00,planned,ELEC-01,
5968,42,2026-02-11 17:21:00,2026-02-11 19:28:00,planned,MAT-01,3275.0
5969,50,2026-02-18 18:13:00,2026-02-18 20:20:00,planned,ELEC-01,
5970,44,2026-04-23 04:17:00,2026-04-23 06:19:00,unplanned,MEC-01,4935.0
5971,34,2026-02-12 02:52:00,2026-02-12 04:55:00,unplanned,MAT-01,
5972,12,2026-02-11 06:52:00,2026-02-11 07:49:00,planned,CAL-01,1468.0
5973,9,2026-01-16 20:04:00,2026-01-16 21:11:00,unplanned,CAL-01,6407.0
5974,47,2026-02-10 06:39:00,2026-02-10 09:08:00,unplanned,CAL-01,1396.0
5975,29,2026-05-03 20:19:00,2026-05-03 22:26:00,unplanned,ELEC-01,9877.0
5976,37,2026-06-03 00:57:00,2026-06-03 01:02:00,planned,MAT-01,
5977,48,2026-04-19 13:59:00,2026-04-19 15:01:00,unplanned,MEC-01,2728.0
5978,48,2026-06-10 04:07:00,2026-06-10 06:49:00,planned,CAL-01,3567.0
5979,29,2026-03-06 21:09:00,2026-03-06 23:03:00,planned,ELEC-01,
5980,13,2026-06-07 01:19:00,2026-06-07 03:02:00,planned,MAT-01,6237.0
5981,2,2026-04-15 01:04:00,2026-04-15 01:49:00,unplanned,MAT-01,
5982,18,2026-01-27 15:45:00,2026-01-27 18:20:00,planned,MAT-01,
5983,1,2026-01-26 15:00:00,2026-01-26 15:30:00,unplanned,CAL-01,
5984,7,2026-03-16 09:29:00,2026-03-16 10:31:00,unplanned,ELEC-01,9902.0
5985,46,2026-04-21 07:25:00,2026-04-21 09:57:00,planned,MEC-02,6783.0
5986,39,2026-01-04 15:33:00,2026-01-04 17:28:00,planned,MEC-01,1614.0
5987,2,2026-03-28 17:25:00,2026-03-28 18:14:00,unplanned,ELEC-01,2881.0
5988,10,2026-04-09 14:01:00,2026-04-09 16:18:00,planned,CAL-01,9848.0
5989,7,2026-06-17 21:56:00,2026-06-17 23:12:00,planned,MEC-01,8536.0
5990,22,2026-05-03 03:22:00,2026-05-03 04:02:00,planned,MEC-01,433.0
5991,23,2026-06-16 16:19:00,2026-06-16 16:47:00,planned,MEC-02,
5992,41,2026-03-11 22:35:00,2026-03-12 01:16:00,unplanned,MAT-01,4606.0
5993,16,2026-02-08 18:19:00,2026-02-08 20:58:00,planned,CAL-01,8832.0
5994,47,2026-05-07 04:52:00,2026-05-07 07:39:00,unplanned,CAL-01,4419.0
5995,1,2026-01-26 03:34:00,2026-01-26 04:10:00,unplanned,MEC-02,7160.0
5996,37,2026-04-15 04:40:00,2026-04-15 06:27:00,planned,CAL-01,2239.0
5997,7,2026-05-27 18:34:00,2026-05-27 18:46:00,unplanned,CAL-01,4417.0
5998,25,2026-06-05 18:47:00,2026-06-05 19:01:00,unplanned,ELEC-01,7432.0
5999,46,2026-06-05 20:11:00,2026-06-05 22:18:00,planned,MEC-01,
6000,25,2026-06-23 15:08:00,2026-06-23 15:36:00,planned,CAL-01,3236.0
6001,4,2026-02-16 01:18:00,2026-02-16 03:42:00,unplanned,ELEC-01,
6002,14,2026-01-14 11:01:00,2026-01-14 12:21:00,planned,MEC-01,8730.0
6003,17,2026-03-07 05:58:00,2026-03-07 07:20:00,planned,ELEC-01,2740.0
6004,21,2026-06-13 13:46:00,2026-06-13 14:45:00,planned,ELEC-01,913.0
6005,24,2026-03-15 16:51:00,2026-03-15 18:30:00,planned,CAL-01,3740.0
6006,1,2026-06-01 20:09:00,2026-06-01 20:52:00,planned,MEC-01,
6007,18,2026-05-17 22:06:00,2026-05-17 23:03:00,unplanned,MEC-01,
6008,15,2026-03-02 02:15:00,2026-03-02 05:01:00,planned,CAL-01,7322.0
6009,9,2026-05-18 09:24:00,2026-05-18 10:06:00,unplanned,ELEC-01,9546.0
6010,47,2026-04-01 19:26:00,2026-04-01 21:36:00,planned,CAL-01,5372.0
6011,15,2026-05-15 23:56:00,2026-05-16 01:40:00,planned,CAL-01,9770.0
6012,38,2026-03-29 04:52:00,2026-03-29 05:01:00,planned,MAT-01,1121.0
6013,8,2026-06-03 09:53:00,2026-06-03 11:53:00,unplanned,MAT-01,
6014,33,2026-01-30 20:26:00,2026-01-30 22:52:00,unplanned,MEC-02,1344.0
6015,30,2026-01-25 06:35:00,2026-01-25 08:00:00,unplanned,CAL-01,
6016,28,2026-04-17 02:36:00,2026-04-17 05:10:00,unplanned,CAL-01,1236.0
6017,35,2026-04-27 22:17:00,2026-04-27 22:55:00,planned,CAL-01,8810.0
6018,45,2026-06-11 07:00:00,2026-06-11 09:32:00,unplanned,MEC-02,
6019,8,2026-02-28 05:05:00,2026-02-28 06:50:00,planned,CAL-01,
6020,13,2026-04-06 00:22:00,2026-04-06 02:01:00,unplanned,CAL-01,7631.0
6021,22,2026-02-12 21:31:00,2026-02-13 00:02:00,planned,MAT-01,
6022,15,2026-03-17 23:09:00,2026-03-18 01:17:00,planned,CAL-01,534.0
6023,36,2026-03-24 19:33:00,2026-03-24 20:45:00,unplanned,MEC-01,6617.0
6024,18,2026-02-06 19:03:00,2026-02-06 19:31:00,planned,MEC-01,3475.0
6025,34,2026-06-25 11:01:00,2026-06-25 11:27:00,planned,CAL-01,9311.0
6026,1,2026-05-21 16:37:00,2026-05-21 19:33:00,planned,MEC-01,
6027,34,2026-06-26 02:02:00,2026-06-26 02:11:00,unplanned,MEC-01,5076.0
6028,39,2026-03-22 00:06:00,2026-03-22 00:22:00,planned,ELEC-01,2024.0
6029,18,2026-03-30 18:58:00,2026-03-30 19:56:00,planned,ELEC-01,1380.0
6030,25,2026-02-06 20:37:00,2026-02-06 22:40:00,planned,MEC-01,9032.0
6031,2,2026-04-05 03:16:00,2026-04-05 03:28:00,unplanned,ELEC-01,210.0
6032,34,2026-03-01 01:20:00,2026-03-01 01:56:00,planned,CAL-01,2692.0
6033,4,2026-03-28 02:38:00,2026-03-28 03:58:00,planned,MEC-02,7370.0
6034,15,2026-02-08 22:01:00,2026-02-09 00:01:00,unplanned,MEC-01,5994.0
6035,15,2026-05-12 11:23:00,2026-05-12 12:30:00,planned,CAL-01,3635.0
6036,24,2026-01-08 01:35:00,2026-01-08 03:04:00,unplanned,MEC-02,
6037,36,2026-02-13 14:23:00,2026-02-13 15:23:00,planned,MAT-01,15.0
6038,17,2026-05-27 12:41:00,2026-05-27 13:00:00,planned,MEC-01,988.0
6039,2,2026-06-26 13:27:00,2026-06-26 15:41:00,unplanned,MEC-01,
6040,34,2026-06-22 09:34:00,2026-06-22 11:06:00,unplanned,CAL-01,2875.0
6041,36,2026-01-30 06:33:00,2026-01-30 08:55:00,unplanned,MEC-02,
6042,33,2026-05-04 21:27:00,2026-05-04 23:29:00,planned,MEC-01,5124.0
6043,49,2026-04-02 23:41:00,2026-04-03 00:30:00,planned,MAT-01,5017.0
6044,8,2026-05-31 19:01:00,2026-05-31 20:06:00,planned,ELEC-01,3399.0
6045,27,2026-06-19 14:01:00,2026-06-19 15:27:00,unplanned,MEC-02,9657.0
6046,27,2026-03-31 02:57:00,2026-03-31 03:12:00,unplanned,MAT-01,3894.0
6047,27,2026-05-02 08:49:00,2026-05-02 11:10:00,unplanned,CAL-01,7131.0
6048,39,2026-06-03 23:14:00,2026-06-04 01:15:00,unplanned,CAL-01,
6049,7,2026-05-30 06:24:00,2026-05-30 07:58:00,unplanned,MEC-02,3923.0
6050,11,2026-01-30 19:17:00,2026-01-30 20:00:00,planned,MAT-01,3259.0
6051,7,2026-03-03 08:06:00,2026-03-03 09:30:00,planned,MAT-01,8952.0
6052,40,2026-04-12 13:03:00,2026-04-12 15:13:00,planned,MEC-01,6991.0
6053,31,2026-04-12 19:57:00,2026-04-12 22:39:00,unplanned,MAT-01,9309.0
6054,5,2026-04-30 10:30:00,2026-04-30 11:18:00,planned,CAL-01,1745.0
6055,48,2026-06-09 07:08:00,2026-06-09 09:28:00,planned,CAL-01,5863.0
6056,26,2026-06-20 09:27:00,2026-06-20 10:10:00,unplanned,ELEC-01,7061.0
6057,23,2026-05-12 22:31:00,2026-05-13 00:52:00,planned,MAT-01,
6058,8,2026-01-14 07:10:00,2026-01-14 08:41:00,planned,MEC-02,316.0
6059,44,2026-01-12 08:05:00,2026-01-12 09:25:00,planned,MAT-01,1913.0
6060,5,2026-02-07 14:08:00,2026-02-07 14:53:00,planned,MEC-01,2048.0
6061,19,2026-06-29 06:03:00,2026-06-29 08:09:00,unplanned,CAL-01,9881.0
6062,15,2026-04-16 12:11:00,2026-04-16 13:37:00,planned,MAT-01,7396.0
6063,47,2026-01-16 11:19:00,2026-01-16 12:48:00,planned,CAL-01,9851.0
6064,26,2026-04-03 20:24:00,2026-04-03 22:25:00,planned,MEC-02,
6065,11,2026-03-16 06:35:00,2026-03-16 08:43:00,unplanned,ELEC-01,
6066,18,2026-02-22 08:51:00,2026-02-22 11:19:00,planned,MEC-01,5988.0
6067,20,2026-05-18 10:02:00,2026-05-18 11:24:00,unplanned,MEC-02,3693.0
6068,19,2026-05-07 00:36:00,2026-05-07 01:04:00,unplanned,ELEC-01,6718.0
6069,7,2026-02-09 02:41:00,2026-02-09 03:04:00,planned,MAT-01,7056.0
6070,47,2026-02-24 23:34:00,2026-02-25 00:22:00,planned,MAT-01,438.0
6071,6,2026-02-06 20:00:00,2026-02-06 21:08:00,planned,MEC-01,2989.0
6072,38,2026-02-15 00:20:00,2026-02-15 02:12:00,planned,MEC-02,5566.0
6073,32,2026-06-21 22:07:00,2026-06-22 00:03:00,planned,MEC-01,8696.0
6074,14,2026-04-10 09:03:00,2026-04-10 10:21:00,unplanned,MAT-01,4701.0
6075,13,2026-05-27 02:47:00,2026-05-27 05:09:00,unplanned,ELEC-01,7693.0
6076,48,2026-01-23 07:10:00,2026-01-23 09:28:00,unplanned,MEC-01,596.0
6077,14,2026-05-05 16:39:00,2026-05-05 17:06:00,planned,MAT-01,1212.0
6078,28,2026-01-26 03:09:00,2026-01-26 03:17:00,planned,CAL-01,
6079,11,2026-04-03 09:49:00,2026-04-03 12:09:00,planned,MEC-01,
6080,26,2026-02-13 01:56:00,2026-02-13 03:00:00,unplanned,MEC-01,1369.0
6081,1,2026-01-28 02:28:00,2026-01-28 02:36:00,planned,MEC-02,
6082,26,2026-04-01 11:08:00,2026-04-01 13:08:00,planned,MEC-02,7000.0
6083,2,2026-04-22 10:27:00,2026-04-22 12:25:00,unplanned,MEC-02,7179.0
6084,45,2026-06-02 09:47:00,2026-06-02 11:40:00,planned,MAT-01,3.0
6085,7,2026-03-09 12:54:00,2026-03-09 13:02:00,planned,MEC-02,6506.0
6086,25,2026-06-17 13:21:00,2026-06-17 14:43:00,unplanned,MEC-02,332.0
6087,7,2026-01-19 03:28:00,2026-01-19 03:44:00,unplanned,MEC-02,1808.0
6088,8,2026-04-26 06:28:00,2026-04-26 09:21:00,planned,MEC-02,
6089,16,2026-02-24 09:22:00,2026-02-24 10:50:00,planned,MEC-02,
6090,46,2026-04-07 18:14:00,2026-04-07 19:20:00,unplanned,ELEC-01,
6091,30,2026-02-11 06:20:00,2026-02-11 09:15:00,unplanned,MEC-02,9216.0
6092,32,2026-04-13 02:11:00,2026-04-13 03:34:00,planned,MAT-01,2673.0
6093,50,2026-02-18 14:29:00,2026-02-18 16:11:00,planned,MAT-01,5414.0
6094,34,2026-02-11 10:19:00,2026-02-11 11:54:00,planned,MEC-02,551.0
6095,24,2026-02-05 00:18:00,2026-02-05 01:00:00,planned,CAL-01,
6096,23,2026-05-18 02:07:00,2026-05-18 04:49:00,planned,MEC-01,
6097,15,2026-04-17 07:41:00,2026-04-17 10:01:00,unplanned,MAT-01,
6098,17,2026-01-29 05:03:00,2026-01-29 07:34:00,unplanned,MEC-02,9191.0
6099,2,2026-04-06 04:21:00,2026-04-06 05:51:00,planned,MEC-02,7767.0
6100,32,2026-04-15 05:52:00,2026-04-15 07:10:00,unplanned,MEC-01,8593.0
6101,31,2026-03-17 00:49:00,2026-03-17 01:10:00,unplanned,CAL-01,
6102,40,2026-06-07 15:31:00,2026-06-07 16:56:00,unplanned,MAT-01,
6103,16,2026-03-10 02:20:00,2026-03-10 03:04:00,planned,MEC-02,7869.0
6104,35,2026-02-08 22:52:00,2026-02-09 01:17:00,unplanned,ELEC-01,3488.0
6105,42,2026-05-10 12:55:00,2026-05-10 14:29:00,planned,MEC-02,761.0
6106,44,2026-01-26 17:40:00,2026-01-26 18:15:00,unplanned,CAL-01,7240.0
6107,30,2026-01-23 20:15:00,2026-01-23 20:39:00,planned,ELEC-01,7235.0
6108,42,2026-05-12 01:00:00,2026-05-12 03:27:00,planned,MEC-01,
6109,1,2026-06-22 08:57:00,2026-06-22 10:07:00,unplanned,ELEC-01,
6110,41,2026-03-12 10:56:00,2026-03-12 11:23:00,planned,MAT-01,
6111,36,2026-04-16 23:36:00,2026-04-17 01:56:00,planned,CAL-01,1850.0
6112,28,2026-03-15 23:55:00,2026-03-16 01:17:00,unplanned,MAT-01,3660.0
6113,17,2026-03-11 15:28:00,2026-03-11 16:51:00,planned,MEC-02,4210.0
6114,33,2026-06-25 12:31:00,2026-06-25 14:13:00,planned,MEC-01,1981.0
6115,28,2026-06-18 23:16:00,2026-06-19 01:20:00,unplanned,MEC-01,
6116,5,2026-01-19 06:35:00,2026-01-19 08:52:00,planned,MAT-01,832.0
6117,29,2026-05-06 09:05:00,2026-05-06 10:07:00,unplanned,ELEC-01,4842.0
6118,31,2026-04-08 20:00:00,2026-04-08 22:37:00,planned,MEC-02,2116.0
6119,16,2026-03-31 17:56:00,2026-03-31 18:09:00,planned,CAL-01,8073.0
6120,40,2026-03-08 05:11:00,2026-03-08 07:51:00,unplanned,MAT-01,1279.0
6121,11,2026-04-29 00:25:00,2026-04-29 01:49:00,unplanned,CAL-01,5798.0
6122,40,2026-05-19 04:13:00,2026-05-19 04:58:00,unplanned,CAL-01,6728.0
6123,22,2026-04-03 19:21:00,2026-04-03 21:16:00,unplanned,ELEC-01,1887.0
6124,7,2026-05-18 15:21:00,2026-05-18 15:58:00,unplanned,MEC-02,6284.0
6125,9,2026-06-17 16:09:00,2026-06-17 18:43:00,planned,ELEC-01,1426.0
6126,32,2026-06-28 18:56:00,2026-06-28 20:30:00,planned,MAT-01,1057.0
6127,36,2026-01-25 00:11:00,2026-01-25 00:42:00,planned,CAL-01,7905.0
6128,46,2026-04-29 19:02:00,2026-04-29 19:34:00,planned,MEC-01,9956.0
6129,30,2026-05-25 10:24:00,2026-05-25 10:33:00,planned,MEC-01,4011.0
6130,35,2026-05-01 03:05:00,2026-05-01 06:01:00,planned,ELEC-01,
6131,50,2026-05-16 05:50:00,2026-05-16 08:45:00,planned,CAL-01,2023.0
6132,49,2026-01-21 10:45:00,2026-01-21 11:08:00,unplanned,ELEC-01,
6133,29,2026-05-11 15:22:00,2026-05-11 17:52:00,unplanned,ELEC-01,4701.0
6134,48,2026-06-21 03:04:00,2026-06-21 04:26:00,unplanned,MEC-02,9158.0
6135,13,2026-05-21 13:54:00,2026-05-21 15:33:00,unplanned,MAT-01,
6136,40,2026-02-24 15:16:00,2026-02-24 17:56:00,planned,MEC-01,
6137,39,2026-03-28 09:04:00,2026-03-28 09:50:00,unplanned,CAL-01,
6138,24,2026-06-10 08:04:00,2026-06-10 08:54:00,unplanned,CAL-01,9546.0
6139,3,2026-03-26 14:22:00,2026-03-26 15:31:00,planned,MEC-02,5288.0
6140,45,2026-03-12 23:22:00,2026-03-13 00:11:00,unplanned,ELEC-01,1264.0
6141,13,2026-05-11 03:01:00,2026-05-11 05:12:00,planned,MAT-01,5902.0
6142,2,2026-06-27 21:35:00,2026-06-27 22:52:00,unplanned,CAL-01,5324.0
6143,32,2026-03-10 15:10:00,2026-03-10 16:26:00,planned,MEC-01,5299.0
6144,34,2026-03-16 14:36:00,2026-03-16 15:42:00,planned,CAL-01,
6145,40,2026-01-18 22:37:00,2026-01-19 00:58:00,planned,MEC-02,2087.0
6146,36,2026-04-11 08:59:00,2026-04-11 10:19:00,planned,CAL-01,5577.0
6147,28,2026-05-01 20:29:00,2026-05-01 21:39:00,unplanned,ELEC-01,9508.0
6148,1,2026-03-27 10:49:00,2026-03-27 11:46:00,planned,ELEC-01,3838.0
6149,14,2026-03-13 21:12:00,2026-03-13 21:45:00,planned,ELEC-01,7183.0
6150,30,2026-04-17 14:24:00,2026-04-17 15:07:00,planned,MEC-01,
6151,30,2026-04-01 11:05:00,2026-04-01 13:33:00,planned,MEC-02,1069.0
6152,42,2026-05-05 22:01:00,2026-05-06 00:20:00,planned,ELEC-01,
6153,46,2026-04-22 17:43:00,2026-04-22 20:12:00,unplanned,CAL-01,1357.0
6154,45,2026-01-26 04:34:00,2026-01-26 05:44:00,planned,MEC-01,
6155,22,2026-05-29 14:05:00,2026-05-29 15:06:00,unplanned,MEC-01,
6156,5,2026-05-06 18:07:00,2026-05-06 18:31:00,unplanned,CAL-01,8529.0
6157,48,2026-01-11 09:55:00,2026-01-11 12:04:00,planned,MAT-01,2897.0
6158,10,2026-06-22 06:49:00,2026-06-22 09:19:00,unplanned,MEC-02,4241.0
6159,20,2026-06-27 09:58:00,2026-06-27 11:14:00,planned,CAL-01,6929.0
6160,45,2026-02-02 17:26:00,2026-02-02 18:30:00,unplanned,MEC-02,3366.0
6161,25,2026-01-25 22:42:00,2026-01-25 23:09:00,planned,ELEC-01,2829.0
6162,50,2026-02-01 05:13:00,2026-02-01 07:37:00,unplanned,MEC-02,3746.0
6163,18,2026-04-14 01:09:00,2026-04-14 03:08:00,planned,CAL-01,3190.0
6164,25,2026-01-30 20:45:00,2026-01-30 22:14:00,unplanned,MAT-01,357.0
6165,27,2026-04-06 06:19:00,2026-04-06 06:56:00,unplanned,MEC-01,
6166,16,2026-06-01 18:00:00,2026-06-01 19:57:00,planned,MEC-01,5773.0
6167,27,2026-02-17 19:48:00,2026-02-17 20:50:00,unplanned,MAT-01,1596.0
6168,18,2026-05-20 12:08:00,2026-05-20 15:01:00,planned,MAT-01,5659.0
6169,45,2026-05-07 11:03:00,2026-05-07 13:42:00,unplanned,CAL-01,3602.0
6170,4,2026-01-31 06:54:00,2026-01-31 09:40:00,planned,MEC-01,
6171,11,2026-06-20 04:56:00,2026-06-20 06:55:00,planned,MEC-01,164.0
6172,31,2026-06-18 13:26:00,2026-06-18 14:07:00,unplanned,ELEC-01,7738.0
6173,26,2026-01-12 16:40:00,2026-01-12 16:54:00,unplanned,CAL-01,3929.0
6174,4,2026-06-28 20:18:00,2026-06-28 20:57:00,planned,MEC-01,4149.0
6175,25,2026-05-09 22:16:00,2026-05-10 00:47:00,unplanned,CAL-01,
6176,8,2026-06-01 16:57:00,2026-06-01 17:35:00,planned,ELEC-01,6856.0
6177,41,2026-02-07 03:07:00,2026-02-07 03:51:00,unplanned,MEC-01,1075.0
6178,8,2026-05-01 07:19:00,2026-05-01 09:26:00,unplanned,MEC-02,3230.0
6179,25,2026-01-06 06:05:00,2026-01-06 07:33:00,planned,MAT-01,
6180,48,2026-04-20 20:51:00,2026-04-20 22:35:00,unplanned,ELEC-01,
6181,11,2026-05-30 15:58:00,2026-05-30 17:39:00,unplanned,MAT-01,
6182,18,2026-01-09 04:51:00,2026-01-09 05:12:00,planned,MEC-02,2908.0
6183,48,2026-03-07 22:15:00,2026-03-07 22:44:00,planned,MEC-01,1622.0
6184,42,2026-02-04 21:24:00,2026-02-04 21:53:00,planned,MEC-02,2559.0
6185,48,2026-06-20 13:35:00,2026-06-20 14:26:00,planned,ELEC-01,4830.0
6186,25,2026-02-10 07:36:00,2026-02-10 07:44:00,planned,MEC-02,5290.0
6187,33,2026-05-12 14:06:00,2026-05-12 16:20:00,planned,ELEC-01,3917.0
6188,27,2026-06-26 17:40:00,2026-06-26 18:21:00,planned,MEC-01,8428.0
6189,36,2026-05-09 16:21:00,2026-05-09 19:02:00,unplanned,MEC-02,9037.0
6190,35,2026-03-06 16:22:00,2026-03-06 18:32:00,unplanned,MEC-01,
6191,37,2026-03-19 03:10:00,2026-03-19 04:50:00,planned,MAT-01,7806.0
6192,35,2026-06-14 19:28:00,2026-06-14 21:33:00,planned,MEC-02,9859.0
6193,45,2026-01-01 08:42:00,2026-01-01 09:57:00,unplanned,MAT-01,8446.0
6194,15,2026-03-18 06:20:00,2026-03-18 08:15:00,unplanned,MEC-01,
6195,33,2026-06-11 19:12:00,2026-06-11 19:34:00,unplanned,CAL-01,
6196,28,2026-03-31 19:08:00,2026-03-31 21:32:00,unplanned,MEC-01,9505.0
6197,18,2026-06-16 17:26:00,2026-06-16 19:48:00,planned,ELEC-01,5023.0
6198,21,2026-03-04 06:20:00,2026-03-04 08:35:00,planned,MAT-01,
6199,39,2026-02-13 02:27:00,2026-02-13 03:15:00,unplanned,MAT-01,6737.0
6200,43,2026-03-30 22:13:00,2026-03-30 23:12:00,unplanned,MAT-01,2424.0
6201,46,2026-05-26 19:31:00,2026-05-26 19:45:00,planned,MEC-01,
6202,26,2026-05-27 13:06:00,2026-05-27 15:09:00,planned,MAT-01,8054.0
6203,33,2026-04-27 09:02:00,2026-04-27 12:00:00,unplanned,MEC-02,6900.0
6204,42,2026-06-25 09:13:00,2026-06-25 09:35:00,planned,CAL-01,4925.0
6205,35,2026-06-01 08:44:00,2026-06-01 10:18:00,planned,MAT-01,5526.0
6206,28,2026-03-12 21:14:00,2026-03-12 23:29:00,planned,MEC-02,7896.0
6207,15,2026-06-06 17:51:00,2026-06-06 18:08:00,unplanned,CAL-01,8696.0
6208,7,2026-02-03 19:52:00,2026-02-03 22:09:00,unplanned,ELEC-01,
6209,3,2026-03-02 21:52:00,2026-03-02 22:18:00,unplanned,MEC-02,
6210,5,2026-02-11 12:29:00,2026-02-11 13:43:00,planned,MAT-01,3613.0
6211,40,2026-04-13 10:05:00,2026-04-13 11:46:00,planned,MAT-01,5027.0
6212,48,2026-03-20 19:20:00,2026-03-20 19:28:00,planned,MAT-01,6711.0
6213,39,2026-03-07 11:48:00,2026-03-07 14:14:00,unplanned,MAT-01,4900.0
6214,1,2026-06-09 06:58:00,2026-06-09 08:41:00,unplanned,CAL-01,6594.0
6215,2,2026-01-05 00:09:00,2026-01-05 00:17:00,unplanned,CAL-01,
6216,3,2026-05-05 02:41:00,2026-05-05 03:54:00,planned,MEC-01,
6217,41,2026-02-28 14:47:00,2026-02-28 17:46:00,unplanned,MEC-01,141.0
6218,32,2026-05-31 13:33:00,2026-05-31 15:07:00,unplanned,CAL-01,1683.0
6219,14,2026-03-31 12:39:00,2026-03-31 14:01:00,planned,MAT-01,
6220,24,2026-01-07 19:03:00,2026-01-07 21:17:00,planned,ELEC-01,962.0
6221,50,2026-05-19 22:28:00,2026-05-20 00:23:00,unplanned,MEC-02,
6222,48,2026-05-13 03:01:00,2026-05-13 05:35:00,planned,MEC-02,3127.0
6223,18,2026-06-01 22:31:00,2026-06-01 22:43:00,unplanned,CAL-01,657.0
6224,19,2026-02-19 16:57:00,2026-02-19 17:47:00,unplanned,MEC-01,3599.0
6225,6,2026-02-08 04:22:00,2026-02-08 05:35:00,planned,MEC-01,5747.0
6226,39,2026-02-24 12:06:00,2026-02-24 12:47:00,planned,MEC-01,
6227,10,2026-03-26 05:25:00,2026-03-26 07:28:00,unplanned,CAL-01,6230.0
6228,25,2026-02-14 16:08:00,2026-02-14 17:17:00,unplanned,MAT-01,9809.0
6229,20,2026-05-25 18:43:00,2026-05-25 21:30:00,unplanned,ELEC-01,3940.0
6230,44,2026-04-03 06:47:00,2026-04-03 08:27:00,unplanned,ELEC-01,4317.0
6231,29,2026-03-03 04:06:00,2026-03-03 05:01:00,planned,MAT-01,
6232,35,2026-06-15 13:45:00,2026-06-15 14:25:00,unplanned,MAT-01,4778.0
6233,14,2026-05-09 11:03:00,2026-05-09 13:42:00,unplanned,MAT-01,6679.0
6234,9,2026-02-28 16:39:00,2026-02-28 19:29:00,planned,MAT-01,
6235,13,2026-02-08 02:17:00,2026-02-08 02:48:00,unplanned,MEC-01,7860.0
6236,18,2026-06-02 02:08:00,2026-06-02 02:21:00,planned,MEC-01,3979.0
6237,36,2026-04-30 17:39:00,2026-04-30 20:19:00,planned,MEC-02,499.0
6238,2,2026-05-31 00:56:00,2026-05-31 02:20:00,planned,MEC-02,7720.0
6239,43,2026-02-12 08:11:00,2026-02-12 09:55:00,planned,ELEC-01,
6240,20,2026-02-20 01:51:00,2026-02-20 04:01:00,planned,MAT-01,9078.0
6241,16,2026-01-18 01:11:00,2026-01-18 01:44:00,planned,MEC-01,1895.0
6242,4,2026-04-23 11:07:00,2026-04-23 11:38:00,planned,MEC-02,6321.0
6243,17,2026-03-21 23:08:00,2026-03-22 00:24:00,unplanned,CAL-01,1902.0
6244,17,2026-03-31 19:53:00,2026-03-31 21:36:00,unplanned,CAL-01,1271.0
6245,5,2026-05-16 09:27:00,2026-05-16 09:55:00,unplanned,CAL-01,645.0
6246,24,2026-05-28 20:07:00,2026-05-28 20:40:00,unplanned,MAT-01,9721.0
6247,6,2026-01-24 18:14:00,2026-01-24 19:00:00,planned,ELEC-01,
6248,28,2026-03-25 07:03:00,2026-03-25 09:03:00,unplanned,ELEC-01,8251.0
6249,33,2026-01-12 10:02:00,2026-01-12 10:40:00,unplanned,MEC-02,1283.0
6250,41,2026-03-10 03:48:00,2026-03-10 05:59:00,planned,MAT-01,9012.0
6251,1,2026-02-25 15:19:00,2026-02-25 16:28:00,unplanned,MEC-02,
6252,42,2026-01-26 10:42:00,2026-01-26 13:02:00,planned,MEC-02,
6253,30,2026-05-18 20:57:00,2026-05-18 21:24:00,planned,CAL-01,
6254,2,2026-01-11 10:03:00,2026-01-11 12:42:00,planned,MEC-01,7.0
6255,47,2026-04-12 02:23:00,2026-04-12 03:06:00,planned,MAT-01,1586.0
6256,40,2026-01-08 16:04:00,2026-01-08 17:56:00,unplanned,ELEC-01,
6257,20,2026-02-25 23:31:00,2026-02-26 01:32:00,unplanned,CAL-01,3964.0
6258,14,2026-05-29 07:21:00,2026-05-29 07:32:00,unplanned,MAT-01,
6259,47,2026-04-20 02:50:00,2026-04-20 03:35:00,planned,ELEC-01,
6260,10,2026-06-20 09:58:00,2026-06-20 12:45:00,unplanned,CAL-01,9928.0
6261,39,2026-01-02 23:43:00,2026-01-03 02:13:00,planned,MAT-01,952.0
6262,45,2026-02-01 11:52:00,2026-02-01 14:18:00,unplanned,MAT-01,3641.0
6263,37,2026-03-24 10:13:00,2026-03-24 12:49:00,planned,MAT-01,9290.0
6264,44,2026-04-14 22:04:00,2026-04-14 22:26:00,unplanned,ELEC-01,7947.0
6265,14,2026-02-14 20:20:00,2026-02-14 22:01:00,unplanned,MAT-01,
6266,13,2026-06-26 21:05:00,2026-06-26 22:56:00,unplanned,CAL-01,8868.0
6267,18,2026-02-11 23:16:00,2026-02-11 23:36:00,planned,MEC-01,8222.0
6268,4,2026-05-02 12:58:00,2026-05-02 13:45:00,planned,ELEC-01,4410.0
6269,3,2026-02-01 18:00:00,2026-02-01 18:43:00,unplanned,MAT-01,3164.0
6270,16,2026-04-02 00:51:00,2026-04-02 02:52:00,unplanned,MAT-01,
6271,18,2026-03-21 10:03:00,2026-03-21 10:42:00,planned,ELEC-01,
6272,31,2026-01-30 10:47:00,2026-01-30 11:10:00,planned,MEC-02,638.0
6273,27,2026-06-11 19:01:00,2026-06-11 21:27:00,planned,MEC-02,
6274,20,2026-05-29 04:34:00,2026-05-29 07:03:00,planned,MEC-01,4.0
6275,12,2026-01-29 02:50:00,2026-01-29 04:24:00,unplanned,MAT-01,
6276,14,2026-05-13 12:05:00,2026-05-13 12:58:00,planned,MEC-02,
6277,33,2026-05-18 04:14:00,2026-05-18 05:53:00,planned,MEC-01,1878.0
6278,28,2026-03-16 12:01:00,2026-03-16 14:37:00,unplanned,ELEC-01,723.0
6279,13,2026-01-27 18:07:00,2026-01-27 19:14:00,planned,CAL-01,6253.0
6280,24,2026-03-03 04:27:00,2026-03-03 07:14:00,unplanned,MEC-02,599.0
6281,32,2026-02-20 11:12:00,2026-02-20 11:57:00,unplanned,MAT-01,4722.0
6282,32,2026-03-26 07:43:00,2026-03-26 10:39:00,unplanned,MEC-02,
6283,20,2026-02-22 17:39:00,2026-02-22 17:54:00,unplanned,CAL-01,4583.0
6284,26,2026-03-08 13:47:00,2026-03-08 14:59:00,planned,ELEC-01,2441.0
6285,39,2026-05-10 03:36:00,2026-05-10 04:09:00,planned,MAT-01,5524.0
6286,16,2026-04-23 21:22:00,2026-04-23 21:38:00,unplanned,ELEC-01,7292.0
6287,44,2026-01-27 16:58:00,2026-01-27 17:29:00,planned,MEC-02,9751.0
6288,16,2026-06-26 12:18:00,2026-06-26 12:26:00,unplanned,MEC-01,6350.0
6289,16,2026-06-05 17:45:00,2026-06-05 19:29:00,planned,MAT-01,409.0
6290,34,2026-03-27 23:27:00,2026-03-28 01:08:00,unplanned,CAL-01,9392.0
6291,42,2026-02-18 10:32:00,2026-02-18 12:15:00,planned,MAT-01,2927.0
6292,27,2026-02-11 15:38:00,2026-02-11 17:59:00,planned,MEC-01,5085.0
6293,22,2026-03-14 09:28:00,2026-03-14 11:25:00,unplanned,ELEC-01,8050.0
6294,9,2026-01-21 16:54:00,2026-01-21 18:16:00,planned,MAT-01,
6295,17,2026-04-15 13:53:00,2026-04-15 14:17:00,unplanned,CAL-01,5514.0
6296,39,2026-03-19 14:01:00,2026-03-19 15:10:00,planned,MAT-01,810.0
6297,12,2026-03-13 20:39:00,2026-03-13 21:15:00,unplanned,CAL-01,1149.0
6298,14,2026-03-28 05:52:00,2026-03-28 06:56:00,planned,MEC-02,5416.0
6299,19,2026-04-08 00:31:00,2026-04-08 01:17:00,planned,MEC-02,2287.0
6300,38,2026-06-29 06:07:00,2026-06-29 07:22:00,unplanned,CAL-01,7183.0
6301,8,2026-02-09 05:57:00,2026-02-09 07:36:00,planned,ELEC-01,6521.0
6302,40,2026-05-06 04:16:00,2026-05-06 05:59:00,unplanned,CAL-01,
6303,8,2026-02-15 09:32:00,2026-02-15 10:25:00,planned,MEC-02,
6304,30,2026-02-02 14:25:00,2026-02-02 16:56:00,unplanned,CAL-01,
6305,2,2026-01-19 10:37:00,2026-01-19 12:09:00,planned,CAL-01,8665.0
6306,10,2026-05-24 08:19:00,2026-05-24 09:34:00,unplanned,CAL-01,
6307,50,2026-06-15 17:36:00,2026-06-15 18:10:00,planned,MEC-02,
6308,35,2026-01-24 02:10:00,2026-01-24 04:08:00,unplanned,MEC-02,2468.0
6309,16,2026-03-22 19:04:00,2026-03-22 19:33:00,planned,CAL-01,2592.0
6310,27,2026-03-31 16:20:00,2026-03-31 17:17:00,unplanned,CAL-01,
6311,1,2026-04-15 05:31:00,2026-04-15 07:46:00,unplanned,MEC-01,2990.0
6312,2,2026-04-29 04:39:00,2026-04-29 06:33:00,unplanned,MEC-01,5398.0
6313,48,2026-01-03 07:56:00,2026-01-03 09:45:00,planned,ELEC-01,8440.0
6314,6,2026-02-16 06:05:00,2026-02-16 07:53:00,unplanned,MEC-02,
6315,3,2026-01-27 11:17:00,2026-01-27 14:00:00,unplanned,CAL-01,5895.0
6316,3,2026-04-07 15:03:00,2026-04-07 17:44:00,planned,ELEC-01,5347.0
6317,37,2026-05-29 22:19:00,2026-05-29 22:44:00,unplanned,MEC-02,3624.0
6318,22,2026-06-12 20:31:00,2026-06-12 20:55:00,planned,CAL-01,3215.0
6319,21,2026-03-10 12:26:00,2026-03-10 12:43:00,planned,MEC-02,3048.0
6320,44,2026-06-12 13:45:00,2026-06-12 15:17:00,planned,MEC-02,
6321,13,2026-04-23 08:59:00,2026-04-23 10:16:00,planned,MEC-02,4344.0
6322,17,2026-04-20 17:38:00,2026-04-20 18:48:00,planned,MEC-02,8189.0
6323,14,2026-02-28 12:35:00,2026-02-28 15:27:00,planned,MAT-01,3916.0
6324,34,2026-06-29 14:52:00,2026-06-29 17:11:00,planned,MEC-01,1441.0
6325,41,2026-06-11 19:40:00,2026-06-11 20:38:00,unplanned,MEC-01,3687.0
6326,49,2026-01-09 23:04:00,2026-01-09 23:13:00,planned,MEC-01,3108.0
6327,16,2026-05-13 12:33:00,2026-05-13 14:32:00,unplanned,MAT-01,8692.0
6328,9,2026-02-23 13:15:00,2026-02-23 14:10:00,unplanned,MEC-01,
6329,9,2026-01-31 15:35:00,2026-01-31 16:49:00,unplanned,MEC-01,6879.0
6330,40,2026-01-25 15:53:00,2026-01-25 17:14:00,planned,ELEC-01,9195.0
6331,47,2026-04-25 21:10:00,2026-04-25 22:18:00,planned,MEC-01,6921.0
6332,12,2026-06-18 12:18:00,2026-06-18 13:08:00,unplanned,MAT-01,
6333,2,2026-04-01 15:58:00,2026-04-01 18:48:00,planned,MAT-01,9459.0
6334,47,2026-01-10 04:08:00,2026-01-10 06:40:00,unplanned,MAT-01,8020.0
6335,24,2026-03-17 16:41:00,2026-03-17 18:58:00,planned,ELEC-01,
6336,49,2026-03-18 08:23:00,2026-03-18 08:29:00,unplanned,MAT-01,4867.0
6337,21,2026-03-19 03:28:00,2026-03-19 06:15:00,unplanned,MEC-01,3069.0
6338,44,2026-04-25 20:06:00,2026-04-25 21:27:00,unplanned,MAT-01,
6339,15,2026-05-22 10:41:00,2026-05-22 13:35:00,unplanned,MAT-01,
6340,24,2026-05-04 01:36:00,2026-05-04 01:43:00,planned,MEC-02,41.0
6341,33,2026-04-23 07:14:00,2026-04-23 09:57:00,unplanned,MEC-02,
6342,18,2026-04-27 18:59:00,2026-04-27 20:59:00,planned,MEC-01,9281.0
6343,28,2026-06-26 09:34:00,2026-06-26 10:24:00,planned,MEC-02,
6344,27,2026-06-15 17:03:00,2026-06-15 17:34:00,unplanned,ELEC-01,2561.0
6345,43,2026-06-12 06:58:00,2026-06-12 09:33:00,unplanned,MEC-01,4897.0
6346,50,2026-06-01 10:42:00,2026-06-01 13:03:00,planned,MAT-01,8236.0
6347,3,2026-05-30 05:17:00,2026-05-30 06:23:00,unplanned,CAL-01,2963.0
6348,38,2026-04-16 00:40:00,2026-04-16 01:00:00,unplanned,MEC-02,7443.0
6349,41,2026-05-06 12:04:00,2026-05-06 14:17:00,unplanned,MEC-02,1617.0
6350,10,2026-06-24 22:57:00,2026-06-25 01:01:00,planned,MAT-01,684.0
6351,44,2026-03-11 10:12:00,2026-03-11 12:47:00,planned,MAT-01,
6352,40,2026-04-19 00:03:00,2026-04-19 02:33:00,unplanned,MEC-02,1693.0
6353,32,2026-03-21 04:29:00,2026-03-21 06:21:00,unplanned,MAT-01,3255.0
6354,29,2026-05-21 18:32:00,2026-05-21 20:58:00,planned,MEC-02,3478.0
6355,48,2026-01-27 14:13:00,2026-01-27 14:29:00,unplanned,MEC-02,
6356,9,2026-03-09 07:13:00,2026-03-09 09:22:00,planned,MEC-02,
6357,42,2026-01-07 19:48:00,2026-01-07 20:48:00,unplanned,ELEC-01,8515.0
6358,40,2026-06-14 21:38:00,2026-06-14 23:57:00,planned,MEC-01,916.0
6359,8,2026-05-21 11:52:00,2026-05-21 13:25:00,planned,ELEC-01,
6360,24,2026-06-03 20:31:00,2026-06-03 20:43:00,unplanned,CAL-01,
6361,38,2026-04-18 03:21:00,2026-04-18 05:05:00,unplanned,MEC-01,4339.0
6362,3,2026-03-28 06:22:00,2026-03-28 08:27:00,unplanned,ELEC-01,8743.0
6363,9,2026-01-23 15:21:00,2026-01-23 15:52:00,unplanned,MAT-01,
6364,7,2026-03-03 15:35:00,2026-03-03 18:05:00,planned,MEC-01,9838.0
6365,29,2026-03-27 12:00:00,2026-03-27 13:07:00,planned,MEC-02,1063.0
6366,44,2026-04-09 09:37:00,2026-04-09 12:09:00,planned,MEC-01,
6367,50,2026-01-28 02:09:00,2026-01-28 03:09:00,planned,CAL-01,4165.0
6368,28,2026-02-12 08:18:00,2026-02-12 09:16:00,planned,MEC-02,
6369,13,2026-04-19 19:25:00,2026-04-19 19:51:00,unplanned,MEC-01,3355.0
6370,40,2026-06-26 22:26:00,2026-06-26 22:56:00,planned,CAL-01,
6371,13,2026-05-08 05:58:00,2026-05-08 07:08:00,unplanned,MAT-01,1034.0
6372,9,2026-04-21 00:23:00,2026-04-21 02:53:00,unplanned,MEC-01,
6373,28,2026-02-22 22:45:00,2026-02-22 23:25:00,planned,MEC-01,
6374,19,2026-05-05 15:24:00,2026-05-05 16:00:00,unplanned,CAL-01,8368.0
6375,43,2026-04-11 11:07:00,2026-04-11 12:14:00,planned,ELEC-01,6704.0
6376,12,2026-03-19 07:56:00,2026-03-19 08:48:00,unplanned,ELEC-01,
6377,26,2026-05-31 17:09:00,2026-05-31 19:40:00,planned,CAL-01,2851.0
6378,35,2026-04-19 06:14:00,2026-04-19 07:43:00,unplanned,CAL-01,
6379,23,2026-03-08 06:44:00,2026-03-08 09:05:00,planned,MAT-01,
6380,23,2026-05-23 05:36:00,2026-05-23 07:54:00,planned,CAL-01,3137.0
6381,17,2026-03-13 02:19:00,2026-03-13 03:43:00,planned,MEC-02,7393.0
6382,36,2026-01-02 01:47:00,2026-01-02 04:46:00,planned,ELEC-01,
6383,27,2026-01-24 13:56:00,2026-01-24 14:28:00,planned,MEC-02,733.0
6384,21,2026-06-05 01:11:00,2026-06-05 04:07:00,planned,CAL-01,
6385,1,2026-03-15 13:51:00,2026-03-15 15:21:00,unplanned,ELEC-01,2221.0
6386,47,2026-03-30 17:36:00,2026-03-30 20:30:00,planned,MAT-01,
6387,10,2026-04-11 20:19:00,2026-04-11 20:28:00,unplanned,ELEC-01,1801.0
6388,41,2026-01-06 23:29:00,2026-01-07 01:12:00,planned,ELEC-01,5989.0
6389,19,2026-02-13 08:39:00,2026-02-13 10:53:00,unplanned,MEC-01,3219.0
6390,22,2026-04-25 14:40:00,2026-04-25 17:30:00,unplanned,MEC-02,3009.0
6391,10,2026-04-05 04:37:00,2026-04-05 06:10:00,unplanned,MEC-01,1408.0
6392,13,2026-03-21 12:48:00,2026-03-21 13:13:00,planned,MEC-01,3369.0
6393,30,2026-02-20 18:08:00,2026-02-20 19:38:00,unplanned,MAT-01,2586.0
6394,50,2026-02-19 14:39:00,2026-02-19 16:18:00,planned,MEC-02,
6395,12,2026-06-25 15:06:00,2026-06-25 15:52:00,unplanned,MAT-01,
6396,35,2026-01-10 06:01:00,2026-01-10 08:48:00,unplanned,ELEC-01,1967.0
6397,32,2026-03-24 17:30:00,2026-03-24 18:22:00,unplanned,ELEC-01,5347.0
6398,23,2026-05-16 14:45:00,2026-05-16 15:07:00,planned,MEC-02,
6399,45,2026-01-19 04:38:00,2026-01-19 07:19:00,planned,MEC-01,836.0
6400,36,2026-06-17 10:15:00,2026-06-17 12:03:00,unplanned,MAT-01,9546.0
6401,27,2026-01-27 05:40:00,2026-01-27 08:35:00,planned,CAL-01,
6402,33,2026-02-23 16:07:00,2026-02-23 18:53:00,unplanned,MAT-01,3572.0
6403,50,2026-04-19 13:25:00,2026-04-19 16:14:00,planned,MEC-01,7646.0
6404,14,2026-02-13 20:53:00,2026-02-13 23:52:00,unplanned,ELEC-01,7125.0
6405,1,2026-03-07 03:04:00,2026-03-07 04:04:00,unplanned,MAT-01,
6406,39,2026-02-18 13:37:00,2026-02-18 16:28:00,planned,MEC-02,1600.0
6407,46,2026-05-26 22:18:00,2026-05-27 00:20:00,planned,MEC-02,4653.0
6408,11,2026-04-20 03:32:00,2026-04-20 04:16:00,planned,MEC-02,1304.0
6409,5,2026-06-21 03:38:00,2026-06-21 04:09:00,planned,MAT-01,3155.0
6410,5,2026-01-16 09:25:00,2026-01-16 10:00:00,unplanned,MEC-01,6951.0
6411,6,2026-04-30 18:03:00,2026-04-30 19:45:00,unplanned,ELEC-01,
6412,4,2026-03-06 09:57:00,2026-03-06 11:34:00,planned,MEC-02,
6413,8,2026-05-17 14:35:00,2026-05-17 15:44:00,planned,CAL-01,
6414,5,2026-01-04 17:09:00,2026-01-04 19:09:00,planned,MAT-01,6318.0
6415,26,2026-02-22 23:42:00,2026-02-23 02:35:00,unplanned,ELEC-01,
6416,28,2026-01-24 19:32:00,2026-01-24 20:28:00,planned,MAT-01,7932.0
6417,26,2026-06-18 16:59:00,2026-06-18 17:32:00,planned,ELEC-01,5542.0
6418,23,2026-03-20 14:03:00,2026-03-20 15:17:00,unplanned,MEC-02,8955.0
6419,1,2026-04-17 14:37:00,2026-04-17 17:30:00,planned,MEC-01,9473.0
6420,25,2026-05-30 17:23:00,2026-05-30 19:13:00,planned,ELEC-01,9098.0
6421,50,2026-03-23 21:59:00,2026-03-23 22:23:00,unplanned,CAL-01,
6422,39,2026-02-19 14:51:00,2026-02-19 16:37:00,planned,MAT-01,889.0
6423,2,2026-04-09 10:48:00,2026-04-09 13:44:00,planned,MEC-01,7819.0
6424,37,2026-05-02 21:35:00,2026-05-02 23:23:00,unplanned,MEC-02,1359.0
6425,29,2026-03-06 01:58:00,2026-03-06 02:03:00,planned,MEC-01,670.0
6426,35,2026-03-04 17:51:00,2026-03-04 19:29:00,unplanned,MEC-02,4779.0
6427,4,2026-02-26 05:49:00,2026-02-26 08:11:00,planned,ELEC-01,3227.0
6428,25,2026-04-28 06:36:00,2026-04-28 08:50:00,planned,MAT-01,4244.0
6429,43,2026-01-11 10:40:00,2026-01-11 11:45:00,planned,ELEC-01,
6430,16,2026-05-02 19:40:00,2026-05-02 22:40:00,planned,MEC-02,
6431,33,2026-02-26 05:55:00,2026-02-26 06:13:00,unplanned,MAT-01,1236.0
6432,26,2026-02-28 23:39:00,2026-03-01 00:29:00,planned,MEC-01,
6433,7,2026-02-04 18:55:00,2026-02-04 21:45:00,unplanned,MEC-02,9177.0
6434,11,2026-05-15 16:20:00,2026-05-15 19:20:00,unplanned,ELEC-01,
6435,21,2026-04-22 12:45:00,2026-04-22 13:41:00,planned,MEC-01,6576.0
6436,5,2026-06-07 08:03:00,2026-06-07 10:29:00,unplanned,CAL-01,1524.0
6437,14,2026-02-18 12:15:00,2026-02-18 12:58:00,planned,MAT-01,
6438,19,2026-02-12 13:38:00,2026-02-12 16:08:00,planned,ELEC-01,5195.0
6439,18,2026-06-05 08:58:00,2026-06-05 11:54:00,planned,MEC-02,4313.0
6440,3,2026-02-16 16:23:00,2026-02-16 16:54:00,planned,MEC-02,8137.0
6441,45,2026-02-12 13:03:00,2026-02-12 15:30:00,planned,CAL-01,
6442,40,2026-04-03 02:05:00,2026-04-03 03:31:00,planned,MAT-01,
6443,44,2026-03-31 06:11:00,2026-03-31 07:45:00,unplanned,CAL-01,
6444,19,2026-01-26 20:42:00,2026-01-26 22:15:00,planned,MAT-01,3065.0
6445,24,2026-06-21 15:18:00,2026-06-21 17:24:00,planned,MEC-01,9919.0
6446,5,2026-05-23 13:09:00,2026-05-23 14:28:00,unplanned,MEC-01,
6447,4,2026-04-22 22:49:00,2026-04-23 01:27:00,unplanned,CAL-01,5775.0
6448,6,2026-05-02 12:21:00,2026-05-02 14:21:00,planned,CAL-01,3119.0
6449,32,2026-01-17 13:47:00,2026-01-17 14:52:00,unplanned,MEC-01,
6450,5,2026-03-03 12:41:00,2026-03-03 15:15:00,planned,MAT-01,2468.0
6451,11,2026-05-03 13:02:00,2026-05-03 16:00:00,planned,MEC-02,
6452,19,2026-05-17 12:38:00,2026-05-17 15:17:00,unplanned,ELEC-01,3685.0
6453,3,2026-01-13 15:29:00,2026-01-13 16:23:00,planned,ELEC-01,5514.0
6454,29,2026-01-01 10:43:00,2026-01-01 11:54:00,unplanned,ELEC-01,1530.0
6455,19,2026-04-07 13:53:00,2026-04-07 14:38:00,unplanned,ELEC-01,64.0
6456,17,2026-05-27 06:36:00,2026-05-27 08:17:00,unplanned,MEC-02,2633.0
6457,9,2026-02-22 13:52:00,2026-02-22 16:43:00,planned,MEC-02,8628.0
6458,9,2026-05-26 17:12:00,2026-05-26 18:40:00,unplanned,MAT-01,4740.0
6459,50,2026-01-12 12:54:00,2026-01-12 13:31:00,planned,MEC-02,8725.0
6460,22,2026-03-18 05:59:00,2026-03-18 07:24:00,unplanned,MEC-01,
6461,27,2026-03-22 23:55:00,2026-03-23 02:46:00,planned,ELEC-01,548.0
6462,36,2026-06-20 18:16:00,2026-06-20 19:01:00,planned,ELEC-01,5987.0
6463,27,2026-03-06 10:44:00,2026-03-06 12:56:00,planned,ELEC-01,
6464,16,2026-05-22 04:37:00,2026-05-22 07:37:00,unplanned,MEC-01,
6465,35,2026-02-06 11:38:00,2026-02-06 13:59:00,unplanned,CAL-01,8513.0
6466,4,2026-03-23 00:02:00,2026-03-23 02:05:00,unplanned,MEC-02,
6467,44,2026-02-22 00:03:00,2026-02-22 01:24:00,unplanned,CAL-01,
6468,39,2026-03-24 15:32:00,2026-03-24 15:57:00,unplanned,MAT-01,8795.0
6469,47,2026-02-20 04:26:00,2026-02-20 07:20:00,unplanned,CAL-01,
6470,13,2026-05-18 06:06:00,2026-05-18 07:00:00,unplanned,ELEC-01,
6471,27,2026-03-06 19:48:00,2026-03-06 22:42:00,planned,ELEC-01,1498.0
6472,49,2026-04-09 18:47:00,2026-04-09 20:38:00,planned,MEC-02,
6473,6,2026-02-18 00:57:00,2026-02-18 03:45:00,unplanned,CAL-01,1185.0
6474,30,2026-06-03 21:58:00,2026-06-03 22:26:00,unplanned,MEC-02,
6475,45,2026-04-12 07:10:00,2026-04-12 08:25:00,planned,MAT-01,5404.0
6476,38,2026-01-03 14:15:00,2026-01-03 16:58:00,unplanned,MEC-02,5055.0
6477,31,2026-02-20 07:27:00,2026-02-20 10:16:00,unplanned,ELEC-01,5545.0
6478,50,2026-03-31 19:29:00,2026-03-31 22:06:00,planned,MAT-01,
6479,3,2026-03-01 19:48:00,2026-03-01 20:13:00,unplanned,MAT-01,3703.0
6480,20,2026-06-24 08:25:00,2026-06-24 09:08:00,unplanned,MAT-01,2981.0
6481,27,2026-06-27 13:45:00,2026-06-27 14:41:00,planned,CAL-01,2542.0
6482,29,2026-03-08 23:29:00,2026-03-09 00:20:00,planned,CAL-01,8821.0
6483,2,2026-02-12 13:36:00,2026-02-12 15:39:00,unplanned,ELEC-01,8162.0
6484,4,2026-04-29 03:07:00,2026-04-29 03:33:00,planned,MEC-01,6780.0
6485,31,2026-06-03 20:05:00,2026-06-03 22:55:00,unplanned,MEC-02,3020.0
6486,40,2026-04-06 18:55:00,2026-04-06 20:51:00,planned,ELEC-01,
6487,29,2026-01-16 13:06:00,2026-01-16 14:03:00,unplanned,MAT-01,4699.0
6488,47,2026-02-06 17:19:00,2026-02-06 19:20:00,planned,ELEC-01,4207.0
6489,18,2026-01-15 14:45:00,2026-01-15 17:41:00,planned,ELEC-01,
6490,22,2026-03-03 02:36:00,2026-03-03 03:04:00,planned,MEC-02,878.0
6491,14,2026-01-21 16:01:00,2026-01-21 16:23:00,unplanned,MEC-01,3793.0
6492,19,2026-01-15 22:58:00,2026-01-16 01:42:00,unplanned,CAL-01,6727.0
6493,36,2026-02-09 01:48:00,2026-02-09 03:05:00,unplanned,ELEC-01,
6494,20,2026-03-13 13:28:00,2026-03-13 16:24:00,planned,MEC-01,4463.0
6495,19,2026-01-24 13:28:00,2026-01-24 16:17:00,planned,MEC-01,
6496,42,2026-04-07 18:43:00,2026-04-07 20:06:00,unplanned,ELEC-01,
6497,28,2026-05-21 17:12:00,2026-05-21 17:36:00,unplanned,MAT-01,
6498,39,2026-05-12 08:50:00,2026-05-12 11:38:00,planned,ELEC-01,3018.0
6499,16,2026-06-23 10:25:00,2026-06-23 12:48:00,unplanned,MAT-01,8080.0
6500,44,2026-03-26 18:47:00,2026-03-26 20:22:00,planned,ELEC-01,
6501,2,2026-04-19 20:31:00,2026-04-19 22:27:00,planned,MAT-01,5698.0
6502,10,2026-03-20 08:23:00,2026-03-20 08:44:00,unplanned,MEC-01,1057.0
6503,12,2026-06-08 07:36:00,2026-06-08 08:07:00,unplanned,MAT-01,5088.0
6504,50,2026-04-10 05:52:00,2026-04-10 07:44:00,unplanned,MEC-02,5798.0
6505,34,2026-02-19 21:52:00,2026-02-19 23:58:00,unplanned,CAL-01,9589.0
6506,5,2026-01-23 23:47:00,2026-01-24 01:00:00,planned,MEC-01,5565.0
6507,28,2026-01-23 16:36:00,2026-01-23 16:52:00,planned,MEC-02,6850.0
6508,44,2026-01-02 23:19:00,2026-01-02 23:25:00,planned,CAL-01,
6509,25,2026-02-21 08:28:00,2026-02-21 09:17:00,planned,MEC-01,6942.0
6510,39,2026-03-15 16:03:00,2026-03-15 16:51:00,planned,MEC-02,5823.0
6511,5,2026-01-22 16:41:00,2026-01-22 18:07:00,planned,MEC-02,730.0
6512,6,2026-05-22 20:26:00,2026-05-22 22:25:00,unplanned,CAL-01,582.0
6513,22,2026-04-13 09:53:00,2026-04-13 12:00:00,planned,MEC-01,3280.0
6514,48,2026-04-09 03:59:00,2026-04-09 05:10:00,unplanned,MEC-02,
6515,8,2026-05-29 22:24:00,2026-05-29 23:07:00,planned,ELEC-01,5257.0
6516,33,2026-05-29 09:43:00,2026-05-29 09:56:00,planned,ELEC-01,490.0
6517,28,2026-04-27 17:01:00,2026-04-27 17:24:00,planned,ELEC-01,
6518,2,2026-02-06 20:34:00,2026-02-06 23:34:00,unplanned,MAT-01,6182.0
6519,24,2026-03-23 02:29:00,2026-03-23 04:39:00,planned,ELEC-01,
6520,46,2026-03-05 03:23:00,2026-03-05 05:47:00,unplanned,MEC-02,
6521,34,2026-05-17 05:44:00,2026-05-17 08:44:00,unplanned,ELEC-01,4471.0
6522,15,2026-03-13 21:56:00,2026-03-13 22:21:00,planned,MAT-01,315.0
6523,19,2026-06-03 17:34:00,2026-06-03 17:41:00,planned,CAL-01,2136.0
6524,18,2026-01-11 21:17:00,2026-01-11 22:17:00,planned,MEC-02,7675.0
6525,48,2026-06-01 14:58:00,2026-06-01 17:17:00,unplanned,CAL-01,1218.0
6526,15,2026-04-30 06:50:00,2026-04-30 09:00:00,planned,CAL-01,6744.0
6527,29,2026-05-31 20:47:00,2026-05-31 23:20:00,unplanned,ELEC-01,605.0
6528,11,2026-01-01 08:23:00,2026-01-01 11:23:00,unplanned,CAL-01,4109.0
6529,7,2026-05-31 10:59:00,2026-05-31 12:11:00,unplanned,CAL-01,
6530,45,2026-02-14 01:13:00,2026-02-14 02:50:00,unplanned,MAT-01,
6531,36,2026-01-17 17:53:00,2026-01-17 18:14:00,planned,CAL-01,
6532,14,2026-05-28 23:55:00,2026-05-29 00:14:00,planned,MEC-02,
6533,7,2026-06-20 04:42:00,2026-06-20 06:02:00,planned,ELEC-01,
6534,48,2026-02-01 22:50:00,2026-02-01 23:59:00,planned,MEC-01,4700.0
6535,14,2026-04-08 03:56:00,2026-04-08 05:35:00,unplanned,MEC-02,3797.0
6536,33,2026-03-20 07:24:00,2026-03-20 08:40:00,planned,MEC-02,2255.0
6537,24,2026-06-28 17:38:00,2026-06-28 19:17:00,planned,MEC-01,8587.0
6538,44,2026-02-26 16:39:00,2026-02-26 17:57:00,planned,MEC-02,2886.0
6539,10,2026-06-17 00:42:00,2026-06-17 03:37:00,unplanned,ELEC-01,
6540,26,2026-01-06 18:35:00,2026-01-06 20:37:00,planned,MEC-01,7450.0
6541,35,2026-03-27 08:26:00,2026-03-27 08:52:00,unplanned,ELEC-01,
6542,8,2026-05-04 02:56:00,2026-05-04 03:38:00,planned,ELEC-01,4016.0
6543,10,2026-05-05 14:10:00,2026-05-05 15:36:00,planned,MAT-01,
6544,42,2026-03-20 21:46:00,2026-03-21 00:45:00,unplanned,MEC-02,1730.0
6545,39,2026-06-13 22:46:00,2026-06-13 23:52:00,planned,CAL-01,
6546,46,2026-05-14 18:10:00,2026-05-14 19:55:00,unplanned,MAT-01,5886.0
6547,32,2026-05-16 03:34:00,2026-05-16 04:03:00,unplanned,CAL-01,
6548,40,2026-01-05 17:32:00,2026-01-05 20:10:00,unplanned,CAL-01,7485.0
6549,27,2026-05-30 10:01:00,2026-05-30 10:51:00,unplanned,ELEC-01,
6550,32,2026-05-03 11:48:00,2026-05-03 14:40:00,unplanned,CAL-01,
6551,17,2026-01-08 02:54:00,2026-01-08 04:37:00,planned,MEC-01,9360.0
6552,14,2026-05-17 19:14:00,2026-05-17 19:21:00,unplanned,CAL-01,
6553,13,2026-06-24 12:34:00,2026-06-24 14:55:00,unplanned,MEC-01,
6554,20,2026-01-23 02:26:00,2026-01-23 03:44:00,planned,MEC-02,7770.0
6555,27,2026-06-08 19:03:00,2026-06-08 19:40:00,planned,MEC-01,
6556,31,2026-05-13 13:29:00,2026-05-13 14:47:00,unplanned,ELEC-01,
6557,20,2026-04-24 17:07:00,2026-04-24 18:07:00,planned,MAT-01,3053.0
6558,40,2026-01-04 15:21:00,2026-01-04 16:42:00,planned,ELEC-01,7656.0
6559,24,2026-03-05 18:41:00,2026-03-05 21:38:00,planned,MEC-01,8782.0
6560,41,2026-02-04 15:02:00,2026-02-04 15:12:00,unplanned,MEC-01,2027.0
6561,44,2026-03-16 21:01:00,2026-03-16 21:35:00,unplanned,MEC-01,
6562,24,2026-01-08 16:12:00,2026-01-08 19:02:00,planned,MEC-01,
6563,12,2026-02-12 03:59:00,2026-02-12 05:25:00,planned,CAL-01,4714.0
6564,31,2026-01-24 11:21:00,2026-01-24 13:51:00,planned,CAL-01,1303.0
6565,29,2026-04-08 03:34:00,2026-04-08 05:58:00,planned,MEC-02,6584.0
6566,50,2026-02-20 09:41:00,2026-02-20 12:24:00,unplanned,ELEC-01,
6567,47,2026-01-25 18:50:00,2026-01-25 21:24:00,unplanned,MAT-01,6167.0
6568,16,2026-01-05 07:15:00,2026-01-05 08:31:00,planned,MEC-02,9094.0
6569,14,2026-04-02 13:27:00,2026-04-02 13:35:00,unplanned,CAL-01,816.0
6570,37,2026-05-15 09:27:00,2026-05-15 12:25:00,unplanned,MEC-02,6947.0
6571,2,2026-05-29 07:06:00,2026-05-29 08:30:00,planned,CAL-01,9803.0
6572,18,2026-06-07 23:04:00,2026-06-07 23:36:00,unplanned,CAL-01,6801.0
6573,46,2026-01-10 10:59:00,2026-01-10 11:47:00,unplanned,MEC-02,3612.0
6574,15,2026-04-14 12:13:00,2026-04-14 15:06:00,unplanned,MEC-02,9085.0
6575,6,2026-05-30 12:13:00,2026-05-30 13:24:00,planned,MAT-01,
6576,31,2026-06-19 23:58:00,2026-06-20 01:59:00,planned,MEC-01,1798.0
6577,48,2026-05-03 21:26:00,2026-05-03 23:06:00,unplanned,CAL-01,9742.0
6578,49,2026-03-10 18:05:00,2026-03-10 20:49:00,planned,MEC-02,2831.0
6579,38,2026-05-05 07:11:00,2026-05-05 09:22:00,unplanned,MAT-01,3379.0
6580,1,2026-02-11 09:42:00,2026-02-11 12:02:00,unplanned,ELEC-01,3870.0
6581,34,2026-04-15 12:38:00,2026-04-15 13:15:00,unplanned,MEC-02,7524.0
6582,5,2026-05-25 15:20:00,2026-05-25 15:27:00,planned,MEC-02,8127.0
6583,26,2026-06-16 11:31:00,2026-06-16 14:12:00,unplanned,MAT-01,881.0
6584,42,2026-03-28 16:19:00,2026-03-28 17:31:00,unplanned,MAT-01,
6585,3,2026-04-18 06:33:00,2026-04-18 09:16:00,planned,CAL-01,4854.0
6586,33,2026-04-07 23:16:00,2026-04-08 00:37:00,unplanned,CAL-01,9744.0
6587,17,2026-03-28 23:49:00,2026-03-29 01:17:00,planned,MAT-01,632.0
6588,30,2026-04-15 14:51:00,2026-04-15 16:12:00,planned,CAL-01,9883.0
6589,30,2026-06-05 21:31:00,2026-06-05 22:44:00,unplanned,ELEC-01,527.0
6590,24,2026-03-10 09:10:00,2026-03-10 11:13:00,unplanned,CAL-01,
6591,21,2026-06-02 12:53:00,2026-06-02 14:59:00,planned,MEC-02,5201.0
6592,47,2026-05-04 02:58:00,2026-05-04 03:36:00,unplanned,CAL-01,5182.0
6593,48,2026-01-12 04:38:00,2026-01-12 07:00:00,planned,MEC-02,
6594,26,2026-06-14 05:05:00,2026-06-14 06:45:00,unplanned,MAT-01,9175.0
6595,38,2026-05-06 07:00:00,2026-05-06 09:46:00,planned,ELEC-01,8424.0
6596,36,2026-06-13 05:31:00,2026-06-13 06:54:00,unplanned,MEC-01,5546.0
6597,10,2026-06-05 18:18:00,2026-06-05 18:33:00,unplanned,MAT-01,
6598,40,2026-02-04 14:47:00,2026-02-04 15:34:00,unplanned,CAL-01,1934.0
6599,38,2026-03-29 02:21:00,2026-03-29 03:55:00,unplanned,MEC-02,
6600,20,2026-04-01 06:03:00,2026-04-01 08:05:00,planned,ELEC-01,7339.0
6601,25,2026-02-06 18:05:00,2026-02-06 19:46:00,planned,MEC-01,9106.0
6602,19,2026-06-03 18:40:00,2026-06-03 21:08:00,unplanned,MEC-01,7801.0
6603,49,2026-04-22 19:35:00,2026-04-22 19:56:00,planned,MEC-01,4347.0
6604,33,2026-05-09 02:27:00,2026-05-09 04:46:00,planned,ELEC-01,
6605,17,2026-05-05 02:53:00,2026-05-05 05:15:00,unplanned,MEC-02,
6606,2,2026-05-18 02:49:00,2026-05-18 04:24:00,unplanned,MEC-01,6276.0
6607,44,2026-02-24 03:19:00,2026-02-24 05:14:00,unplanned,MAT-01,3427.0
6608,3,2026-01-03 10:08:00,2026-01-03 10:15:00,planned,MAT-01,5747.0
6609,40,2026-03-22 00:41:00,2026-03-22 01:38:00,planned,ELEC-01,9913.0
6610,3,2026-01-18 07:13:00,2026-01-18 09:25:00,unplanned,ELEC-01,1832.0
6611,11,2026-02-13 13:30:00,2026-02-13 15:40:00,unplanned,MAT-01,6467.0
6612,4,2026-04-17 11:42:00,2026-04-17 13:53:00,planned,MEC-02,
6613,42,2026-04-13 03:21:00,2026-04-13 04:11:00,unplanned,ELEC-01,944.0
6614,9,2026-04-19 09:17:00,2026-04-19 09:57:00,planned,MEC-01,
6615,7,2026-02-15 11:32:00,2026-02-15 12:30:00,unplanned,MEC-02,
6616,21,2026-02-05 08:57:00,2026-02-05 11:14:00,unplanned,MEC-01,
6617,36,2026-01-14 05:56:00,2026-01-14 08:53:00,planned,MEC-01,6967.0
6618,50,2026-04-20 10:03:00,2026-04-20 11:07:00,unplanned,CAL-01,7201.0
6619,6,2026-01-27 06:15:00,2026-01-27 07:22:00,unplanned,ELEC-01,
6620,20,2026-03-30 09:03:00,2026-03-30 11:54:00,unplanned,ELEC-01,
6621,29,2026-05-20 22:07:00,2026-05-20 22:45:00,planned,MEC-01,7697.0
6622,3,2026-05-03 09:44:00,2026-05-03 10:43:00,unplanned,CAL-01,
6623,22,2026-05-03 06:48:00,2026-05-03 07:21:00,unplanned,ELEC-01,8669.0
6624,38,2026-03-09 00:53:00,2026-03-09 02:20:00,planned,CAL-01,3946.0
6625,40,2026-05-10 14:16:00,2026-05-10 15:34:00,unplanned,MEC-01,
6626,10,2026-01-10 12:49:00,2026-01-10 14:04:00,unplanned,MAT-01,
6627,5,2026-05-07 12:38:00,2026-05-07 13:37:00,unplanned,CAL-01,9477.0
6628,6,2026-03-09 17:24:00,2026-03-09 19:21:00,unplanned,MEC-01,2459.0
6629,37,2026-02-11 02:22:00,2026-02-11 02:52:00,unplanned,MAT-01,8761.0
6630,27,2026-06-25 08:28:00,2026-06-25 10:39:00,planned,CAL-01,9124.0
6631,32,2026-05-14 03:21:00,2026-05-14 04:37:00,unplanned,ELEC-01,2954.0
6632,30,2026-05-25 13:43:00,2026-05-25 16:23:00,planned,MEC-02,
6633,25,2026-01-22 04:34:00,2026-01-22 06:43:00,unplanned,MEC-01,8127.0
6634,22,2026-06-22 19:07:00,2026-06-22 21:17:00,planned,MEC-02,
6635,11,2026-06-10 11:03:00,2026-06-10 11:37:00,planned,CAL-01,90.0
6636,4,2026-02-17 22:40:00,2026-02-18 01:24:00,unplanned,ELEC-01,8488.0
6637,29,2026-05-04 03:11:00,2026-05-04 04:09:00,planned,ELEC-01,
6638,35,2026-03-30 05:03:00,2026-03-30 07:54:00,unplanned,CAL-01,9909.0
6639,39,2026-02-04 11:09:00,2026-02-04 12:19:00,unplanned,CAL-01,2773.0
6640,33,2026-03-16 18:32:00,2026-03-16 19:42:00,planned,MAT-01,4507.0
6641,7,2026-03-18 22:10:00,2026-03-18 22:39:00,unplanned,MAT-01,
6642,23,2026-01-25 21:08:00,2026-01-25 21:38:00,planned,MEC-02,5666.0
6643,44,2026-04-16 03:33:00,2026-04-16 05:23:00,unplanned,MEC-01,302.0
6644,1,2026-05-03 10:32:00,2026-05-03 11:00:00,planned,MAT-01,7417.0
6645,4,2026-03-05 23:07:00,2026-03-05 23:43:00,planned,MEC-02,7841.0
6646,33,2026-03-05 20:58:00,2026-03-05 23:48:00,planned,ELEC-01,1154.0
6647,19,2026-05-16 09:18:00,2026-05-16 11:02:00,unplanned,ELEC-01,
6648,16,2026-05-17 12:30:00,2026-05-17 13:10:00,unplanned,CAL-01,7632.0
6649,35,2026-01-29 21:51:00,2026-01-29 22:19:00,unplanned,ELEC-01,2913.0
6650,41,2026-06-18 13:16:00,2026-06-18 15:56:00,planned,CAL-01,9026.0
6651,22,2026-04-24 13:18:00,2026-04-24 15:24:00,unplanned,MAT-01,2012.0
6652,50,2026-02-04 21:39:00,2026-02-04 22:44:00,unplanned,MAT-01,2581.0
6653,47,2026-06-21 18:10:00,2026-06-21 19:25:00,planned,MEC-02,1086.0
6654,12,2026-03-09 13:29:00,2026-03-09 14:39:00,unplanned,ELEC-01,3289.0
6655,18,2026-04-28 03:19:00,2026-04-28 03:35:00,unplanned,CAL-01,7052.0
6656,8,2026-04-05 06:21:00,2026-04-05 07:09:00,planned,MAT-01,3677.0
6657,31,2026-02-02 18:16:00,2026-02-02 19:23:00,unplanned,CAL-01,
6658,28,2026-01-17 00:44:00,2026-01-17 02:47:00,unplanned,MAT-01,4453.0
6659,44,2026-01-20 22:17:00,2026-01-21 00:26:00,unplanned,ELEC-01,7463.0
6660,33,2026-06-21 12:41:00,2026-06-21 15:16:00,unplanned,MEC-01,9454.0
6661,33,2026-01-19 16:22:00,2026-01-19 16:39:00,unplanned,MEC-02,
6662,4,2026-01-09 22:07:00,2026-01-09 22:39:00,planned,MEC-01,8536.0
6663,16,2026-04-04 02:17:00,2026-04-04 02:27:00,unplanned,CAL-01,
6664,32,2026-02-04 04:26:00,2026-02-04 07:19:00,planned,CAL-01,6742.0
6665,1,2026-03-05 06:58:00,2026-03-05 09:03:00,planned,MAT-01,
6666,36,2026-05-30 20:27:00,2026-05-30 22:41:00,planned,ELEC-01,7444.0
6667,6,2026-01-28 20:34:00,2026-01-28 21:55:00,planned,MEC-02,7859.0
6668,5,2026-01-04 21:42:00,2026-01-04 23:13:00,unplanned,MEC-01,
6669,21,2026-05-20 10:37:00,2026-05-20 12:28:00,planned,ELEC-01,
6670,39,2026-02-18 19:31:00,2026-02-18 20:19:00,unplanned,MEC-01,
6671,25,2026-03-24 19:32:00,2026-03-24 22:03:00,planned,MAT-01,6034.0
6672,31,2026-05-15 23:18:00,2026-05-16 01:28:00,planned,ELEC-01,25.0
6673,33,2026-04-27 02:43:00,2026-04-27 03:53:00,planned,CAL-01,
6674,42,2026-06-17 22:02:00,2026-06-18 00:03:00,planned,MEC-02,
6675,1,2026-01-18 04:57:00,2026-01-18 06:52:00,unplanned,MAT-01,
6676,45,2026-02-19 18:50:00,2026-02-19 20:09:00,unplanned,ELEC-01,5131.0
6677,47,2026-06-10 12:23:00,2026-06-10 13:35:00,planned,MEC-01,
6678,33,2026-02-08 15:24:00,2026-02-08 17:44:00,planned,MEC-02,3097.0
6679,17,2026-03-28 02:36:00,2026-03-28 04:43:00,unplanned,CAL-01,5787.0
6680,42,2026-02-11 03:40:00,2026-02-11 04:14:00,planned,CAL-01,5470.0
6681,8,2026-06-25 04:53:00,2026-06-25 05:17:00,unplanned,MAT-01,8017.0
6682,38,2026-06-16 22:22:00,2026-06-16 22:33:00,unplanned,MEC-02,
6683,8,2026-02-15 15:30:00,2026-02-15 16:18:00,unplanned,ELEC-01,
6684,42,2026-03-21 23:47:00,2026-03-22 01:21:00,planned,CAL-01,
6685,37,2026-02-23 07:29:00,2026-02-23 10:22:00,unplanned,MEC-02,2034.0
6686,33,2026-02-09 03:49:00,2026-02-09 04:37:00,unplanned,MAT-01,6529.0
6687,3,2026-03-10 14:55:00,2026-03-10 16:54:00,unplanned,CAL-01,
6688,5,2026-05-20 01:52:00,2026-05-20 03:48:00,unplanned,MEC-01,8893.0
6689,11,2026-04-23 04:10:00,2026-04-23 05:00:00,unplanned,MEC-02,3185.0
6690,30,2026-02-02 08:47:00,2026-02-02 11:28:00,unplanned,MAT-01,1773.0
6691,34,2026-02-04 18:22:00,2026-02-04 21:04:00,planned,ELEC-01,2301.0
6692,34,2026-03-05 22:49:00,2026-03-06 01:21:00,unplanned,MEC-02,4282.0
6693,50,2026-05-19 06:18:00,2026-05-19 06:29:00,unplanned,ELEC-01,5473.0
6694,42,2026-01-12 08:10:00,2026-01-12 10:17:00,unplanned,ELEC-01,495.0
6695,32,2026-01-28 17:53:00,2026-01-28 19:46:00,planned,MEC-02,8795.0
6696,16,2026-05-28 18:42:00,2026-05-28 20:59:00,planned,MAT-01,
6697,21,2026-03-27 19:19:00,2026-03-27 21:05:00,planned,MEC-01,1952.0
6698,41,2026-06-17 09:34:00,2026-06-17 11:37:00,unplanned,CAL-01,8677.0
6699,3,2026-05-02 17:03:00,2026-05-02 18:38:00,planned,CAL-01,
6700,4,2026-02-02 09:21:00,2026-02-02 11:13:00,planned,CAL-01,9571.0
6701,39,2026-02-02 21:39:00,2026-02-02 22:52:00,planned,MEC-01,
6702,35,2026-03-02 01:04:00,2026-03-02 03:14:00,planned,ELEC-01,
6703,42,2026-03-07 08:19:00,2026-03-07 09:13:00,unplanned,CAL-01,4925.0
6704,26,2026-01-16 03:38:00,2026-01-16 04:08:00,unplanned,MEC-02,7739.0
6705,48,2026-01-10 16:15:00,2026-01-10 18:04:00,unplanned,MEC-02,7807.0
6706,16,2026-02-10 14:41:00,2026-02-10 14:48:00,unplanned,MEC-02,6342.0
6707,12,2026-04-02 03:09:00,2026-04-02 04:15:00,unplanned,MAT-01,8554.0
6708,20,2026-04-06 02:47:00,2026-04-06 05:22:00,unplanned,CAL-01,6149.0
6709,34,2026-03-18 08:25:00,2026-03-18 11:09:00,unplanned,CAL-01,5766.0
6710,3,2026-06-22 17:04:00,2026-06-22 18:25:00,unplanned,MAT-01,
6711,12,2026-04-18 12:14:00,2026-04-18 14:32:00,unplanned,CAL-01,3889.0
6712,7,2026-06-25 16:44:00,2026-06-25 18:26:00,planned,ELEC-01,
6713,45,2026-04-28 20:33:00,2026-04-28 22:23:00,unplanned,ELEC-01,8645.0
6714,41,2026-06-05 05:20:00,2026-06-05 05:41:00,unplanned,MEC-02,
6715,43,2026-01-03 07:48:00,2026-01-03 09:38:00,unplanned,MEC-02,
6716,37,2026-05-22 18:44:00,2026-05-22 19:44:00,unplanned,MEC-01,4870.0
6717,8,2026-06-07 19:01:00,2026-06-07 21:29:00,unplanned,MEC-02,2281.0
6718,39,2026-03-06 00:56:00,2026-03-06 02:21:00,planned,MEC-02,4277.0
6719,24,2026-01-07 01:59:00,2026-01-07 02:27:00,unplanned,CAL-01,5349.0
6720,7,2026-03-03 01:36:00,2026-03-03 04:22:00,unplanned,ELEC-01,1074.0
6721,13,2026-04-09 19:07:00,2026-04-09 21:03:00,planned,MEC-02,2881.0
6722,2,2026-03-23 14:58:00,2026-03-23 16:10:00,unplanned,ELEC-01,
6723,28,2026-04-09 02:37:00,2026-04-09 03:12:00,planned,MEC-02,9808.0
6724,17,2026-03-30 14:19:00,2026-03-30 16:42:00,planned,MEC-02,9532.0
6725,10,2026-03-07 15:06:00,2026-03-07 17:22:00,unplanned,CAL-01,6645.0
6726,17,2026-05-30 09:56:00,2026-05-30 12:25:00,planned,MAT-01,
6727,46,2026-02-21 03:41:00,2026-02-21 06:30:00,planned,MAT-01,6159.0
6728,20,2026-02-02 14:18:00,2026-02-02 17:04:00,unplanned,MEC-02,6470.0
6729,14,2026-05-08 18:26:00,2026-05-08 19:23:00,unplanned,MEC-01,1185.0
6730,6,2026-01-02 20:23:00,2026-01-02 21:10:00,unplanned,ELEC-01,8402.0
6731,49,2026-05-15 05:56:00,2026-05-15 08:03:00,planned,MAT-01,999.0
6732,42,2026-01-10 23:54:00,2026-01-11 02:00:00,planned,MAT-01,4482.0
6733,43,2026-03-20 09:08:00,2026-03-20 11:37:00,unplanned,MAT-01,8910.0
6734,31,2026-04-03 08:46:00,2026-04-03 08:57:00,unplanned,MEC-02,4371.0
6735,39,2026-01-10 09:14:00,2026-01-10 10:02:00,planned,MAT-01,
6736,30,2026-06-07 08:03:00,2026-06-07 08:39:00,unplanned,MAT-01,
6737,34,2026-01-12 01:16:00,2026-01-12 03:33:00,planned,ELEC-01,8287.0
6738,43,2026-03-26 10:17:00,2026-03-26 11:43:00,unplanned,MEC-02,8661.0
6739,5,2026-02-15 08:26:00,2026-02-15 09:56:00,unplanned,MEC-01,82.0
6740,45,2026-04-30 11:22:00,2026-04-30 14:05:00,planned,CAL-01,7359.0
6741,1,2026-06-07 19:42:00,2026-06-07 20:51:00,planned,MEC-02,4635.0
6742,20,2026-01-28 10:17:00,2026-01-28 11:16:00,unplanned,MEC-02,8349.0
6743,46,2026-06-29 02:18:00,2026-06-29 03:48:00,unplanned,MEC-01,9021.0
6744,27,2026-04-02 06:22:00,2026-04-02 07:59:00,unplanned,MAT-01,1213.0
6745,20,2026-02-04 17:14:00,2026-02-04 19:35:00,unplanned,MAT-01,6615.0
6746,47,2026-03-24 08:18:00,2026-03-24 08:31:00,unplanned,MEC-02,2726.0
6747,31,2026-06-18 12:26:00,2026-06-18 14:52:00,planned,MEC-01,6279.0
6748,37,2026-01-25 03:16:00,2026-01-25 04:05:00,planned,CAL-01,2824.0
6749,33,2026-03-26 05:10:00,2026-03-26 06:25:00,planned,CAL-01,
6750,24,2026-03-11 11:05:00,2026-03-11 12:51:00,planned,MAT-01,
6751,25,2026-04-06 18:35:00,2026-04-06 20:32:00,planned,ELEC-01,7941.0
6752,3,2026-02-04 19:01:00,2026-02-04 20:53:00,planned,CAL-01,2149.0
6753,31,2026-06-22 07:33:00,2026-06-22 08:47:00,unplanned,CAL-01,6116.0
6754,16,2026-02-13 16:54:00,2026-02-13 17:48:00,planned,ELEC-01,1471.0
6755,13,2026-03-03 12:38:00,2026-03-03 14:40:00,unplanned,MEC-02,3796.0
6756,4,2026-05-15 19:59:00,2026-05-15 20:35:00,unplanned,MAT-01,5995.0
6757,36,2026-02-01 05:34:00,2026-02-01 07:32:00,planned,CAL-01,1199.0
6758,33,2026-02-28 01:21:00,2026-02-28 03:39:00,planned,ELEC-01,4671.0
6759,47,2026-01-06 08:04:00,2026-01-06 08:55:00,unplanned,MAT-01,5293.0
6760,18,2026-06-26 14:16:00,2026-06-26 14:36:00,unplanned,CAL-01,2112.0
6761,43,2026-05-27 05:38:00,2026-05-27 08:25:00,planned,MEC-02,5665.0
6762,32,2026-01-05 01:34:00,2026-01-05 01:48:00,unplanned,MEC-02,3660.0
6763,41,2026-04-21 11:28:00,2026-04-21 12:16:00,planned,MEC-01,8673.0
6764,11,2026-05-29 22:01:00,2026-05-30 00:25:00,planned,MEC-01,2294.0
6765,14,2026-04-13 07:56:00,2026-04-13 10:51:00,unplanned,MEC-01,3176.0
6766,45,2026-03-29 02:46:00,2026-03-29 04:51:00,planned,ELEC-01,3212.0
6767,37,2026-05-29 19:06:00,2026-05-29 19:54:00,unplanned,CAL-01,7684.0
6768,22,2026-04-11 02:12:00,2026-04-11 04:37:00,planned,MAT-01,8588.0
6769,21,2026-05-13 05:53:00,2026-05-13 08:51:00,planned,ELEC-01,3596.0
6770,22,2026-01-26 01:09:00,2026-01-26 02:02:00,planned,MEC-01,3102.0
6771,14,2026-05-17 23:31:00,2026-05-18 01:47:00,unplanned,MEC-01,
6772,29,2026-02-02 17:22:00,2026-02-02 17:46:00,planned,ELEC-01,8931.0
6773,9,2026-06-05 05:33:00,2026-06-05 08:15:00,planned,CAL-01,
6774,28,2026-02-26 17:23:00,2026-02-26 19:43:00,unplanned,MEC-02,
6775,24,2026-05-14 19:52:00,2026-05-14 20:24:00,planned,CAL-01,2228.0
6776,9,2026-03-05 08:37:00,2026-03-05 10:48:00,planned,CAL-01,598.0
6777,7,2026-01-21 01:15:00,2026-01-21 03:18:00,unplanned,MEC-01,2746.0
6778,12,2026-02-11 21:26:00,2026-02-11 23:34:00,planned,MAT-01,
6779,10,2026-06-13 04:33:00,2026-06-13 06:08:00,unplanned,MEC-02,8770.0
6780,7,2026-03-21 03:49:00,2026-03-21 06:45:00,unplanned,MEC-01,2919.0
6781,4,2026-03-29 21:44:00,2026-03-30 00:09:00,unplanned,ELEC-01,8364.0
6782,1,2026-06-19 11:19:00,2026-06-19 12:34:00,planned,MAT-01,9092.0
6783,27,2026-06-28 00:28:00,2026-06-28 01:51:00,planned,MEC-02,
6784,45,2026-02-05 10:16:00,2026-02-05 10:38:00,planned,CAL-01,2481.0
6785,37,2026-04-12 21:29:00,2026-04-13 00:21:00,planned,CAL-01,1485.0
6786,3,2026-01-16 19:11:00,2026-01-16 20:26:00,planned,CAL-01,1981.0
6787,22,2026-01-20 23:33:00,2026-01-21 00:15:00,planned,MAT-01,7354.0
6788,8,2026-04-14 15:29:00,2026-04-14 16:48:00,planned,ELEC-01,
6789,9,2026-05-25 14:17:00,2026-05-25 15:40:00,planned,MEC-02,
6790,11,2026-02-18 16:35:00,2026-02-18 18:09:00,unplanned,MAT-01,5450.0
6791,2,2026-02-16 09:58:00,2026-02-16 11:07:00,planned,MAT-01,790.0
6792,3,2026-02-16 17:30:00,2026-02-16 20:16:00,unplanned,MEC-02,
6793,34,2026-06-01 21:07:00,2026-06-01 22:31:00,planned,CAL-01,8675.0
6794,19,2026-04-23 20:59:00,2026-04-23 21:36:00,planned,MAT-01,9674.0
6795,48,2026-02-06 13:19:00,2026-02-06 15:22:00,unplanned,ELEC-01,
6796,22,2026-05-21 01:09:00,2026-05-21 02:07:00,unplanned,MEC-02,2745.0
6797,2,2026-02-06 18:03:00,2026-02-06 20:19:00,unplanned,MEC-02,
6798,24,2026-06-15 14:41:00,2026-06-15 16:36:00,unplanned,ELEC-01,3750.0
6799,12,2026-06-19 03:23:00,2026-06-19 05:26:00,planned,MAT-01,2749.0
6800,11,2026-05-29 11:25:00,2026-05-29 12:10:00,unplanned,MAT-01,
6801,3,2026-03-02 06:00:00,2026-03-02 07:37:00,unplanned,MAT-01,
6802,1,2026-06-08 11:31:00,2026-06-08 13:46:00,planned,MEC-02,8157.0
6803,19,2026-03-27 13:03:00,2026-03-27 14:59:00,unplanned,MEC-01,3514.0
6804,15,2026-02-08 09:18:00,2026-02-08 10:44:00,unplanned,CAL-01,4376.0
6805,24,2026-01-31 00:35:00,2026-01-31 03:19:00,unplanned,CAL-01,
6806,9,2026-04-02 11:26:00,2026-04-02 14:25:00,unplanned,CAL-01,779.0
6807,12,2026-05-04 19:07:00,2026-05-04 21:54:00,planned,CAL-01,9400.0
6808,9,2026-05-04 17:39:00,2026-05-04 20:37:00,unplanned,ELEC-01,2629.0
6809,18,2026-02-17 21:15:00,2026-02-17 22:08:00,planned,MAT-01,6029.0
6810,14,2026-03-26 10:46:00,2026-03-26 11:02:00,planned,CAL-01,7815.0
6811,33,2026-04-09 22:03:00,2026-04-09 22:44:00,unplanned,CAL-01,4555.0
6812,45,2026-05-07 14:16:00,2026-05-07 14:44:00,unplanned,ELEC-01,6182.0
6813,16,2026-06-04 22:55:00,2026-06-04 23:18:00,planned,MEC-02,3890.0
6814,16,2026-05-24 09:28:00,2026-05-24 11:33:00,unplanned,MAT-01,3255.0
6815,23,2026-01-26 21:36:00,2026-01-26 23:29:00,unplanned,MEC-01,
6816,12,2026-01-03 11:02:00,2026-01-03 13:29:00,planned,MEC-02,2363.0
6817,39,2026-01-09 16:31:00,2026-01-09 19:26:00,unplanned,ELEC-01,5032.0
6818,11,2026-06-15 01:36:00,2026-06-15 03:31:00,planned,MAT-01,7176.0
6819,2,2026-01-01 00:13:00,2026-01-01 01:02:00,unplanned,MEC-02,
6820,4,2026-03-05 22:34:00,2026-03-06 00:08:00,unplanned,MEC-01,5295.0
6821,9,2026-04-22 23:37:00,2026-04-23 02:27:00,unplanned,MAT-01,6508.0
6822,1,2026-06-02 02:56:00,2026-06-02 03:41:00,unplanned,CAL-01,
6823,39,2026-04-17 10:04:00,2026-04-17 10:43:00,planned,CAL-01,5622.0
6824,48,2026-03-11 02:10:00,2026-03-11 04:52:00,planned,CAL-01,
6825,11,2026-06-05 06:13:00,2026-06-05 06:48:00,unplanned,MAT-01,6585.0
6826,7,2026-06-07 08:21:00,2026-06-07 10:40:00,unplanned,MAT-01,9196.0
6827,46,2026-03-06 14:54:00,2026-03-06 15:58:00,unplanned,CAL-01,
6828,7,2026-01-25 19:34:00,2026-01-25 20:09:00,unplanned,MAT-01,1671.0
6829,9,2026-03-21 15:10:00,2026-03-21 15:42:00,planned,MAT-01,
6830,21,2026-06-11 10:46:00,2026-06-11 12:43:00,planned,MEC-02,8842.0
6831,36,2026-03-11 14:26:00,2026-03-11 16:19:00,planned,MEC-01,4256.0
6832,47,2026-03-19 19:31:00,2026-03-19 20:36:00,planned,MEC-01,2030.0
6833,13,2026-06-21 18:11:00,2026-06-21 19:39:00,unplanned,ELEC-01,
6834,46,2026-02-14 16:06:00,2026-02-14 18:41:00,unplanned,CAL-01,
6835,6,2026-02-28 21:17:00,2026-02-28 23:51:00,planned,MEC-02,9755.0
6836,44,2026-02-17 09:16:00,2026-02-17 11:48:00,planned,MEC-02,2926.0
6837,35,2026-03-15 13:12:00,2026-03-15 15:08:00,unplanned,MAT-01,3371.0
6838,35,2026-04-19 18:51:00,2026-04-19 21:28:00,unplanned,MEC-02,
6839,21,2026-05-11 17:40:00,2026-05-11 19:18:00,unplanned,MAT-01,2795.0
6840,47,2026-04-06 22:22:00,2026-04-06 23:05:00,unplanned,CAL-01,
6841,45,2026-01-19 18:06:00,2026-01-19 19:14:00,planned,MEC-01,2675.0
6842,41,2026-06-21 09:10:00,2026-06-21 09:39:00,planned,MAT-01,
6843,25,2026-06-23 00:23:00,2026-06-23 02:17:00,unplanned,CAL-01,1920.0
6844,13,2026-04-02 05:24:00,2026-04-02 05:44:00,unplanned,MEC-01,9339.0
6845,13,2026-04-20 05:03:00,2026-04-20 06:26:00,planned,MAT-01,6057.0
6846,50,2026-01-30 20:09:00,2026-01-30 22:52:00,planned,MEC-01,
6847,21,2026-02-10 01:00:00,2026-02-10 02:10:00,planned,CAL-01,3226.0
6848,17,2026-02-19 08:55:00,2026-02-19 10:47:00,unplanned,ELEC-01,
6849,15,2026-02-11 18:53:00,2026-02-11 21:35:00,unplanned,MAT-01,
6850,46,2026-04-24 14:02:00,2026-04-24 15:13:00,planned,MEC-01,3580.0
6851,37,2026-03-14 13:40:00,2026-03-14 14:18:00,planned,MEC-01,2652.0
6852,26,2026-03-17 06:32:00,2026-03-17 09:10:00,planned,MEC-01,
6853,24,2026-03-23 15:20:00,2026-03-23 16:35:00,unplanned,ELEC-01,9842.0
6854,49,2026-02-03 14:23:00,2026-02-03 14:54:00,planned,MEC-01,7877.0
6855,30,2026-05-17 03:56:00,2026-05-17 04:46:00,unplanned,ELEC-01,7145.0
6856,28,2026-03-18 23:32:00,2026-03-19 00:35:00,unplanned,CAL-01,3718.0
6857,10,2026-02-21 23:33:00,2026-02-22 01:23:00,unplanned,CAL-01,2420.0
6858,26,2026-02-13 20:31:00,2026-02-13 23:16:00,unplanned,MEC-01,6891.0
6859,14,2026-06-29 21:31:00,2026-06-29 23:47:00,unplanned,MEC-02,
6860,15,2026-05-16 09:22:00,2026-05-16 09:35:00,planned,MEC-02,4822.0
6861,22,2026-03-23 07:43:00,2026-03-23 08:26:00,unplanned,CAL-01,8716.0
6862,27,2026-04-25 22:39:00,2026-04-25 23:29:00,unplanned,MEC-01,
6863,18,2026-04-03 03:56:00,2026-04-03 05:53:00,unplanned,ELEC-01,5270.0
6864,23,2026-01-14 08:23:00,2026-01-14 08:36:00,planned,MAT-01,6331.0
6865,30,2026-05-28 15:56:00,2026-05-28 17:32:00,unplanned,MAT-01,47.0
6866,12,2026-01-17 20:12:00,2026-01-17 21:54:00,planned,MEC-01,
6867,48,2026-02-21 08:34:00,2026-02-21 11:06:00,unplanned,MAT-01,7812.0
6868,41,2026-03-31 17:05:00,2026-03-31 19:30:00,unplanned,MEC-01,
6869,27,2026-03-29 17:58:00,2026-03-29 18:25:00,planned,CAL-01,2648.0
6870,12,2026-03-27 08:21:00,2026-03-27 11:10:00,unplanned,CAL-01,
6871,16,2026-01-13 09:40:00,2026-01-13 09:50:00,planned,ELEC-01,
6872,29,2026-03-10 11:29:00,2026-03-10 13:56:00,unplanned,MEC-01,9020.0
6873,18,2026-06-10 15:30:00,2026-06-10 16:23:00,unplanned,ELEC-01,
6874,16,2026-06-23 01:37:00,2026-06-23 04:08:00,planned,MEC-01,3124.0
6875,35,2026-03-12 09:43:00,2026-03-12 11:30:00,unplanned,ELEC-01,8753.0
6876,20,2026-03-03 17:04:00,2026-03-03 18:06:00,unplanned,CAL-01,9050.0
6877,19,2026-02-06 08:54:00,2026-02-06 10:31:00,planned,MEC-01,4259.0
6878,38,2026-04-15 06:08:00,2026-04-15 07:10:00,unplanned,MAT-01,
6879,44,2026-05-12 15:20:00,2026-05-12 16:22:00,planned,CAL-01,8838.0
6880,4,2026-04-10 21:57:00,2026-04-11 00:28:00,unplanned,MAT-01,3745.0
6881,32,2026-01-18 23:00:00,2026-01-18 23:21:00,planned,MEC-01,742.0
6882,27,2026-06-18 23:44:00,2026-06-19 01:29:00,unplanned,CAL-01,9350.0
6883,13,2026-03-14 15:14:00,2026-03-14 16:43:00,unplanned,MEC-02,6613.0
6884,50,2026-05-05 22:49:00,2026-05-06 00:37:00,unplanned,MEC-01,7.0
6885,41,2026-01-30 10:36:00,2026-01-30 10:51:00,unplanned,ELEC-01,6247.0
6886,6,2026-02-11 00:32:00,2026-02-11 01:44:00,unplanned,CAL-01,868.0
6887,41,2026-06-16 06:08:00,2026-06-16 06:17:00,unplanned,MEC-02,
6888,48,2026-05-31 20:46:00,2026-05-31 23:33:00,unplanned,MEC-01,
6889,6,2026-05-30 00:27:00,2026-05-30 02:08:00,unplanned,MEC-01,
6890,32,2026-03-10 20:28:00,2026-03-10 22:20:00,unplanned,ELEC-01,
6891,32,2026-04-27 05:51:00,2026-04-27 07:56:00,unplanned,CAL-01,
6892,50,2026-02-17 00:01:00,2026-02-17 02:21:00,unplanned,ELEC-01,5062.0
6893,49,2026-02-13 16:17:00,2026-02-13 19:07:00,planned,ELEC-01,6715.0
6894,45,2026-04-19 17:15:00,2026-04-19 17:26:00,planned,MEC-01,5310.0
6895,4,2026-03-07 09:33:00,2026-03-07 11:47:00,planned,MAT-01,1045.0
6896,25,2026-04-14 12:34:00,2026-04-14 14:57:00,planned,ELEC-01,7722.0
6897,43,2026-02-26 07:01:00,2026-02-26 07:29:00,unplanned,MEC-02,
6898,32,2026-01-20 10:25:00,2026-01-20 13:19:00,planned,MEC-02,
6899,24,2026-05-22 17:45:00,2026-05-22 18:44:00,unplanned,MEC-02,1467.0
6900,34,2026-02-11 09:20:00,2026-02-11 12:20:00,planned,CAL-01,7699.0
6901,18,2026-02-28 08:54:00,2026-02-28 11:18:00,unplanned,MEC-01,8556.0
6902,16,2026-04-26 18:16:00,2026-04-26 21:12:00,unplanned,MEC-02,1494.0
6903,48,2026-01-01 02:56:00,2026-01-01 04:20:00,unplanned,CAL-01,8272.0
6904,8,2026-03-24 18:36:00,2026-03-24 19:39:00,planned,MEC-01,9926.0
6905,30,2026-03-04 00:31:00,2026-03-04 01:14:00,planned,MEC-01,
6906,39,2026-04-10 09:04:00,2026-04-10 09:39:00,unplanned,MEC-02,
6907,14,2026-01-23 13:39:00,2026-01-23 16:02:00,unplanned,ELEC-01,
6908,6,2026-02-01 10:09:00,2026-02-01 11:16:00,planned,ELEC-01,5336.0
6909,2,2026-03-09 05:00:00,2026-03-09 05:45:00,unplanned,MAT-01,1878.0
6910,33,2026-03-25 14:20:00,2026-03-25 15:51:00,unplanned,MAT-01,
6911,33,2026-02-24 10:31:00,2026-02-24 13:29:00,unplanned,MEC-01,2675.0
6912,33,2026-01-15 09:18:00,2026-01-15 11:23:00,unplanned,CAL-01,79.0
6913,47,2026-01-12 10:43:00,2026-01-12 11:33:00,unplanned,MEC-01,6584.0
6914,17,2026-01-24 16:11:00,2026-01-24 17:07:00,unplanned,MEC-02,9212.0
6915,10,2026-05-08 03:14:00,2026-05-08 04:14:00,planned,MEC-01,7735.0
6916,20,2026-02-02 21:08:00,2026-02-02 21:53:00,unplanned,MEC-01,9412.0
6917,27,2026-06-16 08:18:00,2026-06-16 08:29:00,planned,MEC-02,5790.0
6918,47,2026-01-16 18:59:00,2026-01-16 20:21:00,planned,MEC-02,4404.0
6919,43,2026-03-11 17:29:00,2026-03-11 20:25:00,planned,MAT-01,4497.0
6920,39,2026-04-16 17:42:00,2026-04-16 18:55:00,unplanned,CAL-01,7643.0
6921,24,2026-01-16 15:25:00,2026-01-16 17:47:00,planned,MEC-02,7070.0
6922,39,2026-02-23 14:30:00,2026-02-23 16:30:00,unplanned,CAL-01,5661.0
6923,30,2026-05-14 21:30:00,2026-05-14 23:31:00,planned,MEC-01,
6924,29,2026-03-09 15:49:00,2026-03-09 17:20:00,planned,ELEC-01,
6925,10,2026-01-08 17:14:00,2026-01-08 20:03:00,planned,MEC-02,6872.0
6926,43,2026-04-22 15:38:00,2026-04-22 16:17:00,unplanned,CAL-01,1669.0
6927,44,2026-02-20 21:30:00,2026-02-20 23:11:00,planned,ELEC-01,
6928,42,2026-04-10 01:27:00,2026-04-10 02:20:00,planned,ELEC-01,2630.0
6929,12,2026-03-23 07:43:00,2026-03-23 09:44:00,planned,MEC-02,3435.0
6930,14,2026-04-04 22:38:00,2026-04-05 00:27:00,planned,ELEC-01,3482.0
6931,2,2026-02-04 07:02:00,2026-02-04 08:54:00,unplanned,ELEC-01,5850.0
6932,23,2026-03-12 13:54:00,2026-03-12 16:16:00,planned,MEC-01,9552.0
6933,44,2026-04-03 16:43:00,2026-04-03 18:22:00,unplanned,MAT-01,9111.0
6934,45,2026-03-27 13:18:00,2026-03-27 14:05:00,planned,CAL-01,970.0
6935,40,2026-06-08 12:18:00,2026-06-08 13:34:00,unplanned,CAL-01,
6936,13,2026-05-27 20:12:00,2026-05-27 22:25:00,unplanned,MAT-01,6205.0
6937,45,2026-01-22 07:39:00,2026-01-22 08:29:00,planned,ELEC-01,8216.0
6938,5,2026-04-18 21:53:00,2026-04-19 00:18:00,planned,MEC-01,
6939,46,2026-05-01 07:39:00,2026-05-01 09:36:00,planned,MAT-01,
6940,15,2026-05-02 20:36:00,2026-05-02 21:28:00,unplanned,ELEC-01,
6941,19,2026-02-08 05:40:00,2026-02-08 05:56:00,unplanned,MEC-02,
6942,37,2026-06-09 00:30:00,2026-06-09 03:07:00,unplanned,MEC-01,9397.0
6943,6,2026-06-23 06:35:00,2026-06-23 08:28:00,planned,MEC-02,8370.0
6944,25,2026-06-16 19:39:00,2026-06-16 21:29:00,planned,MEC-02,1338.0
6945,7,2026-04-12 01:30:00,2026-04-12 03:26:00,planned,MEC-02,
6946,16,2026-05-31 03:39:00,2026-05-31 05:48:00,unplanned,MEC-02,
6947,27,2026-06-20 03:13:00,2026-06-20 05:45:00,unplanned,MAT-01,5639.0
6948,37,2026-01-01 15:16:00,2026-01-01 15:57:00,unplanned,MAT-01,9027.0
6949,26,2026-06-25 07:24:00,2026-06-25 08:11:00,planned,MEC-02,
6950,43,2026-05-01 02:40:00,2026-05-01 03:48:00,unplanned,ELEC-01,1035.0
6951,19,2026-04-25 00:37:00,2026-04-25 02:36:00,unplanned,MEC-02,8707.0
6952,25,2026-04-11 23:40:00,2026-04-11 23:45:00,unplanned,ELEC-01,
6953,36,2026-03-10 15:13:00,2026-03-10 17:04:00,planned,CAL-01,
6954,5,2026-04-29 17:18:00,2026-04-29 20:11:00,planned,MAT-01,
6955,42,2026-03-09 00:18:00,2026-03-09 02:39:00,unplanned,MAT-01,3624.0
6956,49,2026-02-20 16:35:00,2026-02-20 17:14:00,planned,ELEC-01,
6957,33,2026-03-13 01:12:00,2026-03-13 02:43:00,planned,MEC-01,1404.0
6958,12,2026-04-17 17:20:00,2026-04-17 19:56:00,unplanned,MEC-01,8289.0
6959,3,2026-01-11 21:05:00,2026-01-12 00:03:00,unplanned,MAT-01,
6960,22,2026-01-17 06:30:00,2026-01-17 07:36:00,planned,MEC-01,
6961,15,2026-02-24 15:15:00,2026-02-24 17:23:00,planned,MAT-01,1868.0
6962,10,2026-02-22 02:45:00,2026-02-22 04:26:00,unplanned,CAL-01,7997.0
6963,9,2026-01-17 02:00:00,2026-01-17 02:34:00,planned,MAT-01,8449.0
6964,39,2026-03-17 02:45:00,2026-03-17 02:56:00,unplanned,ELEC-01,1847.0
6965,41,2026-05-24 12:32:00,2026-05-24 14:38:00,unplanned,ELEC-01,969.0
6966,30,2026-02-08 07:45:00,2026-02-08 08:34:00,planned,ELEC-01,9980.0
6967,13,2026-04-12 20:16:00,2026-04-12 20:37:00,planned,CAL-01,7745.0
6968,27,2026-05-24 12:17:00,2026-05-24 14:47:00,unplanned,MAT-01,535.0
6969,6,2026-01-02 21:15:00,2026-01-02 22:37:00,planned,CAL-01,
6970,26,2026-05-31 17:58:00,2026-05-31 18:21:00,unplanned,MEC-01,
6971,41,2026-03-27 10:35:00,2026-03-27 11:25:00,unplanned,MEC-01,2377.0
6972,50,2026-04-12 02:34:00,2026-04-12 05:18:00,planned,MAT-01,7400.0
6973,14,2026-05-14 11:50:00,2026-05-14 14:45:00,planned,MAT-01,1853.0
6974,28,2026-03-09 21:30:00,2026-03-09 22:59:00,planned,CAL-01,7839.0
6975,41,2026-01-28 04:05:00,2026-01-28 06:59:00,unplanned,MEC-01,8097.0
6976,42,2026-06-24 12:34:00,2026-06-24 15:28:00,planned,CAL-01,898.0
6977,31,2026-05-09 19:39:00,2026-05-09 21:03:00,unplanned,MEC-02,
6978,40,2026-01-29 14:26:00,2026-01-29 15:13:00,unplanned,ELEC-01,
6979,17,2026-04-14 02:12:00,2026-04-14 03:22:00,unplanned,MEC-02,5169.0
6980,19,2026-05-17 03:04:00,2026-05-17 04:40:00,unplanned,CAL-01,6953.0
6981,34,2026-02-19 21:45:00,2026-02-19 21:51:00,planned,ELEC-01,6715.0
6982,26,2026-03-09 16:05:00,2026-03-09 18:32:00,unplanned,ELEC-01,58.0
6983,7,2026-01-05 12:20:00,2026-01-05 12:45:00,unplanned,ELEC-01,2124.0
6984,46,2026-01-16 06:48:00,2026-01-16 07:57:00,unplanned,MEC-01,6375.0
6985,31,2026-05-28 09:09:00,2026-05-28 09:28:00,planned,ELEC-01,3118.0
6986,36,2026-01-28 00:26:00,2026-01-28 03:07:00,planned,MAT-01,5220.0
6987,49,2026-06-05 04:53:00,2026-06-05 06:33:00,planned,ELEC-01,
6988,12,2026-02-04 13:20:00,2026-02-04 13:38:00,planned,MEC-01,
6989,49,2026-01-17 17:11:00,2026-01-17 19:40:00,planned,MAT-01,
6990,24,2026-06-24 05:54:00,2026-06-24 08:30:00,unplanned,MAT-01,
6991,16,2026-02-14 01:25:00,2026-02-14 03:25:00,planned,MEC-02,
6992,46,2026-04-07 00:59:00,2026-04-07 02:32:00,unplanned,ELEC-01,3167.0
6993,50,2026-01-31 22:40:00,2026-01-31 23:28:00,unplanned,ELEC-01,567.0
6994,25,2026-04-15 07:37:00,2026-04-15 08:16:00,unplanned,ELEC-01,
6995,9,2026-04-17 21:33:00,2026-04-17 23:31:00,unplanned,MEC-02,
6996,22,2026-01-28 14:04:00,2026-01-28 15:37:00,unplanned,CAL-01,342.0
6997,32,2026-06-11 10:27:00,2026-06-11 10:46:00,planned,MEC-01,8346.0
6998,49,2026-06-22 17:21:00,2026-06-22 17:35:00,planned,MAT-01,1138.0
6999,47,2026-04-15 23:59:00,2026-04-16 01:47:00,planned,CAL-01,4105.0
7000,30,2026-03-30 19:36:00,2026-03-30 21:03:00,unplanned,ELEC-01,2718.0
7001,35,2026-04-09 07:55:00,2026-04-09 10:39:00,planned,MEC-02,2264.0
7002,7,2026-04-12 18:22:00,2026-04-12 18:48:00,planned,CAL-01,8133.0
7003,28,2026-06-05 00:38:00,2026-06-05 01:24:00,planned,CAL-01,1287.0
7004,44,2026-04-27 12:38:00,2026-04-27 14:09:00,planned,MEC-01,3820.0
7005,31,2026-01-17 05:33:00,2026-01-17 06:36:00,unplanned,MEC-02,2860.0
7006,23,2026-03-29 01:52:00,2026-03-29 03:21:00,planned,MEC-01,6561.0
7007,50,2026-02-07 21:48:00,2026-02-07 23:29:00,unplanned,CAL-01,5464.0
7008,39,2026-02-21 16:18:00,2026-02-21 18:51:00,planned,MAT-01,3624.0
7009,44,2026-02-11 00:46:00,2026-02-11 01:14:00,planned,MAT-01,593.0
7010,17,2026-04-24 17:17:00,2026-04-24 19:52:00,planned,CAL-01,4558.0
7011,47,2026-01-31 09:58:00,2026-01-31 11:42:00,planned,CAL-01,8617.0
7012,27,2026-06-14 18:56:00,2026-06-14 19:12:00,unplanned,MEC-01,
7013,24,2026-04-22 23:06:00,2026-04-23 00:37:00,unplanned,CAL-01,
7014,48,2026-06-15 04:04:00,2026-06-15 04:13:00,unplanned,MEC-01,
7015,15,2026-03-17 13:03:00,2026-03-17 14:07:00,planned,MAT-01,8702.0
7016,35,2026-03-27 20:31:00,2026-03-27 22:47:00,unplanned,MAT-01,4829.0
7017,3,2026-03-19 15:35:00,2026-03-19 15:53:00,unplanned,MEC-02,4827.0
7018,19,2026-04-03 09:41:00,2026-04-03 11:39:00,unplanned,ELEC-01,7203.0
7019,20,2026-05-03 02:55:00,2026-05-03 04:30:00,unplanned,ELEC-01,
7020,6,2026-05-11 15:52:00,2026-05-11 18:36:00,planned,MEC-02,1447.0
7021,32,2026-05-26 04:33:00,2026-05-26 05:13:00,planned,ELEC-01,5896.0
7022,10,2026-01-14 01:37:00,2026-01-14 02:27:00,unplanned,MAT-01,1797.0
7023,22,2026-02-26 13:36:00,2026-02-26 14:46:00,planned,MAT-01,
7024,15,2026-06-04 15:26:00,2026-06-04 16:37:00,unplanned,ELEC-01,
7025,39,2026-03-24 06:32:00,2026-03-24 07:44:00,planned,MEC-01,3425.0
7026,26,2026-04-13 20:34:00,2026-04-13 23:19:00,unplanned,CAL-01,
7027,7,2026-06-01 11:55:00,2026-06-01 14:23:00,unplanned,CAL-01,351.0
7028,36,2026-01-22 07:37:00,2026-01-22 08:00:00,planned,MEC-02,
7029,2,2026-01-02 09:46:00,2026-01-02 11:11:00,unplanned,MEC-01,7205.0
7030,43,2026-06-17 16:45:00,2026-06-17 18:32:00,unplanned,CAL-01,8443.0
7031,21,2026-01-17 23:25:00,2026-01-17 23:46:00,unplanned,MEC-02,2383.0
7032,5,2026-01-16 15:45:00,2026-01-16 18:13:00,unplanned,MEC-01,6851.0
7033,33,2026-03-24 15:19:00,2026-03-24 16:47:00,unplanned,CAL-01,5127.0
7034,32,2026-05-26 20:29:00,2026-05-26 20:50:00,planned,MEC-02,3808.0
7035,50,2026-01-11 10:47:00,2026-01-11 13:44:00,planned,MAT-01,2394.0
7036,33,2026-01-05 09:45:00,2026-01-05 10:10:00,unplanned,CAL-01,9790.0
7037,31,2026-01-23 17:26:00,2026-01-23 18:20:00,planned,MEC-02,
7038,7,2026-02-25 12:49:00,2026-02-25 14:52:00,unplanned,MAT-01,5045.0
7039,20,2026-05-03 20:03:00,2026-05-03 20:47:00,unplanned,MEC-02,7424.0
7040,47,2026-04-04 06:49:00,2026-04-04 08:26:00,planned,CAL-01,
7041,5,2026-06-29 02:02:00,2026-06-29 04:39:00,unplanned,MEC-01,
7042,36,2026-04-26 22:03:00,2026-04-26 23:28:00,planned,MAT-01,7309.0
7043,34,2026-01-20 10:22:00,2026-01-20 11:31:00,unplanned,MAT-01,
7044,23,2026-04-09 14:17:00,2026-04-09 14:41:00,planned,MEC-01,103.0
7045,5,2026-03-18 02:47:00,2026-03-18 04:19:00,planned,MAT-01,
7046,16,2026-05-19 11:22:00,2026-05-19 12:28:00,planned,ELEC-01,
7047,45,2026-06-03 18:39:00,2026-06-03 21:26:00,unplanned,MEC-01,4419.0
7048,41,2026-05-18 10:17:00,2026-05-18 12:51:00,unplanned,CAL-01,
7049,6,2026-02-25 19:44:00,2026-02-25 21:31:00,unplanned,CAL-01,1760.0
7050,35,2026-01-12 15:08:00,2026-01-12 17:57:00,unplanned,MAT-01,
7051,42,2026-05-30 18:35:00,2026-05-30 21:32:00,unplanned,CAL-01,5400.0
7052,40,2026-01-24 19:34:00,2026-01-24 22:19:00,unplanned,MAT-01,172.0
7053,50,2026-05-29 15:33:00,2026-05-29 18:25:00,planned,ELEC-01,
7054,8,2026-02-11 07:10:00,2026-02-11 09:51:00,unplanned,MAT-01,
7055,38,2026-04-22 23:39:00,2026-04-23 02:11:00,unplanned,MEC-02,4239.0
7056,44,2026-01-12 17:33:00,2026-01-12 19:47:00,planned,ELEC-01,3314.0
7057,33,2026-04-06 03:57:00,2026-04-06 05:36:00,planned,MAT-01,
7058,17,2026-03-15 07:09:00,2026-03-15 08:28:00,unplanned,MEC-02,4269.0
7059,32,2026-01-15 14:21:00,2026-01-15 16:19:00,planned,MEC-01,
7060,30,2026-02-01 13:23:00,2026-02-01 14:57:00,unplanned,MEC-02,
7061,46,2026-04-12 16:22:00,2026-04-12 16:51:00,planned,MEC-01,
7062,4,2026-05-05 17:26:00,2026-05-05 20:02:00,unplanned,MAT-01,7832.0
7063,23,2026-05-27 09:24:00,2026-05-27 09:34:00,planned,MEC-02,
7064,20,2026-01-06 12:53:00,2026-01-06 15:39:00,planned,MEC-01,2607.0
7065,42,2026-01-16 05:05:00,2026-01-16 07:07:00,unplanned,MEC-01,3875.0
7066,8,2026-02-01 16:55:00,2026-02-01 17:18:00,planned,MEC-02,
7067,26,2026-06-26 12:09:00,2026-06-26 12:38:00,planned,CAL-01,
7068,41,2026-04-14 19:30:00,2026-04-14 20:08:00,planned,MAT-01,4746.0
7069,3,2026-02-19 06:29:00,2026-02-19 09:21:00,unplanned,ELEC-01,
7070,18,2026-01-21 09:25:00,2026-01-21 11:26:00,planned,MEC-02,
7071,1,2026-05-26 23:47:00,2026-05-27 02:05:00,planned,CAL-01,4775.0
7072,36,2026-01-31 02:16:00,2026-01-31 03:19:00,planned,ELEC-01,3698.0
7073,14,2026-04-27 15:44:00,2026-04-27 18:44:00,planned,MAT-01,643.0
7074,26,2026-03-05 12:14:00,2026-03-05 12:55:00,planned,ELEC-01,786.0
7075,25,2026-01-05 19:36:00,2026-01-05 21:22:00,unplanned,ELEC-01,
7076,19,2026-02-14 02:44:00,2026-02-14 03:26:00,planned,MEC-01,
7077,47,2026-04-02 09:05:00,2026-04-02 10:26:00,planned,MEC-01,
7078,32,2026-03-25 21:21:00,2026-03-25 21:59:00,unplanned,MEC-02,4353.0
7079,16,2026-04-13 17:10:00,2026-04-13 17:41:00,unplanned,MEC-02,4909.0
7080,15,2026-06-05 00:08:00,2026-06-05 00:18:00,unplanned,MEC-01,
7081,40,2026-06-02 03:38:00,2026-06-02 04:01:00,planned,MEC-02,783.0
7082,14,2026-03-24 20:50:00,2026-03-24 23:36:00,unplanned,MEC-01,5079.0
7083,2,2026-06-01 13:00:00,2026-06-01 13:20:00,unplanned,CAL-01,9247.0
7084,4,2026-06-23 12:41:00,2026-06-23 15:30:00,planned,MAT-01,8796.0
7085,2,2026-02-20 04:16:00,2026-02-20 05:42:00,planned,MAT-01,6496.0
7086,20,2026-03-12 10:14:00,2026-03-12 13:02:00,unplanned,ELEC-01,46.0
7087,46,2026-05-19 08:13:00,2026-05-19 08:52:00,planned,ELEC-01,4041.0
7088,26,2026-06-09 16:01:00,2026-06-09 18:50:00,planned,CAL-01,2770.0
7089,25,2026-06-03 22:08:00,2026-06-03 22:37:00,unplanned,MEC-01,1226.0
7090,6,2026-02-19 08:12:00,2026-02-19 09:44:00,planned,CAL-01,
7091,43,2026-04-06 01:33:00,2026-04-06 03:29:00,planned,MEC-02,6823.0
7092,50,2026-05-08 07:12:00,2026-05-08 07:21:00,unplanned,MEC-02,
7093,11,2026-03-20 03:28:00,2026-03-20 06:06:00,unplanned,MEC-02,8665.0
7094,39,2026-01-12 16:46:00,2026-01-12 17:22:00,planned,MEC-02,10.0
7095,50,2026-01-23 02:44:00,2026-01-23 04:05:00,unplanned,MAT-01,6869.0
7096,4,2026-03-30 06:59:00,2026-03-30 07:48:00,unplanned,MEC-02,8869.0
7097,38,2026-02-28 08:30:00,2026-02-28 09:09:00,unplanned,MEC-01,8314.0
7098,48,2026-03-23 04:38:00,2026-03-23 05:11:00,unplanned,MAT-01,5124.0
7099,39,2026-04-15 17:17:00,2026-04-15 20:14:00,planned,MAT-01,4972.0
7100,26,2026-04-13 18:31:00,2026-04-13 20:00:00,unplanned,CAL-01,6034.0
7101,34,2026-04-05 20:56:00,2026-04-05 21:47:00,planned,MEC-02,1670.0
7102,21,2026-03-02 07:42:00,2026-03-02 10:11:00,unplanned,CAL-01,
7103,26,2026-05-06 02:29:00,2026-05-06 03:55:00,unplanned,CAL-01,3561.0
7104,22,2026-03-27 02:27:00,2026-03-27 05:27:00,planned,ELEC-01,2651.0
7105,37,2026-01-21 04:47:00,2026-01-21 06:32:00,unplanned,CAL-01,
7106,5,2026-05-22 07:45:00,2026-05-22 09:46:00,unplanned,MAT-01,8925.0
7107,44,2026-02-06 13:12:00,2026-02-06 14:13:00,planned,CAL-01,
7108,3,2026-01-27 18:25:00,2026-01-27 20:51:00,planned,MEC-01,3990.0
7109,5,2026-02-09 11:10:00,2026-02-09 11:28:00,unplanned,CAL-01,2291.0
7110,8,2026-01-11 15:01:00,2026-01-11 17:31:00,planned,ELEC-01,952.0
7111,26,2026-01-12 18:09:00,2026-01-12 20:20:00,unplanned,MAT-01,
7112,38,2026-01-14 10:33:00,2026-01-14 11:43:00,unplanned,MEC-02,9281.0
7113,30,2026-04-10 20:46:00,2026-04-10 21:51:00,unplanned,ELEC-01,4341.0
7114,31,2026-01-24 15:18:00,2026-01-24 18:14:00,planned,CAL-01,
7115,17,2026-01-31 08:23:00,2026-01-31 10:27:00,unplanned,MAT-01,9628.0
7116,15,2026-04-15 06:45:00,2026-04-15 07:25:00,planned,CAL-01,
7117,18,2026-04-27 02:50:00,2026-04-27 04:48:00,planned,CAL-01,681.0
7118,6,2026-03-29 15:07:00,2026-03-29 17:05:00,unplanned,CAL-01,8267.0
7119,18,2026-05-17 20:55:00,2026-05-17 22:14:00,planned,CAL-01,4707.0
7120,50,2026-06-28 17:19:00,2026-06-28 19:04:00,planned,CAL-01,
7121,26,2026-05-15 03:33:00,2026-05-15 04:20:00,planned,MAT-01,
7122,1,2026-02-28 10:42:00,2026-02-28 12:07:00,planned,MAT-01,332.0
7123,11,2026-02-11 12:33:00,2026-02-11 14:15:00,planned,ELEC-01,
7124,35,2026-06-17 20:27:00,2026-06-17 23:06:00,planned,MEC-02,1790.0
7125,6,2026-01-30 23:34:00,2026-01-31 00:59:00,unplanned,ELEC-01,139.0
7126,23,2026-03-14 17:31:00,2026-03-14 19:18:00,planned,MEC-01,
7127,35,2026-05-31 10:03:00,2026-05-31 13:03:00,planned,CAL-01,1533.0
7128,2,2026-05-01 10:55:00,2026-05-01 11:06:00,planned,MEC-02,6736.0
7129,36,2026-01-16 15:36:00,2026-01-16 16:26:00,unplanned,ELEC-01,5388.0
7130,30,2026-03-18 05:08:00,2026-03-18 05:55:00,planned,ELEC-01,8998.0
7131,36,2026-01-02 08:44:00,2026-01-02 09:04:00,unplanned,MAT-01,9292.0
7132,18,2026-06-10 10:45:00,2026-06-10 13:41:00,planned,MAT-01,8981.0
7133,14,2026-05-30 17:37:00,2026-05-30 17:43:00,unplanned,MAT-01,
7134,19,2026-04-22 00:12:00,2026-04-22 02:09:00,planned,MAT-01,
7135,7,2026-01-22 13:31:00,2026-01-22 15:44:00,unplanned,MAT-01,
7136,2,2026-05-02 00:50:00,2026-05-02 02:04:00,unplanned,ELEC-01,9485.0
7137,5,2026-03-13 16:24:00,2026-03-13 18:22:00,planned,ELEC-01,
7138,45,2026-02-26 04:39:00,2026-02-26 05:41:00,planned,CAL-01,8665.0
7139,30,2026-03-27 14:52:00,2026-03-27 16:22:00,unplanned,MEC-02,2377.0
7140,48,2026-02-24 01:35:00,2026-02-24 03:41:00,unplanned,ELEC-01,3042.0
7141,43,2026-01-31 03:10:00,2026-01-31 03:41:00,unplanned,MAT-01,7304.0
7142,41,2026-03-20 00:30:00,2026-03-20 02:15:00,planned,MEC-02,
7143,29,2026-05-14 16:43:00,2026-05-14 17:10:00,unplanned,MEC-02,
7144,47,2026-02-24 16:42:00,2026-02-24 17:09:00,unplanned,ELEC-01,388.0
7145,32,2026-06-27 14:30:00,2026-06-27 17:04:00,unplanned,MEC-02,
7146,39,2026-05-15 17:48:00,2026-05-15 20:33:00,planned,ELEC-01,7970.0
7147,6,2026-01-14 01:46:00,2026-01-14 02:33:00,unplanned,CAL-01,6665.0
7148,4,2026-02-18 14:29:00,2026-02-18 15:06:00,planned,CAL-01,
7149,1,2026-05-07 01:44:00,2026-05-07 03:51:00,planned,MAT-01,5572.0
7150,15,2026-01-11 20:50:00,2026-01-11 21:59:00,unplanned,MEC-01,986.0
7151,48,2026-06-25 09:16:00,2026-06-25 09:48:00,planned,MEC-01,
7152,41,2026-02-03 00:29:00,2026-02-03 02:18:00,planned,ELEC-01,425.0
7153,13,2026-06-19 03:54:00,2026-06-19 05:51:00,planned,MEC-02,5419.0
7154,36,2026-04-10 15:27:00,2026-04-10 16:35:00,planned,ELEC-01,6601.0
7155,17,2026-05-29 18:28:00,2026-05-29 20:25:00,planned,CAL-01,5841.0
7156,37,2026-01-30 16:17:00,2026-01-30 19:02:00,planned,MAT-01,
7157,35,2026-02-10 18:35:00,2026-02-10 20:05:00,unplanned,MEC-01,4761.0
7158,20,2026-06-14 19:34:00,2026-06-14 21:08:00,planned,CAL-01,
7159,45,2026-06-03 00:36:00,2026-06-03 02:54:00,unplanned,MAT-01,
7160,36,2026-05-29 10:24:00,2026-05-29 13:06:00,unplanned,MAT-01,3928.0
7161,10,2026-03-06 20:52:00,2026-03-06 22:36:00,unplanned,MEC-02,4129.0
7162,32,2026-03-17 19:12:00,2026-03-17 19:27:00,planned,CAL-01,1705.0
7163,13,2026-02-25 21:17:00,2026-02-26 00:12:00,unplanned,CAL-01,6700.0
7164,13,2026-03-07 11:18:00,2026-03-07 13:16:00,planned,MAT-01,1650.0
7165,22,2026-01-14 06:14:00,2026-01-14 08:46:00,unplanned,MEC-01,
7166,48,2026-02-28 06:44:00,2026-02-28 09:39:00,unplanned,MAT-01,4366.0
7167,36,2026-01-31 20:56:00,2026-01-31 21:13:00,unplanned,MEC-01,7404.0
7168,6,2026-04-20 21:26:00,2026-04-20 23:39:00,planned,MEC-02,2030.0
7169,10,2026-04-11 04:05:00,2026-04-11 04:55:00,unplanned,MEC-02,7085.0
7170,43,2026-05-28 19:50:00,2026-05-28 22:43:00,planned,MEC-02,
7171,31,2026-04-23 18:28:00,2026-04-23 20:28:00,unplanned,MAT-01,1164.0
7172,46,2026-04-23 06:02:00,2026-04-23 08:11:00,planned,MEC-01,4147.0
7173,26,2026-01-07 14:01:00,2026-01-07 16:55:00,planned,CAL-01,8580.0
7174,22,2026-01-10 20:17:00,2026-01-10 21:17:00,planned,MAT-01,
7175,43,2026-05-31 04:44:00,2026-05-31 06:36:00,planned,MEC-02,5000.0
7176,47,2026-05-14 04:52:00,2026-05-14 05:47:00,unplanned,MEC-02,
7177,7,2026-04-16 12:12:00,2026-04-16 14:15:00,planned,CAL-01,
7178,29,2026-06-08 07:23:00,2026-06-08 08:28:00,unplanned,ELEC-01,2040.0
7179,39,2026-02-15 03:52:00,2026-02-15 04:46:00,unplanned,MEC-01,
7180,29,2026-01-12 23:33:00,2026-01-13 00:23:00,planned,MEC-01,
7181,31,2026-02-21 14:21:00,2026-02-21 15:19:00,unplanned,MEC-01,
7182,32,2026-03-12 06:33:00,2026-03-12 06:40:00,unplanned,MEC-01,9688.0
7183,36,2026-01-19 04:59:00,2026-01-19 06:50:00,planned,MEC-02,516.0
7184,22,2026-03-24 23:17:00,2026-03-25 00:24:00,unplanned,CAL-01,5898.0
7185,32,2026-01-02 18:48:00,2026-01-02 19:35:00,planned,MEC-01,
7186,20,2026-03-09 23:34:00,2026-03-10 01:01:00,unplanned,CAL-01,2171.0
7187,14,2026-05-09 11:31:00,2026-05-09 13:33:00,planned,ELEC-01,
7188,29,2026-04-01 17:29:00,2026-04-01 19:46:00,planned,MEC-01,5658.0
7189,32,2026-05-29 15:54:00,2026-05-29 16:13:00,planned,MAT-01,6966.0
7190,39,2026-04-13 05:26:00,2026-04-13 05:59:00,unplanned,MEC-02,2487.0
7191,27,2026-04-11 15:50:00,2026-04-11 17:26:00,planned,MAT-01,9676.0
7192,6,2026-02-26 23:23:00,2026-02-27 01:34:00,unplanned,MEC-01,9642.0
7193,11,2026-05-02 01:52:00,2026-05-02 03:09:00,planned,CAL-01,4192.0
7194,19,2026-06-07 16:59:00,2026-06-07 17:35:00,planned,MEC-01,
7195,21,2026-02-16 23:08:00,2026-02-17 00:29:00,unplanned,MEC-02,
7196,15,2026-04-24 12:38:00,2026-04-24 15:06:00,planned,ELEC-01,
7197,50,2026-01-21 23:16:00,2026-01-22 00:46:00,unplanned,ELEC-01,2597.0
7198,42,2026-01-12 21:36:00,2026-01-12 22:10:00,unplanned,MAT-01,4810.0
7199,28,2026-06-08 03:22:00,2026-06-08 05:12:00,unplanned,MAT-01,5915.0
7200,4,2026-04-27 02:10:00,2026-04-27 03:08:00,planned,CAL-01,
7201,15,2026-05-29 04:25:00,2026-05-29 05:38:00,planned,MEC-02,
7202,28,2026-05-05 03:26:00,2026-05-05 06:10:00,unplanned,MEC-02,7853.0
7203,28,2026-01-02 23:02:00,2026-01-02 23:11:00,planned,ELEC-01,7376.0
7204,25,2026-06-16 14:23:00,2026-06-16 16:44:00,unplanned,MEC-01,
7205,29,2026-06-20 03:58:00,2026-06-20 04:37:00,unplanned,MEC-02,7915.0
7206,35,2026-03-13 16:29:00,2026-03-13 17:58:00,unplanned,CAL-01,8892.0
7207,49,2026-02-23 04:22:00,2026-02-23 06:41:00,unplanned,MEC-01,3841.0
7208,5,2026-05-15 19:30:00,2026-05-15 21:17:00,unplanned,MEC-02,9331.0
7209,41,2026-05-11 11:09:00,2026-05-11 13:52:00,planned,MEC-01,6080.0
7210,39,2026-03-21 22:48:00,2026-03-22 00:58:00,planned,ELEC-01,7798.0
7211,21,2026-06-22 06:31:00,2026-06-22 07:44:00,planned,ELEC-01,5371.0
7212,18,2026-01-28 14:58:00,2026-01-28 17:21:00,planned,ELEC-01,
7213,22,2026-06-22 18:53:00,2026-06-22 20:23:00,planned,MEC-01,
7214,38,2026-05-19 08:52:00,2026-05-19 09:27:00,planned,MEC-02,733.0
7215,44,2026-05-05 10:43:00,2026-05-05 12:48:00,unplanned,MEC-02,
7216,50,2026-04-03 14:57:00,2026-04-03 15:59:00,planned,MAT-01,1483.0
7217,1,2026-06-28 13:43:00,2026-06-28 15:20:00,unplanned,MEC-01,2305.0
7218,33,2026-01-12 21:20:00,2026-01-12 22:34:00,planned,CAL-01,3094.0
7219,18,2026-02-07 03:32:00,2026-02-07 04:31:00,unplanned,MEC-02,8784.0
7220,6,2026-01-19 01:19:00,2026-01-19 03:13:00,unplanned,ELEC-01,4969.0
7221,43,2026-05-11 03:37:00,2026-05-11 06:06:00,unplanned,ELEC-01,3085.0
7222,46,2026-04-07 13:36:00,2026-04-07 16:35:00,unplanned,MAT-01,2731.0
7223,44,2026-06-27 20:51:00,2026-06-27 21:45:00,planned,MAT-01,
7224,5,2026-04-17 15:24:00,2026-04-17 15:29:00,planned,MEC-02,6420.0
7225,33,2026-03-22 15:29:00,2026-03-22 15:56:00,planned,CAL-01,5654.0
7226,46,2026-04-20 08:46:00,2026-04-20 11:39:00,unplanned,ELEC-01,
7227,21,2026-05-30 20:19:00,2026-05-30 20:35:00,unplanned,MEC-01,3300.0
7228,21,2026-04-08 05:08:00,2026-04-08 07:07:00,unplanned,MEC-01,1242.0
7229,17,2026-01-15 14:09:00,2026-01-15 16:01:00,planned,MAT-01,
7230,41,2026-05-05 08:00:00,2026-05-05 09:43:00,unplanned,MAT-01,9777.0
7231,5,2026-01-13 06:35:00,2026-01-13 07:01:00,planned,MAT-01,4957.0
7232,33,2026-02-05 01:33:00,2026-02-05 03:15:00,unplanned,CAL-01,1015.0
7233,50,2026-01-09 14:05:00,2026-01-09 15:04:00,planned,MAT-01,
7234,35,2026-01-10 00:09:00,2026-01-10 00:38:00,planned,MEC-01,6113.0
7235,49,2026-01-13 20:07:00,2026-01-13 22:28:00,planned,MEC-01,5718.0
7236,12,2026-03-03 19:57:00,2026-03-03 22:02:00,unplanned,MAT-01,3839.0
7237,7,2026-06-27 17:49:00,2026-06-27 19:00:00,planned,ELEC-01,5954.0
7238,47,2026-04-19 14:05:00,2026-04-19 15:43:00,unplanned,CAL-01,6662.0
7239,21,2026-05-04 06:58:00,2026-05-04 09:26:00,planned,CAL-01,461.0
7240,7,2026-06-08 00:40:00,2026-06-08 02:53:00,planned,ELEC-01,3046.0
7241,44,2026-06-05 22:55:00,2026-06-06 00:53:00,unplanned,ELEC-01,3996.0
7242,48,2026-01-25 22:38:00,2026-01-25 23:22:00,unplanned,MEC-02,5456.0
7243,38,2026-05-27 21:11:00,2026-05-27 22:53:00,unplanned,ELEC-01,
7244,23,2026-06-27 20:47:00,2026-06-27 21:28:00,unplanned,MEC-01,2641.0
7245,22,2026-02-06 22:47:00,2026-02-06 22:57:00,planned,ELEC-01,8161.0
7246,40,2026-05-14 12:46:00,2026-05-14 13:42:00,planned,ELEC-01,9192.0
7247,9,2026-05-28 07:11:00,2026-05-28 09:28:00,planned,MAT-01,5856.0
7248,45,2026-06-23 22:03:00,2026-06-24 00:12:00,unplanned,MEC-02,2843.0
7249,37,2026-04-26 02:18:00,2026-04-26 05:00:00,planned,MEC-01,
7250,33,2026-02-26 18:25:00,2026-02-26 19:44:00,unplanned,MEC-02,
7251,46,2026-02-15 02:29:00,2026-02-15 05:22:00,planned,ELEC-01,
7252,33,2026-04-25 02:38:00,2026-04-25 03:06:00,planned,CAL-01,7509.0
7253,32,2026-03-17 06:33:00,2026-03-17 08:33:00,planned,MEC-01,7131.0
7254,14,2026-03-03 08:42:00,2026-03-03 10:47:00,planned,MEC-02,
7255,46,2026-06-01 06:50:00,2026-06-01 08:55:00,unplanned,ELEC-01,5831.0
7256,28,2026-01-03 15:04:00,2026-01-03 15:42:00,planned,MEC-01,1186.0
7257,36,2026-05-25 16:21:00,2026-05-25 17:19:00,unplanned,MAT-01,
7258,34,2026-06-26 15:57:00,2026-06-26 18:33:00,planned,ELEC-01,912.0
7259,10,2026-05-27 10:33:00,2026-05-27 11:09:00,unplanned,MAT-01,5761.0
7260,32,2026-01-21 12:08:00,2026-01-21 12:31:00,unplanned,MEC-02,
7261,2,2026-01-28 22:01:00,2026-01-29 00:31:00,unplanned,ELEC-01,
7262,32,2026-04-28 06:31:00,2026-04-28 06:59:00,planned,MEC-01,338.0
7263,42,2026-05-05 15:42:00,2026-05-05 16:25:00,unplanned,CAL-01,8483.0
7264,14,2026-05-27 01:16:00,2026-05-27 03:27:00,unplanned,CAL-01,
7265,28,2026-04-20 22:08:00,2026-04-20 22:37:00,planned,MEC-01,
7266,23,2026-02-13 06:05:00,2026-02-13 07:39:00,planned,MEC-02,2626.0
7267,10,2026-06-14 13:03:00,2026-06-14 14:48:00,planned,ELEC-01,2606.0
7268,33,2026-02-01 02:11:00,2026-02-01 03:27:00,planned,MEC-01,4912.0
7269,35,2026-06-07 02:14:00,2026-06-07 02:54:00,unplanned,CAL-01,7498.0
7270,8,2026-04-24 22:10:00,2026-04-24 23:31:00,planned,MAT-01,73.0
7271,1,2026-04-30 13:59:00,2026-04-30 16:24:00,unplanned,CAL-01,8542.0
7272,3,2026-04-21 04:51:00,2026-04-21 07:39:00,unplanned,CAL-01,2190.0
7273,29,2026-06-16 14:37:00,2026-06-16 16:03:00,unplanned,MEC-02,
7274,19,2026-06-13 15:29:00,2026-06-13 16:11:00,unplanned,MEC-01,6109.0
7275,6,2026-06-13 06:11:00,2026-06-13 07:36:00,planned,MEC-02,
7276,15,2026-04-07 23:07:00,2026-04-08 01:09:00,planned,CAL-01,
7277,14,2026-02-11 23:38:00,2026-02-12 02:19:00,unplanned,ELEC-01,4338.0
7278,16,2026-04-15 11:05:00,2026-04-15 12:58:00,unplanned,MEC-02,5339.0
7279,45,2026-04-11 17:44:00,2026-04-11 19:05:00,planned,MAT-01,9954.0
7280,22,2026-02-03 10:27:00,2026-02-03 11:38:00,planned,CAL-01,987.0
7281,21,2026-01-14 11:26:00,2026-01-14 12:28:00,planned,MEC-02,1162.0
7282,43,2026-04-05 01:42:00,2026-04-05 03:54:00,planned,ELEC-01,5212.0
7283,15,2026-02-01 00:15:00,2026-02-01 03:14:00,unplanned,ELEC-01,6077.0
7284,4,2026-02-05 19:34:00,2026-02-05 20:29:00,unplanned,ELEC-01,6006.0
7285,19,2026-02-10 07:11:00,2026-02-10 09:46:00,planned,ELEC-01,8448.0
7286,10,2026-03-27 14:03:00,2026-03-27 14:58:00,unplanned,MEC-01,2325.0
7287,22,2026-04-14 00:01:00,2026-04-14 02:17:00,planned,CAL-01,4943.0
7288,27,2026-04-20 14:36:00,2026-04-20 17:36:00,unplanned,ELEC-01,
7289,18,2026-04-07 11:55:00,2026-04-07 12:14:00,planned,MEC-02,
7290,13,2026-04-26 15:08:00,2026-04-26 17:14:00,planned,CAL-01,
7291,32,2026-02-02 12:24:00,2026-02-02 14:03:00,planned,MEC-02,40.0
7292,20,2026-05-13 16:31:00,2026-05-13 19:00:00,unplanned,MEC-02,
7293,9,2026-05-06 14:06:00,2026-05-06 15:59:00,unplanned,MEC-02,5284.0
7294,34,2026-04-21 10:14:00,2026-04-21 11:29:00,unplanned,ELEC-01,5083.0
7295,45,2026-03-30 22:34:00,2026-03-31 01:20:00,planned,CAL-01,3601.0
7296,27,2026-01-25 13:43:00,2026-01-25 14:19:00,planned,CAL-01,
7297,32,2026-04-23 19:45:00,2026-04-23 21:29:00,unplanned,MEC-01,937.0
7298,31,2026-04-03 16:16:00,2026-04-03 16:47:00,unplanned,ELEC-01,
7299,44,2026-05-10 19:05:00,2026-05-10 21:38:00,planned,MEC-01,
7300,37,2026-03-02 14:40:00,2026-03-02 16:32:00,planned,MEC-01,
7301,35,2026-04-20 00:26:00,2026-04-20 00:57:00,unplanned,MEC-01,8078.0
7302,5,2026-03-03 02:45:00,2026-03-03 04:49:00,unplanned,CAL-01,
7303,15,2026-06-06 04:18:00,2026-06-06 05:53:00,unplanned,MEC-02,1763.0
7304,44,2026-02-25 01:07:00,2026-02-25 03:53:00,planned,MEC-01,3963.0
7305,30,2026-01-02 18:09:00,2026-01-02 19:49:00,unplanned,MEC-02,4400.0
7306,47,2026-03-01 04:13:00,2026-03-01 06:36:00,unplanned,ELEC-01,
7307,50,2026-05-12 17:52:00,2026-05-12 18:56:00,unplanned,ELEC-01,832.0
7308,14,2026-03-17 00:20:00,2026-03-17 03:03:00,unplanned,CAL-01,
7309,47,2026-04-10 19:34:00,2026-04-10 19:55:00,unplanned,CAL-01,3095.0
7310,38,2026-04-03 04:13:00,2026-04-03 05:42:00,unplanned,ELEC-01,5426.0
7311,27,2026-06-09 16:18:00,2026-06-09 18:45:00,unplanned,MAT-01,8616.0
7312,24,2026-03-30 11:45:00,2026-03-30 12:17:00,planned,CAL-01,
7313,15,2026-04-09 01:42:00,2026-04-09 01:57:00,unplanned,ELEC-01,5538.0
7314,7,2026-01-23 05:38:00,2026-01-23 06:35:00,planned,ELEC-01,1116.0
7315,19,2026-01-20 23:24:00,2026-01-21 02:24:00,unplanned,MEC-02,1400.0
7316,13,2026-04-27 08:09:00,2026-04-27 09:13:00,unplanned,MEC-01,6576.0
7317,13,2026-01-19 04:56:00,2026-01-19 05:50:00,planned,MEC-01,
7318,22,2026-03-02 15:03:00,2026-03-02 17:08:00,unplanned,CAL-01,9120.0
7319,41,2026-01-03 02:04:00,2026-01-03 04:39:00,unplanned,MEC-01,3526.0
7320,14,2026-06-20 04:10:00,2026-06-20 04:18:00,planned,MAT-01,5605.0
7321,12,2026-03-10 22:55:00,2026-03-11 01:08:00,planned,MEC-01,1600.0
7322,30,2026-06-04 10:46:00,2026-06-04 11:10:00,planned,ELEC-01,7136.0
7323,5,2026-02-22 03:24:00,2026-02-22 06:00:00,unplanned,ELEC-01,
7324,15,2026-05-11 08:33:00,2026-05-11 10:55:00,unplanned,MEC-01,
7325,34,2026-03-13 21:09:00,2026-03-13 21:53:00,planned,MEC-01,
7326,22,2026-02-02 00:27:00,2026-02-02 01:26:00,unplanned,MEC-01,2306.0
7327,16,2026-04-27 00:45:00,2026-04-27 01:13:00,planned,MAT-01,
7328,7,2026-06-13 15:35:00,2026-06-13 16:28:00,unplanned,MAT-01,4394.0
7329,17,2026-05-08 22:32:00,2026-05-08 23:03:00,planned,MAT-01,
7330,40,2026-05-13 05:48:00,2026-05-13 06:27:00,planned,MEC-02,3768.0
7331,36,2026-06-28 15:09:00,2026-06-28 16:57:00,planned,MEC-02,885.0
7332,37,2026-04-18 17:34:00,2026-04-18 19:31:00,planned,MEC-02,9948.0
7333,35,2026-04-06 18:25:00,2026-04-06 18:33:00,planned,ELEC-01,7835.0
7334,49,2026-05-19 07:15:00,2026-05-19 10:09:00,planned,ELEC-01,3819.0
7335,7,2026-02-28 21:54:00,2026-02-28 23:45:00,planned,MEC-01,
7336,29,2026-02-28 13:29:00,2026-02-28 15:47:00,unplanned,MEC-02,
7337,39,2026-02-28 20:43:00,2026-02-28 23:35:00,unplanned,CAL-01,4494.0
7338,49,2026-03-10 16:38:00,2026-03-10 17:50:00,planned,MAT-01,6324.0
7339,8,2026-05-05 01:50:00,2026-05-05 03:14:00,planned,MEC-02,
7340,38,2026-03-06 08:12:00,2026-03-06 09:35:00,planned,MEC-01,
7341,43,2026-06-13 12:15:00,2026-06-13 14:53:00,planned,ELEC-01,
7342,48,2026-03-26 05:32:00,2026-03-26 07:42:00,unplanned,MEC-01,1143.0
7343,40,2026-02-15 22:23:00,2026-02-16 01:05:00,unplanned,MEC-02,8591.0
7344,28,2026-06-12 17:18:00,2026-06-12 20:14:00,unplanned,MEC-02,
7345,13,2026-01-22 11:21:00,2026-01-22 13:23:00,planned,MEC-02,6996.0
7346,25,2026-05-11 17:49:00,2026-05-11 20:23:00,unplanned,MAT-01,104.0
7347,9,2026-06-01 12:47:00,2026-06-01 15:46:00,unplanned,ELEC-01,8064.0
7348,36,2026-05-11 09:39:00,2026-05-11 12:14:00,planned,CAL-01,
7349,42,2026-04-16 19:56:00,2026-04-16 21:16:00,planned,ELEC-01,1125.0
7350,26,2026-04-15 16:20:00,2026-04-15 18:55:00,planned,MEC-02,3611.0
7351,21,2026-06-11 04:31:00,2026-06-11 05:40:00,unplanned,MAT-01,6984.0
7352,1,2026-05-13 07:14:00,2026-05-13 08:05:00,unplanned,MEC-02,1053.0
7353,15,2026-03-21 12:06:00,2026-03-21 12:16:00,planned,MAT-01,6799.0
7354,20,2026-04-24 16:34:00,2026-04-24 19:24:00,unplanned,MAT-01,8584.0
7355,13,2026-01-13 19:14:00,2026-01-13 20:01:00,planned,MEC-01,746.0
7356,1,2026-01-05 23:07:00,2026-01-06 00:37:00,planned,MEC-01,3127.0
7357,29,2026-04-13 10:47:00,2026-04-13 12:27:00,planned,MEC-01,
7358,7,2026-05-08 08:12:00,2026-05-08 10:05:00,unplanned,MAT-01,2294.0
7359,23,2026-03-11 14:50:00,2026-03-11 17:06:00,unplanned,MEC-01,
7360,28,2026-01-11 10:33:00,2026-01-11 12:01:00,unplanned,MAT-01,2188.0
7361,36,2026-05-27 06:52:00,2026-05-27 08:01:00,unplanned,ELEC-01,710.0
7362,24,2026-06-27 01:30:00,2026-06-27 01:45:00,planned,MEC-02,
7363,5,2026-03-01 00:32:00,2026-03-01 02:58:00,unplanned,MEC-01,2114.0
7364,36,2026-01-18 14:45:00,2026-01-18 15:19:00,planned,MAT-01,6206.0
7365,46,2026-04-29 04:51:00,2026-04-29 05:18:00,unplanned,MEC-01,
7366,48,2026-03-11 12:12:00,2026-03-11 13:57:00,unplanned,MEC-02,5774.0
7367,13,2026-02-18 14:27:00,2026-02-18 15:03:00,planned,MEC-01,2761.0
7368,4,2026-02-27 04:01:00,2026-02-27 05:47:00,planned,MAT-01,124.0
7369,30,2026-02-09 12:22:00,2026-02-09 12:38:00,unplanned,MEC-02,
7370,10,2026-03-31 05:34:00,2026-03-31 05:56:00,planned,ELEC-01,1088.0
7371,40,2026-01-21 10:03:00,2026-01-21 11:18:00,unplanned,MAT-01,2010.0
7372,32,2026-01-16 16:02:00,2026-01-16 18:02:00,planned,MAT-01,4073.0
7373,6,2026-06-21 22:04:00,2026-06-21 22:25:00,unplanned,MEC-02,
7374,32,2026-01-23 06:43:00,2026-01-23 07:23:00,unplanned,MEC-02,
7375,3,2026-01-04 19:28:00,2026-01-04 20:28:00,planned,MEC-02,
7376,13,2026-03-01 02:50:00,2026-03-01 04:23:00,planned,ELEC-01,4662.0
7377,10,2026-05-14 01:48:00,2026-05-14 03:20:00,planned,MAT-01,
7378,19,2026-03-19 23:16:00,2026-03-20 02:06:00,planned,ELEC-01,3884.0
7379,8,2026-02-25 04:45:00,2026-02-25 05:07:00,unplanned,CAL-01,
7380,4,2026-01-09 14:06:00,2026-01-09 16:51:00,planned,MEC-02,1014.0
7381,45,2026-03-22 11:13:00,2026-03-22 13:50:00,planned,MEC-02,8259.0
7382,13,2026-05-14 10:42:00,2026-05-14 13:39:00,planned,MAT-01,6130.0
7383,14,2026-02-08 15:39:00,2026-02-08 15:55:00,unplanned,MAT-01,9557.0
7384,12,2026-05-28 22:03:00,2026-05-29 00:57:00,planned,MEC-01,9189.0
7385,21,2026-05-03 02:45:00,2026-05-03 04:11:00,unplanned,MAT-01,3807.0
7386,29,2026-01-14 04:42:00,2026-01-14 06:59:00,planned,MEC-02,
7387,50,2026-04-13 10:46:00,2026-04-13 12:27:00,planned,MAT-01,8481.0
7388,36,2026-02-17 11:45:00,2026-02-17 12:56:00,unplanned,MEC-01,6423.0
7389,14,2026-03-03 04:12:00,2026-03-03 06:52:00,unplanned,ELEC-01,3401.0
7390,7,2026-04-30 14:19:00,2026-04-30 16:39:00,planned,ELEC-01,
7391,14,2026-01-03 14:57:00,2026-01-03 16:12:00,unplanned,MAT-01,
7392,34,2026-02-25 19:06:00,2026-02-25 19:20:00,planned,CAL-01,3036.0
7393,4,2026-06-25 18:03:00,2026-06-25 18:57:00,planned,CAL-01,
7394,26,2026-05-23 01:35:00,2026-05-23 04:17:00,unplanned,MEC-02,4681.0
7395,29,2026-01-11 02:25:00,2026-01-11 03:08:00,planned,MEC-01,8006.0
7396,13,2026-03-27 10:22:00,2026-03-27 11:05:00,planned,MEC-02,2401.0
7397,30,2026-01-13 17:15:00,2026-01-13 19:13:00,planned,ELEC-01,8436.0
7398,9,2026-01-01 03:15:00,2026-01-01 03:33:00,unplanned,MEC-02,1972.0
7399,44,2026-05-18 02:23:00,2026-05-18 04:26:00,planned,ELEC-01,290.0
7400,1,2026-04-23 18:23:00,2026-04-23 18:30:00,unplanned,CAL-01,6913.0
7401,24,2026-04-25 23:29:00,2026-04-26 02:10:00,unplanned,ELEC-01,
7402,49,2026-02-14 07:48:00,2026-02-14 10:35:00,planned,MEC-02,3884.0
7403,12,2026-01-15 02:35:00,2026-01-15 03:39:00,planned,MEC-02,9617.0
7404,16,2026-05-01 18:28:00,2026-05-01 21:23:00,unplanned,ELEC-01,4826.0
7405,48,2026-01-14 22:35:00,2026-01-15 01:23:00,planned,CAL-01,202.0
7406,49,2026-02-17 06:39:00,2026-02-17 07:12:00,unplanned,ELEC-01,
7407,1,2026-02-18 23:23:00,2026-02-18 23:53:00,planned,MEC-02,1070.0
7408,39,2026-06-27 19:00:00,2026-06-27 19:51:00,unplanned,ELEC-01,4228.0
7409,46,2026-01-02 09:48:00,2026-01-02 11:50:00,unplanned,ELEC-01,8981.0
7410,2,2026-02-09 16:46:00,2026-02-09 17:06:00,unplanned,CAL-01,7619.0
7411,50,2026-02-17 21:04:00,2026-02-17 22:07:00,planned,MEC-02,
7412,28,2026-02-02 04:37:00,2026-02-02 07:05:00,planned,MEC-01,7014.0
7413,30,2026-05-16 22:48:00,2026-05-16 23:50:00,unplanned,MAT-01,894.0
7414,19,2026-02-07 20:06:00,2026-02-07 21:36:00,planned,CAL-01,9873.0
7415,3,2026-03-15 07:03:00,2026-03-15 10:02:00,planned,MEC-01,
7416,49,2026-04-03 23:18:00,2026-04-03 23:47:00,planned,CAL-01,3403.0
7417,1,2026-01-06 17:39:00,2026-01-06 18:14:00,planned,MEC-01,3537.0
7418,43,2026-05-28 22:51:00,2026-05-29 01:51:00,unplanned,MEC-01,4977.0
7419,43,2026-06-12 08:22:00,2026-06-12 08:57:00,unplanned,MEC-02,2125.0
7420,12,2026-03-09 20:39:00,2026-03-09 23:01:00,planned,MAT-01,
7421,27,2026-01-14 18:34:00,2026-01-14 20:06:00,unplanned,CAL-01,674.0
7422,14,2026-04-02 11:57:00,2026-04-02 12:15:00,unplanned,CAL-01,
7423,3,2026-02-04 08:30:00,2026-02-04 11:21:00,unplanned,MAT-01,3049.0
7424,32,2026-01-12 06:12:00,2026-01-12 08:25:00,planned,MEC-01,8400.0
7425,25,2026-04-05 12:13:00,2026-04-05 13:00:00,unplanned,MEC-01,3538.0
7426,18,2026-05-26 23:53:00,2026-05-27 02:09:00,planned,ELEC-01,1523.0
7427,38,2026-04-14 07:38:00,2026-04-14 07:44:00,unplanned,MEC-01,
7428,37,2026-03-11 10:25:00,2026-03-11 12:32:00,unplanned,ELEC-01,7411.0
7429,45,2026-03-30 22:33:00,2026-03-31 01:25:00,planned,ELEC-01,
7430,3,2026-05-29 14:22:00,2026-05-29 16:06:00,planned,MEC-02,4825.0
7431,16,2026-02-03 15:42:00,2026-02-03 17:30:00,unplanned,MAT-01,2066.0
7432,43,2026-06-05 17:58:00,2026-06-05 18:33:00,planned,MEC-01,2708.0
7433,3,2026-03-11 03:26:00,2026-03-11 06:06:00,planned,ELEC-01,5691.0
7434,29,2026-02-11 23:32:00,2026-02-12 01:49:00,planned,ELEC-01,98.0
7435,41,2026-04-02 23:05:00,2026-04-03 00:52:00,unplanned,CAL-01,2486.0
7436,2,2026-05-30 03:37:00,2026-05-30 05:32:00,planned,MAT-01,7697.0
7437,47,2026-02-13 03:40:00,2026-02-13 05:12:00,unplanned,ELEC-01,1943.0
7438,5,2026-03-05 12:37:00,2026-03-05 14:37:00,planned,MAT-01,7124.0
7439,6,2026-01-15 18:43:00,2026-01-15 19:58:00,unplanned,MEC-01,
7440,1,2026-02-11 03:12:00,2026-02-11 04:44:00,planned,MEC-01,
7441,24,2026-02-26 06:37:00,2026-02-26 08:40:00,planned,CAL-01,1463.0
7442,31,2026-05-11 08:49:00,2026-05-11 09:40:00,planned,MEC-02,6894.0
7443,12,2026-05-16 16:59:00,2026-05-16 17:30:00,unplanned,ELEC-01,
7444,43,2026-03-01 03:16:00,2026-03-01 05:52:00,unplanned,CAL-01,7084.0
7445,35,2026-05-28 16:10:00,2026-05-28 17:19:00,planned,MAT-01,1203.0
7446,11,2026-03-23 16:56:00,2026-03-23 17:26:00,planned,MEC-01,9437.0
7447,36,2026-05-24 09:40:00,2026-05-24 11:56:00,planned,MAT-01,3414.0
7448,22,2026-05-26 06:39:00,2026-05-26 07:20:00,planned,ELEC-01,3780.0
7449,31,2026-05-23 09:00:00,2026-05-23 09:55:00,planned,ELEC-01,7699.0
7450,19,2026-03-18 14:24:00,2026-03-18 16:10:00,unplanned,MEC-02,3901.0
7451,4,2026-03-07 11:59:00,2026-03-07 14:23:00,unplanned,MEC-02,9438.0
7452,3,2026-01-26 00:55:00,2026-01-26 01:11:00,planned,CAL-01,1995.0
7453,22,2026-03-06 15:30:00,2026-03-06 16:55:00,unplanned,ELEC-01,6281.0
7454,30,2026-06-05 05:28:00,2026-06-05 05:35:00,planned,CAL-01,4782.0
7455,35,2026-05-16 15:33:00,2026-05-16 17:17:00,unplanned,MAT-01,2506.0
7456,24,2026-01-12 05:04:00,2026-01-12 05:40:00,unplanned,MEC-01,621.0
7457,3,2026-05-27 22:58:00,2026-05-27 23:07:00,planned,MEC-01,4669.0
7458,13,2026-04-17 11:04:00,2026-04-17 13:17:00,unplanned,ELEC-01,9884.0
7459,40,2026-01-12 23:31:00,2026-01-13 01:04:00,unplanned,ELEC-01,733.0
7460,32,2026-05-28 02:29:00,2026-05-28 04:46:00,unplanned,MEC-02,843.0
7461,15,2026-01-17 00:08:00,2026-01-17 02:12:00,planned,MEC-01,
7462,23,2026-06-07 23:21:00,2026-06-08 02:19:00,unplanned,MAT-01,8885.0
7463,41,2026-03-24 10:26:00,2026-03-24 12:53:00,unplanned,MEC-01,5538.0
7464,17,2026-04-19 05:37:00,2026-04-19 06:43:00,planned,CAL-01,4758.0
7465,10,2026-06-05 15:03:00,2026-06-05 17:17:00,unplanned,MAT-01,5987.0
7466,18,2026-04-29 20:24:00,2026-04-29 21:29:00,planned,ELEC-01,5136.0
7467,29,2026-03-14 14:53:00,2026-03-14 16:06:00,planned,MAT-01,6871.0
7468,19,2026-02-04 10:21:00,2026-02-04 11:58:00,unplanned,MEC-02,3038.0
7469,39,2026-04-03 04:19:00,2026-04-03 06:37:00,unplanned,MEC-01,8923.0
7470,46,2026-02-24 00:48:00,2026-02-24 03:03:00,planned,MEC-01,1540.0
7471,33,2026-03-19 04:19:00,2026-03-19 05:06:00,planned,ELEC-01,5224.0
7472,15,2026-03-15 13:22:00,2026-03-15 15:09:00,planned,CAL-01,71.0
7473,44,2026-04-15 09:00:00,2026-04-15 09:35:00,unplanned,MEC-02,4072.0
7474,15,2026-02-19 17:26:00,2026-02-19 20:16:00,unplanned,MEC-02,9431.0
7475,29,2026-06-08 01:36:00,2026-06-08 04:15:00,planned,CAL-01,
7476,47,2026-03-22 04:06:00,2026-03-22 06:39:00,unplanned,ELEC-01,2106.0
7477,19,2026-03-26 15:57:00,2026-03-26 17:36:00,unplanned,CAL-01,4451.0
7478,5,2026-02-08 18:04:00,2026-02-08 18:30:00,planned,CAL-01,3820.0
7479,18,2026-05-16 03:20:00,2026-05-16 06:03:00,unplanned,MEC-01,
7480,50,2026-03-19 04:39:00,2026-03-19 06:02:00,unplanned,MAT-01,
7481,3,2026-04-28 07:33:00,2026-04-28 08:41:00,unplanned,MEC-02,7212.0
7482,15,2026-05-12 12:52:00,2026-05-12 14:16:00,planned,MEC-01,4116.0
7483,40,2026-04-16 08:17:00,2026-04-16 09:21:00,unplanned,MAT-01,
7484,24,2026-06-23 03:22:00,2026-06-23 05:53:00,planned,MEC-02,
7485,1,2026-04-27 20:42:00,2026-04-27 22:06:00,unplanned,ELEC-01,179.0
7486,33,2026-06-23 07:26:00,2026-06-23 09:40:00,unplanned,MEC-02,495.0
7487,15,2026-05-07 18:43:00,2026-05-07 19:07:00,unplanned,MEC-01,2688.0
7488,38,2026-06-15 17:42:00,2026-06-15 20:23:00,unplanned,CAL-01,5591.0
7489,22,2026-04-03 23:36:00,2026-04-04 02:10:00,unplanned,ELEC-01,2708.0
7490,33,2026-05-01 17:19:00,2026-05-01 20:09:00,unplanned,MAT-01,4574.0
7491,3,2026-06-15 20:16:00,2026-06-15 21:11:00,planned,CAL-01,3100.0
7492,25,2026-02-08 16:06:00,2026-02-08 16:18:00,unplanned,MEC-02,5166.0
7493,1,2026-05-16 03:16:00,2026-05-16 04:29:00,planned,MEC-02,7094.0
7494,25,2026-04-15 14:14:00,2026-04-15 16:42:00,unplanned,CAL-01,4504.0
7495,17,2026-01-12 13:30:00,2026-01-12 15:47:00,planned,CAL-01,1927.0
7496,32,2026-03-02 17:47:00,2026-03-02 18:07:00,unplanned,ELEC-01,
7497,49,2026-05-25 05:37:00,2026-05-25 07:24:00,planned,CAL-01,1843.0
7498,2,2026-05-30 18:57:00,2026-05-30 19:04:00,planned,MAT-01,
7499,6,2026-02-11 05:52:00,2026-02-11 07:02:00,unplanned,CAL-01,
7500,12,2026-01-04 19:22:00,2026-01-04 19:36:00,unplanned,CAL-01,9395.0
7501,8,2026-04-25 07:38:00,2026-04-25 08:07:00,unplanned,MEC-02,
7502,23,2026-06-04 23:59:00,2026-06-05 00:31:00,unplanned,MEC-01,6277.0
7503,7,2026-01-14 06:30:00,2026-01-14 08:10:00,planned,MEC-01,4871.0
7504,29,2026-03-23 13:30:00,2026-03-23 14:59:00,planned,MEC-01,3890.0
7505,1,2026-06-16 17:11:00,2026-06-16 19:28:00,planned,MEC-01,
7506,24,2026-02-03 06:06:00,2026-02-03 08:02:00,unplanned,CAL-01,
7507,18,2026-04-08 11:12:00,2026-04-08 14:09:00,unplanned,CAL-01,6174.0
7508,47,2026-04-26 08:16:00,2026-04-26 10:34:00,unplanned,MAT-01,
7509,29,2026-06-29 08:51:00,2026-06-29 10:03:00,unplanned,CAL-01,
7510,37,2026-05-16 05:01:00,2026-05-16 05:33:00,planned,CAL-01,6166.0
7511,26,2026-01-05 20:44:00,2026-01-05 22:48:00,unplanned,CAL-01,3408.0
7512,35,2026-05-15 10:22:00,2026-05-15 10:49:00,planned,MAT-01,4988.0
7513,26,2026-04-28 07:00:00,2026-04-28 08:05:00,planned,ELEC-01,
7514,44,2026-04-27 03:57:00,2026-04-27 06:17:00,unplanned,MEC-02,
7515,25,2026-03-22 13:05:00,2026-03-22 14:27:00,unplanned,CAL-01,9635.0
7516,37,2026-04-12 18:14:00,2026-04-12 18:31:00,unplanned,CAL-01,8151.0
7517,4,2026-03-19 00:19:00,2026-03-19 01:08:00,planned,CAL-01,2423.0
7518,31,2026-01-01 03:37:00,2026-01-01 06:13:00,unplanned,MEC-02,265.0
7519,23,2026-04-01 00:21:00,2026-04-01 00:54:00,unplanned,ELEC-01,
7520,45,2026-02-12 05:23:00,2026-02-12 07:26:00,planned,MAT-01,7210.0
7521,15,2026-01-17 00:04:00,2026-01-17 01:19:00,planned,CAL-01,9708.0
7522,27,2026-02-16 21:50:00,2026-02-16 22:29:00,unplanned,CAL-01,1113.0
7523,37,2026-04-12 04:29:00,2026-04-12 06:18:00,unplanned,MEC-01,55.0
7524,11,2026-05-21 04:16:00,2026-05-21 07:00:00,unplanned,ELEC-01,1487.0
7525,25,2026-05-25 01:50:00,2026-05-25 03:11:00,unplanned,ELEC-01,
7526,37,2026-02-02 02:35:00,2026-02-02 03:20:00,unplanned,ELEC-01,9667.0
7527,22,2026-06-28 15:51:00,2026-06-28 17:31:00,unplanned,MEC-02,
7528,26,2026-06-03 22:59:00,2026-06-03 23:52:00,planned,CAL-01,9559.0
7529,14,2026-05-27 01:20:00,2026-05-27 04:04:00,planned,CAL-01,
7530,35,2026-03-24 01:55:00,2026-03-24 03:44:00,unplanned,MEC-01,3249.0
7531,27,2026-03-03 01:49:00,2026-03-03 01:59:00,planned,MEC-02,5038.0
7532,28,2026-03-13 15:26:00,2026-03-13 16:51:00,unplanned,MEC-01,4444.0
7533,10,2026-03-02 04:03:00,2026-03-02 06:45:00,planned,ELEC-01,6565.0
7534,21,2026-03-27 06:25:00,2026-03-27 08:07:00,unplanned,CAL-01,8042.0
7535,41,2026-03-14 13:06:00,2026-03-14 14:52:00,planned,ELEC-01,
7536,21,2026-03-18 03:36:00,2026-03-18 03:42:00,planned,MAT-01,4438.0
7537,21,2026-03-15 15:23:00,2026-03-15 17:44:00,unplanned,MEC-01,2086.0
7538,29,2026-03-05 22:17:00,2026-03-06 00:10:00,planned,ELEC-01,8846.0
7539,19,2026-04-04 04:00:00,2026-04-04 05:11:00,planned,ELEC-01,
7540,30,2026-06-04 20:01:00,2026-06-04 21:08:00,planned,ELEC-01,9145.0
7541,5,2026-05-07 21:53:00,2026-05-07 22:18:00,planned,MEC-01,8695.0
7542,17,2026-04-22 10:29:00,2026-04-22 11:32:00,planned,MEC-01,3265.0
7543,27,2026-05-11 13:58:00,2026-05-11 16:13:00,unplanned,MEC-01,9669.0
7544,45,2026-04-23 20:56:00,2026-04-23 21:33:00,unplanned,CAL-01,9758.0
7545,50,2026-02-22 11:14:00,2026-02-22 12:03:00,planned,CAL-01,
7546,31,2026-02-06 22:45:00,2026-02-06 23:36:00,unplanned,MAT-01,8509.0
7547,40,2026-03-25 14:23:00,2026-03-25 17:13:00,planned,CAL-01,9554.0
7548,22,2026-01-17 23:03:00,2026-01-17 23:17:00,unplanned,CAL-01,
7549,34,2026-04-18 15:06:00,2026-04-18 16:24:00,unplanned,MEC-02,7466.0
7550,28,2026-06-18 05:51:00,2026-06-18 07:53:00,unplanned,MEC-01,2987.0
7551,28,2026-06-18 06:08:00,2026-06-18 09:02:00,planned,CAL-01,5499.0
7552,50,2026-02-20 12:57:00,2026-02-20 15:32:00,unplanned,MEC-01,8342.0
7553,22,2026-05-01 06:24:00,2026-05-01 08:38:00,planned,MAT-01,
7554,6,2026-03-14 20:44:00,2026-03-14 22:46:00,planned,MAT-01,4179.0
7555,15,2026-03-31 08:25:00,2026-03-31 08:44:00,planned,MEC-01,
7556,36,2026-05-13 05:33:00,2026-05-13 07:10:00,unplanned,MEC-01,9485.0
7557,36,2026-06-20 06:43:00,2026-06-20 07:36:00,unplanned,ELEC-01,2703.0
7558,45,2026-01-26 22:04:00,2026-01-27 00:54:00,planned,MEC-01,
7559,20,2026-01-08 16:56:00,2026-01-08 18:21:00,planned,MAT-01,7910.0
7560,42,2026-05-22 03:52:00,2026-05-22 06:21:00,planned,ELEC-01,3046.0
7561,16,2026-02-24 02:54:00,2026-02-24 05:23:00,planned,MEC-02,
7562,31,2026-01-27 09:23:00,2026-01-27 10:32:00,planned,MAT-01,5974.0
7563,27,2026-03-07 05:03:00,2026-03-07 06:58:00,unplanned,CAL-01,2060.0
7564,38,2026-03-05 19:59:00,2026-03-05 22:22:00,planned,CAL-01,9970.0
7565,28,2026-05-17 14:06:00,2026-05-17 14:20:00,unplanned,ELEC-01,
7566,39,2026-06-21 08:44:00,2026-06-21 10:18:00,unplanned,MAT-01,
7567,49,2026-05-09 17:26:00,2026-05-09 17:56:00,planned,MEC-01,
7568,34,2026-03-05 06:22:00,2026-03-05 06:36:00,planned,ELEC-01,
7569,32,2026-04-09 18:57:00,2026-04-09 21:18:00,planned,MAT-01,
7570,39,2026-06-04 23:43:00,2026-06-05 00:52:00,planned,ELEC-01,5914.0
7571,28,2026-05-05 12:06:00,2026-05-05 13:21:00,unplanned,MAT-01,7923.0
7572,26,2026-05-25 14:44:00,2026-05-25 15:47:00,planned,ELEC-01,
7573,28,2026-02-17 22:14:00,2026-02-18 00:35:00,planned,CAL-01,2596.0
7574,1,2026-03-18 16:33:00,2026-03-18 19:08:00,unplanned,MAT-01,1430.0
7575,39,2026-06-07 19:37:00,2026-06-07 20:52:00,unplanned,MEC-02,7672.0
7576,17,2026-01-28 16:00:00,2026-01-28 17:04:00,unplanned,CAL-01,6632.0
7577,25,2026-03-10 22:22:00,2026-03-10 23:28:00,unplanned,ELEC-01,3317.0
7578,47,2026-06-25 19:51:00,2026-06-25 20:19:00,planned,MEC-01,1502.0
7579,14,2026-03-29 04:56:00,2026-03-29 05:31:00,unplanned,MEC-02,
7580,18,2026-02-25 06:02:00,2026-02-25 07:21:00,planned,MAT-01,9810.0
7581,39,2026-05-30 21:05:00,2026-05-30 23:02:00,planned,CAL-01,8210.0
7582,31,2026-04-28 17:52:00,2026-04-28 20:44:00,unplanned,CAL-01,4629.0
7583,22,2026-05-27 10:42:00,2026-05-27 11:56:00,unplanned,CAL-01,1671.0
7584,3,2026-01-30 04:25:00,2026-01-30 06:50:00,unplanned,MAT-01,
7585,33,2026-06-16 13:33:00,2026-06-16 14:57:00,unplanned,MEC-02,
7586,46,2026-05-22 05:18:00,2026-05-22 06:38:00,planned,MEC-02,7369.0
7587,34,2026-05-25 09:57:00,2026-05-25 10:38:00,planned,MAT-01,
7588,12,2026-05-13 04:03:00,2026-05-13 05:01:00,planned,MAT-01,6004.0
7589,17,2026-05-09 23:21:00,2026-05-10 01:22:00,unplanned,MAT-01,4148.0
7590,25,2026-03-23 17:48:00,2026-03-23 19:23:00,unplanned,MEC-02,
7591,4,2026-04-23 11:31:00,2026-04-23 12:26:00,unplanned,MEC-02,6893.0
7592,18,2026-01-15 23:13:00,2026-01-15 23:25:00,planned,CAL-01,6649.0
7593,43,2026-06-15 04:26:00,2026-06-15 06:11:00,unplanned,MAT-01,
7594,15,2026-01-28 02:52:00,2026-01-28 03:26:00,unplanned,MEC-02,7579.0
7595,36,2026-06-03 21:52:00,2026-06-03 23:07:00,unplanned,ELEC-01,8607.0
7596,34,2026-04-04 04:18:00,2026-04-04 06:16:00,unplanned,MEC-02,
7597,27,2026-04-06 15:38:00,2026-04-06 15:49:00,unplanned,MEC-01,2906.0
7598,27,2026-03-29 13:33:00,2026-03-29 15:12:00,unplanned,ELEC-01,1877.0
7599,27,2026-01-05 20:16:00,2026-01-05 21:24:00,planned,MEC-02,1934.0
7600,46,2026-01-17 17:59:00,2026-01-17 20:32:00,unplanned,MEC-01,
7601,3,2026-05-17 14:14:00,2026-05-17 16:24:00,unplanned,MEC-02,6485.0
7602,29,2026-01-26 10:39:00,2026-01-26 12:41:00,planned,MEC-02,
7603,31,2026-05-21 07:58:00,2026-05-21 08:10:00,planned,MAT-01,6929.0
7604,18,2026-01-20 04:30:00,2026-01-20 05:51:00,unplanned,MAT-01,2615.0
7605,18,2026-03-10 19:26:00,2026-03-10 21:15:00,planned,MEC-02,
7606,46,2026-02-18 07:57:00,2026-02-18 10:46:00,planned,MAT-01,
7607,20,2026-01-31 14:41:00,2026-01-31 16:30:00,unplanned,ELEC-01,
7608,7,2026-01-15 00:45:00,2026-01-15 01:04:00,planned,ELEC-01,383.0
7609,3,2026-02-18 14:47:00,2026-02-18 15:56:00,planned,MAT-01,4630.0
7610,17,2026-02-15 09:19:00,2026-02-15 12:09:00,planned,MEC-01,6445.0
7611,50,2026-02-08 18:00:00,2026-02-08 19:59:00,unplanned,CAL-01,7424.0
7612,40,2026-05-09 03:34:00,2026-05-09 05:14:00,unplanned,MEC-01,7785.0
7613,10,2026-01-10 12:41:00,2026-01-10 14:51:00,planned,ELEC-01,
7614,47,2026-04-12 13:36:00,2026-04-12 13:49:00,planned,CAL-01,3917.0
7615,46,2026-04-02 17:37:00,2026-04-02 20:26:00,unplanned,MEC-02,6215.0
7616,25,2026-05-09 17:19:00,2026-05-09 20:18:00,planned,CAL-01,
7617,7,2026-03-08 13:26:00,2026-03-08 16:10:00,unplanned,ELEC-01,
7618,24,2026-05-23 14:30:00,2026-05-23 16:40:00,planned,MEC-02,7106.0
7619,26,2026-05-07 10:10:00,2026-05-07 12:36:00,unplanned,MAT-01,
7620,29,2026-05-12 17:13:00,2026-05-12 19:59:00,planned,CAL-01,6148.0
7621,10,2026-02-26 18:19:00,2026-02-26 20:11:00,planned,MEC-02,8024.0
7622,49,2026-01-31 04:50:00,2026-01-31 06:01:00,planned,MEC-02,579.0
7623,50,2026-05-01 00:39:00,2026-05-01 03:03:00,unplanned,MEC-01,
7624,30,2026-01-16 04:16:00,2026-01-16 06:40:00,unplanned,MEC-02,3651.0
7625,48,2026-03-02 22:18:00,2026-03-03 01:13:00,unplanned,CAL-01,8413.0
7626,35,2026-01-28 17:03:00,2026-01-28 19:12:00,planned,CAL-01,9321.0
7627,41,2026-01-13 12:19:00,2026-01-13 14:08:00,planned,MEC-01,6516.0
7628,9,2026-01-12 00:50:00,2026-01-12 01:22:00,planned,ELEC-01,
7629,1,2026-03-24 10:03:00,2026-03-24 11:46:00,planned,MAT-01,
7630,33,2026-06-15 22:39:00,2026-06-16 00:42:00,unplanned,MAT-01,
7631,25,2026-06-06 01:19:00,2026-06-06 02:24:00,planned,MAT-01,
7632,32,2026-02-26 20:22:00,2026-02-26 20:39:00,unplanned,CAL-01,
7633,31,2026-01-06 16:51:00,2026-01-06 18:50:00,planned,MEC-02,9208.0
7634,18,2026-05-31 14:49:00,2026-05-31 16:16:00,planned,MEC-02,2381.0
7635,40,2026-04-08 23:24:00,2026-04-09 02:20:00,planned,CAL-01,
7636,12,2026-03-11 10:13:00,2026-03-11 11:17:00,unplanned,MEC-01,
7637,21,2026-04-30 18:23:00,2026-04-30 20:52:00,planned,MAT-01,5334.0
7638,1,2026-02-05 02:00:00,2026-02-05 04:01:00,planned,MAT-01,9238.0
7639,17,2026-01-28 19:58:00,2026-01-28 20:28:00,planned,CAL-01,
7640,4,2026-01-26 08:47:00,2026-01-26 11:44:00,unplanned,MEC-01,3531.0
7641,21,2026-05-28 12:30:00,2026-05-28 12:40:00,unplanned,MEC-01,2155.0
7642,1,2026-01-16 06:07:00,2026-01-16 07:22:00,unplanned,CAL-01,5005.0
7643,26,2026-04-06 20:26:00,2026-04-06 21:31:00,planned,MAT-01,
7644,35,2026-02-21 04:36:00,2026-02-21 06:11:00,planned,MEC-02,7568.0
7645,27,2026-05-30 07:29:00,2026-05-30 09:40:00,unplanned,ELEC-01,8540.0
7646,15,2026-03-11 03:55:00,2026-03-11 04:31:00,unplanned,MEC-02,7612.0
7647,27,2026-02-21 13:55:00,2026-02-21 15:54:00,unplanned,MEC-02,506.0
7648,46,2026-06-16 17:37:00,2026-06-16 18:54:00,unplanned,ELEC-01,9744.0
7649,11,2026-06-21 11:23:00,2026-06-21 13:41:00,unplanned,MAT-01,6739.0
7650,41,2026-02-05 01:03:00,2026-02-05 02:06:00,unplanned,ELEC-01,2911.0
7651,44,2026-06-27 23:08:00,2026-06-28 01:30:00,unplanned,MEC-01,4513.0
7652,49,2026-02-23 16:04:00,2026-02-23 17:46:00,unplanned,MAT-01,6516.0
7653,10,2026-04-13 03:02:00,2026-04-13 03:43:00,unplanned,MEC-02,7562.0
7654,48,2026-05-02 05:14:00,2026-05-02 08:08:00,unplanned,ELEC-01,8036.0
7655,6,2026-04-16 18:21:00,2026-04-16 19:50:00,unplanned,MEC-02,8614.0
7656,25,2026-01-14 12:16:00,2026-01-14 13:50:00,planned,MEC-01,
7657,9,2026-02-11 01:59:00,2026-02-11 04:13:00,planned,ELEC-01,1812.0
7658,16,2026-02-24 20:47:00,2026-02-24 23:26:00,planned,CAL-01,
7659,8,2026-01-30 00:10:00,2026-01-30 00:56:00,unplanned,MEC-01,4779.0
7660,35,2026-05-05 22:22:00,2026-05-06 00:20:00,planned,MEC-01,
7661,34,2026-04-15 07:26:00,2026-04-15 10:00:00,unplanned,MEC-02,9272.0
7662,16,2026-06-07 09:51:00,2026-06-07 12:02:00,unplanned,MEC-01,4852.0
7663,45,2026-05-14 20:29:00,2026-05-14 21:39:00,unplanned,MAT-01,1715.0
7664,16,2026-06-29 06:05:00,2026-06-29 07:24:00,planned,MAT-01,3522.0
7665,44,2026-06-21 15:25:00,2026-06-21 18:03:00,planned,MAT-01,1583.0
7666,1,2026-04-03 20:03:00,2026-04-03 21:05:00,planned,MAT-01,4941.0
7667,13,2026-06-08 11:44:00,2026-06-08 13:48:00,unplanned,CAL-01,4960.0
7668,48,2026-06-22 19:28:00,2026-06-22 21:56:00,unplanned,MEC-02,7168.0
7669,27,2026-03-19 13:14:00,2026-03-19 15:30:00,unplanned,MEC-01,5192.0
7670,7,2026-01-09 21:56:00,2026-01-09 22:24:00,planned,CAL-01,5131.0
7671,32,2026-04-03 21:47:00,2026-04-03 23:52:00,planned,MEC-02,6041.0
7672,12,2026-06-02 14:12:00,2026-06-02 16:30:00,planned,ELEC-01,609.0
7673,6,2026-03-14 22:37:00,2026-03-14 23:10:00,planned,MAT-01,
7674,5,2026-02-19 14:52:00,2026-02-19 17:52:00,planned,MAT-01,8235.0
7675,16,2026-01-21 02:29:00,2026-01-21 03:59:00,unplanned,MEC-02,
7676,48,2026-02-27 00:52:00,2026-02-27 02:19:00,unplanned,MAT-01,6067.0
7677,8,2026-06-22 03:16:00,2026-06-22 06:02:00,planned,MEC-02,
7678,3,2026-04-08 01:29:00,2026-04-08 03:04:00,planned,CAL-01,744.0
7679,37,2026-04-17 05:08:00,2026-04-17 05:54:00,planned,CAL-01,6719.0
7680,47,2026-04-10 02:19:00,2026-04-10 02:37:00,planned,ELEC-01,2384.0
7681,47,2026-06-11 01:09:00,2026-06-11 03:17:00,planned,MEC-02,7550.0
7682,32,2026-06-11 20:06:00,2026-06-11 22:22:00,planned,MAT-01,7411.0
7683,45,2026-05-14 15:43:00,2026-05-14 18:38:00,unplanned,MEC-01,
7684,18,2026-01-12 19:51:00,2026-01-12 20:21:00,unplanned,ELEC-01,9345.0
7685,16,2026-05-23 13:48:00,2026-05-23 14:45:00,planned,MAT-01,
7686,47,2026-06-23 15:50:00,2026-06-23 18:10:00,unplanned,CAL-01,
7687,2,2026-01-19 00:06:00,2026-01-19 00:19:00,unplanned,MAT-01,6500.0
7688,46,2026-05-28 12:33:00,2026-05-28 14:45:00,planned,MEC-02,
7689,22,2026-05-07 11:27:00,2026-05-07 11:32:00,unplanned,CAL-01,1787.0
7690,26,2026-05-08 02:32:00,2026-05-08 02:43:00,planned,ELEC-01,2639.0
7691,28,2026-03-03 05:25:00,2026-03-03 07:12:00,planned,ELEC-01,3964.0
7692,24,2026-06-26 22:45:00,2026-06-27 00:47:00,unplanned,CAL-01,7329.0
7693,1,2026-05-30 17:39:00,2026-05-30 20:31:00,planned,ELEC-01,7740.0
7694,35,2026-04-02 07:09:00,2026-04-02 07:36:00,planned,CAL-01,3212.0
7695,35,2026-05-02 09:16:00,2026-05-02 10:07:00,unplanned,CAL-01,9871.0
7696,7,2026-06-03 11:14:00,2026-06-03 11:39:00,planned,CAL-01,2248.0
7697,33,2026-06-13 02:36:00,2026-06-13 02:47:00,planned,MEC-02,107.0
7698,9,2026-02-20 20:26:00,2026-02-20 22:07:00,planned,ELEC-01,2780.0
7699,25,2026-01-06 19:43:00,2026-01-06 21:54:00,unplanned,MEC-02,
7700,35,2026-03-02 09:47:00,2026-03-02 11:18:00,unplanned,MEC-01,7945.0
7701,36,2026-02-16 23:10:00,2026-02-16 23:27:00,planned,MEC-02,
7702,6,2026-04-21 17:25:00,2026-04-21 19:29:00,unplanned,CAL-01,
7703,40,2026-06-07 11:17:00,2026-06-07 11:39:00,planned,ELEC-01,
7704,10,2026-06-28 09:13:00,2026-06-28 12:01:00,planned,MEC-02,4604.0
7705,43,2026-05-28 07:37:00,2026-05-28 09:54:00,planned,MEC-02,78.0
7706,49,2026-06-28 00:31:00,2026-06-28 01:58:00,planned,CAL-01,7018.0
7707,40,2026-01-01 18:13:00,2026-01-01 19:06:00,planned,MEC-02,
7708,30,2026-01-24 08:01:00,2026-01-24 09:11:00,unplanned,ELEC-01,7988.0
7709,41,2026-02-02 18:16:00,2026-02-02 20:06:00,unplanned,MEC-02,2498.0
7710,27,2026-03-03 01:50:00,2026-03-03 02:27:00,planned,CAL-01,1169.0
7711,17,2026-01-19 06:04:00,2026-01-19 06:12:00,planned,CAL-01,2326.0
7712,41,2026-03-01 01:42:00,2026-03-01 03:26:00,planned,ELEC-01,5865.0
7713,5,2026-04-16 07:16:00,2026-04-16 09:01:00,planned,ELEC-01,4027.0
7714,35,2026-04-20 18:18:00,2026-04-20 19:39:00,unplanned,MEC-02,343.0
7715,32,2026-05-05 05:53:00,2026-05-05 07:58:00,planned,MEC-02,1188.0
7716,21,2026-05-07 16:47:00,2026-05-07 17:34:00,unplanned,MAT-01,489.0
7717,36,2026-06-27 00:42:00,2026-06-27 02:00:00,planned,MEC-02,8378.0
7718,15,2026-05-20 18:54:00,2026-05-20 20:33:00,planned,MEC-01,
7719,25,2026-04-05 03:05:00,2026-04-05 05:35:00,planned,CAL-01,7671.0
7720,44,2026-02-05 05:04:00,2026-02-05 06:52:00,unplanned,ELEC-01,2667.0
7721,23,2026-04-29 13:15:00,2026-04-29 13:55:00,unplanned,MEC-02,8761.0
7722,2,2026-06-15 21:28:00,2026-06-15 23:41:00,planned,CAL-01,4282.0
7723,49,2026-02-15 04:58:00,2026-02-15 06:19:00,unplanned,MAT-01,670.0
7724,13,2026-01-12 04:20:00,2026-01-12 04:44:00,unplanned,MAT-01,6708.0
7725,38,2026-04-28 05:57:00,2026-04-28 06:04:00,planned,MEC-02,8103.0
7726,1,2026-03-01 17:51:00,2026-03-01 18:32:00,unplanned,CAL-01,1073.0
7727,50,2026-01-18 01:41:00,2026-01-18 02:22:00,unplanned,CAL-01,
7728,25,2026-06-29 18:15:00,2026-06-29 19:28:00,planned,ELEC-01,1744.0
7729,33,2026-01-17 18:45:00,2026-01-17 20:45:00,planned,ELEC-01,7167.0
7730,50,2026-06-20 13:42:00,2026-06-20 15:05:00,unplanned,MEC-02,7349.0
7731,35,2026-02-26 12:32:00,2026-02-26 13:59:00,planned,MEC-02,525.0
7732,33,2026-06-03 18:19:00,2026-06-03 18:55:00,planned,MAT-01,
7733,5,2026-06-08 19:56:00,2026-06-08 20:30:00,unplanned,MEC-02,
7734,46,2026-01-07 02:25:00,2026-01-07 03:57:00,planned,ELEC-01,6454.0
7735,37,2026-02-14 13:01:00,2026-02-14 15:10:00,planned,CAL-01,700.0
7736,23,2026-03-10 01:47:00,2026-03-10 03:25:00,planned,CAL-01,8586.0
7737,49,2026-02-12 19:10:00,2026-02-12 21:36:00,planned,MEC-01,2950.0
7738,43,2026-03-04 22:54:00,2026-03-05 01:02:00,planned,MEC-01,4490.0
7739,11,2026-05-29 19:18:00,2026-05-29 22:11:00,planned,MEC-02,1034.0
7740,21,2026-01-15 11:28:00,2026-01-15 12:00:00,unplanned,CAL-01,8977.0
7741,25,2026-05-11 13:43:00,2026-05-11 15:53:00,unplanned,CAL-01,
7742,43,2026-06-27 04:21:00,2026-06-27 06:00:00,unplanned,MEC-01,41.0
7743,47,2026-06-09 06:22:00,2026-06-09 07:44:00,unplanned,ELEC-01,4433.0
7744,47,2026-02-02 00:12:00,2026-02-02 02:07:00,unplanned,CAL-01,1440.0
7745,41,2026-03-22 13:42:00,2026-03-22 15:41:00,planned,MEC-01,
7746,8,2026-05-30 13:43:00,2026-05-30 15:09:00,unplanned,CAL-01,9050.0
7747,50,2026-03-15 16:04:00,2026-03-15 18:42:00,unplanned,MAT-01,251.0
7748,23,2026-04-27 15:26:00,2026-04-27 17:23:00,planned,CAL-01,8096.0
7749,20,2026-06-21 01:23:00,2026-06-21 04:07:00,planned,MAT-01,5550.0
7750,30,2026-01-08 09:10:00,2026-01-08 12:07:00,unplanned,MEC-01,
7751,15,2026-04-07 11:34:00,2026-04-07 14:29:00,unplanned,ELEC-01,
7752,47,2026-05-01 04:20:00,2026-05-01 06:18:00,planned,MEC-02,7908.0
7753,12,2026-04-06 19:05:00,2026-04-06 21:28:00,unplanned,ELEC-01,8758.0
7754,45,2026-06-23 05:45:00,2026-06-23 08:11:00,planned,MAT-01,1172.0
7755,35,2026-03-20 04:40:00,2026-03-20 06:17:00,planned,MEC-01,8900.0
7756,49,2026-03-21 18:22:00,2026-03-21 18:46:00,planned,MEC-01,540.0
7757,36,2026-06-12 20:08:00,2026-06-12 21:13:00,unplanned,MAT-01,5896.0
7758,6,2026-01-12 01:47:00,2026-01-12 02:26:00,unplanned,MAT-01,
7759,46,2026-04-11 14:16:00,2026-04-11 16:59:00,planned,MEC-02,
7760,50,2026-03-19 15:28:00,2026-03-19 16:12:00,unplanned,MEC-01,8421.0
7761,3,2026-06-28 05:40:00,2026-06-28 07:17:00,planned,MAT-01,6499.0
7762,6,2026-02-28 07:11:00,2026-02-28 10:03:00,unplanned,MEC-02,8437.0
7763,33,2026-04-04 07:21:00,2026-04-04 09:44:00,unplanned,CAL-01,192.0
7764,15,2026-06-09 23:49:00,2026-06-10 00:42:00,unplanned,MAT-01,
7765,17,2026-05-04 03:54:00,2026-05-04 04:06:00,planned,MEC-01,
7766,34,2026-05-20 16:16:00,2026-05-20 17:56:00,unplanned,ELEC-01,
7767,48,2026-05-05 05:09:00,2026-05-05 06:55:00,planned,MEC-02,
7768,5,2026-02-03 11:53:00,2026-02-03 12:56:00,unplanned,MEC-01,
7769,17,2026-01-03 07:53:00,2026-01-03 08:06:00,unplanned,MEC-02,1394.0
7770,23,2026-01-16 15:02:00,2026-01-16 17:33:00,planned,CAL-01,7854.0
7771,41,2026-05-02 01:30:00,2026-05-02 02:40:00,unplanned,MAT-01,2201.0
7772,16,2026-06-22 10:05:00,2026-06-22 12:58:00,unplanned,MEC-01,6976.0
7773,2,2026-06-05 23:07:00,2026-06-06 00:04:00,planned,CAL-01,
7774,11,2026-06-28 23:41:00,2026-06-29 01:21:00,planned,MEC-02,2558.0
7775,50,2026-02-11 04:19:00,2026-02-11 07:11:00,planned,MAT-01,5957.0
7776,43,2026-04-02 20:51:00,2026-04-02 21:37:00,unplanned,MEC-01,2043.0
7777,41,2026-02-05 01:13:00,2026-02-05 01:29:00,unplanned,CAL-01,6393.0
7778,7,2026-03-26 14:47:00,2026-03-26 15:28:00,unplanned,ELEC-01,5497.0
7779,49,2026-03-31 07:26:00,2026-03-31 08:16:00,planned,CAL-01,
7780,49,2026-03-14 06:06:00,2026-03-14 07:20:00,planned,MEC-02,3176.0
7781,1,2026-04-14 09:35:00,2026-04-14 12:26:00,planned,MEC-02,4005.0
7782,45,2026-05-13 19:05:00,2026-05-13 20:59:00,planned,MAT-01,3205.0
7783,5,2026-05-20 23:30:00,2026-05-21 01:55:00,unplanned,MEC-02,685.0
7784,8,2026-06-10 07:10:00,2026-06-10 08:16:00,planned,ELEC-01,
7785,5,2026-06-04 10:58:00,2026-06-04 13:20:00,planned,ELEC-01,
7786,47,2026-03-14 21:20:00,2026-03-14 22:58:00,planned,MEC-02,6700.0
7787,16,2026-05-16 19:12:00,2026-05-16 19:55:00,planned,ELEC-01,4129.0
7788,2,2026-06-12 05:24:00,2026-06-12 05:42:00,planned,MAT-01,446.0
7789,38,2026-06-19 03:44:00,2026-06-19 03:57:00,unplanned,ELEC-01,9862.0
7790,4,2026-05-07 17:28:00,2026-05-07 17:52:00,planned,ELEC-01,650.0
7791,14,2026-03-20 05:50:00,2026-03-20 06:50:00,planned,CAL-01,5230.0
7792,27,2026-04-22 08:03:00,2026-04-22 09:16:00,planned,MAT-01,
7793,6,2026-06-28 16:52:00,2026-06-28 19:43:00,unplanned,MAT-01,7775.0
7794,14,2026-01-27 13:23:00,2026-01-27 15:07:00,unplanned,MEC-02,2607.0
7795,6,2026-03-21 08:20:00,2026-03-21 08:38:00,unplanned,ELEC-01,7464.0
7796,49,2026-05-01 16:30:00,2026-05-01 19:08:00,unplanned,MEC-02,6265.0
7797,29,2026-01-25 18:16:00,2026-01-25 19:47:00,unplanned,MEC-01,4771.0
7798,21,2026-04-20 08:58:00,2026-04-20 10:44:00,unplanned,ELEC-01,873.0
7799,41,2026-01-03 16:29:00,2026-01-03 17:50:00,unplanned,ELEC-01,4318.0
7800,45,2026-01-31 19:07:00,2026-01-31 21:58:00,planned,MEC-02,2904.0
7801,15,2026-03-17 05:30:00,2026-03-17 06:21:00,unplanned,MEC-02,
7802,39,2026-06-20 23:20:00,2026-06-21 01:44:00,unplanned,CAL-01,
7803,33,2026-01-15 15:50:00,2026-01-15 18:06:00,unplanned,MEC-02,1658.0
7804,11,2026-03-28 21:29:00,2026-03-29 00:13:00,planned,CAL-01,7967.0
7805,27,2026-01-19 10:46:00,2026-01-19 11:26:00,planned,MAT-01,1789.0
7806,33,2026-05-19 03:37:00,2026-05-19 04:02:00,planned,MAT-01,1087.0
7807,44,2026-04-02 03:46:00,2026-04-02 06:03:00,unplanned,MAT-01,7908.0
7808,32,2026-03-03 13:53:00,2026-03-03 14:20:00,unplanned,MEC-02,
7809,15,2026-03-20 01:34:00,2026-03-20 03:45:00,unplanned,MEC-01,3444.0
7810,29,2026-06-23 17:58:00,2026-06-23 20:17:00,planned,ELEC-01,4671.0
7811,3,2026-02-08 12:55:00,2026-02-08 14:57:00,planned,MAT-01,9124.0
7812,9,2026-02-13 03:10:00,2026-02-13 05:17:00,planned,MEC-02,
7813,36,2026-01-02 16:41:00,2026-01-02 18:02:00,unplanned,MEC-01,
7814,49,2026-02-23 04:00:00,2026-02-23 04:44:00,unplanned,CAL-01,
7815,3,2026-01-16 21:48:00,2026-01-16 23:03:00,unplanned,MEC-01,738.0
7816,6,2026-04-15 13:43:00,2026-04-15 15:02:00,planned,MEC-02,
7817,12,2026-03-28 13:44:00,2026-03-28 14:26:00,unplanned,CAL-01,8917.0
7818,36,2026-02-08 08:25:00,2026-02-08 10:12:00,planned,CAL-01,9037.0
7819,25,2026-03-17 14:28:00,2026-03-17 16:20:00,unplanned,CAL-01,
7820,27,2026-02-06 09:37:00,2026-02-06 10:16:00,unplanned,ELEC-01,7075.0
7821,38,2026-06-28 07:43:00,2026-06-28 08:30:00,planned,ELEC-01,5724.0
7822,4,2026-05-05 17:20:00,2026-05-05 18:44:00,unplanned,ELEC-01,
7823,37,2026-03-20 16:23:00,2026-03-20 17:13:00,planned,ELEC-01,
7824,12,2026-02-06 06:17:00,2026-02-06 07:17:00,unplanned,CAL-01,
7825,45,2026-06-25 00:44:00,2026-06-25 03:39:00,planned,MEC-02,6987.0
7826,36,2026-05-03 22:19:00,2026-05-04 01:02:00,unplanned,MEC-02,
7827,20,2026-02-26 08:11:00,2026-02-26 10:09:00,planned,MEC-02,
7828,15,2026-06-19 05:05:00,2026-06-19 07:31:00,planned,MEC-01,9930.0
7829,4,2026-05-10 21:21:00,2026-05-10 23:53:00,planned,MEC-02,5956.0
7830,14,2026-03-05 20:35:00,2026-03-05 21:04:00,planned,MAT-01,1433.0
7831,35,2026-04-17 05:40:00,2026-04-17 08:02:00,planned,MEC-01,7145.0
7832,47,2026-02-18 21:51:00,2026-02-19 00:14:00,unplanned,MEC-02,9680.0
7833,9,2026-02-17 08:36:00,2026-02-17 11:34:00,unplanned,MEC-01,
7834,49,2026-06-22 13:15:00,2026-06-22 14:12:00,unplanned,CAL-01,5140.0
7835,3,2026-05-04 06:07:00,2026-05-04 07:28:00,planned,MEC-01,1390.0
7836,9,2026-01-24 08:41:00,2026-01-24 09:50:00,unplanned,ELEC-01,387.0
7837,42,2026-06-27 13:22:00,2026-06-27 16:02:00,planned,MEC-02,
7838,15,2026-06-09 19:54:00,2026-06-09 21:54:00,unplanned,MEC-02,6584.0
7839,32,2026-03-22 21:53:00,2026-03-23 00:48:00,unplanned,MEC-02,771.0
7840,18,2026-01-11 02:43:00,2026-01-11 04:03:00,planned,CAL-01,
7841,46,2026-04-30 20:49:00,2026-04-30 21:34:00,planned,MAT-01,
7842,42,2026-04-29 08:38:00,2026-04-29 10:04:00,planned,MEC-01,3250.0
7843,42,2026-02-18 12:24:00,2026-02-18 15:12:00,planned,MEC-01,2254.0
7844,12,2026-01-16 13:40:00,2026-01-16 15:16:00,unplanned,MAT-01,8644.0
7845,47,2026-05-16 00:00:00,2026-05-16 02:57:00,planned,MEC-01,527.0
7846,46,2026-03-22 01:37:00,2026-03-22 03:14:00,planned,CAL-01,4709.0
7847,36,2026-05-09 03:16:00,2026-05-09 06:02:00,unplanned,ELEC-01,
7848,4,2026-02-07 21:08:00,2026-02-07 21:29:00,unplanned,MEC-02,
7849,45,2026-01-07 17:01:00,2026-01-07 19:26:00,unplanned,MEC-02,
7850,46,2026-03-06 09:00:00,2026-03-06 11:07:00,unplanned,MAT-01,9012.0
7851,29,2026-05-24 19:28:00,2026-05-24 20:04:00,planned,MAT-01,
7852,47,2026-03-21 22:01:00,2026-03-21 23:35:00,unplanned,MEC-02,1260.0
7853,41,2026-03-03 12:34:00,2026-03-03 14:22:00,planned,MEC-02,7146.0
7854,32,2026-04-21 21:48:00,2026-04-22 00:43:00,planned,MEC-01,7199.0
7855,16,2026-06-09 14:56:00,2026-06-09 17:27:00,unplanned,CAL-01,
7856,37,2026-06-11 05:13:00,2026-06-11 08:11:00,unplanned,ELEC-01,
7857,32,2026-01-09 10:05:00,2026-01-09 10:24:00,unplanned,ELEC-01,
7858,25,2026-04-02 01:34:00,2026-04-02 04:30:00,unplanned,ELEC-01,9994.0
7859,15,2026-02-08 17:17:00,2026-02-08 18:37:00,planned,MEC-01,
7860,42,2026-01-05 02:13:00,2026-01-05 03:04:00,planned,MAT-01,6609.0
7861,7,2026-03-31 19:35:00,2026-03-31 19:47:00,unplanned,ELEC-01,527.0
7862,30,2026-03-19 20:54:00,2026-03-19 23:23:00,unplanned,MAT-01,1221.0
7863,2,2026-03-28 04:44:00,2026-03-28 05:52:00,unplanned,MEC-01,3793.0
7864,11,2026-04-22 14:11:00,2026-04-22 15:29:00,unplanned,MEC-01,
7865,37,2026-06-13 07:19:00,2026-06-13 07:28:00,unplanned,ELEC-01,5898.0
7866,39,2026-03-25 20:33:00,2026-03-25 21:01:00,unplanned,MEC-01,9454.0
7867,15,2026-02-20 16:05:00,2026-02-20 17:08:00,unplanned,CAL-01,7972.0
7868,28,2026-01-23 18:00:00,2026-01-23 20:10:00,unplanned,MEC-01,5333.0
7869,16,2026-04-27 06:56:00,2026-04-27 09:36:00,planned,MAT-01,959.0
7870,44,2026-05-16 01:14:00,2026-05-16 03:27:00,unplanned,ELEC-01,2697.0
7871,17,2026-06-15 20:46:00,2026-06-15 21:07:00,planned,MEC-01,
7872,46,2026-03-29 20:34:00,2026-03-29 22:15:00,planned,MEC-01,4333.0
7873,48,2026-05-05 15:05:00,2026-05-05 17:42:00,planned,ELEC-01,
7874,49,2026-04-22 10:56:00,2026-04-22 12:43:00,planned,MAT-01,1507.0
7875,22,2026-04-13 02:52:00,2026-04-13 04:00:00,planned,MEC-02,175.0
7876,35,2026-02-10 15:46:00,2026-02-10 16:59:00,planned,MEC-02,
7877,9,2026-03-16 23:47:00,2026-03-17 02:15:00,planned,MEC-01,
7878,40,2026-04-17 09:01:00,2026-04-17 10:03:00,planned,CAL-01,7369.0
7879,15,2026-05-15 10:03:00,2026-05-15 10:30:00,planned,MEC-01,
7880,34,2026-05-17 13:45:00,2026-05-17 14:06:00,planned,ELEC-01,
7881,27,2026-06-27 20:03:00,2026-06-27 21:29:00,planned,MEC-02,
7882,5,2026-05-01 04:25:00,2026-05-01 04:34:00,unplanned,MEC-01,2748.0
7883,12,2026-06-26 06:59:00,2026-06-26 08:05:00,unplanned,ELEC-01,
7884,33,2026-06-20 06:44:00,2026-06-20 07:22:00,planned,ELEC-01,6323.0
7885,29,2026-04-25 03:04:00,2026-04-25 05:05:00,unplanned,MEC-01,1136.0
7886,38,2026-02-23 14:37:00,2026-02-23 17:07:00,planned,MEC-02,2727.0
7887,13,2026-02-04 10:46:00,2026-02-04 13:36:00,unplanned,MAT-01,
7888,11,2026-01-12 05:20:00,2026-01-12 06:54:00,planned,MAT-01,3709.0
7889,21,2026-05-13 16:14:00,2026-05-13 16:20:00,planned,ELEC-01,9349.0
7890,46,2026-05-10 23:45:00,2026-05-11 00:20:00,planned,MAT-01,
7891,13,2026-06-14 12:14:00,2026-06-14 13:55:00,planned,MAT-01,
7892,38,2026-02-04 09:00:00,2026-02-04 11:13:00,unplanned,MEC-02,623.0
7893,16,2026-04-17 01:14:00,2026-04-17 03:00:00,unplanned,MAT-01,3647.0
7894,12,2026-01-13 21:37:00,2026-01-13 22:42:00,unplanned,MEC-01,2165.0
7895,38,2026-06-11 13:35:00,2026-06-11 15:39:00,unplanned,ELEC-01,2609.0
7896,21,2026-02-24 19:32:00,2026-02-24 20:54:00,planned,MAT-01,
7897,35,2026-03-26 04:54:00,2026-03-26 05:53:00,unplanned,MEC-02,7757.0
7898,40,2026-05-20 02:47:00,2026-05-20 05:28:00,planned,ELEC-01,4348.0
7899,17,2026-04-30 08:01:00,2026-04-30 10:15:00,planned,CAL-01,5910.0
7900,29,2026-04-28 14:03:00,2026-04-28 16:57:00,unplanned,MEC-02,2974.0
7901,34,2026-03-30 23:23:00,2026-03-31 01:02:00,unplanned,MEC-02,2294.0
7902,35,2026-06-17 09:19:00,2026-06-17 10:45:00,planned,MAT-01,4608.0
7903,37,2026-06-29 14:55:00,2026-06-29 16:02:00,planned,CAL-01,
7904,36,2026-01-18 21:54:00,2026-01-19 00:32:00,unplanned,ELEC-01,3416.0
7905,47,2026-01-08 20:23:00,2026-01-08 22:35:00,planned,MEC-02,7995.0
7906,42,2026-01-14 13:12:00,2026-01-14 13:59:00,unplanned,ELEC-01,1124.0
7907,32,2026-02-12 11:23:00,2026-02-12 14:21:00,planned,MEC-02,9502.0
7908,1,2026-02-20 02:49:00,2026-02-20 03:21:00,unplanned,MEC-02,7824.0
7909,40,2026-04-06 04:07:00,2026-04-06 06:35:00,unplanned,MEC-02,
7910,29,2026-06-14 00:33:00,2026-06-14 01:10:00,unplanned,CAL-01,6106.0
7911,8,2026-06-03 03:58:00,2026-06-03 05:20:00,planned,MEC-01,64.0
7912,48,2026-06-08 20:09:00,2026-06-08 22:01:00,unplanned,CAL-01,9983.0
7913,18,2026-05-30 11:15:00,2026-05-30 13:56:00,unplanned,ELEC-01,
7914,27,2026-05-27 08:46:00,2026-05-27 10:09:00,planned,MAT-01,2458.0
7915,27,2026-02-02 11:02:00,2026-02-02 11:37:00,planned,MEC-01,
7916,23,2026-04-29 02:32:00,2026-04-29 03:08:00,unplanned,ELEC-01,693.0
7917,8,2026-04-10 15:18:00,2026-04-10 16:24:00,planned,MEC-02,
7918,34,2026-04-21 02:53:00,2026-04-21 05:34:00,planned,ELEC-01,5557.0
7919,38,2026-03-27 03:14:00,2026-03-27 05:04:00,planned,CAL-01,8874.0
7920,25,2026-04-09 09:47:00,2026-04-09 10:49:00,planned,MEC-01,1780.0
7921,25,2026-04-23 20:32:00,2026-04-23 22:46:00,planned,ELEC-01,8483.0
7922,33,2026-06-07 12:56:00,2026-06-07 13:31:00,planned,ELEC-01,
7923,35,2026-02-11 08:47:00,2026-02-11 09:38:00,unplanned,MEC-02,
7924,38,2026-02-26 14:38:00,2026-02-26 17:09:00,unplanned,ELEC-01,
7925,43,2026-06-18 06:08:00,2026-06-18 08:46:00,planned,MEC-02,9548.0
7926,33,2026-05-03 05:01:00,2026-05-03 06:49:00,planned,MEC-01,7033.0
7927,2,2026-05-15 06:49:00,2026-05-15 07:07:00,planned,MEC-02,8699.0
7928,19,2026-03-16 07:43:00,2026-03-16 08:16:00,planned,MEC-01,2369.0
7929,11,2026-03-15 08:15:00,2026-03-15 08:24:00,unplanned,MEC-02,5891.0
7930,28,2026-06-23 04:16:00,2026-06-23 05:48:00,unplanned,CAL-01,
7931,19,2026-06-20 10:50:00,2026-06-20 11:25:00,planned,MEC-01,3524.0
7932,32,2026-03-12 14:24:00,2026-03-12 15:56:00,planned,MEC-01,4139.0
7933,49,2026-01-07 08:01:00,2026-01-07 10:37:00,planned,MAT-01,9996.0
7934,5,2026-06-14 01:18:00,2026-06-14 03:02:00,unplanned,MEC-01,5013.0
7935,5,2026-01-09 05:56:00,2026-01-09 06:15:00,planned,ELEC-01,3643.0
7936,7,2026-06-04 01:40:00,2026-06-04 03:45:00,planned,MEC-01,
7937,43,2026-05-13 10:35:00,2026-05-13 12:36:00,planned,CAL-01,9343.0
7938,34,2026-03-18 22:12:00,2026-03-18 23:58:00,unplanned,MAT-01,
7939,15,2026-03-15 04:18:00,2026-03-15 06:47:00,unplanned,CAL-01,
7940,11,2026-06-02 09:53:00,2026-06-02 12:35:00,planned,MAT-01,9727.0
7941,38,2026-05-30 04:40:00,2026-05-30 06:05:00,unplanned,MEC-01,
7942,46,2026-03-20 13:40:00,2026-03-20 14:10:00,unplanned,MAT-01,165.0
7943,32,2026-04-26 22:37:00,2026-04-26 23:51:00,planned,MEC-02,3471.0
7944,49,2026-04-18 03:14:00,2026-04-18 05:09:00,planned,MEC-02,8713.0
7945,26,2026-05-06 22:46:00,2026-05-06 23:06:00,planned,CAL-01,7671.0
7946,12,2026-04-08 16:04:00,2026-04-08 17:16:00,unplanned,MEC-01,1604.0
7947,48,2026-03-18 13:04:00,2026-03-18 15:55:00,planned,CAL-01,4342.0
7948,27,2026-04-14 04:48:00,2026-04-14 05:23:00,unplanned,MEC-01,3311.0
7949,42,2026-04-25 09:11:00,2026-04-25 09:44:00,unplanned,MEC-02,1072.0
7950,21,2026-03-15 19:46:00,2026-03-15 20:43:00,unplanned,CAL-01,9365.0
7951,12,2026-04-09 13:06:00,2026-04-09 16:06:00,unplanned,MAT-01,4792.0
7952,6,2026-03-31 23:44:00,2026-04-01 01:33:00,unplanned,ELEC-01,9679.0
7953,3,2026-06-15 04:22:00,2026-06-15 06:24:00,planned,ELEC-01,8249.0
7954,46,2026-02-09 00:39:00,2026-02-09 01:34:00,planned,CAL-01,664.0
7955,6,2026-05-21 20:52:00,2026-05-21 23:32:00,planned,MEC-02,6758.0
7956,30,2026-03-01 20:02:00,2026-03-01 22:56:00,unplanned,ELEC-01,8468.0
7957,36,2026-03-04 09:19:00,2026-03-04 12:06:00,planned,MEC-01,8989.0
7958,30,2026-02-09 11:52:00,2026-02-09 13:00:00,unplanned,MEC-02,4619.0
7959,5,2026-03-14 13:37:00,2026-03-14 15:09:00,unplanned,MEC-02,2575.0
7960,33,2026-02-01 14:49:00,2026-02-01 15:13:00,planned,MAT-01,9048.0
7961,12,2026-06-18 20:50:00,2026-06-18 23:26:00,planned,MEC-02,6273.0
7962,36,2026-03-25 02:55:00,2026-03-25 05:42:00,planned,CAL-01,1970.0
7963,28,2026-06-26 23:58:00,2026-06-27 02:37:00,planned,MAT-01,268.0
7964,28,2026-01-12 16:29:00,2026-01-12 19:29:00,planned,ELEC-01,9341.0
7965,1,2026-06-04 15:21:00,2026-06-04 16:43:00,planned,MEC-02,9243.0
7966,35,2026-06-03 05:27:00,2026-06-03 08:05:00,planned,MEC-02,5621.0
7967,11,2026-02-27 03:44:00,2026-02-27 06:31:00,planned,ELEC-01,
7968,44,2026-05-26 16:16:00,2026-05-26 18:09:00,planned,MAT-01,3887.0
7969,15,2026-02-08 13:03:00,2026-02-08 16:03:00,unplanned,CAL-01,
7970,43,2026-06-10 06:43:00,2026-06-10 07:38:00,unplanned,CAL-01,
7971,21,2026-05-05 23:44:00,2026-05-06 01:31:00,unplanned,MAT-01,
7972,33,2026-05-19 12:39:00,2026-05-19 15:23:00,planned,CAL-01,5630.0
7973,34,2026-04-13 20:21:00,2026-04-13 21:04:00,planned,MEC-01,
7974,3,2026-05-19 19:19:00,2026-05-19 19:27:00,unplanned,ELEC-01,
7975,11,2026-02-17 11:10:00,2026-02-17 13:33:00,unplanned,CAL-01,1316.0
7976,38,2026-03-08 18:17:00,2026-03-08 18:29:00,unplanned,MAT-01,8049.0
7977,47,2026-02-15 15:28:00,2026-02-15 16:16:00,unplanned,MEC-02,
7978,29,2026-06-24 13:01:00,2026-06-24 14:10:00,planned,MEC-01,
7979,42,2026-05-25 11:03:00,2026-05-25 11:12:00,unplanned,MEC-02,7803.0
7980,30,2026-01-14 07:16:00,2026-01-14 07:43:00,planned,MEC-02,6479.0
7981,34,2026-02-17 15:47:00,2026-02-17 18:18:00,planned,CAL-01,2188.0
7982,41,2026-05-05 10:03:00,2026-05-05 12:38:00,planned,MEC-02,3234.0
7983,11,2026-03-21 10:19:00,2026-03-21 11:57:00,unplanned,ELEC-01,9481.0
7984,23,2026-04-06 00:57:00,2026-04-06 03:49:00,planned,ELEC-01,3408.0
7985,25,2026-03-19 13:34:00,2026-03-19 14:30:00,planned,MEC-02,
7986,35,2026-04-04 09:27:00,2026-04-04 12:27:00,unplanned,MAT-01,
7987,15,2026-02-16 20:35:00,2026-02-16 20:44:00,planned,MAT-01,2997.0
7988,30,2026-02-24 14:15:00,2026-02-24 14:30:00,unplanned,ELEC-01,5418.0
7989,27,2026-05-19 21:43:00,2026-05-19 22:31:00,planned,MAT-01,
7990,35,2026-05-16 13:07:00,2026-05-16 15:12:00,planned,MAT-01,
7991,34,2026-03-30 04:25:00,2026-03-30 07:25:00,planned,ELEC-01,6231.0
7992,29,2026-04-30 04:17:00,2026-04-30 05:41:00,planned,CAL-01,1321.0
7993,36,2026-06-23 15:44:00,2026-06-23 17:43:00,planned,ELEC-01,1575.0
7994,26,2026-02-11 15:58:00,2026-02-11 18:39:00,unplanned,MEC-01,
7995,21,2026-03-15 17:24:00,2026-03-15 19:43:00,planned,MEC-01,
7996,14,2026-02-19 23:32:00,2026-02-20 00:05:00,planned,MEC-01,5924.0
7997,28,2026-02-10 15:05:00,2026-02-10 16:24:00,unplanned,MEC-02,
7998,14,2026-01-28 22:12:00,2026-01-29 00:21:00,planned,MEC-02,
7999,47,2026-05-05 12:53:00,2026-05-05 14:31:00,unplanned,ELEC-01,1072.0
8000,50,2026-01-12 19:46:00,2026-01-12 21:44:00,planned,MAT-01,9711.0
8001,42,2026-06-17 06:15:00,2026-06-17 07:39:00,planned,CAL-01,
8002,19,2026-04-23 04:56:00,2026-04-23 06:27:00,planned,MEC-01,
8003,4,2026-02-12 13:06:00,2026-02-12 15:29:00,planned,ELEC-01,9781.0
8004,48,2026-03-08 12:45:00,2026-03-08 13:43:00,planned,MEC-02,7109.0
8005,39,2026-05-26 06:09:00,2026-05-26 08:14:00,unplanned,MEC-01,8927.0
8006,10,2026-06-14 04:07:00,2026-06-14 04:16:00,unplanned,MEC-01,6026.0
8007,26,2026-01-02 05:33:00,2026-01-02 08:05:00,unplanned,MAT-01,3162.0
8008,26,2026-04-11 13:35:00,2026-04-11 14:41:00,planned,MAT-01,7650.0
8009,24,2026-05-14 22:35:00,2026-05-14 22:57:00,unplanned,ELEC-01,5057.0
8010,22,2026-04-02 06:00:00,2026-04-02 06:18:00,planned,MEC-01,1199.0
8011,37,2026-06-15 05:46:00,2026-06-15 06:14:00,planned,MEC-01,2632.0
8012,3,2026-06-27 02:17:00,2026-06-27 02:46:00,unplanned,ELEC-01,5455.0
8013,46,2026-06-25 05:38:00,2026-06-25 08:15:00,planned,MAT-01,8199.0
8014,12,2026-03-17 13:58:00,2026-03-17 16:41:00,planned,MAT-01,552.0
8015,48,2026-01-20 23:50:00,2026-01-21 02:03:00,planned,CAL-01,165.0
8016,45,2026-06-05 08:57:00,2026-06-05 09:09:00,planned,CAL-01,942.0
8017,5,2026-02-25 19:29:00,2026-02-25 20:25:00,unplanned,ELEC-01,3208.0
8018,35,2026-01-06 04:33:00,2026-01-06 07:26:00,unplanned,MEC-01,9071.0
8019,13,2026-01-20 07:57:00,2026-01-20 10:54:00,planned,MEC-01,6463.0
8020,5,2026-04-28 11:49:00,2026-04-28 12:33:00,unplanned,CAL-01,8213.0
8021,11,2026-05-03 19:58:00,2026-05-03 20:54:00,unplanned,MEC-02,9602.0
8022,34,2026-01-29 17:15:00,2026-01-29 18:38:00,unplanned,MEC-02,2053.0
8023,32,2026-06-12 15:28:00,2026-06-12 18:20:00,unplanned,MAT-01,8071.0
8024,3,2026-05-02 11:48:00,2026-05-02 13:06:00,unplanned,MEC-02,2335.0
8025,13,2026-01-13 20:25:00,2026-01-13 21:00:00,planned,MEC-01,8360.0
8026,18,2026-03-01 06:08:00,2026-03-01 06:46:00,planned,MEC-02,2289.0
8027,15,2026-06-16 20:40:00,2026-06-16 21:22:00,unplanned,CAL-01,4416.0
8028,18,2026-03-02 15:15:00,2026-03-02 15:55:00,planned,MEC-02,5202.0
8029,21,2026-01-15 00:20:00,2026-01-15 00:27:00,unplanned,CAL-01,5378.0
8030,4,2026-01-02 23:17:00,2026-01-03 01:13:00,planned,MEC-02,6097.0
8031,21,2026-06-05 17:50:00,2026-06-05 19:13:00,unplanned,MEC-01,
8032,50,2026-06-13 12:45:00,2026-06-13 12:56:00,unplanned,ELEC-01,
8033,32,2026-05-04 19:55:00,2026-05-04 21:18:00,planned,ELEC-01,8685.0
8034,13,2026-06-08 18:57:00,2026-06-08 19:27:00,unplanned,CAL-01,
8035,46,2026-03-03 21:08:00,2026-03-03 22:06:00,unplanned,MEC-02,6344.0
8036,24,2026-03-14 11:19:00,2026-03-14 13:34:00,unplanned,CAL-01,8929.0
8037,25,2026-05-29 21:46:00,2026-05-30 00:15:00,planned,MAT-01,9197.0
8038,3,2026-03-15 13:54:00,2026-03-15 16:35:00,planned,MEC-01,4541.0
8039,22,2026-01-02 13:25:00,2026-01-02 16:16:00,unplanned,CAL-01,
8040,26,2026-02-25 02:04:00,2026-02-25 03:02:00,planned,MEC-01,1245.0
8041,13,2026-02-23 01:41:00,2026-02-23 03:17:00,unplanned,ELEC-01,9007.0
8042,5,2026-05-16 02:54:00,2026-05-16 05:37:00,planned,ELEC-01,3411.0
8043,13,2026-04-07 19:55:00,2026-04-07 22:13:00,planned,MAT-01,887.0
8044,30,2026-06-07 22:28:00,2026-06-07 23:57:00,planned,CAL-01,4000.0
8045,32,2026-06-10 07:32:00,2026-06-10 09:49:00,unplanned,MEC-01,617.0
8046,38,2026-06-07 13:04:00,2026-06-07 14:33:00,planned,MEC-02,7628.0
8047,27,2026-01-07 00:12:00,2026-01-07 01:53:00,unplanned,CAL-01,
8048,15,2026-06-19 19:29:00,2026-06-19 20:02:00,unplanned,MEC-01,4725.0
8049,30,2026-05-15 11:56:00,2026-05-15 14:06:00,planned,CAL-01,
8050,7,2026-05-10 18:39:00,2026-05-10 21:27:00,unplanned,ELEC-01,7710.0
8051,17,2026-01-21 15:32:00,2026-01-21 18:14:00,planned,MEC-01,9027.0
8052,14,2026-06-18 00:08:00,2026-06-18 00:43:00,unplanned,MEC-01,9056.0
8053,27,2026-03-25 16:01:00,2026-03-25 16:38:00,unplanned,ELEC-01,8521.0
8054,13,2026-01-14 07:23:00,2026-01-14 09:58:00,unplanned,CAL-01,7421.0
8055,3,2026-01-10 13:04:00,2026-01-10 13:37:00,unplanned,ELEC-01,841.0
8056,9,2026-02-18 13:01:00,2026-02-18 14:30:00,unplanned,MEC-02,
8057,19,2026-06-20 22:52:00,2026-06-20 23:14:00,unplanned,CAL-01,4672.0
8058,1,2026-03-24 02:29:00,2026-03-24 03:45:00,unplanned,MEC-01,3388.0
8059,3,2026-01-25 01:55:00,2026-01-25 02:14:00,planned,MEC-02,
8060,33,2026-05-08 10:16:00,2026-05-08 10:56:00,unplanned,CAL-01,5155.0
8061,27,2026-04-05 19:13:00,2026-04-05 21:11:00,planned,MEC-01,
8062,45,2026-05-13 00:03:00,2026-05-13 02:02:00,unplanned,MAT-01,2365.0
8063,23,2026-06-03 16:57:00,2026-06-03 17:14:00,unplanned,MEC-01,9247.0
8064,28,2026-03-26 19:11:00,2026-03-26 21:28:00,unplanned,MEC-01,6329.0
8065,33,2026-02-21 20:04:00,2026-02-21 20:52:00,unplanned,MEC-01,1339.0
8066,12,2026-03-22 02:46:00,2026-03-22 04:35:00,unplanned,CAL-01,
8067,16,2026-01-07 17:54:00,2026-01-07 19:42:00,planned,MAT-01,2053.0
8068,33,2026-03-26 22:24:00,2026-03-27 01:19:00,planned,ELEC-01,
8069,18,2026-05-12 16:57:00,2026-05-12 18:32:00,unplanned,MEC-02,
8070,22,2026-05-09 05:00:00,2026-05-09 07:17:00,unplanned,ELEC-01,5614.0
8071,19,2026-01-10 20:10:00,2026-01-10 21:36:00,unplanned,MEC-02,
8072,40,2026-03-09 02:01:00,2026-03-09 02:46:00,unplanned,MEC-01,1007.0
8073,29,2026-05-03 13:38:00,2026-05-03 15:14:00,planned,MEC-01,8999.0
8074,22,2026-05-23 20:00:00,2026-05-23 21:22:00,unplanned,MAT-01,2421.0
8075,42,2026-05-11 21:31:00,2026-05-11 23:50:00,planned,MEC-02,
8076,44,2026-05-30 23:25:00,2026-05-31 00:43:00,unplanned,MEC-02,8574.0
8077,14,2026-01-05 15:32:00,2026-01-05 17:54:00,planned,MEC-02,
8078,22,2026-03-29 00:08:00,2026-03-29 00:56:00,planned,MAT-01,1137.0
8079,12,2026-04-02 17:10:00,2026-04-02 18:32:00,unplanned,MAT-01,3332.0
8080,18,2026-05-05 02:05:00,2026-05-05 04:54:00,unplanned,ELEC-01,9869.0
8081,6,2026-01-23 17:49:00,2026-01-23 18:28:00,unplanned,MAT-01,
8082,23,2026-03-18 04:36:00,2026-03-18 06:42:00,unplanned,MEC-02,1110.0
8083,27,2026-06-12 02:12:00,2026-06-12 04:51:00,planned,MAT-01,
8084,20,2026-01-30 21:09:00,2026-01-30 22:08:00,planned,CAL-01,6513.0
8085,17,2026-02-01 09:11:00,2026-02-01 10:04:00,unplanned,MAT-01,6818.0
8086,23,2026-02-19 03:31:00,2026-02-19 04:08:00,planned,MEC-01,3583.0
8087,6,2026-05-30 16:49:00,2026-05-30 18:34:00,planned,ELEC-01,
8088,43,2026-01-05 00:00:00,2026-01-05 02:43:00,planned,MEC-02,59.0
8089,25,2026-01-09 04:11:00,2026-01-09 06:05:00,planned,MAT-01,7368.0
8090,47,2026-02-25 14:37:00,2026-02-25 16:21:00,unplanned,MEC-01,8704.0
8091,5,2026-04-02 02:55:00,2026-04-02 04:17:00,unplanned,MAT-01,
8092,28,2026-06-08 23:50:00,2026-06-09 02:24:00,unplanned,MEC-02,7700.0
8093,30,2026-02-24 19:53:00,2026-02-24 20:54:00,unplanned,CAL-01,4158.0
8094,45,2026-01-22 11:12:00,2026-01-22 13:13:00,planned,MEC-02,992.0
8095,46,2026-06-29 20:47:00,2026-06-29 23:30:00,planned,MEC-01,
8096,44,2026-05-04 22:54:00,2026-05-04 23:17:00,planned,MEC-02,6600.0
8097,6,2026-05-29 06:34:00,2026-05-29 07:20:00,planned,MAT-01,9732.0
8098,43,2026-06-17 18:39:00,2026-06-17 20:10:00,planned,MAT-01,4177.0
8099,22,2026-05-07 12:53:00,2026-05-07 14:00:00,planned,CAL-01,6525.0
8100,19,2026-05-29 02:35:00,2026-05-29 04:32:00,unplanned,ELEC-01,
8101,11,2026-03-23 12:06:00,2026-03-23 12:18:00,unplanned,MAT-01,4068.0
8102,32,2026-03-15 08:11:00,2026-03-15 09:36:00,unplanned,ELEC-01,8181.0
8103,32,2026-04-02 21:08:00,2026-04-02 23:04:00,unplanned,CAL-01,4992.0
8104,45,2026-04-04 14:21:00,2026-04-04 14:30:00,unplanned,MEC-02,6890.0
8105,46,2026-02-26 22:17:00,2026-02-26 23:29:00,planned,MEC-01,9242.0
8106,27,2026-03-02 13:15:00,2026-03-02 14:09:00,planned,CAL-01,
8107,28,2026-02-13 06:28:00,2026-02-13 07:40:00,planned,MEC-01,
8108,3,2026-02-01 14:22:00,2026-02-01 17:15:00,unplanned,MEC-02,7208.0
8109,28,2026-04-08 16:17:00,2026-04-08 19:00:00,unplanned,MEC-01,1965.0
8110,18,2026-06-08 14:18:00,2026-06-08 15:47:00,planned,MEC-01,3820.0
8111,19,2026-03-03 05:47:00,2026-03-03 07:16:00,unplanned,MEC-01,878.0
8112,36,2026-04-27 10:38:00,2026-04-27 11:05:00,planned,MEC-01,5956.0
8113,30,2026-01-05 13:40:00,2026-01-05 14:56:00,unplanned,ELEC-01,
8114,33,2026-06-22 22:29:00,2026-06-22 23:14:00,unplanned,ELEC-01,5510.0
8115,19,2026-06-21 12:36:00,2026-06-21 15:18:00,planned,CAL-01,
8116,44,2026-04-13 08:33:00,2026-04-13 10:48:00,unplanned,MEC-02,9276.0
8117,27,2026-01-15 00:35:00,2026-01-15 02:34:00,unplanned,MEC-02,3649.0
8118,45,2026-06-20 01:33:00,2026-06-20 01:50:00,planned,ELEC-01,
8119,46,2026-02-07 07:19:00,2026-02-07 08:22:00,planned,CAL-01,
8120,14,2026-06-03 12:40:00,2026-06-03 13:30:00,unplanned,MEC-02,2534.0
8121,43,2026-05-05 07:21:00,2026-05-05 08:10:00,planned,ELEC-01,5400.0
8122,6,2026-01-11 02:10:00,2026-01-11 02:19:00,unplanned,MEC-02,
8123,43,2026-02-22 04:01:00,2026-02-22 05:46:00,unplanned,ELEC-01,993.0
8124,37,2026-05-12 17:05:00,2026-05-12 19:47:00,unplanned,MEC-02,6243.0
8125,24,2026-03-14 18:23:00,2026-03-14 19:51:00,unplanned,MAT-01,1003.0
8126,2,2026-06-17 17:37:00,2026-06-17 18:10:00,unplanned,ELEC-01,1905.0
8127,23,2026-01-17 21:54:00,2026-01-17 23:01:00,unplanned,MEC-02,2133.0
8128,28,2026-03-07 10:54:00,2026-03-07 11:14:00,planned,MAT-01,
8129,42,2026-06-02 13:53:00,2026-06-02 15:46:00,unplanned,MAT-01,320.0
8130,13,2026-04-17 00:00:00,2026-04-17 01:28:00,unplanned,MEC-02,4737.0
8131,7,2026-01-18 10:23:00,2026-01-18 12:12:00,unplanned,CAL-01,
8132,38,2026-05-10 18:28:00,2026-05-10 20:46:00,unplanned,MEC-02,
8133,11,2026-04-03 06:09:00,2026-04-03 06:26:00,unplanned,ELEC-01,
8134,50,2026-01-18 07:20:00,2026-01-18 08:10:00,unplanned,MEC-02,7127.0
8135,10,2026-06-07 05:35:00,2026-06-07 07:44:00,unplanned,MEC-02,4782.0
8136,33,2026-03-18 06:44:00,2026-03-18 09:36:00,unplanned,MEC-01,2923.0
8137,38,2026-06-23 00:47:00,2026-06-23 02:44:00,planned,MEC-01,9214.0
8138,21,2026-01-29 04:30:00,2026-01-29 06:42:00,unplanned,MEC-01,3223.0
8139,12,2026-03-21 04:08:00,2026-03-21 06:29:00,planned,MAT-01,8772.0
8140,15,2026-01-22 00:45:00,2026-01-22 02:11:00,planned,CAL-01,
8141,2,2026-01-24 23:14:00,2026-01-24 23:44:00,planned,ELEC-01,
8142,11,2026-03-27 00:51:00,2026-03-27 01:34:00,planned,CAL-01,8771.0
8143,7,2026-06-22 03:11:00,2026-06-22 05:48:00,planned,MAT-01,7187.0
8144,42,2026-05-20 22:46:00,2026-05-20 23:56:00,planned,ELEC-01,
8145,21,2026-02-24 10:07:00,2026-02-24 12:12:00,unplanned,MEC-02,6692.0
8146,43,2026-06-22 22:51:00,2026-06-23 01:07:00,unplanned,MEC-01,6087.0
8147,43,2026-04-12 21:32:00,2026-04-12 23:48:00,unplanned,CAL-01,3934.0
8148,7,2026-01-31 20:25:00,2026-01-31 21:57:00,unplanned,ELEC-01,7736.0
8149,38,2026-02-24 23:34:00,2026-02-25 00:15:00,unplanned,MAT-01,
8150,43,2026-06-23 13:52:00,2026-06-23 16:29:00,unplanned,MAT-01,
8151,12,2026-04-25 13:14:00,2026-04-25 15:55:00,planned,MEC-01,
8152,46,2026-06-16 06:12:00,2026-06-16 07:54:00,unplanned,ELEC-01,8460.0
8153,27,2026-03-24 16:18:00,2026-03-24 18:29:00,unplanned,MEC-02,3826.0
8154,3,2026-02-20 23:56:00,2026-02-21 02:01:00,planned,MEC-02,6036.0
8155,41,2026-05-05 16:42:00,2026-05-05 18:23:00,planned,CAL-01,
8156,43,2026-04-04 15:26:00,2026-04-04 17:33:00,planned,CAL-01,6396.0
8157,18,2026-02-10 10:43:00,2026-02-10 11:05:00,unplanned,MEC-01,
8158,33,2026-03-26 17:54:00,2026-03-26 20:40:00,unplanned,CAL-01,
8159,41,2026-04-25 08:09:00,2026-04-25 10:29:00,unplanned,MEC-02,909.0
8160,31,2026-05-01 09:43:00,2026-05-01 11:54:00,planned,MAT-01,
8161,41,2026-04-17 01:59:00,2026-04-17 04:13:00,planned,ELEC-01,
8162,46,2026-05-11 23:16:00,2026-05-11 23:50:00,unplanned,ELEC-01,
8163,17,2026-06-14 22:25:00,2026-06-14 23:16:00,planned,MAT-01,
8164,19,2026-03-13 07:52:00,2026-03-13 09:53:00,unplanned,MAT-01,1046.0
8165,13,2026-06-26 00:41:00,2026-06-26 03:41:00,planned,MEC-01,
8166,12,2026-04-23 12:27:00,2026-04-23 14:06:00,unplanned,MEC-02,9153.0
8167,1,2026-04-14 09:42:00,2026-04-14 11:17:00,unplanned,MEC-01,4096.0
8168,50,2026-05-11 14:15:00,2026-05-11 15:15:00,unplanned,CAL-01,9961.0
8169,11,2026-04-27 00:32:00,2026-04-27 02:44:00,unplanned,MEC-01,
8170,6,2026-02-17 04:28:00,2026-02-17 06:54:00,unplanned,CAL-01,
8171,37,2026-01-30 00:07:00,2026-01-30 01:15:00,unplanned,MAT-01,8466.0
8172,45,2026-03-18 11:49:00,2026-03-18 12:34:00,planned,ELEC-01,5062.0
8173,26,2026-04-05 10:02:00,2026-04-05 10:54:00,unplanned,MAT-01,
8174,35,2026-06-13 09:01:00,2026-06-13 11:20:00,planned,MAT-01,
8175,19,2026-05-27 17:04:00,2026-05-27 17:19:00,planned,MAT-01,6402.0
8176,19,2026-05-08 07:45:00,2026-05-08 08:04:00,planned,MEC-01,3894.0
8177,19,2026-04-09 09:29:00,2026-04-09 10:26:00,unplanned,ELEC-01,5261.0
8178,34,2026-05-27 23:35:00,2026-05-28 02:21:00,unplanned,MAT-01,
8179,35,2026-05-23 11:39:00,2026-05-23 13:33:00,unplanned,CAL-01,4075.0
8180,8,2026-04-29 07:07:00,2026-04-29 09:47:00,planned,MEC-02,6322.0
8181,47,2026-04-22 21:11:00,2026-04-22 21:23:00,unplanned,MAT-01,
8182,49,2026-05-17 01:56:00,2026-05-17 04:24:00,planned,CAL-01,1376.0
8183,49,2026-05-05 06:44:00,2026-05-05 07:45:00,planned,MEC-02,723.0
8184,44,2026-04-25 17:59:00,2026-04-25 18:04:00,planned,MAT-01,5642.0
8185,16,2026-04-20 00:45:00,2026-04-20 03:38:00,unplanned,CAL-01,
8186,18,2026-04-19 14:11:00,2026-04-19 15:03:00,planned,CAL-01,5785.0
8187,40,2026-04-13 08:49:00,2026-04-13 11:40:00,unplanned,MAT-01,9858.0
8188,32,2026-03-28 02:26:00,2026-03-28 03:14:00,planned,MAT-01,214.0
8189,42,2026-05-04 18:51:00,2026-05-04 19:19:00,planned,MAT-01,6509.0
8190,47,2026-05-23 12:52:00,2026-05-23 13:26:00,unplanned,MEC-02,4473.0
8191,23,2026-03-25 19:58:00,2026-03-25 21:41:00,planned,MEC-02,3966.0
8192,5,2026-02-17 00:22:00,2026-02-17 02:05:00,unplanned,ELEC-01,
8193,49,2026-02-20 00:56:00,2026-02-20 03:10:00,unplanned,CAL-01,
8194,20,2026-04-30 09:55:00,2026-04-30 11:19:00,unplanned,MEC-01,5507.0
8195,25,2026-03-18 07:39:00,2026-03-18 09:31:00,unplanned,MAT-01,1006.0
8196,10,2026-02-16 16:35:00,2026-02-16 17:53:00,planned,CAL-01,7349.0
8197,13,2026-04-01 07:43:00,2026-04-01 10:26:00,planned,CAL-01,5874.0
8198,19,2026-05-08 13:05:00,2026-05-08 14:58:00,unplanned,MAT-01,7994.0
8199,29,2026-06-15 22:49:00,2026-06-16 01:30:00,planned,ELEC-01,755.0
8200,4,2026-06-28 14:38:00,2026-06-28 17:37:00,planned,ELEC-01,
8201,16,2026-04-01 10:02:00,2026-04-01 12:12:00,planned,MEC-01,5417.0
8202,43,2026-05-13 18:21:00,2026-05-13 19:01:00,unplanned,MAT-01,
8203,33,2026-02-05 22:37:00,2026-02-06 00:34:00,unplanned,MAT-01,3017.0
8204,20,2026-03-18 03:23:00,2026-03-18 06:09:00,unplanned,ELEC-01,
8205,40,2026-04-06 06:39:00,2026-04-06 09:05:00,unplanned,CAL-01,1508.0
8206,48,2026-06-05 14:14:00,2026-06-05 15:07:00,unplanned,CAL-01,9093.0
8207,14,2026-01-03 03:35:00,2026-01-03 05:31:00,unplanned,ELEC-01,8012.0
8208,42,2026-05-19 03:52:00,2026-05-19 05:34:00,unplanned,MAT-01,5110.0
8209,17,2026-02-21 08:16:00,2026-02-21 09:35:00,unplanned,ELEC-01,2169.0
8210,24,2026-03-11 07:02:00,2026-03-11 08:48:00,unplanned,MAT-01,2632.0
8211,42,2026-02-08 06:45:00,2026-02-08 08:18:00,unplanned,ELEC-01,8610.0
8212,47,2026-04-11 23:11:00,2026-04-12 01:20:00,planned,MAT-01,
8213,50,2026-06-17 14:08:00,2026-06-17 16:44:00,planned,MAT-01,2386.0
8214,9,2026-03-12 06:36:00,2026-03-12 08:51:00,unplanned,ELEC-01,5345.0
8215,2,2026-05-03 16:21:00,2026-05-03 18:57:00,unplanned,MEC-02,1345.0
8216,10,2026-01-17 00:22:00,2026-01-17 00:46:00,unplanned,CAL-01,8435.0
8217,33,2026-02-28 09:33:00,2026-02-28 11:51:00,unplanned,CAL-01,41.0
8218,21,2026-05-17 02:35:00,2026-05-17 04:18:00,planned,ELEC-01,
8219,14,2026-03-17 21:06:00,2026-03-17 22:46:00,unplanned,MEC-02,4896.0
8220,3,2026-06-04 03:32:00,2026-06-04 06:19:00,planned,CAL-01,6224.0
8221,23,2026-03-12 16:32:00,2026-03-12 18:37:00,unplanned,CAL-01,5072.0
8222,36,2026-06-23 19:30:00,2026-06-23 20:58:00,planned,CAL-01,9981.0
8223,2,2026-03-14 19:37:00,2026-03-14 20:09:00,planned,ELEC-01,1727.0
8224,38,2026-03-21 13:30:00,2026-03-21 16:30:00,unplanned,MEC-01,
8225,16,2026-02-03 11:21:00,2026-02-03 12:31:00,unplanned,ELEC-01,1840.0
8226,26,2026-04-23 15:45:00,2026-04-23 17:55:00,planned,ELEC-01,6475.0
8227,28,2026-02-05 18:21:00,2026-02-05 18:31:00,unplanned,MEC-01,
8228,34,2026-05-02 21:45:00,2026-05-02 23:43:00,unplanned,MAT-01,5326.0
8229,27,2026-01-30 14:21:00,2026-01-30 14:30:00,unplanned,ELEC-01,2159.0
8230,30,2026-03-13 11:52:00,2026-03-13 12:58:00,planned,MAT-01,9959.0
8231,10,2026-02-19 08:40:00,2026-02-19 09:58:00,planned,MAT-01,663.0
8232,29,2026-04-16 14:32:00,2026-04-16 16:35:00,planned,ELEC-01,3419.0
8233,49,2026-01-18 08:11:00,2026-01-18 08:22:00,planned,ELEC-01,8159.0
8234,42,2026-01-18 07:53:00,2026-01-18 10:43:00,planned,MAT-01,1993.0
8235,48,2026-04-27 10:57:00,2026-04-27 13:02:00,unplanned,ELEC-01,2933.0
8236,43,2026-06-02 23:11:00,2026-06-03 00:38:00,planned,MAT-01,4403.0
8237,1,2026-01-07 16:53:00,2026-01-07 17:17:00,unplanned,MEC-01,8583.0
8238,6,2026-01-24 13:38:00,2026-01-24 15:37:00,unplanned,MEC-01,
8239,30,2026-03-05 08:14:00,2026-03-05 09:48:00,planned,CAL-01,7985.0
8240,5,2026-06-17 08:24:00,2026-06-17 10:58:00,unplanned,MEC-02,
8241,28,2026-03-21 08:03:00,2026-03-21 08:53:00,planned,MEC-01,
8242,12,2026-01-02 04:13:00,2026-01-02 06:58:00,unplanned,MEC-02,4672.0
8243,17,2026-05-20 04:16:00,2026-05-20 06:19:00,unplanned,MEC-02,
8244,17,2026-01-06 09:17:00,2026-01-06 11:26:00,planned,CAL-01,12.0
8245,17,2026-03-07 20:59:00,2026-03-07 23:27:00,unplanned,CAL-01,6197.0
8246,32,2026-06-23 01:39:00,2026-06-23 03:54:00,planned,MEC-02,2721.0
8247,3,2026-06-12 20:15:00,2026-06-12 21:00:00,planned,MAT-01,8222.0
8248,10,2026-05-04 19:41:00,2026-05-04 21:53:00,planned,CAL-01,1879.0
8249,39,2026-06-21 02:37:00,2026-06-21 03:01:00,planned,MEC-02,6980.0
8250,49,2026-02-27 00:33:00,2026-02-27 02:41:00,unplanned,CAL-01,4384.0
8251,40,2026-06-06 11:33:00,2026-06-06 13:14:00,planned,MEC-01,
8252,22,2026-03-09 17:40:00,2026-03-09 18:58:00,unplanned,MEC-02,5506.0
8253,34,2026-01-04 18:22:00,2026-01-04 18:39:00,unplanned,MEC-01,
8254,35,2026-01-18 12:33:00,2026-01-18 15:26:00,unplanned,MEC-02,
8255,46,2026-04-29 15:07:00,2026-04-29 16:21:00,planned,MAT-01,5800.0
8256,24,2026-02-23 07:02:00,2026-02-23 07:42:00,planned,MEC-01,
8257,30,2026-06-14 21:33:00,2026-06-14 21:43:00,planned,MEC-01,
8258,14,2026-06-21 09:36:00,2026-06-21 09:55:00,planned,CAL-01,497.0
8259,27,2026-04-11 14:17:00,2026-04-11 15:43:00,planned,MAT-01,8532.0
8260,41,2026-05-01 11:17:00,2026-05-01 13:59:00,planned,MEC-02,2774.0
8261,10,2026-06-15 09:01:00,2026-06-15 09:44:00,planned,MEC-02,6750.0
8262,45,2026-01-12 05:43:00,2026-01-12 07:36:00,unplanned,MEC-02,
8263,35,2026-05-02 19:06:00,2026-05-02 20:38:00,planned,MEC-02,
8264,44,2026-01-29 00:58:00,2026-01-29 03:15:00,unplanned,ELEC-01,
8265,28,2026-01-30 13:41:00,2026-01-30 16:26:00,unplanned,ELEC-01,6535.0
8266,45,2026-01-10 12:27:00,2026-01-10 15:18:00,unplanned,MEC-02,3315.0
8267,39,2026-05-29 00:38:00,2026-05-29 00:45:00,unplanned,ELEC-01,3951.0
8268,35,2026-06-23 11:08:00,2026-06-23 12:20:00,unplanned,MEC-02,
8269,39,2026-04-28 19:13:00,2026-04-28 22:04:00,unplanned,MAT-01,1313.0
8270,1,2026-05-16 05:32:00,2026-05-16 05:58:00,unplanned,ELEC-01,5162.0
8271,40,2026-02-11 03:19:00,2026-02-11 05:53:00,unplanned,MEC-01,4232.0
8272,7,2026-03-21 17:06:00,2026-03-21 20:01:00,planned,MEC-01,5005.0
8273,33,2026-03-04 13:21:00,2026-03-04 13:58:00,planned,MEC-02,7497.0
8274,4,2026-06-22 10:37:00,2026-06-22 13:17:00,planned,MAT-01,8108.0
8275,12,2026-03-23 08:57:00,2026-03-23 11:17:00,planned,MEC-02,5754.0
8276,26,2026-05-12 15:35:00,2026-05-12 16:31:00,unplanned,MEC-01,
8277,39,2026-02-07 02:19:00,2026-02-07 05:01:00,planned,MAT-01,882.0
8278,8,2026-06-08 16:24:00,2026-06-08 17:01:00,planned,MEC-01,
8279,41,2026-04-17 14:49:00,2026-04-17 15:49:00,planned,CAL-01,4293.0
8280,24,2026-04-15 11:11:00,2026-04-15 13:58:00,planned,CAL-01,
8281,15,2026-02-18 16:42:00,2026-02-18 19:01:00,planned,CAL-01,
8282,23,2026-01-25 19:21:00,2026-01-25 19:35:00,planned,MEC-01,
8283,42,2026-06-08 02:16:00,2026-06-08 05:04:00,unplanned,MAT-01,2478.0
8284,27,2026-04-12 07:59:00,2026-04-12 10:24:00,unplanned,MAT-01,6348.0
8285,45,2026-04-14 22:09:00,2026-04-14 23:11:00,unplanned,ELEC-01,
8286,22,2026-04-26 05:20:00,2026-04-26 08:01:00,unplanned,CAL-01,4741.0
8287,38,2026-06-19 21:45:00,2026-06-19 22:09:00,planned,MEC-02,5738.0
8288,43,2026-03-07 09:00:00,2026-03-07 11:04:00,planned,ELEC-01,
8289,22,2026-03-24 03:02:00,2026-03-24 05:16:00,unplanned,CAL-01,9066.0
8290,26,2026-01-09 11:53:00,2026-01-09 14:08:00,unplanned,MEC-02,8691.0
8291,9,2026-01-22 04:31:00,2026-01-22 05:55:00,unplanned,ELEC-01,
8292,22,2026-05-09 02:02:00,2026-05-09 04:33:00,unplanned,ELEC-01,
8293,11,2026-02-24 06:25:00,2026-02-24 09:24:00,unplanned,MEC-01,
8294,33,2026-01-09 20:50:00,2026-01-09 22:21:00,planned,ELEC-01,7397.0
8295,34,2026-05-21 10:15:00,2026-05-21 11:57:00,unplanned,MEC-02,3604.0
8296,41,2026-05-18 23:44:00,2026-05-19 02:18:00,unplanned,CAL-01,3754.0
8297,19,2026-04-04 19:14:00,2026-04-04 21:12:00,planned,CAL-01,
8298,32,2026-03-31 02:52:00,2026-03-31 04:21:00,planned,CAL-01,
8299,50,2026-05-31 12:49:00,2026-05-31 13:23:00,planned,MEC-02,
8300,3,2026-02-08 14:49:00,2026-02-08 15:33:00,planned,MEC-02,8267.0
8301,40,2026-03-24 21:06:00,2026-03-24 21:50:00,planned,MEC-01,
8302,46,2026-01-25 08:29:00,2026-01-25 09:44:00,planned,CAL-01,1546.0
8303,2,2026-05-21 02:16:00,2026-05-21 03:22:00,unplanned,ELEC-01,
8304,3,2026-06-11 05:12:00,2026-06-11 07:27:00,unplanned,MEC-01,
8305,1,2026-01-19 22:06:00,2026-01-20 00:49:00,unplanned,ELEC-01,
8306,47,2026-05-18 07:36:00,2026-05-18 09:55:00,planned,MEC-02,1095.0
8307,14,2026-05-15 15:31:00,2026-05-15 16:27:00,unplanned,MAT-01,513.0
8308,48,2026-05-30 07:36:00,2026-05-30 09:58:00,unplanned,MEC-02,3877.0
8309,21,2026-03-16 00:34:00,2026-03-16 02:59:00,planned,MAT-01,9740.0
8310,2,2026-05-19 00:33:00,2026-05-19 01:29:00,unplanned,ELEC-01,2337.0
8311,22,2026-05-05 21:24:00,2026-05-05 22:44:00,planned,MEC-02,782.0
8312,40,2026-05-14 07:31:00,2026-05-14 08:35:00,unplanned,CAL-01,6058.0
8313,45,2026-04-18 06:58:00,2026-04-18 09:47:00,planned,MAT-01,651.0
8314,5,2026-06-03 19:47:00,2026-06-03 20:16:00,planned,MEC-01,6929.0
8315,9,2026-06-19 09:44:00,2026-06-19 11:11:00,planned,ELEC-01,8297.0
8316,48,2026-06-16 07:50:00,2026-06-16 08:31:00,planned,CAL-01,5347.0
8317,46,2026-02-22 09:05:00,2026-02-22 09:41:00,planned,CAL-01,
8318,30,2026-03-30 05:25:00,2026-03-30 08:20:00,planned,ELEC-01,6166.0
8319,16,2026-04-06 12:36:00,2026-04-06 13:57:00,planned,CAL-01,6109.0
8320,28,2026-01-19 10:31:00,2026-01-19 10:50:00,unplanned,MEC-01,1034.0
8321,9,2026-04-04 17:02:00,2026-04-04 17:58:00,unplanned,MAT-01,7129.0
8322,50,2026-02-24 08:13:00,2026-02-24 10:00:00,planned,ELEC-01,2067.0
8323,33,2026-05-09 04:10:00,2026-05-09 04:26:00,planned,MEC-01,840.0
8324,44,2026-02-15 11:27:00,2026-02-15 13:19:00,planned,CAL-01,
8325,23,2026-05-05 17:53:00,2026-05-05 18:28:00,unplanned,CAL-01,4780.0
8326,10,2026-02-25 08:30:00,2026-02-25 08:43:00,planned,MEC-01,
8327,40,2026-02-28 06:00:00,2026-02-28 07:23:00,planned,MEC-02,9531.0
8328,40,2026-03-29 05:47:00,2026-03-29 06:48:00,planned,MEC-02,4576.0
8329,19,2026-05-26 15:58:00,2026-05-26 16:15:00,planned,MAT-01,7736.0
8330,46,2026-05-10 08:56:00,2026-05-10 09:12:00,unplanned,MEC-02,2375.0
8331,2,2026-05-03 21:55:00,2026-05-03 23:52:00,unplanned,MAT-01,
8332,11,2026-01-14 14:00:00,2026-01-14 15:37:00,unplanned,MEC-01,
8333,8,2026-03-21 16:58:00,2026-03-21 17:17:00,planned,MEC-02,9343.0
8334,21,2026-05-08 08:51:00,2026-05-08 09:55:00,unplanned,MAT-01,
8335,17,2026-01-13 13:49:00,2026-01-13 14:14:00,unplanned,MAT-01,2850.0
8336,23,2026-06-10 15:38:00,2026-06-10 16:43:00,unplanned,MEC-01,5248.0
8337,4,2026-06-29 08:20:00,2026-06-29 10:35:00,planned,ELEC-01,6697.0
8338,2,2026-02-17 15:40:00,2026-02-17 18:35:00,unplanned,MEC-02,3491.0
8339,49,2026-03-17 23:20:00,2026-03-18 01:19:00,unplanned,MAT-01,8712.0
8340,10,2026-06-03 12:05:00,2026-06-03 13:32:00,planned,MAT-01,
8341,43,2026-02-06 06:46:00,2026-02-06 08:27:00,unplanned,CAL-01,3256.0
8342,34,2026-06-21 17:37:00,2026-06-21 20:01:00,unplanned,MAT-01,3413.0
8343,23,2026-05-20 22:56:00,2026-05-21 00:47:00,planned,ELEC-01,8595.0
8344,39,2026-02-02 04:22:00,2026-02-02 06:48:00,planned,MAT-01,121.0
8345,14,2026-03-31 09:08:00,2026-03-31 09:17:00,planned,MEC-02,2618.0
8346,21,2026-02-23 08:28:00,2026-02-23 10:37:00,planned,MEC-02,
8347,31,2026-05-20 08:54:00,2026-05-20 10:49:00,unplanned,ELEC-01,3296.0
8348,43,2026-03-12 12:35:00,2026-03-12 13:19:00,planned,MEC-02,6021.0
8349,27,2026-01-02 14:01:00,2026-01-02 14:34:00,planned,MEC-02,
8350,15,2026-02-13 03:16:00,2026-02-13 03:40:00,unplanned,MAT-01,3976.0
8351,42,2026-03-12 14:44:00,2026-03-12 15:10:00,unplanned,ELEC-01,8940.0
8352,43,2026-01-29 02:26:00,2026-01-29 03:34:00,planned,MAT-01,5570.0
8353,45,2026-03-08 20:44:00,2026-03-08 22:51:00,planned,CAL-01,1482.0
8354,34,2026-06-25 01:10:00,2026-06-25 03:17:00,unplanned,MEC-02,
8355,7,2026-03-08 01:03:00,2026-03-08 01:55:00,unplanned,MEC-02,
8356,23,2026-04-01 18:32:00,2026-04-01 21:24:00,planned,CAL-01,9593.0
8357,34,2026-03-01 10:49:00,2026-03-01 13:48:00,unplanned,MAT-01,4650.0
8358,46,2026-05-20 20:22:00,2026-05-20 21:41:00,unplanned,MAT-01,60.0
8359,6,2026-04-18 10:59:00,2026-04-18 12:10:00,planned,MEC-02,1790.0
8360,40,2026-05-20 07:28:00,2026-05-20 09:06:00,planned,CAL-01,
8361,33,2026-03-11 13:08:00,2026-03-11 14:09:00,planned,ELEC-01,5592.0
8362,9,2026-02-15 22:21:00,2026-02-16 01:13:00,planned,MAT-01,7518.0
8363,17,2026-05-10 15:38:00,2026-05-10 18:36:00,planned,ELEC-01,1299.0
8364,11,2026-04-19 19:04:00,2026-04-19 20:42:00,unplanned,MEC-02,9568.0
8365,24,2026-04-14 11:47:00,2026-04-14 14:03:00,unplanned,CAL-01,
8366,24,2026-02-15 06:12:00,2026-02-15 08:08:00,unplanned,MEC-01,7643.0
8367,46,2026-04-13 05:53:00,2026-04-13 08:33:00,unplanned,MAT-01,5314.0
8368,49,2026-05-18 21:29:00,2026-05-18 22:35:00,unplanned,MAT-01,7200.0
8369,43,2026-02-13 23:26:00,2026-02-14 01:50:00,unplanned,MAT-01,
8370,31,2026-02-17 20:25:00,2026-02-17 22:52:00,unplanned,ELEC-01,
8371,14,2026-03-31 08:29:00,2026-03-31 09:35:00,planned,CAL-01,5197.0
8372,13,2026-04-16 19:13:00,2026-04-16 21:45:00,planned,MEC-01,5985.0
8373,42,2026-04-28 17:00:00,2026-04-28 17:53:00,planned,MEC-02,7316.0
8374,21,2026-02-18 13:08:00,2026-02-18 13:43:00,unplanned,MAT-01,5762.0
8375,48,2026-01-21 07:21:00,2026-01-21 07:27:00,unplanned,MAT-01,3646.0
8376,43,2026-02-23 17:58:00,2026-02-23 18:16:00,unplanned,MAT-01,8549.0
8377,31,2026-03-06 10:04:00,2026-03-06 11:49:00,planned,MEC-01,5375.0
8378,18,2026-04-17 09:04:00,2026-04-17 12:03:00,unplanned,MEC-01,
8379,11,2026-04-28 13:01:00,2026-04-28 14:18:00,unplanned,CAL-01,
8380,31,2026-05-25 21:38:00,2026-05-25 22:23:00,unplanned,MAT-01,2987.0
8381,37,2026-03-30 10:49:00,2026-03-30 12:43:00,planned,ELEC-01,3992.0
8382,20,2026-02-27 13:07:00,2026-02-27 14:55:00,planned,MAT-01,8055.0
8383,26,2026-02-15 13:20:00,2026-02-15 15:08:00,planned,MEC-01,2175.0
8384,11,2026-01-07 09:36:00,2026-01-07 11:20:00,planned,MAT-01,
8385,11,2026-06-16 02:27:00,2026-06-16 02:53:00,planned,MEC-02,9897.0
8386,16,2026-03-14 14:34:00,2026-03-14 17:07:00,unplanned,MEC-01,9649.0
8387,42,2026-04-22 22:19:00,2026-04-23 00:19:00,planned,MEC-01,
8388,14,2026-01-18 04:58:00,2026-01-18 06:15:00,planned,MEC-02,
8389,37,2026-03-20 11:57:00,2026-03-20 14:11:00,planned,MEC-02,
8390,9,2026-01-12 15:11:00,2026-01-12 17:00:00,unplanned,MAT-01,724.0
8391,2,2026-01-31 00:21:00,2026-01-31 01:27:00,unplanned,MAT-01,2098.0
8392,34,2026-03-31 04:38:00,2026-03-31 05:13:00,planned,ELEC-01,7638.0
8393,16,2026-02-28 19:16:00,2026-02-28 21:48:00,unplanned,MEC-02,7767.0
8394,29,2026-03-23 09:24:00,2026-03-23 12:05:00,unplanned,MAT-01,7096.0
8395,33,2026-01-10 12:14:00,2026-01-10 13:27:00,planned,CAL-01,6195.0
8396,6,2026-05-27 15:24:00,2026-05-27 15:51:00,planned,ELEC-01,9547.0
8397,49,2026-02-04 15:34:00,2026-02-04 16:58:00,planned,MAT-01,
8398,38,2026-02-17 08:55:00,2026-02-17 09:24:00,planned,MEC-01,8541.0
8399,21,2026-02-23 03:44:00,2026-02-23 05:50:00,unplanned,MEC-01,2342.0
8400,5,2026-01-25 12:26:00,2026-01-25 12:47:00,unplanned,ELEC-01,
8401,32,2026-03-10 08:12:00,2026-03-10 08:25:00,planned,CAL-01,
8402,13,2026-03-06 06:45:00,2026-03-06 08:03:00,unplanned,MAT-01,7434.0
8403,30,2026-01-20 10:40:00,2026-01-20 11:10:00,planned,MAT-01,
8404,6,2026-01-06 08:52:00,2026-01-06 11:48:00,planned,ELEC-01,5004.0
8405,22,2026-03-17 13:35:00,2026-03-17 14:11:00,unplanned,MEC-02,3588.0
8406,38,2026-05-16 07:34:00,2026-05-16 08:09:00,planned,MEC-02,4198.0
8407,49,2026-06-02 09:32:00,2026-06-02 09:56:00,unplanned,MEC-02,2212.0
8408,37,2026-02-03 19:58:00,2026-02-03 20:39:00,unplanned,MAT-01,
8409,41,2026-04-13 13:36:00,2026-04-13 14:15:00,unplanned,MEC-02,
8410,48,2026-03-03 05:00:00,2026-03-03 07:12:00,planned,CAL-01,
8411,5,2026-01-23 18:51:00,2026-01-23 21:00:00,unplanned,CAL-01,
8412,34,2026-06-05 00:01:00,2026-06-05 00:20:00,unplanned,CAL-01,7101.0
8413,16,2026-02-26 10:27:00,2026-02-26 12:40:00,planned,CAL-01,3554.0
8414,27,2026-05-13 01:53:00,2026-05-13 02:47:00,planned,MEC-02,
8415,31,2026-05-19 01:24:00,2026-05-19 02:13:00,planned,MEC-01,6437.0
8416,23,2026-02-22 05:23:00,2026-02-22 06:42:00,planned,ELEC-01,9503.0
8417,35,2026-01-14 03:38:00,2026-01-14 03:46:00,planned,ELEC-01,
8418,35,2026-05-02 22:20:00,2026-05-03 00:38:00,unplanned,MEC-01,8163.0
8419,27,2026-01-31 14:46:00,2026-01-31 15:27:00,planned,ELEC-01,7984.0
8420,34,2026-03-08 06:54:00,2026-03-08 09:49:00,planned,MEC-01,
8421,5,2026-03-24 04:47:00,2026-03-24 05:28:00,planned,CAL-01,7724.0
8422,10,2026-06-04 03:25:00,2026-06-04 04:31:00,unplanned,MEC-02,8.0
8423,22,2026-02-16 08:22:00,2026-02-16 09:26:00,unplanned,ELEC-01,
8424,9,2026-03-17 10:20:00,2026-03-17 10:37:00,unplanned,CAL-01,9867.0
8425,38,2026-04-06 20:30:00,2026-04-06 22:50:00,planned,MEC-02,7916.0
8426,47,2026-01-31 15:10:00,2026-01-31 16:17:00,planned,MAT-01,8327.0
8427,4,2026-01-20 05:27:00,2026-01-20 08:27:00,planned,MEC-01,9665.0
8428,3,2026-03-22 15:43:00,2026-03-22 16:56:00,unplanned,CAL-01,
8429,32,2026-05-30 10:15:00,2026-05-30 10:28:00,planned,MEC-01,7880.0
8430,43,2026-04-15 10:05:00,2026-04-15 12:03:00,planned,MAT-01,3108.0
8431,4,2026-01-06 09:36:00,2026-01-06 11:17:00,planned,MAT-01,9650.0
8432,48,2026-06-24 00:55:00,2026-06-24 02:40:00,planned,ELEC-01,9107.0
8433,30,2026-02-01 23:56:00,2026-02-02 01:32:00,planned,MEC-02,9093.0
8434,38,2026-05-05 22:51:00,2026-05-06 01:50:00,planned,MAT-01,
8435,6,2026-03-07 22:07:00,2026-03-08 00:36:00,planned,MEC-01,
8436,25,2026-04-22 23:48:00,2026-04-23 00:05:00,unplanned,CAL-01,2000.0
8437,49,2026-05-23 04:45:00,2026-05-23 06:36:00,planned,ELEC-01,9163.0
8438,46,2026-06-24 04:32:00,2026-06-24 07:11:00,planned,MEC-01,
8439,23,2026-01-05 15:18:00,2026-01-05 17:22:00,planned,CAL-01,1497.0
8440,5,2026-03-15 14:02:00,2026-03-15 15:39:00,planned,MEC-02,3805.0
8441,24,2026-02-25 04:51:00,2026-02-25 05:20:00,planned,MEC-01,439.0
8442,49,2026-05-01 20:30:00,2026-05-01 21:40:00,unplanned,MEC-01,
8443,47,2026-02-14 17:14:00,2026-02-14 19:57:00,unplanned,CAL-01,
8444,29,2026-04-04 07:58:00,2026-04-04 09:52:00,planned,CAL-01,
8445,43,2026-04-06 12:45:00,2026-04-06 15:42:00,planned,MAT-01,6178.0
8446,14,2026-01-21 10:04:00,2026-01-21 12:17:00,unplanned,MEC-01,785.0
8447,12,2026-05-20 03:33:00,2026-05-20 05:39:00,planned,MEC-01,
8448,6,2026-02-22 19:33:00,2026-02-22 22:30:00,unplanned,MEC-02,5966.0
8449,6,2026-04-02 06:26:00,2026-04-02 09:03:00,unplanned,CAL-01,5831.0
8450,41,2026-06-15 00:14:00,2026-06-15 00:28:00,unplanned,MEC-02,
8451,47,2026-03-27 19:54:00,2026-03-27 21:21:00,planned,CAL-01,
8452,34,2026-04-01 17:59:00,2026-04-01 20:02:00,planned,CAL-01,4691.0
8453,2,2026-02-12 15:29:00,2026-02-12 18:12:00,planned,CAL-01,
8454,11,2026-05-24 14:43:00,2026-05-24 15:54:00,planned,ELEC-01,9020.0
8455,45,2026-04-01 06:51:00,2026-04-01 07:57:00,unplanned,MEC-01,7812.0
8456,48,2026-02-26 19:40:00,2026-02-26 21:07:00,unplanned,MAT-01,2224.0
8457,3,2026-05-07 22:42:00,2026-05-07 23:21:00,unplanned,CAL-01,5462.0
8458,5,2026-01-09 05:28:00,2026-01-09 07:25:00,unplanned,MEC-01,4404.0
8459,8,2026-06-07 02:54:00,2026-06-07 05:25:00,planned,MEC-01,7650.0
8460,14,2026-01-13 22:44:00,2026-01-14 00:59:00,planned,MEC-02,432.0
8461,34,2026-03-25 09:53:00,2026-03-25 12:24:00,planned,MEC-02,8213.0
8462,32,2026-04-29 04:43:00,2026-04-29 04:53:00,planned,MEC-02,4568.0
8463,21,2026-06-13 02:23:00,2026-06-13 03:34:00,planned,MAT-01,
8464,9,2026-06-15 15:57:00,2026-06-15 18:15:00,planned,MAT-01,8304.0
8465,15,2026-06-13 16:17:00,2026-06-13 16:33:00,unplanned,MEC-02,
8466,43,2026-04-25 01:44:00,2026-04-25 04:31:00,planned,ELEC-01,4378.0
8467,45,2026-06-01 14:20:00,2026-06-01 14:44:00,unplanned,MEC-01,8913.0
8468,29,2026-02-09 15:35:00,2026-02-09 16:05:00,unplanned,MEC-02,
8469,8,2026-04-17 15:56:00,2026-04-17 17:55:00,planned,MEC-01,7408.0
8470,36,2026-05-06 07:26:00,2026-05-06 08:50:00,unplanned,MEC-01,5371.0
8471,27,2026-02-19 09:11:00,2026-02-19 09:31:00,unplanned,MEC-01,4981.0
8472,20,2026-02-02 14:07:00,2026-02-02 16:35:00,planned,MAT-01,6464.0
8473,20,2026-05-29 09:41:00,2026-05-29 11:18:00,planned,MEC-02,1848.0
8474,37,2026-05-28 21:31:00,2026-05-28 22:20:00,planned,MAT-01,
8475,10,2026-02-02 05:28:00,2026-02-02 06:12:00,unplanned,CAL-01,7799.0
8476,43,2026-02-20 14:54:00,2026-02-20 15:58:00,unplanned,MAT-01,9852.0
8477,46,2026-02-27 21:51:00,2026-02-27 22:25:00,unplanned,MEC-02,6433.0
8478,23,2026-05-31 08:47:00,2026-05-31 11:01:00,unplanned,ELEC-01,4133.0
8479,2,2026-03-18 00:37:00,2026-03-18 01:20:00,unplanned,MEC-02,2501.0
8480,30,2026-01-31 19:06:00,2026-01-31 21:38:00,planned,MEC-01,
8481,13,2026-01-18 06:21:00,2026-01-18 06:29:00,planned,ELEC-01,
8482,38,2026-06-07 05:28:00,2026-06-07 05:57:00,unplanned,MEC-01,7454.0
8483,2,2026-05-15 01:23:00,2026-05-15 02:58:00,planned,MEC-02,9043.0
8484,44,2026-02-07 21:23:00,2026-02-08 00:01:00,planned,MEC-01,6086.0
8485,24,2026-06-17 21:37:00,2026-06-17 22:51:00,unplanned,MAT-01,3275.0
8486,8,2026-01-14 15:50:00,2026-01-14 18:40:00,unplanned,MEC-02,
8487,20,2026-03-26 15:17:00,2026-03-26 17:47:00,unplanned,ELEC-01,4113.0
8488,28,2026-03-15 10:25:00,2026-03-15 12:12:00,unplanned,MEC-01,3469.0
8489,16,2026-02-28 14:49:00,2026-02-28 17:30:00,unplanned,CAL-01,
8490,34,2026-01-25 23:16:00,2026-01-26 01:24:00,unplanned,MAT-01,484.0
8491,38,2026-06-03 00:53:00,2026-06-03 02:39:00,planned,MAT-01,
8492,13,2026-02-02 13:31:00,2026-02-02 15:44:00,unplanned,MAT-01,1392.0
8493,5,2026-04-25 02:22:00,2026-04-25 04:40:00,planned,ELEC-01,
8494,4,2026-02-10 16:46:00,2026-02-10 17:35:00,planned,MEC-01,5736.0
8495,14,2026-04-27 05:53:00,2026-04-27 06:59:00,planned,MEC-01,163.0
8496,5,2026-03-05 18:10:00,2026-03-05 18:28:00,unplanned,MAT-01,1806.0
8497,8,2026-01-26 00:06:00,2026-01-26 02:09:00,planned,CAL-01,9213.0
8498,26,2026-05-05 11:08:00,2026-05-05 13:46:00,unplanned,MEC-02,
8499,50,2026-03-19 23:16:00,2026-03-20 00:43:00,planned,MAT-01,9723.0
8500,23,2026-05-08 06:55:00,2026-05-08 07:51:00,planned,ELEC-01,
8501,15,2026-02-04 10:08:00,2026-02-04 11:17:00,unplanned,CAL-01,
8502,25,2026-01-09 13:21:00,2026-01-09 13:54:00,unplanned,MEC-02,7411.0
8503,18,2026-04-27 12:23:00,2026-04-27 13:30:00,unplanned,MAT-01,
8504,46,2026-04-03 13:02:00,2026-04-03 13:57:00,planned,MEC-02,1047.0
8505,8,2026-04-09 23:25:00,2026-04-10 01:30:00,planned,MEC-02,
8506,46,2026-06-08 09:32:00,2026-06-08 10:28:00,unplanned,ELEC-01,
8507,27,2026-05-18 13:52:00,2026-05-18 14:49:00,unplanned,CAL-01,
8508,35,2026-03-13 15:08:00,2026-03-13 17:47:00,planned,MAT-01,8535.0
8509,38,2026-05-03 05:07:00,2026-05-03 07:03:00,unplanned,CAL-01,5570.0
8510,50,2026-04-24 20:29:00,2026-04-24 23:24:00,planned,ELEC-01,4703.0
8511,34,2026-05-12 06:51:00,2026-05-12 08:35:00,unplanned,MEC-02,1839.0
8512,36,2026-06-28 21:18:00,2026-06-28 21:40:00,planned,MAT-01,5653.0
8513,6,2026-06-01 19:16:00,2026-06-01 20:08:00,planned,MEC-01,2277.0
8514,37,2026-05-16 00:11:00,2026-05-16 01:19:00,unplanned,MEC-02,5613.0
8515,49,2026-01-26 10:43:00,2026-01-26 11:54:00,unplanned,CAL-01,
8516,29,2026-02-09 23:28:00,2026-02-10 02:04:00,planned,ELEC-01,
8517,47,2026-02-13 19:06:00,2026-02-13 21:24:00,unplanned,ELEC-01,5138.0
8518,10,2026-06-29 09:56:00,2026-06-29 10:35:00,unplanned,CAL-01,1996.0
8519,37,2026-06-24 01:21:00,2026-06-24 03:34:00,planned,MAT-01,
8520,13,2026-06-14 03:05:00,2026-06-14 04:31:00,unplanned,ELEC-01,92.0
8521,42,2026-02-09 21:42:00,2026-02-09 22:27:00,planned,MEC-01,
8522,30,2026-06-17 13:38:00,2026-06-17 14:01:00,planned,ELEC-01,4575.0
8523,43,2026-06-13 21:46:00,2026-06-14 00:14:00,unplanned,ELEC-01,4520.0
8524,34,2026-04-02 21:42:00,2026-04-02 23:08:00,unplanned,ELEC-01,
8525,23,2026-02-16 10:49:00,2026-02-16 10:59:00,planned,CAL-01,1130.0
8526,45,2026-01-16 11:50:00,2026-01-16 13:48:00,unplanned,CAL-01,9062.0
8527,27,2026-05-26 20:46:00,2026-05-26 23:10:00,planned,CAL-01,9107.0
8528,33,2026-01-09 09:39:00,2026-01-09 11:51:00,planned,ELEC-01,901.0
8529,32,2026-01-11 22:47:00,2026-01-11 23:35:00,planned,ELEC-01,
8530,40,2026-01-12 03:30:00,2026-01-12 05:37:00,unplanned,CAL-01,
8531,30,2026-02-17 00:15:00,2026-02-17 00:57:00,planned,CAL-01,8166.0
8532,48,2026-03-09 15:30:00,2026-03-09 17:38:00,unplanned,MEC-01,
8533,16,2026-04-01 22:54:00,2026-04-02 01:42:00,planned,CAL-01,
8534,45,2026-03-22 02:54:00,2026-03-22 03:19:00,planned,ELEC-01,932.0
8535,45,2026-01-26 07:43:00,2026-01-26 09:33:00,planned,CAL-01,8885.0
8536,49,2026-05-22 09:42:00,2026-05-22 10:50:00,planned,MAT-01,
8537,47,2026-04-18 03:18:00,2026-04-18 05:04:00,planned,MAT-01,
8538,10,2026-03-09 18:42:00,2026-03-09 20:37:00,planned,MEC-02,6695.0
8539,32,2026-01-10 08:45:00,2026-01-10 09:36:00,planned,MEC-02,4745.0
8540,11,2026-01-18 01:42:00,2026-01-18 02:33:00,planned,MAT-01,
8541,30,2026-03-01 01:48:00,2026-03-01 03:56:00,unplanned,MAT-01,5626.0
8542,20,2026-03-25 23:30:00,2026-03-26 01:17:00,planned,MEC-02,6227.0
8543,43,2026-02-09 16:39:00,2026-02-09 19:29:00,planned,MEC-01,7152.0
8544,26,2026-04-03 14:03:00,2026-04-03 15:34:00,unplanned,MEC-01,940.0
8545,50,2026-01-30 06:07:00,2026-01-30 06:50:00,unplanned,MAT-01,
8546,45,2026-06-17 10:11:00,2026-06-17 13:03:00,unplanned,MEC-02,6335.0
8547,18,2026-01-19 09:44:00,2026-01-19 11:35:00,unplanned,CAL-01,7654.0
8548,20,2026-01-31 16:14:00,2026-01-31 18:43:00,planned,CAL-01,
8549,16,2026-04-24 07:46:00,2026-04-24 08:27:00,unplanned,ELEC-01,346.0
8550,49,2026-04-11 04:40:00,2026-04-11 06:10:00,unplanned,ELEC-01,2713.0
8551,42,2026-03-20 16:52:00,2026-03-20 18:37:00,unplanned,MEC-02,1141.0
8552,10,2026-06-06 23:56:00,2026-06-07 02:05:00,unplanned,MEC-02,8869.0
8553,29,2026-01-22 08:03:00,2026-01-22 08:25:00,unplanned,ELEC-01,5414.0
8554,37,2026-06-05 16:15:00,2026-06-05 17:16:00,unplanned,MAT-01,
8555,26,2026-02-04 15:28:00,2026-02-04 18:13:00,unplanned,MEC-01,8312.0
8556,17,2026-04-11 14:17:00,2026-04-11 16:34:00,planned,MEC-02,
8557,14,2026-02-14 17:42:00,2026-02-14 20:07:00,planned,MEC-01,9320.0
8558,9,2026-04-30 09:52:00,2026-04-30 11:15:00,unplanned,MEC-02,
8559,8,2026-02-21 23:09:00,2026-02-22 00:02:00,unplanned,MEC-01,3694.0
8560,6,2026-01-24 04:16:00,2026-01-24 06:43:00,unplanned,MEC-01,5113.0
8561,48,2026-03-19 09:33:00,2026-03-19 11:37:00,unplanned,ELEC-01,2837.0
8562,27,2026-04-16 20:08:00,2026-04-16 21:30:00,unplanned,ELEC-01,8329.0
8563,18,2026-01-26 07:20:00,2026-01-26 10:00:00,planned,ELEC-01,
8564,45,2026-03-29 14:46:00,2026-03-29 15:46:00,unplanned,MAT-01,7017.0
8565,1,2026-02-22 21:51:00,2026-02-22 22:35:00,unplanned,CAL-01,3415.0
8566,13,2026-02-03 17:37:00,2026-02-03 20:05:00,planned,MAT-01,
8567,32,2026-06-25 15:05:00,2026-06-25 17:10:00,planned,MEC-02,6429.0
8568,1,2026-04-23 07:54:00,2026-04-23 10:18:00,unplanned,ELEC-01,
8569,18,2026-06-28 01:07:00,2026-06-28 03:23:00,planned,CAL-01,9120.0
8570,44,2026-02-05 20:30:00,2026-02-05 21:30:00,unplanned,ELEC-01,6676.0
8571,41,2026-06-03 04:41:00,2026-06-03 07:33:00,planned,CAL-01,1190.0
8572,46,2026-03-11 07:08:00,2026-03-11 08:42:00,unplanned,MEC-01,6523.0
8573,15,2026-01-08 23:34:00,2026-01-09 02:18:00,unplanned,MAT-01,5436.0
8574,22,2026-03-12 05:33:00,2026-03-12 06:44:00,unplanned,CAL-01,8985.0
8575,42,2026-02-26 06:50:00,2026-02-26 08:44:00,unplanned,MEC-01,
8576,39,2026-04-05 20:11:00,2026-04-05 20:34:00,planned,ELEC-01,8444.0
8577,4,2026-02-09 07:01:00,2026-02-09 08:34:00,unplanned,MAT-01,
8578,37,2026-03-13 23:10:00,2026-03-14 01:27:00,unplanned,MEC-01,
8579,42,2026-01-05 08:06:00,2026-01-05 11:00:00,planned,CAL-01,3509.0
8580,13,2026-05-02 04:18:00,2026-05-02 06:24:00,unplanned,MAT-01,3521.0
8581,29,2026-06-24 00:35:00,2026-06-24 02:37:00,planned,MAT-01,6287.0
8582,8,2026-03-03 07:30:00,2026-03-03 10:29:00,planned,MEC-01,
8583,31,2026-05-22 17:34:00,2026-05-22 19:21:00,unplanned,CAL-01,
8584,44,2026-05-05 04:33:00,2026-05-05 07:24:00,unplanned,MEC-01,4791.0
8585,24,2026-05-11 21:57:00,2026-05-11 22:06:00,unplanned,MEC-01,9453.0
8586,26,2026-06-26 10:12:00,2026-06-26 12:22:00,planned,MAT-01,
8587,4,2026-06-22 04:46:00,2026-06-22 06:17:00,planned,MEC-02,457.0
8588,36,2026-02-06 08:22:00,2026-02-06 09:40:00,planned,MEC-01,132.0
8589,6,2026-02-16 23:07:00,2026-02-17 00:57:00,planned,MEC-02,
8590,39,2026-04-30 14:24:00,2026-04-30 16:22:00,planned,ELEC-01,
8591,41,2026-04-21 00:49:00,2026-04-21 03:18:00,planned,MEC-01,4733.0
8592,35,2026-04-09 22:22:00,2026-04-09 22:57:00,planned,MEC-01,2031.0
8593,9,2026-06-20 15:03:00,2026-06-20 15:49:00,unplanned,ELEC-01,2865.0
8594,23,2026-02-25 16:13:00,2026-02-25 17:53:00,unplanned,ELEC-01,7418.0
8595,32,2026-03-28 12:14:00,2026-03-28 13:54:00,unplanned,ELEC-01,3351.0
8596,32,2026-04-24 01:01:00,2026-04-24 02:24:00,unplanned,MEC-01,
8597,33,2026-02-28 03:20:00,2026-02-28 04:30:00,unplanned,ELEC-01,
8598,47,2026-01-08 18:18:00,2026-01-08 21:05:00,planned,MEC-02,1799.0
8599,22,2026-03-12 02:24:00,2026-03-12 03:48:00,unplanned,ELEC-01,3813.0
8600,47,2026-06-13 21:10:00,2026-06-14 00:06:00,unplanned,MAT-01,2553.0
8601,50,2026-05-25 00:38:00,2026-05-25 01:15:00,planned,CAL-01,6017.0
8602,30,2026-03-13 21:34:00,2026-03-13 22:03:00,unplanned,ELEC-01,478.0
8603,19,2026-01-05 18:47:00,2026-01-05 20:59:00,planned,MEC-01,7493.0
8604,20,2026-01-22 19:46:00,2026-01-22 20:09:00,planned,MEC-02,1351.0
8605,10,2026-06-20 14:42:00,2026-06-20 17:30:00,unplanned,CAL-01,7827.0
8606,15,2026-05-17 12:50:00,2026-05-17 13:32:00,unplanned,MEC-02,
8607,2,2026-05-30 08:58:00,2026-05-30 09:57:00,unplanned,ELEC-01,
8608,40,2026-06-02 04:55:00,2026-06-02 07:20:00,unplanned,CAL-01,
8609,18,2026-05-29 06:32:00,2026-05-29 07:20:00,planned,CAL-01,6559.0
8610,37,2026-03-31 04:18:00,2026-03-31 05:35:00,planned,ELEC-01,
8611,9,2026-04-21 01:21:00,2026-04-21 02:42:00,planned,MEC-02,
8612,21,2026-04-09 02:10:00,2026-04-09 03:49:00,unplanned,MEC-01,6328.0
8613,28,2026-02-10 18:19:00,2026-02-10 20:01:00,unplanned,MEC-02,4029.0
8614,37,2026-03-26 15:17:00,2026-03-26 18:14:00,planned,ELEC-01,7937.0
8615,43,2026-02-05 04:00:00,2026-02-05 04:43:00,planned,MEC-02,4826.0
8616,40,2026-04-06 14:15:00,2026-04-06 16:49:00,unplanned,MEC-02,7141.0
8617,8,2026-02-04 23:28:00,2026-02-05 00:44:00,unplanned,CAL-01,1519.0
8618,47,2026-01-06 20:10:00,2026-01-06 23:07:00,unplanned,MEC-01,3163.0
8619,27,2026-04-29 03:54:00,2026-04-29 04:31:00,unplanned,CAL-01,
8620,25,2026-05-03 08:22:00,2026-05-03 09:21:00,unplanned,MEC-01,
8621,23,2026-02-04 14:05:00,2026-02-04 15:30:00,unplanned,ELEC-01,1531.0
8622,25,2026-05-03 09:14:00,2026-05-03 11:54:00,planned,MEC-02,6395.0
8623,18,2026-06-11 00:27:00,2026-06-11 01:30:00,planned,MEC-02,2072.0
8624,27,2026-05-31 05:18:00,2026-05-31 06:49:00,unplanned,CAL-01,546.0
8625,14,2026-05-20 04:09:00,2026-05-20 04:17:00,planned,MEC-02,1474.0
8626,42,2026-06-19 06:26:00,2026-06-19 07:21:00,unplanned,MEC-02,3190.0
8627,8,2026-05-27 08:53:00,2026-05-27 10:52:00,unplanned,ELEC-01,369.0
8628,39,2026-02-15 16:41:00,2026-02-15 17:26:00,unplanned,MEC-02,6831.0
8629,36,2026-05-09 00:41:00,2026-05-09 02:54:00,planned,MEC-01,
8630,5,2026-02-23 16:19:00,2026-02-23 18:37:00,unplanned,ELEC-01,9356.0
8631,22,2026-05-21 06:14:00,2026-05-21 06:27:00,planned,ELEC-01,7219.0
8632,34,2026-02-17 12:33:00,2026-02-17 12:43:00,unplanned,MEC-01,1513.0
8633,48,2026-05-08 07:19:00,2026-05-08 07:52:00,planned,MAT-01,618.0
8634,29,2026-05-02 10:13:00,2026-05-02 11:19:00,planned,CAL-01,9825.0
8635,21,2026-03-20 23:19:00,2026-03-21 02:07:00,unplanned,MEC-02,5879.0
8636,8,2026-05-15 20:00:00,2026-05-15 21:10:00,unplanned,MEC-02,
8637,43,2026-05-20 00:03:00,2026-05-20 01:21:00,unplanned,MEC-01,
8638,14,2026-01-17 21:22:00,2026-01-17 22:56:00,planned,ELEC-01,585.0
8639,15,2026-03-07 15:46:00,2026-03-07 17:51:00,unplanned,MEC-01,109.0
8640,28,2026-01-22 12:57:00,2026-01-22 13:42:00,unplanned,MEC-02,6364.0
8641,30,2026-05-02 14:43:00,2026-05-02 17:03:00,unplanned,MEC-01,1034.0
8642,39,2026-05-17 14:43:00,2026-05-17 14:58:00,planned,ELEC-01,9591.0
8643,4,2026-02-21 08:02:00,2026-02-21 09:54:00,unplanned,MEC-01,
8644,39,2026-06-01 21:17:00,2026-06-01 22:12:00,planned,MAT-01,7855.0
8645,38,2026-03-12 06:10:00,2026-03-12 07:52:00,unplanned,MEC-02,2786.0
8646,46,2026-03-01 01:31:00,2026-03-01 02:31:00,unplanned,MAT-01,1917.0
8647,3,2026-01-17 19:13:00,2026-01-17 21:49:00,unplanned,MAT-01,
8648,16,2026-02-12 05:33:00,2026-02-12 07:50:00,unplanned,MAT-01,5435.0
8649,24,2026-04-06 07:08:00,2026-04-06 07:43:00,unplanned,MAT-01,
8650,30,2026-02-17 07:23:00,2026-02-17 09:11:00,planned,CAL-01,
8651,16,2026-03-15 14:52:00,2026-03-15 15:45:00,planned,CAL-01,
8652,31,2026-04-17 04:41:00,2026-04-17 06:57:00,unplanned,MEC-02,6469.0
8653,37,2026-06-08 00:27:00,2026-06-08 01:12:00,planned,MEC-01,8957.0
8654,42,2026-03-20 07:57:00,2026-03-20 09:50:00,planned,MEC-02,1163.0
8655,34,2026-03-12 16:15:00,2026-03-12 16:40:00,unplanned,MAT-01,5173.0
8656,16,2026-02-24 07:55:00,2026-02-24 10:23:00,unplanned,MAT-01,8120.0
8657,45,2026-05-21 01:59:00,2026-05-21 04:30:00,unplanned,MAT-01,4611.0
8658,28,2026-02-25 14:51:00,2026-02-25 17:43:00,planned,ELEC-01,8821.0
8659,16,2026-01-20 02:36:00,2026-01-20 03:10:00,planned,MEC-02,
8660,38,2026-02-17 17:50:00,2026-02-17 19:03:00,planned,MEC-01,5648.0
8661,22,2026-02-17 20:20:00,2026-02-17 23:16:00,unplanned,ELEC-01,5248.0
8662,14,2026-03-05 06:43:00,2026-03-05 06:48:00,planned,MEC-01,
8663,18,2026-02-19 05:44:00,2026-02-19 05:51:00,unplanned,CAL-01,9545.0
8664,41,2026-02-19 08:40:00,2026-02-19 09:51:00,planned,CAL-01,8107.0
8665,9,2026-05-21 07:45:00,2026-05-21 09:23:00,unplanned,CAL-01,
8666,15,2026-03-09 17:06:00,2026-03-09 18:28:00,unplanned,MEC-01,2420.0
8667,20,2026-03-15 05:55:00,2026-03-15 07:17:00,unplanned,CAL-01,381.0
8668,20,2026-03-03 06:07:00,2026-03-03 07:14:00,unplanned,ELEC-01,8297.0
8669,2,2026-03-29 11:20:00,2026-03-29 14:08:00,unplanned,ELEC-01,8160.0
8670,39,2026-04-09 11:26:00,2026-04-09 13:01:00,unplanned,CAL-01,473.0
8671,21,2026-03-14 09:36:00,2026-03-14 11:51:00,unplanned,CAL-01,
8672,39,2026-06-16 13:51:00,2026-06-16 16:13:00,unplanned,MEC-01,2965.0
8673,4,2026-01-28 00:59:00,2026-01-28 01:29:00,unplanned,ELEC-01,7551.0
8674,38,2026-02-23 02:22:00,2026-02-23 02:36:00,planned,MAT-01,3689.0
8675,49,2026-05-04 05:09:00,2026-05-04 06:21:00,unplanned,ELEC-01,
8676,41,2026-06-11 23:27:00,2026-06-11 23:33:00,planned,MEC-01,
8677,39,2026-02-14 04:38:00,2026-02-14 07:19:00,unplanned,MAT-01,
8678,42,2026-02-28 12:35:00,2026-02-28 12:52:00,planned,MEC-01,7866.0
8679,10,2026-06-01 15:37:00,2026-06-01 16:32:00,unplanned,MAT-01,4875.0
8680,41,2026-01-28 14:51:00,2026-01-28 17:29:00,planned,MAT-01,1535.0
8681,9,2026-05-17 15:29:00,2026-05-17 18:10:00,unplanned,MEC-01,957.0
8682,3,2026-03-24 02:57:00,2026-03-24 04:55:00,planned,MAT-01,9269.0
8683,10,2026-02-22 10:28:00,2026-02-22 12:29:00,unplanned,MEC-02,
8684,50,2026-01-22 09:46:00,2026-01-22 11:40:00,planned,ELEC-01,8978.0
8685,44,2026-04-29 19:37:00,2026-04-29 22:22:00,planned,ELEC-01,3914.0
8686,39,2026-05-19 17:26:00,2026-05-19 17:35:00,planned,MEC-02,6014.0
8687,32,2026-01-12 04:32:00,2026-01-12 06:38:00,unplanned,ELEC-01,9381.0
8688,34,2026-04-06 03:34:00,2026-04-06 05:49:00,planned,MAT-01,8966.0
8689,11,2026-06-18 08:57:00,2026-06-18 09:09:00,unplanned,CAL-01,3898.0
8690,5,2026-01-17 11:33:00,2026-01-17 11:53:00,planned,MEC-02,9435.0
8691,8,2026-06-25 07:24:00,2026-06-25 08:07:00,unplanned,MEC-02,4341.0
8692,10,2026-03-20 13:21:00,2026-03-20 14:57:00,unplanned,CAL-01,
8693,19,2026-02-23 11:47:00,2026-02-23 11:59:00,planned,MEC-01,5414.0
8694,8,2026-01-23 08:46:00,2026-01-23 09:01:00,unplanned,MEC-02,9792.0
8695,36,2026-05-13 01:49:00,2026-05-13 03:12:00,planned,MAT-01,6683.0
8696,3,2026-02-19 07:14:00,2026-02-19 08:15:00,unplanned,MEC-02,
8697,44,2026-03-15 18:48:00,2026-03-15 19:28:00,planned,MEC-02,
8698,21,2026-04-06 22:54:00,2026-04-07 01:08:00,unplanned,ELEC-01,
8699,20,2026-03-23 15:07:00,2026-03-23 16:04:00,unplanned,ELEC-01,5073.0
8700,14,2026-01-03 15:51:00,2026-01-03 17:08:00,planned,ELEC-01,
8701,10,2026-05-25 00:34:00,2026-05-25 02:19:00,planned,MAT-01,1591.0
8702,23,2026-06-16 02:44:00,2026-06-16 03:42:00,planned,MEC-02,
8703,9,2026-03-26 07:08:00,2026-03-26 07:33:00,planned,MEC-01,
8704,25,2026-03-04 15:31:00,2026-03-04 16:09:00,unplanned,MEC-02,1005.0
8705,12,2026-04-11 15:19:00,2026-04-11 16:04:00,unplanned,MEC-01,2224.0
8706,49,2026-01-29 11:04:00,2026-01-29 13:49:00,unplanned,MAT-01,
8707,49,2026-03-09 13:26:00,2026-03-09 15:48:00,unplanned,MAT-01,
8708,9,2026-03-04 11:10:00,2026-03-04 13:54:00,planned,MAT-01,
8709,5,2026-06-13 19:07:00,2026-06-13 19:33:00,unplanned,MAT-01,3196.0
8710,27,2026-02-17 12:04:00,2026-02-17 12:51:00,unplanned,CAL-01,963.0
8711,37,2026-03-05 18:51:00,2026-03-05 20:40:00,unplanned,ELEC-01,4021.0
8712,38,2026-01-15 18:50:00,2026-01-15 19:09:00,planned,CAL-01,
8713,49,2026-04-21 04:22:00,2026-04-21 07:22:00,unplanned,MAT-01,7367.0
8714,33,2026-01-15 05:50:00,2026-01-15 07:11:00,planned,MEC-01,3814.0
8715,10,2026-04-10 09:24:00,2026-04-10 10:17:00,unplanned,ELEC-01,
8716,11,2026-01-21 19:13:00,2026-01-21 20:16:00,planned,MEC-02,9925.0
8717,29,2026-05-18 15:56:00,2026-05-18 18:05:00,unplanned,MAT-01,
8718,10,2026-04-15 19:37:00,2026-04-15 19:49:00,planned,MEC-01,6917.0
8719,18,2026-01-07 11:02:00,2026-01-07 11:49:00,planned,MAT-01,5187.0
8720,14,2026-06-21 03:13:00,2026-06-21 03:24:00,unplanned,MAT-01,
8721,48,2026-02-09 16:10:00,2026-02-09 17:56:00,unplanned,ELEC-01,2088.0
8722,43,2026-02-01 06:58:00,2026-02-01 07:09:00,planned,MEC-02,
8723,11,2026-02-23 08:53:00,2026-02-23 11:40:00,unplanned,ELEC-01,
8724,40,2026-02-28 00:58:00,2026-02-28 01:15:00,unplanned,MEC-02,
8725,7,2026-04-06 00:29:00,2026-04-06 01:29:00,unplanned,MEC-01,
8726,12,2026-05-20 15:53:00,2026-05-20 18:01:00,unplanned,MEC-02,7452.0
8727,42,2026-04-19 06:17:00,2026-04-19 08:41:00,planned,CAL-01,9146.0
8728,19,2026-03-12 21:30:00,2026-03-12 21:36:00,planned,MEC-02,21.0
8729,47,2026-05-24 21:34:00,2026-05-25 00:17:00,unplanned,MEC-01,
8730,43,2026-03-08 17:45:00,2026-03-08 18:24:00,unplanned,MEC-02,
8731,28,2026-06-03 14:20:00,2026-06-03 16:47:00,unplanned,CAL-01,
8732,17,2026-01-25 11:26:00,2026-01-25 11:46:00,planned,CAL-01,7348.0
8733,6,2026-06-13 03:00:00,2026-06-13 05:20:00,planned,MAT-01,8312.0
8734,23,2026-03-28 10:35:00,2026-03-28 10:44:00,unplanned,MEC-02,3019.0
8735,38,2026-02-01 01:12:00,2026-02-01 02:59:00,planned,ELEC-01,3758.0
8736,39,2026-03-26 09:23:00,2026-03-26 10:13:00,planned,MAT-01,399.0
8737,41,2026-02-07 02:55:00,2026-02-07 05:20:00,planned,MAT-01,6210.0
8738,22,2026-03-17 23:49:00,2026-03-18 02:42:00,unplanned,ELEC-01,4542.0
8739,10,2026-06-25 04:09:00,2026-06-25 04:52:00,planned,MEC-02,962.0
8740,2,2026-04-24 15:46:00,2026-04-24 18:46:00,planned,MAT-01,
8741,25,2026-05-27 13:47:00,2026-05-27 15:28:00,unplanned,ELEC-01,2633.0
8742,41,2026-01-26 17:17:00,2026-01-26 19:51:00,planned,MAT-01,4357.0
8743,25,2026-01-16 15:51:00,2026-01-16 17:50:00,unplanned,MEC-02,6310.0
8744,19,2026-01-24 04:32:00,2026-01-24 04:54:00,planned,MEC-01,7989.0
8745,11,2026-02-26 09:42:00,2026-02-26 10:15:00,unplanned,MAT-01,
8746,21,2026-06-19 00:32:00,2026-06-19 01:00:00,planned,MEC-01,6162.0
8747,10,2026-05-09 07:06:00,2026-05-09 09:32:00,unplanned,MAT-01,1949.0
8748,13,2026-01-28 01:22:00,2026-01-28 04:04:00,unplanned,MEC-02,5981.0
8749,36,2026-06-13 14:23:00,2026-06-13 15:42:00,unplanned,MAT-01,4951.0
8750,23,2026-06-04 04:45:00,2026-06-04 06:43:00,planned,MEC-02,
8751,47,2026-05-01 21:19:00,2026-05-01 23:25:00,planned,MEC-02,1722.0
8752,33,2026-03-18 19:09:00,2026-03-18 21:23:00,planned,MEC-02,9050.0
8753,28,2026-04-21 10:03:00,2026-04-21 11:55:00,planned,ELEC-01,8037.0
8754,23,2026-04-02 02:06:00,2026-04-02 04:14:00,unplanned,MAT-01,
8755,46,2026-06-16 12:08:00,2026-06-16 13:02:00,planned,MAT-01,
8756,2,2026-02-06 18:52:00,2026-02-06 21:17:00,planned,CAL-01,4246.0
8757,50,2026-01-06 16:20:00,2026-01-06 19:18:00,planned,ELEC-01,4618.0
8758,17,2026-04-15 12:40:00,2026-04-15 14:05:00,unplanned,MEC-02,
8759,19,2026-06-19 02:36:00,2026-06-19 05:04:00,planned,MAT-01,5590.0
8760,38,2026-05-08 03:17:00,2026-05-08 04:34:00,unplanned,MEC-02,7525.0
8761,3,2026-06-06 20:24:00,2026-06-06 21:39:00,planned,MEC-01,3456.0
8762,40,2026-01-20 03:12:00,2026-01-20 05:28:00,planned,MEC-01,4694.0
8763,10,2026-01-03 16:40:00,2026-01-03 17:42:00,unplanned,MEC-01,382.0
8764,48,2026-05-01 05:45:00,2026-05-01 07:01:00,planned,MEC-01,
8765,43,2026-01-01 04:02:00,2026-01-01 05:20:00,unplanned,MEC-02,8406.0
8766,34,2026-05-02 08:09:00,2026-05-02 09:20:00,planned,MAT-01,
8767,29,2026-06-08 09:50:00,2026-06-08 12:23:00,unplanned,ELEC-01,
8768,7,2026-03-17 03:04:00,2026-03-17 03:36:00,unplanned,CAL-01,
8769,36,2026-01-13 22:37:00,2026-01-14 00:26:00,unplanned,ELEC-01,3970.0
8770,36,2026-02-10 14:10:00,2026-02-10 14:50:00,unplanned,CAL-01,1653.0
8771,48,2026-05-10 01:39:00,2026-05-10 04:00:00,unplanned,MAT-01,
8772,12,2026-05-16 04:48:00,2026-05-16 07:31:00,planned,MEC-01,3338.0
8773,19,2026-03-15 15:12:00,2026-03-15 16:37:00,unplanned,MEC-02,9019.0
8774,23,2026-02-04 16:16:00,2026-02-04 19:16:00,unplanned,MEC-02,
8775,36,2026-01-01 08:41:00,2026-01-01 09:19:00,planned,MEC-02,
8776,12,2026-06-24 13:40:00,2026-06-24 14:18:00,unplanned,MEC-02,2311.0
8777,10,2026-02-12 01:07:00,2026-02-12 01:37:00,unplanned,MAT-01,7279.0
8778,10,2026-03-18 19:56:00,2026-03-18 20:57:00,planned,CAL-01,7185.0
8779,49,2026-01-22 12:13:00,2026-01-22 12:47:00,unplanned,MAT-01,
8780,15,2026-04-23 20:04:00,2026-04-23 22:18:00,planned,ELEC-01,9764.0
8781,19,2026-01-22 11:54:00,2026-01-22 13:48:00,planned,MEC-02,
8782,36,2026-04-18 19:27:00,2026-04-18 21:01:00,planned,ELEC-01,8620.0
8783,37,2026-06-26 11:39:00,2026-06-26 14:13:00,unplanned,ELEC-01,1206.0
8784,43,2026-02-25 07:13:00,2026-02-25 07:48:00,planned,ELEC-01,6466.0
8785,8,2026-03-16 17:51:00,2026-03-16 18:24:00,planned,MEC-02,5175.0
8786,29,2026-01-21 05:07:00,2026-01-21 05:19:00,unplanned,MEC-01,
8787,40,2026-04-30 18:49:00,2026-04-30 21:06:00,unplanned,ELEC-01,8805.0
8788,20,2026-05-26 00:07:00,2026-05-26 02:51:00,planned,CAL-01,4313.0
8789,12,2026-03-07 18:34:00,2026-03-07 19:22:00,planned,MEC-01,
8790,25,2026-04-03 12:57:00,2026-04-03 14:44:00,unplanned,CAL-01,7316.0
8791,49,2026-03-29 19:04:00,2026-03-29 20:56:00,planned,ELEC-01,
8792,3,2026-02-18 13:24:00,2026-02-18 14:35:00,unplanned,MEC-02,4124.0
8793,38,2026-03-27 15:49:00,2026-03-27 16:24:00,planned,MEC-02,5752.0
8794,9,2026-01-09 13:20:00,2026-01-09 14:53:00,unplanned,MEC-01,
8795,35,2026-05-24 20:48:00,2026-05-24 21:30:00,planned,MAT-01,3858.0
8796,1,2026-05-09 04:23:00,2026-05-09 05:22:00,planned,CAL-01,7834.0
8797,9,2026-03-29 05:33:00,2026-03-29 07:29:00,unplanned,MAT-01,2425.0
8798,31,2026-01-23 19:55:00,2026-01-23 21:00:00,unplanned,MEC-02,37.0
8799,4,2026-05-19 01:34:00,2026-05-19 03:34:00,planned,MAT-01,9092.0
8800,16,2026-06-09 00:43:00,2026-06-09 02:03:00,unplanned,ELEC-01,
8801,37,2026-06-16 14:32:00,2026-06-16 16:32:00,planned,ELEC-01,2880.0
8802,18,2026-06-14 09:58:00,2026-06-14 11:39:00,unplanned,CAL-01,8206.0
8803,31,2026-05-31 08:59:00,2026-05-31 11:42:00,planned,ELEC-01,6678.0
8804,45,2026-04-16 16:57:00,2026-04-16 19:11:00,planned,ELEC-01,8302.0
8805,15,2026-02-05 14:26:00,2026-02-05 17:10:00,planned,MEC-02,7773.0
8806,49,2026-01-22 09:22:00,2026-01-22 10:54:00,unplanned,ELEC-01,
8807,39,2026-02-16 16:11:00,2026-02-16 16:32:00,planned,CAL-01,
8808,26,2026-02-12 20:14:00,2026-02-12 22:52:00,unplanned,MAT-01,1492.0
8809,48,2026-02-21 09:50:00,2026-02-21 12:33:00,unplanned,MAT-01,418.0
8810,15,2026-01-31 22:49:00,2026-02-01 01:30:00,planned,MEC-02,928.0
8811,42,2026-02-23 03:06:00,2026-02-23 03:36:00,planned,MEC-01,
8812,23,2026-06-22 03:48:00,2026-06-22 03:53:00,unplanned,MAT-01,786.0
8813,12,2026-03-21 07:03:00,2026-03-21 08:17:00,unplanned,CAL-01,3191.0
8814,46,2026-02-07 12:49:00,2026-02-07 15:31:00,unplanned,ELEC-01,
8815,41,2026-01-15 01:57:00,2026-01-15 03:36:00,unplanned,MEC-01,5968.0
8816,31,2026-04-23 04:01:00,2026-04-23 05:34:00,planned,MEC-01,4090.0
8817,18,2026-05-25 02:45:00,2026-05-25 04:41:00,planned,MAT-01,
8818,10,2026-05-10 18:20:00,2026-05-10 19:06:00,planned,CAL-01,664.0
8819,37,2026-01-27 21:28:00,2026-01-28 00:23:00,planned,CAL-01,
8820,25,2026-05-10 20:21:00,2026-05-10 21:16:00,unplanned,CAL-01,4331.0
8821,25,2026-02-13 13:36:00,2026-02-13 16:16:00,planned,MEC-02,5900.0
8822,32,2026-06-18 16:39:00,2026-06-18 17:44:00,unplanned,ELEC-01,3909.0
8823,8,2026-04-09 19:44:00,2026-04-09 22:24:00,planned,CAL-01,
8824,12,2026-01-24 13:19:00,2026-01-24 14:53:00,planned,MAT-01,
8825,25,2026-06-20 00:51:00,2026-06-20 03:11:00,unplanned,MEC-02,4579.0
8826,49,2026-03-16 02:18:00,2026-03-16 04:37:00,unplanned,CAL-01,1859.0
8827,10,2026-06-16 06:07:00,2026-06-16 07:02:00,unplanned,CAL-01,3667.0
8828,50,2026-01-17 11:15:00,2026-01-17 12:04:00,planned,MEC-01,6364.0
8829,18,2026-01-17 22:03:00,2026-01-17 22:19:00,planned,ELEC-01,
8830,37,2026-03-01 14:11:00,2026-03-01 14:17:00,planned,CAL-01,5832.0
8831,14,2026-01-07 04:34:00,2026-01-07 04:42:00,planned,MAT-01,1052.0
8832,35,2026-04-28 14:47:00,2026-04-28 16:54:00,planned,MAT-01,9554.0
8833,4,2026-06-24 09:51:00,2026-06-24 12:13:00,planned,MEC-01,6162.0
8834,49,2026-02-23 01:00:00,2026-02-23 02:35:00,planned,MEC-02,2212.0
8835,40,2026-05-28 19:36:00,2026-05-28 19:51:00,planned,MEC-02,8359.0
8836,41,2026-02-27 11:00:00,2026-02-27 12:31:00,unplanned,MAT-01,6371.0
8837,26,2026-01-31 03:11:00,2026-01-31 05:45:00,unplanned,MEC-02,3622.0
8838,10,2026-06-17 05:09:00,2026-06-17 05:44:00,unplanned,MAT-01,
8839,27,2026-04-22 23:03:00,2026-04-23 01:10:00,unplanned,MEC-02,2265.0
8840,7,2026-04-18 13:00:00,2026-04-18 13:32:00,unplanned,MAT-01,2071.0
8841,4,2026-04-09 15:24:00,2026-04-09 17:38:00,planned,CAL-01,
8842,31,2026-03-21 16:29:00,2026-03-21 19:22:00,unplanned,MEC-01,2601.0
8843,48,2026-03-19 13:08:00,2026-03-19 13:49:00,unplanned,MEC-02,
8844,22,2026-06-08 18:42:00,2026-06-08 19:17:00,unplanned,ELEC-01,1997.0
8845,45,2026-03-21 19:58:00,2026-03-21 22:33:00,planned,ELEC-01,
8846,34,2026-03-01 11:36:00,2026-03-01 13:06:00,planned,MEC-01,1578.0
8847,26,2026-03-24 02:37:00,2026-03-24 05:07:00,planned,MEC-02,8172.0
8848,42,2026-05-29 09:55:00,2026-05-29 12:19:00,unplanned,MEC-01,
8849,13,2026-01-27 06:09:00,2026-01-27 07:45:00,planned,MAT-01,4113.0
8850,5,2026-02-09 18:08:00,2026-02-09 19:43:00,planned,MEC-01,5290.0
8851,24,2026-04-19 17:07:00,2026-04-19 17:40:00,unplanned,MAT-01,
8852,34,2026-03-15 21:04:00,2026-03-15 22:31:00,planned,MEC-02,
8853,50,2026-03-03 21:36:00,2026-03-03 21:51:00,unplanned,CAL-01,586.0
8854,11,2026-03-07 18:40:00,2026-03-07 20:59:00,unplanned,MEC-01,6739.0
8855,35,2026-01-14 01:14:00,2026-01-14 02:05:00,unplanned,CAL-01,
8856,10,2026-06-21 01:38:00,2026-06-21 01:59:00,planned,MEC-01,3012.0
8857,45,2026-05-08 19:35:00,2026-05-08 22:18:00,planned,CAL-01,
8858,34,2026-06-04 07:48:00,2026-06-04 09:35:00,unplanned,MAT-01,
8859,5,2026-01-12 02:11:00,2026-01-12 02:17:00,unplanned,MEC-01,5038.0
8860,20,2026-02-14 02:54:00,2026-02-14 04:57:00,unplanned,MEC-01,
8861,41,2026-06-17 02:05:00,2026-06-17 02:50:00,unplanned,ELEC-01,3983.0
8862,48,2026-05-08 06:07:00,2026-05-08 09:03:00,planned,MAT-01,9234.0
8863,35,2026-06-14 16:45:00,2026-06-14 19:43:00,unplanned,MAT-01,
8864,1,2026-02-11 10:43:00,2026-02-11 13:27:00,unplanned,MEC-01,8603.0
8865,49,2026-03-28 20:46:00,2026-03-28 22:33:00,planned,ELEC-01,3701.0
8866,41,2026-06-25 01:27:00,2026-06-25 02:21:00,planned,MEC-01,2036.0
8867,13,2026-02-15 21:08:00,2026-02-15 23:08:00,unplanned,MAT-01,269.0
8868,13,2026-04-26 06:05:00,2026-04-26 07:32:00,unplanned,MEC-02,5032.0
8869,38,2026-01-15 11:04:00,2026-01-15 13:12:00,planned,MEC-02,127.0
8870,38,2026-05-24 19:03:00,2026-05-24 20:46:00,unplanned,MEC-02,160.0
8871,4,2026-06-29 20:07:00,2026-06-29 22:12:00,planned,ELEC-01,389.0
8872,50,2026-04-12 17:25:00,2026-04-12 20:15:00,unplanned,MAT-01,
8873,8,2026-01-15 19:43:00,2026-01-15 21:25:00,unplanned,MAT-01,
8874,39,2026-01-08 03:20:00,2026-01-08 04:50:00,unplanned,MAT-01,5703.0
8875,15,2026-03-23 09:01:00,2026-03-23 11:26:00,unplanned,MEC-02,2706.0
8876,32,2026-06-14 08:18:00,2026-06-14 09:59:00,planned,MAT-01,8914.0
8877,15,2026-04-03 12:03:00,2026-04-03 14:41:00,unplanned,MEC-02,99.0
8878,36,2026-01-31 05:41:00,2026-01-31 07:26:00,planned,CAL-01,
8879,26,2026-01-03 04:33:00,2026-01-03 07:23:00,planned,MAT-01,
8880,45,2026-04-18 08:31:00,2026-04-18 08:36:00,planned,MAT-01,9343.0
8881,29,2026-04-07 11:18:00,2026-04-07 11:47:00,planned,MAT-01,8286.0
8882,21,2026-06-21 14:28:00,2026-06-21 14:49:00,unplanned,CAL-01,2624.0
8883,4,2026-03-22 06:07:00,2026-03-22 07:43:00,planned,CAL-01,1139.0
8884,16,2026-03-12 14:29:00,2026-03-12 16:43:00,unplanned,MEC-02,7095.0
8885,45,2026-06-05 23:21:00,2026-06-06 00:33:00,unplanned,ELEC-01,6439.0
8886,21,2026-05-11 15:35:00,2026-05-11 17:40:00,planned,CAL-01,8654.0
8887,2,2026-06-02 18:45:00,2026-06-02 21:21:00,planned,CAL-01,9756.0
8888,29,2026-05-05 02:33:00,2026-05-05 03:18:00,planned,MEC-01,6248.0
8889,37,2026-02-28 19:43:00,2026-02-28 20:56:00,planned,MEC-01,2776.0
8890,44,2026-03-21 18:40:00,2026-03-21 21:09:00,planned,MEC-02,2619.0
8891,35,2026-01-21 10:01:00,2026-01-21 12:24:00,planned,MEC-02,3497.0
8892,8,2026-02-06 17:06:00,2026-02-06 17:31:00,planned,ELEC-01,
8893,28,2026-03-13 09:49:00,2026-03-13 12:12:00,planned,MEC-01,5293.0
8894,44,2026-05-06 05:42:00,2026-05-06 07:32:00,planned,ELEC-01,7281.0
8895,40,2026-04-21 16:41:00,2026-04-21 19:41:00,unplanned,CAL-01,9801.0
8896,19,2026-02-22 18:41:00,2026-02-22 19:51:00,unplanned,MEC-01,
8897,1,2026-05-29 11:52:00,2026-05-29 14:32:00,unplanned,MAT-01,
8898,10,2026-05-15 04:25:00,2026-05-15 06:34:00,unplanned,ELEC-01,3049.0
8899,29,2026-06-13 01:43:00,2026-06-13 03:33:00,unplanned,ELEC-01,7006.0
8900,16,2026-02-15 17:33:00,2026-02-15 18:41:00,planned,CAL-01,4319.0
8901,27,2026-06-02 10:21:00,2026-06-02 10:33:00,unplanned,CAL-01,1708.0
8902,31,2026-06-25 16:14:00,2026-06-25 16:19:00,planned,MEC-01,
8903,37,2026-01-14 10:07:00,2026-01-14 12:00:00,planned,CAL-01,736.0
8904,17,2026-05-16 15:40:00,2026-05-16 15:57:00,unplanned,MEC-01,
8905,43,2026-06-25 22:42:00,2026-06-26 01:41:00,planned,MEC-01,
8906,11,2026-01-30 09:55:00,2026-01-30 12:23:00,unplanned,MEC-02,3265.0
8907,21,2026-05-07 08:46:00,2026-05-07 09:00:00,unplanned,ELEC-01,5925.0
8908,3,2026-05-13 05:20:00,2026-05-13 07:45:00,planned,MEC-02,8822.0
8909,23,2026-01-05 13:31:00,2026-01-05 15:38:00,planned,MAT-01,
8910,25,2026-01-29 05:33:00,2026-01-29 06:52:00,planned,CAL-01,7717.0
8911,44,2026-03-30 10:38:00,2026-03-30 13:09:00,unplanned,MEC-01,9384.0
8912,27,2026-03-16 18:21:00,2026-03-16 21:09:00,unplanned,CAL-01,1836.0
8913,46,2026-06-18 14:57:00,2026-06-18 16:31:00,planned,CAL-01,1083.0
8914,30,2026-03-22 21:04:00,2026-03-22 23:50:00,planned,CAL-01,2278.0
8915,48,2026-02-05 04:41:00,2026-02-05 06:41:00,unplanned,CAL-01,4014.0
8916,8,2026-04-01 08:03:00,2026-04-01 10:36:00,planned,MAT-01,
8917,48,2026-06-14 10:29:00,2026-06-14 11:18:00,unplanned,MAT-01,5368.0
8918,6,2026-04-17 17:13:00,2026-04-17 17:29:00,planned,MAT-01,
8919,7,2026-01-27 21:08:00,2026-01-27 22:35:00,unplanned,MEC-01,
8920,32,2026-01-13 17:23:00,2026-01-13 20:23:00,planned,MEC-02,
8921,14,2026-02-13 10:53:00,2026-02-13 12:48:00,unplanned,MAT-01,2044.0
8922,21,2026-02-08 09:39:00,2026-02-08 10:15:00,unplanned,MEC-02,4890.0
8923,22,2026-05-16 03:12:00,2026-05-16 04:33:00,unplanned,MAT-01,7258.0
8924,7,2026-03-30 18:39:00,2026-03-30 19:09:00,unplanned,ELEC-01,5178.0
8925,1,2026-06-25 07:19:00,2026-06-25 07:40:00,unplanned,ELEC-01,3289.0
8926,10,2026-06-24 02:24:00,2026-06-24 05:20:00,planned,MAT-01,
8927,25,2026-05-04 00:45:00,2026-05-04 02:34:00,planned,CAL-01,642.0
8928,48,2026-02-07 05:49:00,2026-02-07 08:08:00,planned,MEC-02,
8929,49,2026-02-01 02:51:00,2026-02-01 04:14:00,unplanned,MEC-01,5332.0
8930,6,2026-04-20 20:36:00,2026-04-20 21:05:00,unplanned,CAL-01,4628.0
8931,31,2026-06-07 17:42:00,2026-06-07 18:56:00,unplanned,CAL-01,602.0
8932,8,2026-05-30 00:04:00,2026-05-30 02:32:00,unplanned,ELEC-01,9275.0
8933,46,2026-03-19 14:00:00,2026-03-19 16:25:00,unplanned,CAL-01,1883.0
8934,37,2026-06-07 04:05:00,2026-06-07 04:23:00,unplanned,ELEC-01,1994.0
8935,15,2026-02-10 00:15:00,2026-02-10 01:36:00,planned,MAT-01,9356.0
8936,36,2026-04-14 04:43:00,2026-04-14 06:27:00,planned,MEC-02,
8937,22,2026-03-10 01:17:00,2026-03-10 03:40:00,planned,MEC-02,
8938,36,2026-06-27 10:19:00,2026-06-27 10:29:00,planned,ELEC-01,7547.0
8939,19,2026-06-24 21:02:00,2026-06-24 23:16:00,unplanned,MAT-01,
8940,2,2026-05-15 13:19:00,2026-05-15 14:35:00,planned,MEC-01,6043.0
8941,23,2026-03-03 04:11:00,2026-03-03 04:44:00,planned,MEC-02,3212.0
8942,29,2026-04-24 04:35:00,2026-04-24 06:45:00,unplanned,ELEC-01,9920.0
8943,31,2026-02-24 11:37:00,2026-02-24 14:33:00,unplanned,ELEC-01,3647.0
8944,31,2026-01-23 07:59:00,2026-01-23 10:35:00,planned,MAT-01,3372.0
8945,8,2026-01-29 00:37:00,2026-01-29 03:18:00,planned,MEC-01,
8946,23,2026-04-24 23:52:00,2026-04-25 00:07:00,planned,ELEC-01,5212.0
8947,2,2026-04-09 02:22:00,2026-04-09 03:09:00,planned,ELEC-01,9897.0
8948,47,2026-04-08 14:53:00,2026-04-08 16:55:00,planned,MEC-02,
8949,34,2026-03-24 03:54:00,2026-03-24 05:22:00,unplanned,MAT-01,2308.0
8950,8,2026-02-01 15:58:00,2026-02-01 16:40:00,unplanned,MEC-02,
8951,25,2026-05-20 14:22:00,2026-05-20 15:31:00,planned,ELEC-01,
8952,34,2026-03-20 02:52:00,2026-03-20 05:32:00,unplanned,ELEC-01,
8953,2,2026-03-26 12:40:00,2026-03-26 13:18:00,unplanned,CAL-01,
8954,13,2026-05-02 07:44:00,2026-05-02 10:18:00,planned,MAT-01,7715.0
8955,19,2026-05-27 06:38:00,2026-05-27 08:16:00,unplanned,MEC-02,3113.0
8956,14,2026-03-15 07:01:00,2026-03-15 08:03:00,planned,CAL-01,7563.0
8957,11,2026-05-01 16:49:00,2026-05-01 17:43:00,planned,MEC-01,
8958,4,2026-03-23 00:55:00,2026-03-23 03:47:00,unplanned,ELEC-01,3761.0
8959,39,2026-04-25 08:30:00,2026-04-25 09:54:00,planned,CAL-01,5476.0
8960,44,2026-01-17 14:52:00,2026-01-17 16:16:00,unplanned,ELEC-01,9089.0
8961,26,2026-03-28 12:19:00,2026-03-28 14:34:00,planned,CAL-01,6465.0
8962,36,2026-03-31 09:10:00,2026-03-31 10:02:00,planned,CAL-01,3122.0
8963,9,2026-01-18 08:23:00,2026-01-18 09:48:00,planned,ELEC-01,
8964,21,2026-01-13 17:08:00,2026-01-13 17:32:00,planned,CAL-01,
8965,24,2026-04-28 10:04:00,2026-04-28 11:50:00,unplanned,MAT-01,8622.0
8966,28,2026-02-19 12:11:00,2026-02-19 14:21:00,unplanned,MEC-01,1013.0
8967,16,2026-05-24 04:33:00,2026-05-24 04:39:00,planned,MEC-01,2025.0
8968,47,2026-05-18 22:20:00,2026-05-18 23:40:00,planned,ELEC-01,9525.0
8969,24,2026-02-18 06:54:00,2026-02-18 07:11:00,unplanned,ELEC-01,
8970,15,2026-06-13 19:50:00,2026-06-13 19:57:00,unplanned,MEC-01,1905.0
8971,48,2026-03-04 21:12:00,2026-03-04 22:52:00,unplanned,MAT-01,
8972,25,2026-01-24 00:08:00,2026-01-24 01:21:00,planned,MAT-01,6315.0
8973,48,2026-04-11 12:53:00,2026-04-11 14:16:00,planned,CAL-01,
8974,27,2026-06-13 13:56:00,2026-06-13 14:10:00,planned,CAL-01,9693.0
8975,6,2026-04-11 19:19:00,2026-04-11 21:20:00,unplanned,ELEC-01,8091.0
8976,2,2026-01-02 03:14:00,2026-01-02 05:35:00,unplanned,MAT-01,5362.0
8977,33,2026-05-09 01:16:00,2026-05-09 04:15:00,planned,MEC-01,928.0
8978,45,2026-06-21 23:46:00,2026-06-22 00:23:00,unplanned,MEC-01,
8979,13,2026-06-11 14:03:00,2026-06-11 14:33:00,unplanned,MAT-01,6772.0
8980,27,2026-05-08 15:36:00,2026-05-08 16:36:00,planned,MEC-01,6710.0
8981,32,2026-06-11 03:43:00,2026-06-11 04:53:00,planned,CAL-01,
8982,1,2026-04-16 08:20:00,2026-04-16 10:10:00,planned,ELEC-01,
8983,40,2026-05-08 12:08:00,2026-05-08 14:21:00,unplanned,MEC-01,
8984,37,2026-05-09 11:58:00,2026-05-09 13:26:00,unplanned,MAT-01,1368.0
8985,24,2026-05-29 00:13:00,2026-05-29 01:22:00,unplanned,CAL-01,9446.0
8986,3,2026-01-18 05:08:00,2026-01-18 07:59:00,planned,MEC-02,3932.0
8987,17,2026-02-23 06:56:00,2026-02-23 08:07:00,planned,MEC-02,9497.0
8988,49,2026-01-18 20:58:00,2026-01-18 23:45:00,planned,CAL-01,3432.0
8989,4,2026-01-20 12:56:00,2026-01-20 14:30:00,planned,CAL-01,1481.0
8990,48,2026-05-18 05:59:00,2026-05-18 08:55:00,planned,MEC-02,1389.0
8991,34,2026-06-11 18:46:00,2026-06-11 19:13:00,planned,ELEC-01,
8992,5,2026-03-26 18:12:00,2026-03-26 20:05:00,planned,MEC-01,8001.0
8993,27,2026-06-01 09:46:00,2026-06-01 10:32:00,unplanned,MAT-01,4461.0
8994,19,2026-05-16 14:51:00,2026-05-16 15:20:00,planned,MEC-02,3489.0
8995,23,2026-01-29 16:51:00,2026-01-29 17:45:00,planned,CAL-01,8413.0
8996,33,2026-03-01 16:58:00,2026-03-01 19:10:00,planned,MEC-02,9459.0
8997,27,2026-02-05 22:01:00,2026-02-05 23:35:00,unplanned,MEC-01,6551.0
8998,33,2026-04-23 14:46:00,2026-04-23 17:00:00,planned,MAT-01,3046.0
8999,19,2026-01-19 08:01:00,2026-01-19 08:25:00,unplanned,MAT-01,4424.0
9000,19,2026-05-11 20:47:00,2026-05-11 22:16:00,unplanned,MEC-02,872.0
9001,33,2026-03-02 13:05:00,2026-03-02 14:44:00,planned,MEC-02,9036.0
9002,45,2026-03-02 06:32:00,2026-03-02 08:50:00,unplanned,MEC-01,
9003,12,2026-03-20 18:59:00,2026-03-20 19:20:00,planned,CAL-01,8680.0
9004,20,2026-04-20 03:46:00,2026-04-20 04:51:00,planned,MEC-02,6186.0
9005,43,2026-01-07 01:35:00,2026-01-07 02:02:00,unplanned,MAT-01,
9006,6,2026-03-07 07:02:00,2026-03-07 08:04:00,planned,MEC-01,2688.0
9007,34,2026-01-03 12:31:00,2026-01-03 14:13:00,planned,MAT-01,
9008,14,2026-01-29 00:53:00,2026-01-29 02:43:00,unplanned,MEC-01,
9009,34,2026-02-24 22:08:00,2026-02-25 00:56:00,planned,MAT-01,9148.0
9010,27,2026-03-05 10:39:00,2026-03-05 12:37:00,planned,MAT-01,2529.0
9011,30,2026-05-21 16:54:00,2026-05-21 19:31:00,planned,MEC-01,8062.0
9012,38,2026-02-08 23:00:00,2026-02-09 01:38:00,planned,CAL-01,3675.0
9013,22,2026-02-10 03:07:00,2026-02-10 05:34:00,unplanned,ELEC-01,9445.0
9014,23,2026-04-30 19:16:00,2026-04-30 20:51:00,planned,MAT-01,
9015,1,2026-05-10 12:14:00,2026-05-10 14:40:00,unplanned,CAL-01,
9016,18,2026-01-26 00:22:00,2026-01-26 00:39:00,planned,MAT-01,4078.0
9017,39,2026-06-09 17:44:00,2026-06-09 18:57:00,planned,ELEC-01,2979.0
9018,7,2026-05-26 07:19:00,2026-05-26 09:45:00,planned,MEC-02,8958.0
9019,11,2026-06-22 14:58:00,2026-06-22 17:04:00,unplanned,CAL-01,8371.0
9020,8,2026-02-18 11:32:00,2026-02-18 14:09:00,unplanned,MEC-02,
9021,3,2026-06-05 03:29:00,2026-06-05 04:21:00,unplanned,CAL-01,
9022,35,2026-03-09 10:10:00,2026-03-09 10:55:00,unplanned,MEC-01,
9023,49,2026-06-05 10:56:00,2026-06-05 11:12:00,unplanned,ELEC-01,3067.0
9024,43,2026-02-01 09:03:00,2026-02-01 11:23:00,planned,MAT-01,
9025,13,2026-03-23 18:11:00,2026-03-23 20:37:00,planned,MEC-02,
9026,25,2026-05-27 13:06:00,2026-05-27 13:41:00,unplanned,MAT-01,
9027,21,2026-04-16 20:37:00,2026-04-16 21:36:00,planned,MEC-02,1121.0
9028,27,2026-06-10 03:50:00,2026-06-10 06:15:00,planned,MEC-01,8935.0
9029,31,2026-05-02 01:00:00,2026-05-02 01:09:00,unplanned,MAT-01,2295.0
9030,20,2026-01-13 15:02:00,2026-01-13 17:21:00,planned,MEC-02,7763.0
9031,50,2026-05-24 19:52:00,2026-05-24 20:29:00,unplanned,MEC-01,
9032,36,2026-04-29 12:16:00,2026-04-29 12:55:00,unplanned,CAL-01,9589.0
9033,47,2026-04-01 22:38:00,2026-04-01 22:47:00,unplanned,MEC-02,5923.0
9034,42,2026-01-05 19:55:00,2026-01-05 20:33:00,unplanned,MEC-02,
9035,29,2026-06-02 06:53:00,2026-06-02 08:42:00,unplanned,MEC-02,
9036,31,2026-03-18 23:16:00,2026-03-19 00:29:00,unplanned,CAL-01,7221.0
9037,38,2026-05-29 09:15:00,2026-05-29 12:07:00,planned,MEC-02,
9038,30,2026-06-01 07:09:00,2026-06-01 08:26:00,unplanned,MAT-01,8358.0
9039,20,2026-02-08 18:11:00,2026-02-08 18:53:00,planned,ELEC-01,
9040,31,2026-02-04 10:03:00,2026-02-04 10:41:00,unplanned,MEC-01,
9041,32,2026-04-27 15:27:00,2026-04-27 15:34:00,unplanned,MEC-02,9548.0
9042,14,2026-06-21 19:04:00,2026-06-21 20:39:00,unplanned,MAT-01,2729.0
9043,22,2026-02-25 20:43:00,2026-02-25 22:48:00,planned,CAL-01,3658.0
9044,32,2026-02-12 02:31:00,2026-02-12 04:58:00,unplanned,MAT-01,3597.0
9045,29,2026-03-15 17:52:00,2026-03-15 19:10:00,planned,MAT-01,9380.0
9046,26,2026-02-17 03:01:00,2026-02-17 04:52:00,unplanned,MEC-02,5254.0
9047,26,2026-02-02 10:27:00,2026-02-02 10:43:00,unplanned,MAT-01,3787.0
9048,43,2026-01-22 06:18:00,2026-01-22 07:20:00,planned,CAL-01,1763.0
9049,34,2026-05-28 13:41:00,2026-05-28 14:03:00,unplanned,CAL-01,1309.0
9050,6,2026-03-02 12:40:00,2026-03-02 13:32:00,unplanned,MAT-01,8970.0
9051,31,2026-03-19 22:05:00,2026-03-20 00:42:00,unplanned,MAT-01,
9052,42,2026-05-18 14:55:00,2026-05-18 16:01:00,planned,MEC-01,3577.0
9053,3,2026-03-07 03:43:00,2026-03-07 04:20:00,planned,ELEC-01,9819.0
9054,31,2026-03-21 17:31:00,2026-03-21 19:50:00,planned,ELEC-01,
9055,23,2026-01-04 23:18:00,2026-01-05 00:02:00,planned,MEC-02,8544.0
9056,26,2026-06-04 02:20:00,2026-06-04 03:36:00,planned,MAT-01,9738.0
9057,20,2026-04-01 00:55:00,2026-04-01 01:16:00,unplanned,ELEC-01,4897.0
9058,48,2026-01-27 16:41:00,2026-01-27 18:25:00,planned,MEC-01,2524.0
9059,50,2026-03-16 05:53:00,2026-03-16 08:03:00,unplanned,MEC-01,
9060,27,2026-04-06 02:53:00,2026-04-06 04:17:00,planned,ELEC-01,8851.0
9061,34,2026-02-10 20:29:00,2026-02-10 22:18:00,planned,ELEC-01,3174.0
9062,1,2026-01-06 23:40:00,2026-01-07 00:25:00,planned,ELEC-01,4086.0
9063,29,2026-03-08 15:51:00,2026-03-08 17:10:00,planned,MAT-01,3954.0
9064,13,2026-05-06 10:53:00,2026-05-06 13:44:00,unplanned,CAL-01,1804.0
9065,4,2026-03-29 15:08:00,2026-03-29 18:05:00,unplanned,CAL-01,
9066,40,2026-05-20 08:13:00,2026-05-20 09:59:00,unplanned,CAL-01,6667.0
9067,50,2026-03-08 12:49:00,2026-03-08 14:48:00,planned,CAL-01,5797.0
9068,8,2026-04-11 02:22:00,2026-04-11 02:45:00,planned,MEC-02,
9069,38,2026-02-22 02:43:00,2026-02-22 04:30:00,planned,ELEC-01,
9070,6,2026-02-19 16:58:00,2026-02-19 17:40:00,planned,MAT-01,
9071,38,2026-05-20 19:07:00,2026-05-20 20:01:00,planned,MEC-01,
9072,43,2026-02-07 09:23:00,2026-02-07 09:48:00,unplanned,MEC-01,1093.0
9073,24,2026-04-01 21:31:00,2026-04-01 23:47:00,unplanned,MEC-02,8926.0
9074,32,2026-01-23 11:50:00,2026-01-23 14:30:00,planned,ELEC-01,7795.0
9075,17,2026-05-15 19:05:00,2026-05-15 20:13:00,unplanned,MEC-01,9971.0
9076,37,2026-02-28 04:58:00,2026-02-28 06:34:00,unplanned,ELEC-01,9709.0
9077,20,2026-02-19 11:33:00,2026-02-19 13:47:00,unplanned,MEC-02,3201.0
9078,15,2026-05-10 11:33:00,2026-05-10 13:02:00,unplanned,ELEC-01,5949.0
9079,10,2026-04-05 04:13:00,2026-04-05 06:23:00,planned,MAT-01,4651.0
9080,48,2026-01-20 09:58:00,2026-01-20 12:44:00,unplanned,MAT-01,5129.0
9081,32,2026-05-28 00:22:00,2026-05-28 03:10:00,planned,CAL-01,698.0
9082,23,2026-05-13 14:08:00,2026-05-13 16:44:00,unplanned,MEC-02,7408.0
9083,20,2026-01-30 01:22:00,2026-01-30 02:08:00,planned,CAL-01,9821.0
9084,45,2026-06-27 14:45:00,2026-06-27 16:27:00,planned,MEC-01,2575.0
9085,33,2026-01-13 23:09:00,2026-01-14 01:27:00,planned,MEC-02,151.0
9086,27,2026-06-16 21:12:00,2026-06-16 22:32:00,unplanned,MEC-01,4082.0
9087,30,2026-01-22 04:40:00,2026-01-22 07:08:00,planned,MEC-01,
9088,20,2026-04-15 14:37:00,2026-04-15 16:15:00,unplanned,MEC-01,9446.0
9089,15,2026-01-30 11:23:00,2026-01-30 11:34:00,unplanned,ELEC-01,2946.0
9090,18,2026-06-02 10:22:00,2026-06-02 11:06:00,unplanned,MEC-02,884.0
9091,38,2026-02-27 23:21:00,2026-02-27 23:35:00,unplanned,MEC-01,2466.0
9092,48,2026-01-07 03:37:00,2026-01-07 03:48:00,planned,ELEC-01,
9093,19,2026-03-28 04:13:00,2026-03-28 06:47:00,planned,MEC-02,678.0
9094,25,2026-06-09 04:58:00,2026-06-09 05:30:00,unplanned,MAT-01,4379.0
9095,6,2026-02-25 15:32:00,2026-02-25 18:06:00,unplanned,ELEC-01,3209.0
9096,44,2026-05-18 07:11:00,2026-05-18 09:24:00,unplanned,MAT-01,
9097,31,2026-06-02 09:39:00,2026-06-02 12:16:00,planned,CAL-01,665.0
9098,46,2026-04-01 04:50:00,2026-04-01 05:31:00,unplanned,CAL-01,
9099,14,2026-05-03 19:58:00,2026-05-03 22:45:00,planned,ELEC-01,9655.0
9100,45,2026-04-24 13:24:00,2026-04-24 15:06:00,planned,MEC-01,8702.0
9101,45,2026-06-13 19:47:00,2026-06-13 21:26:00,unplanned,MEC-02,
9102,43,2026-06-01 22:57:00,2026-06-02 00:21:00,planned,ELEC-01,6713.0
9103,37,2026-04-03 19:51:00,2026-04-03 20:11:00,planned,ELEC-01,6848.0
9104,6,2026-02-06 19:03:00,2026-02-06 21:23:00,unplanned,ELEC-01,
9105,46,2026-04-15 10:53:00,2026-04-15 11:40:00,unplanned,MEC-01,3563.0
9106,8,2026-01-03 23:27:00,2026-01-04 00:51:00,unplanned,MEC-02,
9107,49,2026-05-17 02:29:00,2026-05-17 03:21:00,unplanned,CAL-01,283.0
9108,7,2026-06-20 00:51:00,2026-06-20 01:06:00,planned,MEC-02,4814.0
9109,36,2026-06-05 07:05:00,2026-06-05 09:23:00,unplanned,CAL-01,
9110,28,2026-01-25 06:50:00,2026-01-25 09:13:00,planned,MEC-01,8031.0
9111,31,2026-02-22 15:10:00,2026-02-22 15:22:00,unplanned,MAT-01,
9112,15,2026-04-22 08:22:00,2026-04-22 09:15:00,planned,ELEC-01,
9113,14,2026-03-20 21:57:00,2026-03-20 22:54:00,planned,MEC-02,
9114,14,2026-06-28 09:50:00,2026-06-28 11:07:00,planned,MEC-02,2338.0
9115,5,2026-05-13 08:13:00,2026-05-13 10:17:00,unplanned,ELEC-01,9851.0
9116,30,2026-02-12 05:25:00,2026-02-12 08:07:00,planned,CAL-01,
9117,6,2026-03-22 06:59:00,2026-03-22 07:19:00,unplanned,MEC-02,5376.0
9118,47,2026-06-13 23:30:00,2026-06-14 02:09:00,unplanned,ELEC-01,5765.0
9119,15,2026-05-06 14:01:00,2026-05-06 15:28:00,planned,CAL-01,8403.0
9120,35,2026-05-25 07:46:00,2026-05-25 08:04:00,planned,MAT-01,5752.0
9121,6,2026-04-01 05:32:00,2026-04-01 07:18:00,planned,ELEC-01,364.0
9122,35,2026-03-15 21:45:00,2026-03-16 00:10:00,unplanned,CAL-01,7748.0
9123,34,2026-01-07 04:40:00,2026-01-07 04:46:00,unplanned,ELEC-01,6666.0
9124,6,2026-05-18 23:09:00,2026-05-19 01:24:00,planned,MEC-01,
9125,30,2026-01-04 05:26:00,2026-01-04 06:30:00,planned,ELEC-01,
9126,49,2026-01-12 06:22:00,2026-01-12 07:38:00,unplanned,MEC-01,9515.0
9127,50,2026-01-16 12:31:00,2026-01-16 14:11:00,unplanned,ELEC-01,
9128,29,2026-06-28 03:14:00,2026-06-28 05:50:00,unplanned,CAL-01,2046.0
9129,8,2026-05-07 06:55:00,2026-05-07 09:31:00,planned,MAT-01,8261.0
9130,15,2026-05-21 09:07:00,2026-05-21 09:30:00,unplanned,MEC-02,
9131,20,2026-03-14 06:22:00,2026-03-14 08:10:00,unplanned,CAL-01,7967.0
9132,43,2026-04-17 21:52:00,2026-04-17 23:09:00,planned,CAL-01,
9133,49,2026-06-04 00:02:00,2026-06-04 00:57:00,unplanned,CAL-01,1121.0
9134,4,2026-06-03 21:30:00,2026-06-04 00:22:00,unplanned,MAT-01,4373.0
9135,29,2026-06-27 08:52:00,2026-06-27 09:33:00,unplanned,MEC-02,7285.0
9136,43,2026-04-27 21:29:00,2026-04-27 23:25:00,planned,CAL-01,2324.0
9137,15,2026-05-29 10:32:00,2026-05-29 11:04:00,planned,CAL-01,7298.0
9138,9,2026-04-17 07:12:00,2026-04-17 08:53:00,unplanned,MEC-01,454.0
9139,27,2026-03-27 09:36:00,2026-03-27 09:48:00,planned,MEC-01,2139.0
9140,1,2026-06-21 04:52:00,2026-06-21 05:15:00,unplanned,CAL-01,5010.0
9141,38,2026-03-08 18:51:00,2026-03-08 19:20:00,unplanned,MEC-01,9089.0
9142,1,2026-06-27 06:26:00,2026-06-27 08:58:00,planned,ELEC-01,8210.0
9143,29,2026-04-03 20:08:00,2026-04-03 21:50:00,planned,CAL-01,7751.0
9144,35,2026-05-10 03:00:00,2026-05-10 05:29:00,unplanned,ELEC-01,
9145,23,2026-01-13 12:20:00,2026-01-13 12:48:00,planned,MAT-01,7504.0
9146,50,2026-04-07 15:22:00,2026-04-07 17:07:00,planned,ELEC-01,
9147,13,2026-06-17 06:38:00,2026-06-17 09:26:00,planned,MEC-01,
9148,50,2026-04-28 20:07:00,2026-04-28 22:54:00,planned,CAL-01,3169.0
9149,9,2026-02-11 00:48:00,2026-02-11 03:25:00,planned,MAT-01,9024.0
9150,11,2026-05-11 19:08:00,2026-05-11 22:05:00,unplanned,MEC-01,4759.0
9151,44,2026-06-19 08:34:00,2026-06-19 10:19:00,unplanned,MEC-01,6333.0
9152,43,2026-02-03 01:03:00,2026-02-03 02:19:00,planned,ELEC-01,
9153,15,2026-02-01 23:47:00,2026-02-02 02:09:00,unplanned,CAL-01,1557.0
9154,42,2026-03-16 03:24:00,2026-03-16 04:13:00,planned,MEC-02,
9155,48,2026-05-29 14:04:00,2026-05-29 16:04:00,planned,MEC-01,
9156,48,2026-01-01 12:11:00,2026-01-01 13:28:00,planned,CAL-01,
9157,10,2026-05-27 09:25:00,2026-05-27 09:46:00,unplanned,MEC-01,
9158,42,2026-02-26 22:26:00,2026-02-26 22:50:00,planned,MEC-02,3795.0
9159,31,2026-02-04 02:35:00,2026-02-04 04:48:00,unplanned,CAL-01,
9160,9,2026-03-28 17:43:00,2026-03-28 18:30:00,planned,MEC-01,
9161,41,2026-03-17 23:14:00,2026-03-18 00:58:00,unplanned,CAL-01,9890.0
9162,13,2026-04-21 03:35:00,2026-04-21 03:46:00,planned,CAL-01,162.0
9163,18,2026-01-19 14:14:00,2026-01-19 15:39:00,planned,MAT-01,
9164,25,2026-05-01 12:05:00,2026-05-01 12:46:00,planned,MEC-02,5377.0
9165,47,2026-03-17 14:11:00,2026-03-17 14:18:00,unplanned,MAT-01,4451.0
9166,39,2026-02-02 08:56:00,2026-02-02 10:16:00,unplanned,MEC-01,9669.0
9167,34,2026-02-10 17:48:00,2026-02-10 18:06:00,planned,MEC-01,
9168,2,2026-03-02 17:10:00,2026-03-02 18:08:00,unplanned,MAT-01,
9169,20,2026-05-10 12:20:00,2026-05-10 13:11:00,planned,MAT-01,5961.0
9170,27,2026-05-15 05:11:00,2026-05-15 07:43:00,unplanned,MEC-02,6044.0
9171,27,2026-05-19 07:01:00,2026-05-19 07:08:00,planned,MEC-01,6964.0
9172,43,2026-04-26 21:03:00,2026-04-26 23:14:00,planned,MAT-01,8489.0
9173,33,2026-02-03 17:01:00,2026-02-03 19:11:00,unplanned,MEC-02,5478.0
9174,20,2026-05-16 14:52:00,2026-05-16 16:18:00,unplanned,MEC-02,3241.0
9175,37,2026-02-04 11:07:00,2026-02-04 13:33:00,unplanned,ELEC-01,
9176,9,2026-04-12 08:14:00,2026-04-12 10:44:00,unplanned,MEC-01,4992.0
9177,26,2026-04-03 10:13:00,2026-04-03 11:07:00,unplanned,ELEC-01,
9178,8,2026-01-10 19:20:00,2026-01-10 19:57:00,unplanned,MEC-02,8511.0
9179,18,2026-02-02 17:01:00,2026-02-02 17:38:00,planned,CAL-01,6277.0
9180,5,2026-04-20 18:38:00,2026-04-20 18:47:00,unplanned,MAT-01,3614.0
9181,8,2026-05-08 14:51:00,2026-05-08 17:19:00,planned,ELEC-01,1687.0
9182,50,2026-06-09 16:13:00,2026-06-09 19:05:00,unplanned,ELEC-01,6211.0
9183,48,2026-05-06 08:10:00,2026-05-06 10:03:00,unplanned,CAL-01,1430.0
9184,45,2026-01-10 07:03:00,2026-01-10 08:30:00,unplanned,MEC-02,
9185,50,2026-01-22 17:19:00,2026-01-22 19:55:00,unplanned,MEC-01,3632.0
9186,40,2026-04-09 18:14:00,2026-04-09 18:34:00,unplanned,MEC-01,341.0
9187,39,2026-02-02 15:14:00,2026-02-02 16:53:00,unplanned,MAT-01,9021.0
9188,37,2026-05-25 19:46:00,2026-05-25 21:58:00,unplanned,MAT-01,1922.0
9189,13,2026-02-18 02:18:00,2026-02-18 04:49:00,planned,MEC-02,3666.0
9190,9,2026-02-04 07:45:00,2026-02-04 09:03:00,planned,ELEC-01,5461.0
9191,29,2026-03-14 19:20:00,2026-03-14 22:18:00,planned,MEC-02,
9192,34,2026-02-03 21:50:00,2026-02-03 22:42:00,planned,MEC-01,9781.0
9193,14,2026-05-25 07:25:00,2026-05-25 09:02:00,planned,MAT-01,
9194,7,2026-03-26 15:14:00,2026-03-26 18:08:00,unplanned,CAL-01,9251.0
9195,40,2026-04-28 00:01:00,2026-04-28 01:24:00,unplanned,MAT-01,9071.0
9196,11,2026-02-20 06:16:00,2026-02-20 08:59:00,unplanned,MEC-02,8813.0
9197,36,2026-05-19 00:04:00,2026-05-19 02:38:00,planned,CAL-01,8021.0
9198,4,2026-04-30 11:40:00,2026-04-30 12:29:00,planned,MAT-01,6506.0
9199,48,2026-01-10 19:49:00,2026-01-10 22:09:00,unplanned,ELEC-01,8202.0
9200,27,2026-02-10 07:29:00,2026-02-10 10:06:00,unplanned,MEC-02,
9201,4,2026-03-17 09:58:00,2026-03-17 11:07:00,unplanned,MAT-01,7204.0
9202,40,2026-05-11 22:48:00,2026-05-12 01:43:00,unplanned,CAL-01,328.0
9203,13,2026-03-01 04:59:00,2026-03-01 07:01:00,unplanned,MEC-01,
9204,22,2026-02-07 10:51:00,2026-02-07 13:48:00,planned,MEC-01,7979.0
9205,41,2026-01-12 14:11:00,2026-01-12 16:12:00,planned,ELEC-01,713.0
9206,48,2026-04-24 00:49:00,2026-04-24 02:09:00,planned,CAL-01,9649.0
9207,28,2026-04-28 21:04:00,2026-04-28 22:04:00,planned,MAT-01,2894.0
9208,11,2026-05-04 00:36:00,2026-05-04 03:01:00,planned,ELEC-01,9542.0
9209,26,2026-04-30 21:08:00,2026-04-30 22:50:00,planned,MEC-01,5248.0
9210,29,2026-05-05 16:35:00,2026-05-05 18:07:00,unplanned,CAL-01,
9211,46,2026-03-22 07:45:00,2026-03-22 08:26:00,unplanned,MAT-01,2203.0
9212,25,2026-06-21 12:57:00,2026-06-21 14:13:00,unplanned,ELEC-01,
9213,6,2026-06-27 08:43:00,2026-06-27 09:03:00,unplanned,CAL-01,
9214,12,2026-02-26 00:24:00,2026-02-26 03:06:00,unplanned,CAL-01,
9215,33,2026-01-29 21:32:00,2026-01-29 22:51:00,planned,CAL-01,1884.0
9216,20,2026-01-10 19:30:00,2026-01-10 20:48:00,unplanned,MAT-01,9630.0
9217,48,2026-05-04 21:20:00,2026-05-04 21:38:00,planned,ELEC-01,3777.0
9218,22,2026-03-07 21:12:00,2026-03-07 23:32:00,planned,ELEC-01,1670.0
9219,7,2026-02-17 06:20:00,2026-02-17 08:10:00,planned,MEC-02,5381.0
9220,43,2026-05-11 23:39:00,2026-05-12 00:01:00,unplanned,MAT-01,527.0
9221,21,2026-04-02 03:18:00,2026-04-02 06:09:00,unplanned,MEC-01,
9222,22,2026-04-06 03:55:00,2026-04-06 06:02:00,planned,MAT-01,379.0
9223,5,2026-04-03 03:44:00,2026-04-03 05:19:00,unplanned,MAT-01,4941.0
9224,44,2026-06-26 03:00:00,2026-06-26 05:59:00,planned,MEC-02,
9225,45,2026-02-14 04:14:00,2026-02-14 04:44:00,unplanned,MEC-01,7231.0
9226,8,2026-02-08 00:39:00,2026-02-08 02:19:00,unplanned,MAT-01,1428.0
9227,25,2026-01-24 09:45:00,2026-01-24 11:42:00,planned,CAL-01,3926.0
9228,5,2026-06-23 08:34:00,2026-06-23 11:31:00,unplanned,MEC-02,6880.0
9229,14,2026-02-08 20:37:00,2026-02-08 21:49:00,planned,ELEC-01,8159.0
9230,21,2026-06-28 13:15:00,2026-06-28 13:42:00,unplanned,MAT-01,
9231,21,2026-01-24 04:41:00,2026-01-24 05:06:00,unplanned,MAT-01,2292.0
9232,26,2026-04-08 20:32:00,2026-04-08 23:32:00,unplanned,CAL-01,
9233,9,2026-04-19 10:18:00,2026-04-19 12:07:00,planned,MEC-01,
9234,17,2026-02-26 06:33:00,2026-02-26 07:24:00,planned,CAL-01,
9235,8,2026-06-01 01:11:00,2026-06-01 03:32:00,planned,ELEC-01,3442.0
9236,25,2026-06-02 22:29:00,2026-06-02 22:46:00,unplanned,ELEC-01,
9237,7,2026-04-30 05:00:00,2026-04-30 06:29:00,planned,MEC-01,
9238,14,2026-03-22 03:33:00,2026-03-22 05:04:00,unplanned,CAL-01,1715.0
9239,45,2026-01-29 15:08:00,2026-01-29 15:22:00,planned,ELEC-01,
9240,3,2026-01-30 14:57:00,2026-01-30 16:40:00,planned,MAT-01,4719.0
9241,13,2026-06-09 17:29:00,2026-06-09 20:08:00,unplanned,ELEC-01,7690.0
9242,41,2026-01-01 02:32:00,2026-01-01 05:18:00,planned,CAL-01,
9243,27,2026-04-02 02:01:00,2026-04-02 02:44:00,planned,MEC-02,
9244,4,2026-06-19 23:59:00,2026-06-20 00:33:00,unplanned,MEC-01,2195.0
9245,12,2026-05-24 01:28:00,2026-05-24 03:51:00,unplanned,MEC-01,3417.0
9246,41,2026-06-02 08:24:00,2026-06-02 09:55:00,planned,CAL-01,9266.0
9247,33,2026-05-02 16:28:00,2026-05-02 16:41:00,unplanned,ELEC-01,8207.0
9248,14,2026-04-18 15:24:00,2026-04-18 16:08:00,unplanned,MEC-01,677.0
9249,25,2026-06-17 15:00:00,2026-06-17 16:17:00,unplanned,ELEC-01,
9250,9,2026-06-20 06:08:00,2026-06-20 09:04:00,planned,MAT-01,88.0
9251,36,2026-06-28 05:32:00,2026-06-28 06:33:00,unplanned,CAL-01,4817.0
9252,10,2026-01-02 16:39:00,2026-01-02 18:59:00,planned,ELEC-01,2942.0
9253,40,2026-04-12 00:47:00,2026-04-12 03:23:00,unplanned,CAL-01,
9254,47,2026-04-29 14:42:00,2026-04-29 14:51:00,unplanned,CAL-01,31.0
9255,22,2026-04-23 20:28:00,2026-04-23 20:33:00,planned,MEC-01,4876.0
9256,13,2026-04-15 12:34:00,2026-04-15 13:48:00,planned,ELEC-01,1531.0
9257,35,2026-01-03 12:11:00,2026-01-03 12:47:00,unplanned,CAL-01,
9258,15,2026-02-13 21:03:00,2026-02-13 22:26:00,planned,ELEC-01,
9259,22,2026-06-23 19:24:00,2026-06-23 21:25:00,unplanned,CAL-01,
9260,23,2026-03-08 23:16:00,2026-03-09 00:37:00,planned,CAL-01,5675.0
9261,9,2026-02-13 03:32:00,2026-02-13 04:30:00,unplanned,MEC-02,8732.0
9262,36,2026-04-06 11:43:00,2026-04-06 13:09:00,planned,MEC-01,
9263,2,2026-01-17 11:39:00,2026-01-17 11:46:00,planned,MEC-02,1238.0
9264,11,2026-04-01 14:09:00,2026-04-01 16:02:00,planned,ELEC-01,2220.0
9265,18,2026-02-20 04:17:00,2026-02-20 05:05:00,unplanned,MEC-02,
9266,22,2026-04-08 10:39:00,2026-04-08 12:54:00,planned,ELEC-01,
9267,5,2026-03-25 12:12:00,2026-03-25 13:54:00,unplanned,MAT-01,7483.0
9268,46,2026-03-19 05:27:00,2026-03-19 06:29:00,planned,ELEC-01,4650.0
9269,29,2026-02-15 05:21:00,2026-02-15 05:30:00,unplanned,CAL-01,8336.0
9270,32,2026-02-13 12:03:00,2026-02-13 14:47:00,unplanned,CAL-01,8385.0
9271,8,2026-04-24 17:30:00,2026-04-24 20:28:00,unplanned,MAT-01,
9272,3,2026-06-18 20:33:00,2026-06-18 22:29:00,planned,MAT-01,
9273,37,2026-06-23 09:18:00,2026-06-23 12:16:00,planned,CAL-01,6004.0
9274,3,2026-01-19 20:40:00,2026-01-19 23:40:00,unplanned,ELEC-01,
9275,33,2026-02-18 04:59:00,2026-02-18 07:46:00,planned,MEC-02,709.0
9276,23,2026-04-21 03:56:00,2026-04-21 05:51:00,unplanned,CAL-01,
9277,39,2026-06-12 19:09:00,2026-06-12 19:49:00,planned,MEC-01,
9278,16,2026-05-22 21:35:00,2026-05-22 22:36:00,planned,ELEC-01,9529.0
9279,46,2026-03-15 04:35:00,2026-03-15 05:51:00,planned,ELEC-01,1871.0
9280,33,2026-05-04 21:30:00,2026-05-04 21:59:00,unplanned,ELEC-01,7997.0
9281,8,2026-02-08 03:17:00,2026-02-08 05:42:00,planned,MEC-02,728.0
9282,49,2026-03-24 21:20:00,2026-03-24 21:45:00,unplanned,ELEC-01,
9283,9,2026-06-20 08:43:00,2026-06-20 10:38:00,unplanned,ELEC-01,
9284,16,2026-01-14 21:24:00,2026-01-15 00:23:00,unplanned,MEC-01,4465.0
9285,17,2026-04-24 19:56:00,2026-04-24 20:42:00,unplanned,CAL-01,
9286,44,2026-04-10 14:37:00,2026-04-10 14:44:00,planned,ELEC-01,3237.0
9287,47,2026-02-23 07:21:00,2026-02-23 08:34:00,unplanned,MAT-01,
9288,47,2026-06-04 08:00:00,2026-06-04 10:08:00,unplanned,ELEC-01,363.0
9289,2,2026-05-06 06:32:00,2026-05-06 07:36:00,planned,MAT-01,3863.0
9290,3,2026-03-07 10:13:00,2026-03-07 12:29:00,planned,MAT-01,9801.0
9291,35,2026-02-28 17:20:00,2026-02-28 19:22:00,unplanned,CAL-01,5209.0
9292,32,2026-02-25 16:47:00,2026-02-25 19:27:00,unplanned,MAT-01,
9293,23,2026-01-23 02:52:00,2026-01-23 03:57:00,planned,MAT-01,4426.0
9294,27,2026-03-20 22:57:00,2026-03-21 00:33:00,planned,MEC-02,
9295,2,2026-04-06 02:34:00,2026-04-06 05:16:00,planned,ELEC-01,8840.0
9296,13,2026-06-07 21:38:00,2026-06-07 22:08:00,unplanned,MEC-01,7171.0
9297,16,2026-04-10 08:54:00,2026-04-10 09:47:00,unplanned,MEC-02,4783.0
9298,4,2026-02-17 05:18:00,2026-02-17 05:31:00,unplanned,CAL-01,6187.0
9299,4,2026-06-15 23:25:00,2026-06-16 00:14:00,unplanned,MEC-01,
9300,16,2026-04-19 06:57:00,2026-04-19 09:52:00,planned,MEC-01,8299.0
9301,4,2026-03-29 20:29:00,2026-03-29 22:32:00,unplanned,MEC-01,1395.0
9302,1,2026-03-21 21:15:00,2026-03-21 22:27:00,planned,ELEC-01,531.0
9303,16,2026-02-15 09:53:00,2026-02-15 10:53:00,planned,ELEC-01,4511.0
9304,3,2026-06-16 21:26:00,2026-06-17 00:13:00,unplanned,CAL-01,7984.0
9305,5,2026-06-14 19:44:00,2026-06-14 20:29:00,planned,MEC-02,
9306,8,2026-01-14 00:14:00,2026-01-14 00:47:00,planned,MEC-01,6577.0
9307,15,2026-02-21 14:21:00,2026-02-21 15:26:00,unplanned,MEC-01,3911.0
9308,17,2026-06-18 21:08:00,2026-06-18 23:18:00,planned,MEC-01,
9309,42,2026-06-21 06:37:00,2026-06-21 08:52:00,unplanned,ELEC-01,3927.0
9310,41,2026-02-17 08:27:00,2026-02-17 08:42:00,planned,ELEC-01,
9311,9,2026-02-07 22:54:00,2026-02-08 00:16:00,planned,MEC-01,
9312,18,2026-01-26 11:57:00,2026-01-26 12:19:00,unplanned,MEC-01,3547.0
9313,18,2026-03-05 20:56:00,2026-03-05 21:49:00,unplanned,MAT-01,5260.0
9314,5,2026-01-18 15:29:00,2026-01-18 18:07:00,planned,MEC-01,1702.0
9315,50,2026-03-16 09:21:00,2026-03-16 10:22:00,planned,CAL-01,
9316,44,2026-04-11 18:17:00,2026-04-11 19:59:00,unplanned,CAL-01,
9317,21,2026-06-25 17:08:00,2026-06-25 18:48:00,planned,CAL-01,5546.0
9318,29,2026-01-05 07:39:00,2026-01-05 08:29:00,planned,CAL-01,
9319,16,2026-04-13 05:06:00,2026-04-13 06:09:00,planned,MEC-02,4467.0
9320,8,2026-02-11 05:44:00,2026-02-11 08:02:00,planned,MAT-01,9288.0
9321,3,2026-05-14 06:30:00,2026-05-14 07:55:00,planned,ELEC-01,4542.0
9322,49,2026-01-12 16:32:00,2026-01-12 17:04:00,planned,CAL-01,
9323,44,2026-01-05 14:50:00,2026-01-05 15:12:00,unplanned,CAL-01,
9324,49,2026-05-24 02:49:00,2026-05-24 04:52:00,unplanned,MEC-02,
9325,14,2026-02-19 15:02:00,2026-02-19 15:24:00,unplanned,CAL-01,7272.0
9326,31,2026-05-07 11:05:00,2026-05-07 11:23:00,unplanned,CAL-01,
9327,46,2026-02-23 19:26:00,2026-02-23 22:02:00,unplanned,MAT-01,7438.0
9328,31,2026-02-03 08:28:00,2026-02-03 09:59:00,unplanned,ELEC-01,9485.0
9329,11,2026-05-05 03:35:00,2026-05-05 04:19:00,planned,MEC-01,5032.0
9330,21,2026-06-28 03:08:00,2026-06-28 05:59:00,unplanned,CAL-01,5334.0
9331,8,2026-03-09 15:36:00,2026-03-09 18:18:00,unplanned,CAL-01,148.0
9332,11,2026-03-07 13:31:00,2026-03-07 13:36:00,planned,ELEC-01,
9333,29,2026-03-27 23:37:00,2026-03-28 00:27:00,unplanned,CAL-01,
9334,33,2026-06-04 15:33:00,2026-06-04 17:44:00,unplanned,MEC-01,6688.0
9335,44,2026-06-16 02:04:00,2026-06-16 03:31:00,planned,ELEC-01,8971.0
9336,42,2026-05-21 15:09:00,2026-05-21 15:25:00,planned,CAL-01,4696.0
9337,45,2026-05-08 07:56:00,2026-05-08 10:02:00,unplanned,MEC-02,7209.0
9338,10,2026-02-22 23:11:00,2026-02-23 01:47:00,unplanned,ELEC-01,9346.0
9339,18,2026-05-23 22:52:00,2026-05-24 00:03:00,planned,ELEC-01,
9340,38,2026-03-13 10:40:00,2026-03-13 13:04:00,planned,CAL-01,9009.0
9341,45,2026-05-31 21:20:00,2026-05-31 22:07:00,unplanned,ELEC-01,2244.0
9342,44,2026-02-21 22:45:00,2026-02-22 01:29:00,planned,CAL-01,6938.0
9343,7,2026-01-20 00:50:00,2026-01-20 02:42:00,unplanned,MEC-02,3750.0
9344,30,2026-01-30 03:21:00,2026-01-30 04:03:00,planned,CAL-01,
9345,24,2026-02-15 13:49:00,2026-02-15 16:35:00,planned,ELEC-01,1936.0
9346,39,2026-04-23 18:27:00,2026-04-23 20:46:00,planned,ELEC-01,6670.0
9347,24,2026-03-05 09:47:00,2026-03-05 11:54:00,unplanned,MEC-02,6165.0
9348,35,2026-05-03 23:04:00,2026-05-04 00:35:00,unplanned,MEC-02,7568.0
9349,34,2026-05-03 19:23:00,2026-05-03 19:40:00,unplanned,MAT-01,1921.0
9350,27,2026-03-22 19:48:00,2026-03-22 21:50:00,planned,MEC-02,3368.0
9351,49,2026-03-16 10:52:00,2026-03-16 12:19:00,planned,MEC-02,1705.0
9352,35,2026-03-30 13:24:00,2026-03-30 16:10:00,unplanned,CAL-01,5489.0
9353,40,2026-01-29 06:01:00,2026-01-29 06:12:00,unplanned,MEC-01,6105.0
9354,19,2026-01-10 09:21:00,2026-01-10 12:21:00,unplanned,MEC-01,8211.0
9355,45,2026-01-13 17:36:00,2026-01-13 19:23:00,unplanned,MAT-01,
9356,20,2026-02-01 16:09:00,2026-02-01 17:19:00,planned,MEC-01,2540.0
9357,45,2026-05-13 13:48:00,2026-05-13 14:43:00,unplanned,ELEC-01,
9358,50,2026-03-24 20:38:00,2026-03-24 21:24:00,unplanned,MEC-01,6056.0
9359,49,2026-06-17 18:31:00,2026-06-17 21:26:00,planned,ELEC-01,
9360,7,2026-04-12 15:23:00,2026-04-12 17:26:00,unplanned,MEC-01,7353.0
9361,9,2026-01-16 11:47:00,2026-01-16 11:58:00,unplanned,MAT-01,5997.0
9362,43,2026-06-06 10:11:00,2026-06-06 10:35:00,unplanned,MEC-02,9112.0
9363,24,2026-01-03 02:54:00,2026-01-03 04:34:00,unplanned,MEC-02,
9364,24,2026-06-18 00:58:00,2026-06-18 02:11:00,unplanned,ELEC-01,6317.0
9365,4,2026-01-17 00:09:00,2026-01-17 02:12:00,unplanned,CAL-01,4469.0
9366,6,2026-01-27 05:36:00,2026-01-27 07:42:00,unplanned,CAL-01,1272.0
9367,7,2026-06-12 04:47:00,2026-06-12 05:07:00,planned,MAT-01,2474.0
9368,24,2026-03-03 10:21:00,2026-03-03 10:36:00,unplanned,MAT-01,4996.0
9369,1,2026-05-15 10:37:00,2026-05-15 13:37:00,unplanned,MEC-02,5149.0
9370,36,2026-04-19 06:29:00,2026-04-19 08:04:00,planned,MEC-02,2677.0
9371,22,2026-04-26 06:54:00,2026-04-26 09:13:00,planned,MEC-02,
9372,36,2026-01-19 21:16:00,2026-01-19 23:15:00,planned,MEC-01,
9373,26,2026-02-06 08:39:00,2026-02-06 10:44:00,unplanned,MEC-01,7344.0
9374,31,2026-03-12 13:20:00,2026-03-12 15:25:00,planned,MAT-01,9161.0
9375,49,2026-03-24 16:17:00,2026-03-24 16:39:00,unplanned,MEC-02,
9376,48,2026-03-04 16:27:00,2026-03-04 16:55:00,unplanned,CAL-01,7676.0
9377,22,2026-01-03 18:25:00,2026-01-03 19:43:00,unplanned,MAT-01,3247.0
9378,13,2026-01-04 10:41:00,2026-01-04 13:25:00,planned,MEC-01,4448.0
9379,1,2026-04-04 16:41:00,2026-04-04 17:04:00,unplanned,ELEC-01,7640.0
9380,18,2026-05-04 07:08:00,2026-05-04 07:41:00,planned,CAL-01,
9381,19,2026-04-12 08:43:00,2026-04-12 08:57:00,unplanned,ELEC-01,3365.0
9382,9,2026-04-10 03:39:00,2026-04-10 05:21:00,unplanned,MEC-01,
9383,8,2026-03-09 13:50:00,2026-03-09 15:29:00,unplanned,CAL-01,8325.0
9384,33,2026-02-12 05:43:00,2026-02-12 07:23:00,unplanned,CAL-01,9859.0
9385,43,2026-01-02 21:47:00,2026-01-02 22:00:00,unplanned,MEC-02,4776.0
9386,20,2026-06-13 10:02:00,2026-06-13 10:56:00,unplanned,CAL-01,5180.0
9387,22,2026-04-28 13:01:00,2026-04-28 14:19:00,unplanned,CAL-01,2000.0
9388,32,2026-03-22 20:04:00,2026-03-22 21:45:00,unplanned,MEC-02,
9389,22,2026-04-01 22:22:00,2026-04-02 00:33:00,unplanned,MAT-01,206.0
9390,42,2026-04-18 02:06:00,2026-04-18 04:33:00,planned,MAT-01,3969.0
9391,42,2026-03-18 06:19:00,2026-03-18 07:55:00,planned,MEC-02,3167.0
9392,4,2026-06-07 08:43:00,2026-06-07 11:16:00,planned,CAL-01,3197.0
9393,35,2026-01-16 04:44:00,2026-01-16 05:51:00,planned,ELEC-01,8529.0
9394,2,2026-03-23 06:49:00,2026-03-23 07:35:00,unplanned,MEC-01,5581.0
9395,32,2026-05-26 09:36:00,2026-05-26 09:42:00,planned,ELEC-01,4199.0
9396,44,2026-01-11 07:35:00,2026-01-11 09:03:00,planned,CAL-01,5633.0
9397,50,2026-01-05 07:12:00,2026-01-05 09:40:00,planned,MAT-01,891.0
9398,12,2026-01-15 07:20:00,2026-01-15 09:19:00,unplanned,MEC-01,2176.0
9399,13,2026-02-09 00:58:00,2026-02-09 02:57:00,planned,MEC-02,
9400,40,2026-02-25 18:09:00,2026-02-25 19:17:00,unplanned,MAT-01,9402.0
9401,24,2026-06-04 22:22:00,2026-06-04 23:32:00,unplanned,ELEC-01,
9402,19,2026-05-06 11:53:00,2026-05-06 14:02:00,unplanned,MEC-01,
9403,19,2026-02-28 03:11:00,2026-02-28 05:41:00,planned,MAT-01,2280.0
9404,30,2026-05-06 00:42:00,2026-05-06 02:17:00,unplanned,MEC-02,
9405,9,2026-02-06 18:04:00,2026-02-06 20:23:00,unplanned,CAL-01,535.0
9406,24,2026-02-28 12:34:00,2026-02-28 14:40:00,unplanned,MEC-02,2178.0
9407,25,2026-06-21 12:00:00,2026-06-21 13:35:00,unplanned,MEC-02,2283.0
9408,41,2026-06-27 15:56:00,2026-06-27 18:51:00,unplanned,ELEC-01,1412.0
9409,16,2026-04-28 23:40:00,2026-04-29 01:24:00,unplanned,ELEC-01,3645.0
9410,9,2026-01-27 21:49:00,2026-01-27 22:48:00,unplanned,MAT-01,
9411,27,2026-01-31 02:04:00,2026-01-31 03:19:00,planned,ELEC-01,
9412,15,2026-04-05 01:16:00,2026-04-05 01:58:00,unplanned,MAT-01,6922.0
9413,40,2026-06-26 20:44:00,2026-06-26 22:33:00,planned,CAL-01,8357.0
9414,11,2026-05-09 06:00:00,2026-05-09 06:53:00,planned,CAL-01,6968.0
9415,13,2026-03-11 21:23:00,2026-03-11 23:44:00,unplanned,ELEC-01,2622.0
9416,15,2026-03-02 17:43:00,2026-03-02 19:25:00,unplanned,MEC-01,5364.0
9417,36,2026-02-01 22:13:00,2026-02-02 00:10:00,unplanned,MEC-02,1341.0
9418,27,2026-05-29 10:59:00,2026-05-29 12:29:00,planned,ELEC-01,
9419,24,2026-06-15 22:20:00,2026-06-15 22:49:00,planned,ELEC-01,
9420,50,2026-02-03 06:22:00,2026-02-03 09:10:00,unplanned,ELEC-01,5532.0
9421,27,2026-02-01 23:32:00,2026-02-02 00:04:00,planned,ELEC-01,2816.0
9422,48,2026-05-30 23:41:00,2026-05-31 02:08:00,unplanned,CAL-01,4717.0
9423,4,2026-04-09 10:45:00,2026-04-09 13:17:00,planned,CAL-01,
9424,44,2026-05-20 06:29:00,2026-05-20 08:43:00,planned,MAT-01,
9425,16,2026-04-13 06:46:00,2026-04-13 07:49:00,planned,MAT-01,
9426,20,2026-03-10 05:55:00,2026-03-10 07:07:00,planned,MEC-02,3061.0
9427,50,2026-06-19 00:02:00,2026-06-19 01:21:00,unplanned,CAL-01,
9428,40,2026-04-20 09:37:00,2026-04-20 12:22:00,unplanned,CAL-01,5949.0
9429,45,2026-02-19 20:50:00,2026-02-19 23:23:00,planned,CAL-01,1923.0
9430,42,2026-01-30 03:24:00,2026-01-30 06:12:00,unplanned,CAL-01,
9431,9,2026-02-11 12:39:00,2026-02-11 12:57:00,unplanned,MEC-02,7774.0
9432,9,2026-05-06 10:02:00,2026-05-06 10:16:00,planned,MEC-02,5464.0
9433,20,2026-04-02 15:14:00,2026-04-02 15:35:00,planned,CAL-01,4271.0
9434,44,2026-02-18 19:35:00,2026-02-18 22:26:00,planned,CAL-01,
9435,18,2026-05-31 00:17:00,2026-05-31 01:27:00,planned,MEC-02,4235.0
9436,1,2026-01-11 21:16:00,2026-01-11 21:28:00,planned,MEC-01,
9437,19,2026-02-18 01:35:00,2026-02-18 02:47:00,planned,MEC-02,6364.0
9438,29,2026-01-19 06:16:00,2026-01-19 06:36:00,planned,MEC-02,
9439,33,2026-02-08 08:59:00,2026-02-08 11:33:00,planned,CAL-01,
9440,33,2026-05-14 21:55:00,2026-05-14 22:42:00,unplanned,ELEC-01,1180.0
9441,39,2026-05-24 05:33:00,2026-05-24 05:52:00,planned,ELEC-01,
9442,27,2026-03-13 14:52:00,2026-03-13 16:07:00,unplanned,ELEC-01,
9443,27,2026-01-27 18:08:00,2026-01-27 18:20:00,planned,MAT-01,
9444,9,2026-03-30 03:03:00,2026-03-30 05:23:00,planned,MEC-01,2153.0
9445,40,2026-02-17 07:22:00,2026-02-17 09:28:00,unplanned,MEC-02,
9446,6,2026-03-05 13:10:00,2026-03-05 14:45:00,unplanned,CAL-01,4894.0
9447,24,2026-06-06 01:28:00,2026-06-06 01:50:00,planned,ELEC-01,4772.0
9448,38,2026-04-10 20:34:00,2026-04-10 22:47:00,unplanned,ELEC-01,611.0
9449,39,2026-04-24 13:40:00,2026-04-24 14:07:00,planned,MEC-02,7391.0
9450,12,2026-05-29 05:22:00,2026-05-29 07:14:00,planned,ELEC-01,9683.0
9451,43,2026-05-16 15:09:00,2026-05-16 15:19:00,planned,MEC-02,1047.0
9452,5,2026-03-02 19:41:00,2026-03-02 20:34:00,unplanned,MEC-02,2457.0
9453,42,2026-05-19 14:22:00,2026-05-19 16:52:00,unplanned,MEC-01,3172.0
9454,18,2026-02-07 12:23:00,2026-02-07 13:01:00,unplanned,ELEC-01,
9455,40,2026-01-02 16:07:00,2026-01-02 16:19:00,unplanned,CAL-01,214.0
9456,44,2026-04-25 05:38:00,2026-04-25 07:56:00,planned,MEC-02,5456.0
9457,44,2026-05-15 00:37:00,2026-05-15 01:22:00,planned,MEC-02,8535.0
9458,44,2026-02-12 09:21:00,2026-02-12 11:15:00,unplanned,MEC-02,7106.0
9459,39,2026-04-27 04:16:00,2026-04-27 06:34:00,planned,MEC-02,517.0
9460,25,2026-04-28 20:26:00,2026-04-28 20:57:00,unplanned,MEC-02,5863.0
9461,29,2026-03-05 14:28:00,2026-03-05 15:50:00,unplanned,MEC-02,
9462,14,2026-05-08 09:01:00,2026-05-08 09:36:00,unplanned,ELEC-01,6533.0
9463,45,2026-06-26 08:30:00,2026-06-26 11:01:00,unplanned,CAL-01,2666.0
9464,25,2026-03-30 00:19:00,2026-03-30 00:58:00,planned,ELEC-01,
9465,13,2026-03-30 19:07:00,2026-03-30 21:26:00,planned,ELEC-01,6473.0
9466,25,2026-02-04 14:32:00,2026-02-04 15:10:00,planned,MAT-01,6070.0
9467,20,2026-05-22 21:43:00,2026-05-22 21:50:00,unplanned,MEC-01,8076.0
9468,10,2026-06-18 07:26:00,2026-06-18 08:24:00,unplanned,MEC-02,
9469,11,2026-05-03 16:32:00,2026-05-03 17:26:00,unplanned,ELEC-01,9838.0
9470,31,2026-01-31 03:16:00,2026-01-31 04:41:00,unplanned,ELEC-01,3116.0
9471,5,2026-01-30 13:17:00,2026-01-30 14:35:00,unplanned,CAL-01,8459.0
9472,23,2026-02-18 11:36:00,2026-02-18 13:22:00,unplanned,MEC-01,81.0
9473,9,2026-01-04 00:15:00,2026-01-04 02:33:00,unplanned,MEC-01,1009.0
9474,26,2026-03-13 19:53:00,2026-03-13 20:23:00,unplanned,ELEC-01,
9475,1,2026-03-11 13:26:00,2026-03-11 15:33:00,planned,MEC-01,881.0
9476,36,2026-06-20 11:35:00,2026-06-20 12:48:00,unplanned,MAT-01,
9477,8,2026-03-03 10:33:00,2026-03-03 10:45:00,unplanned,ELEC-01,
9478,27,2026-06-10 15:40:00,2026-06-10 17:00:00,unplanned,ELEC-01,7843.0
9479,28,2026-02-25 06:14:00,2026-02-25 07:43:00,unplanned,MAT-01,
9480,27,2026-06-17 22:56:00,2026-06-18 00:14:00,planned,MEC-02,
9481,32,2026-06-17 14:40:00,2026-06-17 16:05:00,unplanned,ELEC-01,
9482,13,2026-06-10 00:38:00,2026-06-10 02:15:00,unplanned,MEC-01,
9483,28,2026-01-21 00:49:00,2026-01-21 03:39:00,unplanned,ELEC-01,1962.0
9484,11,2026-03-10 23:57:00,2026-03-11 00:34:00,planned,CAL-01,
9485,18,2026-02-17 15:06:00,2026-02-17 17:53:00,unplanned,CAL-01,8035.0
9486,44,2026-06-15 12:44:00,2026-06-15 13:26:00,unplanned,CAL-01,
9487,33,2026-06-11 11:54:00,2026-06-11 12:53:00,unplanned,MAT-01,
9488,2,2026-01-08 00:27:00,2026-01-08 00:52:00,unplanned,CAL-01,9742.0
9489,6,2026-03-16 14:14:00,2026-03-16 17:08:00,unplanned,CAL-01,7258.0
9490,9,2026-01-15 05:12:00,2026-01-15 05:21:00,planned,MEC-02,9764.0
9491,21,2026-01-30 17:58:00,2026-01-30 18:50:00,planned,CAL-01,9004.0
9492,8,2026-06-08 18:20:00,2026-06-08 21:07:00,planned,MEC-01,
9493,38,2026-04-26 06:25:00,2026-04-26 08:20:00,planned,ELEC-01,4048.0
9494,27,2026-04-16 07:28:00,2026-04-16 09:06:00,planned,MAT-01,
9495,40,2026-05-10 15:56:00,2026-05-10 18:08:00,unplanned,MEC-02,
9496,21,2026-04-16 15:30:00,2026-04-16 17:56:00,planned,ELEC-01,
9497,50,2026-06-02 15:24:00,2026-06-02 18:22:00,planned,MEC-01,
9498,50,2026-03-25 01:24:00,2026-03-25 02:48:00,unplanned,MEC-01,8556.0
9499,21,2026-06-29 06:16:00,2026-06-29 09:08:00,planned,MEC-01,9227.0
9500,3,2026-01-28 16:23:00,2026-01-28 17:54:00,unplanned,CAL-01,
9501,48,2026-01-08 22:44:00,2026-01-09 01:00:00,planned,MAT-01,
9502,17,2026-03-07 21:25:00,2026-03-07 22:40:00,unplanned,CAL-01,8471.0
9503,10,2026-05-09 09:37:00,2026-05-09 12:02:00,planned,MEC-02,4.0
9504,46,2026-03-04 12:52:00,2026-03-04 14:15:00,unplanned,MAT-01,
9505,11,2026-03-25 03:17:00,2026-03-25 05:15:00,planned,MEC-02,9916.0
9506,4,2026-02-13 16:35:00,2026-02-13 16:49:00,unplanned,MEC-01,7613.0
9507,35,2026-02-16 00:34:00,2026-02-16 03:34:00,unplanned,ELEC-01,4629.0
9508,36,2026-04-10 16:35:00,2026-04-10 17:40:00,planned,CAL-01,2586.0
9509,28,2026-06-17 17:57:00,2026-06-17 20:33:00,unplanned,MEC-02,581.0
9510,18,2026-05-14 20:00:00,2026-05-14 21:48:00,planned,ELEC-01,408.0
9511,5,2026-06-06 11:41:00,2026-06-06 13:03:00,unplanned,MEC-02,4207.0
9512,1,2026-06-23 07:30:00,2026-06-23 07:43:00,planned,MEC-02,
9513,30,2026-04-08 13:39:00,2026-04-08 15:26:00,unplanned,MEC-02,1619.0
9514,15,2026-05-25 18:40:00,2026-05-25 20:53:00,planned,ELEC-01,7753.0
9515,45,2026-01-08 01:35:00,2026-01-08 02:41:00,planned,MEC-01,4631.0
9516,40,2026-01-23 19:07:00,2026-01-23 20:39:00,planned,MEC-01,456.0
9517,45,2026-02-23 12:10:00,2026-02-23 13:18:00,unplanned,ELEC-01,
9518,19,2026-01-31 02:05:00,2026-01-31 04:05:00,unplanned,ELEC-01,
9519,34,2026-02-26 19:59:00,2026-02-26 21:50:00,unplanned,MEC-01,
9520,9,2026-01-08 05:04:00,2026-01-08 07:15:00,planned,CAL-01,1028.0
9521,47,2026-02-10 08:16:00,2026-02-10 11:09:00,planned,MAT-01,
9522,32,2026-05-05 07:30:00,2026-05-05 09:39:00,planned,MAT-01,8018.0
9523,1,2026-04-27 05:25:00,2026-04-27 06:41:00,unplanned,MEC-01,8495.0
9524,3,2026-03-10 12:59:00,2026-03-10 14:16:00,unplanned,ELEC-01,9294.0
9525,12,2026-01-27 01:09:00,2026-01-27 01:25:00,unplanned,MAT-01,4211.0
9526,48,2026-02-13 08:32:00,2026-02-13 10:23:00,unplanned,ELEC-01,7557.0
9527,45,2026-02-03 13:47:00,2026-02-03 16:28:00,unplanned,CAL-01,3872.0
9528,47,2026-01-22 10:03:00,2026-01-22 10:45:00,unplanned,MEC-01,7898.0
9529,14,2026-04-08 18:43:00,2026-04-08 21:35:00,planned,MEC-02,6963.0
9530,42,2026-03-20 02:39:00,2026-03-20 05:05:00,planned,MEC-02,7609.0
9531,20,2026-03-16 05:51:00,2026-03-16 07:42:00,planned,MEC-01,6115.0
9532,19,2026-04-07 20:35:00,2026-04-07 22:12:00,planned,MEC-02,
9533,5,2026-03-18 20:35:00,2026-03-18 22:38:00,planned,MEC-02,9543.0
9534,50,2026-01-04 11:45:00,2026-01-04 13:14:00,planned,MAT-01,6900.0
9535,8,2026-01-21 11:26:00,2026-01-21 13:21:00,unplanned,CAL-01,572.0
9536,47,2026-05-29 09:19:00,2026-05-29 09:51:00,unplanned,CAL-01,383.0
9537,34,2026-03-26 03:17:00,2026-03-26 04:23:00,planned,MAT-01,9593.0
9538,34,2026-06-15 08:50:00,2026-06-15 09:20:00,planned,CAL-01,1238.0
9539,22,2026-01-22 09:10:00,2026-01-22 10:46:00,planned,MAT-01,4970.0
9540,7,2026-03-05 21:23:00,2026-03-05 22:16:00,planned,ELEC-01,1526.0
9541,7,2026-01-03 07:48:00,2026-01-03 10:04:00,unplanned,CAL-01,
9542,41,2026-01-27 22:04:00,2026-01-28 00:01:00,planned,MEC-02,99.0
9543,12,2026-02-18 04:48:00,2026-02-18 06:18:00,unplanned,CAL-01,
9544,11,2026-06-09 07:57:00,2026-06-09 08:18:00,planned,MAT-01,7568.0
9545,17,2026-01-17 19:10:00,2026-01-17 21:26:00,unplanned,MAT-01,1241.0
9546,5,2026-04-08 02:05:00,2026-04-08 04:41:00,planned,MAT-01,
9547,36,2026-03-23 11:07:00,2026-03-23 13:19:00,unplanned,MAT-01,7560.0
9548,18,2026-04-30 16:26:00,2026-04-30 18:34:00,unplanned,MAT-01,
9549,32,2026-02-02 14:57:00,2026-02-02 15:17:00,planned,ELEC-01,
9550,13,2026-04-11 17:03:00,2026-04-11 19:44:00,planned,ELEC-01,
9551,36,2026-01-07 12:52:00,2026-01-07 14:55:00,planned,MAT-01,503.0
9552,4,2026-03-31 14:35:00,2026-03-31 16:57:00,planned,MEC-01,
9553,34,2026-02-19 13:06:00,2026-02-19 15:30:00,unplanned,MEC-02,1165.0
9554,16,2026-01-05 01:39:00,2026-01-05 03:06:00,unplanned,CAL-01,621.0
9555,27,2026-01-19 18:55:00,2026-01-19 20:19:00,planned,MEC-01,7223.0
9556,22,2026-03-09 10:57:00,2026-03-09 11:52:00,unplanned,CAL-01,
9557,49,2026-03-22 15:10:00,2026-03-22 16:50:00,unplanned,MAT-01,3707.0
9558,44,2026-03-17 06:52:00,2026-03-17 09:20:00,unplanned,ELEC-01,6713.0
9559,27,2026-01-05 16:40:00,2026-01-05 17:19:00,unplanned,MEC-01,8934.0
9560,34,2026-05-10 13:37:00,2026-05-10 14:22:00,planned,MEC-02,
9561,19,2026-06-11 21:42:00,2026-06-11 23:36:00,planned,ELEC-01,836.0
9562,23,2026-04-02 14:32:00,2026-04-02 14:40:00,planned,CAL-01,
9563,7,2026-04-29 00:26:00,2026-04-29 00:37:00,planned,MEC-01,8793.0
9564,31,2026-05-16 10:29:00,2026-05-16 12:33:00,planned,MEC-02,
9565,5,2026-05-22 18:51:00,2026-05-22 20:03:00,unplanned,MAT-01,707.0
9566,9,2026-03-30 14:34:00,2026-03-30 14:56:00,unplanned,MEC-02,8806.0
9567,17,2026-02-03 23:15:00,2026-02-04 01:06:00,planned,CAL-01,68.0
9568,18,2026-06-14 09:09:00,2026-06-14 11:07:00,unplanned,CAL-01,9145.0
9569,35,2026-03-14 09:55:00,2026-03-14 11:52:00,planned,MAT-01,9514.0
9570,13,2026-06-14 09:25:00,2026-06-14 11:37:00,unplanned,CAL-01,9075.0
9571,3,2026-06-29 09:09:00,2026-06-29 10:20:00,unplanned,ELEC-01,9653.0
9572,18,2026-02-27 09:45:00,2026-02-27 10:05:00,planned,MEC-02,
9573,5,2026-05-26 19:10:00,2026-05-26 19:19:00,unplanned,MEC-02,
9574,41,2026-03-12 11:50:00,2026-03-12 14:05:00,unplanned,MEC-01,4350.0
9575,13,2026-01-13 15:39:00,2026-01-13 18:26:00,unplanned,ELEC-01,
9576,18,2026-02-06 01:41:00,2026-02-06 03:53:00,planned,MEC-01,9834.0
9577,31,2026-04-13 10:38:00,2026-04-13 12:26:00,planned,MEC-02,
9578,19,2026-06-17 03:30:00,2026-06-17 03:59:00,planned,ELEC-01,8553.0
9579,47,2026-05-15 03:14:00,2026-05-15 04:31:00,planned,MEC-02,5459.0
9580,10,2026-02-07 00:47:00,2026-02-07 01:21:00,unplanned,ELEC-01,
9581,41,2026-04-03 13:39:00,2026-04-03 16:31:00,planned,MEC-02,3892.0
9582,7,2026-03-03 15:52:00,2026-03-03 18:07:00,unplanned,ELEC-01,1167.0
9583,33,2026-04-19 14:06:00,2026-04-19 16:36:00,planned,CAL-01,
9584,42,2026-04-24 06:20:00,2026-04-24 08:34:00,unplanned,MEC-02,9959.0
9585,48,2026-02-08 15:31:00,2026-02-08 16:10:00,planned,MEC-01,5351.0
9586,13,2026-02-06 14:48:00,2026-02-06 17:41:00,planned,MEC-01,2700.0
9587,44,2026-06-28 02:30:00,2026-06-28 05:15:00,unplanned,MEC-02,5889.0
9588,6,2026-02-02 06:01:00,2026-02-02 08:59:00,planned,MEC-02,3764.0
9589,30,2026-04-09 12:21:00,2026-04-09 14:07:00,planned,CAL-01,6540.0
9590,1,2026-03-31 10:12:00,2026-03-31 12:04:00,planned,MEC-01,5447.0
9591,32,2026-06-07 09:47:00,2026-06-07 11:28:00,planned,MAT-01,9741.0
9592,30,2026-04-21 14:18:00,2026-04-21 16:33:00,planned,MEC-02,150.0
9593,35,2026-05-07 02:21:00,2026-05-07 03:07:00,unplanned,MAT-01,2980.0
9594,34,2026-04-17 00:32:00,2026-04-17 02:49:00,unplanned,ELEC-01,8485.0
9595,29,2026-03-12 09:15:00,2026-03-12 10:42:00,planned,ELEC-01,3005.0
9596,29,2026-02-26 15:04:00,2026-02-26 18:00:00,unplanned,MAT-01,7372.0
9597,20,2026-05-14 17:39:00,2026-05-14 18:52:00,unplanned,MEC-01,
9598,17,2026-06-06 07:02:00,2026-06-06 09:56:00,planned,MEC-01,7059.0
9599,39,2026-05-13 12:15:00,2026-05-13 12:24:00,planned,MAT-01,2738.0
9600,10,2026-03-29 16:01:00,2026-03-29 18:31:00,planned,MEC-02,
9601,11,2026-02-18 18:24:00,2026-02-18 18:34:00,planned,CAL-01,3991.0
9602,2,2026-06-06 13:53:00,2026-06-06 14:46:00,unplanned,CAL-01,
9603,31,2026-06-09 21:45:00,2026-06-09 23:00:00,planned,MEC-02,2521.0
9604,21,2026-04-04 16:22:00,2026-04-04 19:14:00,unplanned,ELEC-01,6834.0
9605,32,2026-06-16 03:16:00,2026-06-16 05:54:00,unplanned,CAL-01,3627.0
9606,22,2026-04-24 01:53:00,2026-04-24 04:06:00,unplanned,CAL-01,6257.0
9607,47,2026-04-09 19:02:00,2026-04-09 21:53:00,unplanned,ELEC-01,2944.0
9608,19,2026-05-01 03:47:00,2026-05-01 04:50:00,planned,CAL-01,3209.0
9609,9,2026-05-27 01:31:00,2026-05-27 02:19:00,planned,MEC-02,53.0
9610,31,2026-06-09 02:11:00,2026-06-09 03:21:00,unplanned,ELEC-01,8159.0
9611,27,2026-02-20 13:24:00,2026-02-20 15:42:00,planned,ELEC-01,
9612,13,2026-03-24 14:03:00,2026-03-24 15:23:00,unplanned,ELEC-01,
9613,10,2026-03-31 09:50:00,2026-03-31 11:59:00,unplanned,MEC-02,2705.0
9614,23,2026-01-23 18:15:00,2026-01-23 21:05:00,planned,MAT-01,992.0
9615,38,2026-06-26 18:54:00,2026-06-26 19:54:00,planned,CAL-01,8600.0
9616,46,2026-01-14 04:49:00,2026-01-14 06:16:00,planned,MEC-01,3992.0
9617,11,2026-04-04 15:37:00,2026-04-04 16:14:00,planned,MAT-01,59.0
9618,5,2026-06-12 10:25:00,2026-06-12 10:39:00,unplanned,CAL-01,303.0
9619,18,2026-02-24 09:40:00,2026-02-24 11:28:00,planned,MAT-01,1764.0
9620,11,2026-02-21 22:25:00,2026-02-21 23:09:00,planned,CAL-01,2166.0
9621,25,2026-05-28 15:24:00,2026-05-28 15:38:00,unplanned,MAT-01,6975.0
9622,10,2026-02-01 05:57:00,2026-02-01 07:55:00,unplanned,MEC-01,6584.0
9623,16,2026-01-26 20:14:00,2026-01-26 20:23:00,unplanned,MAT-01,9557.0
9624,18,2026-06-11 16:30:00,2026-06-11 18:59:00,unplanned,MAT-01,5189.0
9625,24,2026-02-22 09:45:00,2026-02-22 10:41:00,unplanned,ELEC-01,2997.0
9626,26,2026-01-05 12:40:00,2026-01-05 14:44:00,planned,ELEC-01,5238.0
9627,39,2026-02-10 15:38:00,2026-02-10 17:14:00,unplanned,CAL-01,
9628,40,2026-01-05 04:59:00,2026-01-05 05:59:00,planned,ELEC-01,1668.0
9629,15,2026-02-26 11:26:00,2026-02-26 12:13:00,planned,MEC-02,1387.0
9630,25,2026-06-17 11:18:00,2026-06-17 12:50:00,unplanned,MEC-01,
9631,48,2026-05-01 09:23:00,2026-05-01 10:15:00,unplanned,CAL-01,
9632,39,2026-03-10 02:00:00,2026-03-10 02:20:00,unplanned,ELEC-01,6420.0
9633,4,2026-05-17 05:16:00,2026-05-17 06:11:00,unplanned,MAT-01,5408.0
9634,9,2026-03-13 06:30:00,2026-03-13 09:29:00,unplanned,CAL-01,
9635,22,2026-04-30 04:14:00,2026-04-30 05:37:00,planned,CAL-01,7563.0
9636,26,2026-04-21 22:46:00,2026-04-22 01:33:00,unplanned,MEC-02,8410.0
9637,19,2026-03-05 01:13:00,2026-03-05 02:39:00,planned,CAL-01,2946.0
9638,47,2026-04-06 09:41:00,2026-04-06 10:26:00,planned,CAL-01,3964.0
9639,23,2026-03-29 23:21:00,2026-03-30 00:49:00,planned,MAT-01,
9640,44,2026-05-23 08:53:00,2026-05-23 10:17:00,unplanned,MEC-02,6978.0
9641,41,2026-04-23 05:53:00,2026-04-23 07:03:00,planned,MEC-01,3770.0
9642,22,2026-03-03 12:32:00,2026-03-03 14:00:00,planned,MEC-02,
9643,23,2026-04-08 23:02:00,2026-04-09 01:42:00,planned,MEC-01,4420.0
9644,21,2026-05-11 03:23:00,2026-05-11 04:34:00,unplanned,MEC-02,7995.0
9645,6,2026-05-27 02:59:00,2026-05-27 04:59:00,unplanned,MEC-02,2960.0
9646,7,2026-03-24 07:29:00,2026-03-24 09:48:00,planned,MEC-01,9378.0
9647,16,2026-02-04 13:56:00,2026-02-04 15:57:00,planned,MEC-01,6952.0
9648,2,2026-01-19 15:12:00,2026-01-19 16:07:00,planned,MEC-01,9663.0
9649,47,2026-02-23 00:03:00,2026-02-23 02:43:00,planned,CAL-01,
9650,25,2026-05-09 17:28:00,2026-05-09 17:50:00,unplanned,MEC-02,
9651,18,2026-02-08 10:22:00,2026-02-08 11:16:00,unplanned,MEC-02,
9652,12,2026-03-27 18:12:00,2026-03-27 19:27:00,unplanned,ELEC-01,4786.0
9653,18,2026-06-01 18:42:00,2026-06-01 19:49:00,unplanned,CAL-01,
9654,3,2026-03-04 16:01:00,2026-03-04 17:26:00,unplanned,MAT-01,5009.0
9655,26,2026-02-17 04:29:00,2026-02-17 06:17:00,unplanned,ELEC-01,
9656,36,2026-02-10 05:35:00,2026-02-10 06:57:00,unplanned,CAL-01,5579.0
9657,44,2026-06-14 04:27:00,2026-06-14 05:00:00,planned,MAT-01,7293.0
9658,4,2026-06-24 00:07:00,2026-06-24 01:17:00,planned,ELEC-01,4046.0
9659,2,2026-04-17 02:26:00,2026-04-17 05:02:00,unplanned,MEC-02,
9660,38,2026-05-06 04:19:00,2026-05-06 06:42:00,unplanned,MEC-01,
9661,49,2026-03-19 08:28:00,2026-03-19 09:42:00,planned,CAL-01,2796.0
9662,28,2026-04-23 17:43:00,2026-04-23 18:50:00,unplanned,MAT-01,
9663,7,2026-01-17 12:31:00,2026-01-17 12:52:00,planned,MEC-01,3211.0
9664,16,2026-05-19 07:37:00,2026-05-19 10:23:00,unplanned,ELEC-01,1264.0
9665,15,2026-03-08 07:44:00,2026-03-08 10:21:00,planned,ELEC-01,9174.0
9666,23,2026-06-22 11:38:00,2026-06-22 14:02:00,planned,CAL-01,3063.0
9667,3,2026-04-11 05:45:00,2026-04-11 05:52:00,planned,ELEC-01,4882.0
9668,27,2026-05-29 11:37:00,2026-05-29 14:33:00,unplanned,MEC-02,3252.0
9669,22,2026-05-29 17:15:00,2026-05-29 17:44:00,planned,MAT-01,
9670,3,2026-01-25 17:45:00,2026-01-25 19:13:00,unplanned,MEC-02,
9671,33,2026-04-27 01:48:00,2026-04-27 02:30:00,planned,ELEC-01,1657.0
9672,26,2026-06-22 00:34:00,2026-06-22 03:20:00,unplanned,CAL-01,
9673,20,2026-01-01 11:38:00,2026-01-01 13:37:00,planned,MAT-01,
9674,17,2026-01-23 16:30:00,2026-01-23 17:16:00,planned,MEC-01,9183.0
9675,14,2026-03-24 01:41:00,2026-03-24 02:48:00,unplanned,ELEC-01,
9676,1,2026-04-06 16:44:00,2026-04-06 17:16:00,planned,CAL-01,6661.0
9677,35,2026-02-20 16:57:00,2026-02-20 19:36:00,unplanned,MEC-01,5327.0
9678,36,2026-03-07 10:49:00,2026-03-07 10:56:00,planned,MAT-01,9835.0
9679,21,2026-02-21 23:09:00,2026-02-22 00:47:00,planned,MAT-01,
9680,25,2026-03-14 04:11:00,2026-03-14 06:42:00,unplanned,ELEC-01,2384.0
9681,10,2026-01-07 01:03:00,2026-01-07 01:21:00,planned,MEC-02,4970.0
9682,44,2026-02-25 07:32:00,2026-02-25 10:28:00,unplanned,MEC-01,172.0
9683,8,2026-06-13 16:29:00,2026-06-13 19:18:00,unplanned,CAL-01,1823.0
9684,37,2026-06-13 01:56:00,2026-06-13 02:16:00,unplanned,MEC-02,
9685,4,2026-03-06 07:42:00,2026-03-06 10:22:00,planned,MAT-01,9171.0
9686,11,2026-06-24 22:30:00,2026-06-24 22:50:00,planned,MEC-02,2311.0
9687,3,2026-04-21 21:05:00,2026-04-21 22:55:00,unplanned,MAT-01,1484.0
9688,50,2026-02-24 09:40:00,2026-02-24 11:45:00,planned,ELEC-01,
9689,1,2026-05-06 15:05:00,2026-05-06 17:21:00,unplanned,ELEC-01,5678.0
9690,48,2026-01-26 02:47:00,2026-01-26 03:42:00,planned,MAT-01,
9691,1,2026-02-11 11:10:00,2026-02-11 12:59:00,unplanned,MAT-01,4492.0
9692,17,2026-02-02 19:05:00,2026-02-02 21:51:00,unplanned,MEC-01,3479.0
9693,25,2026-06-02 16:03:00,2026-06-02 17:57:00,planned,MAT-01,8498.0
9694,24,2026-01-08 12:27:00,2026-01-08 13:38:00,unplanned,ELEC-01,
9695,33,2026-01-04 04:43:00,2026-01-04 06:51:00,unplanned,CAL-01,4839.0
9696,4,2026-03-08 10:16:00,2026-03-08 11:49:00,planned,CAL-01,
9697,4,2026-01-30 19:21:00,2026-01-30 21:36:00,planned,MAT-01,6500.0
9698,1,2026-01-20 00:19:00,2026-01-20 03:17:00,unplanned,ELEC-01,3307.0
9699,1,2026-02-19 09:20:00,2026-02-19 10:40:00,unplanned,MAT-01,1534.0
9700,19,2026-06-02 15:34:00,2026-06-02 15:56:00,planned,ELEC-01,
9701,26,2026-05-09 15:43:00,2026-05-09 18:05:00,planned,ELEC-01,
9702,42,2026-02-07 12:13:00,2026-02-07 14:22:00,planned,MAT-01,9018.0
9703,18,2026-01-24 09:23:00,2026-01-24 11:48:00,planned,MEC-02,6261.0
9704,33,2026-02-23 13:04:00,2026-02-23 14:26:00,unplanned,MEC-02,2522.0
9705,16,2026-05-31 12:57:00,2026-05-31 13:58:00,planned,MEC-02,1513.0
9706,31,2026-03-31 20:47:00,2026-03-31 21:02:00,unplanned,MEC-02,1919.0
9707,4,2026-02-18 11:53:00,2026-02-18 12:19:00,unplanned,MEC-02,9157.0
9708,50,2026-03-29 06:56:00,2026-03-29 07:35:00,unplanned,CAL-01,
9709,11,2026-05-18 09:29:00,2026-05-18 10:56:00,planned,ELEC-01,
9710,12,2026-05-06 02:56:00,2026-05-06 05:45:00,planned,CAL-01,9741.0
9711,45,2026-04-01 03:35:00,2026-04-01 05:46:00,unplanned,CAL-01,3878.0
9712,6,2026-03-28 20:46:00,2026-03-28 23:17:00,unplanned,MEC-01,
9713,27,2026-03-31 07:31:00,2026-03-31 08:07:00,unplanned,CAL-01,6901.0
9714,34,2026-03-13 18:24:00,2026-03-13 20:37:00,planned,MAT-01,815.0
9715,45,2026-03-20 19:43:00,2026-03-20 22:09:00,unplanned,MEC-02,3993.0
9716,49,2026-02-03 12:29:00,2026-02-03 13:28:00,planned,CAL-01,2907.0
9717,15,2026-01-26 09:58:00,2026-01-26 11:46:00,unplanned,MEC-02,651.0
9718,5,2026-03-18 16:56:00,2026-03-18 17:29:00,unplanned,CAL-01,
9719,32,2026-03-22 19:46:00,2026-03-22 21:15:00,planned,ELEC-01,6024.0
9720,24,2026-04-22 11:39:00,2026-04-22 14:23:00,unplanned,CAL-01,2767.0
9721,4,2026-03-14 08:11:00,2026-03-14 10:18:00,unplanned,ELEC-01,
9722,28,2026-05-04 22:24:00,2026-05-05 01:15:00,planned,MEC-02,458.0
9723,14,2026-01-21 03:39:00,2026-01-21 05:43:00,planned,CAL-01,6058.0
9724,17,2026-05-05 01:36:00,2026-05-05 04:05:00,planned,MEC-01,
9725,11,2026-05-04 00:22:00,2026-05-04 02:01:00,planned,MAT-01,7019.0
9726,38,2026-02-24 21:51:00,2026-02-24 23:19:00,planned,ELEC-01,
9727,21,2026-04-21 18:37:00,2026-04-21 21:05:00,planned,CAL-01,
9728,4,2026-01-09 04:10:00,2026-01-09 06:06:00,unplanned,MEC-02,
9729,6,2026-01-17 05:37:00,2026-01-17 08:07:00,unplanned,CAL-01,
9730,38,2026-01-25 03:18:00,2026-01-25 04:45:00,planned,MEC-02,3399.0
9731,1,2026-01-25 12:02:00,2026-01-25 14:25:00,planned,CAL-01,992.0
9732,23,2026-02-01 14:47:00,2026-02-01 15:14:00,planned,CAL-01,9395.0
9733,45,2026-04-12 04:18:00,2026-04-12 05:57:00,planned,ELEC-01,
9734,37,2026-03-19 13:31:00,2026-03-19 16:10:00,unplanned,MEC-01,6023.0
9735,24,2026-01-03 16:44:00,2026-01-03 19:13:00,unplanned,MEC-01,6989.0
9736,3,2026-04-02 21:14:00,2026-04-02 22:18:00,planned,CAL-01,2895.0
9737,21,2026-02-14 16:53:00,2026-02-14 18:59:00,unplanned,MAT-01,
9738,16,2026-02-24 10:06:00,2026-02-24 11:31:00,unplanned,MAT-01,3208.0
9739,40,2026-01-14 13:37:00,2026-01-14 15:21:00,unplanned,MEC-02,9044.0
9740,17,2026-05-04 11:12:00,2026-05-04 11:52:00,unplanned,CAL-01,8444.0
9741,12,2026-06-15 16:49:00,2026-06-15 19:38:00,unplanned,MEC-02,
9742,30,2026-05-14 23:43:00,2026-05-15 00:34:00,unplanned,MEC-01,2685.0
9743,44,2026-05-10 09:27:00,2026-05-10 10:02:00,planned,ELEC-01,4374.0
9744,25,2026-04-12 18:51:00,2026-04-12 20:21:00,unplanned,MEC-02,3208.0
9745,33,2026-03-16 05:33:00,2026-03-16 06:01:00,planned,CAL-01,7818.0
9746,8,2026-06-08 15:48:00,2026-06-08 17:02:00,planned,MEC-02,6912.0
9747,42,2026-05-27 12:16:00,2026-05-27 12:30:00,unplanned,MAT-01,6387.0
9748,35,2026-02-25 09:25:00,2026-02-25 12:02:00,planned,MAT-01,
9749,13,2026-05-09 04:15:00,2026-05-09 04:27:00,planned,ELEC-01,125.0
9750,5,2026-05-06 23:36:00,2026-05-07 00:31:00,planned,CAL-01,9385.0
9751,13,2026-05-19 02:19:00,2026-05-19 04:51:00,unplanned,MAT-01,742.0
9752,16,2026-01-11 06:36:00,2026-01-11 08:23:00,unplanned,ELEC-01,
9753,7,2026-03-07 14:06:00,2026-03-07 16:12:00,planned,MEC-02,4739.0
9754,3,2026-04-09 16:02:00,2026-04-09 17:00:00,planned,MEC-02,5572.0
9755,5,2026-06-06 16:05:00,2026-06-06 17:50:00,unplanned,MEC-02,9736.0
9756,45,2026-05-21 19:00:00,2026-05-21 21:57:00,unplanned,MEC-01,882.0
9757,1,2026-06-04 15:58:00,2026-06-04 17:36:00,unplanned,MAT-01,9732.0
9758,29,2026-02-25 19:32:00,2026-02-25 21:36:00,planned,MEC-02,1226.0
9759,42,2026-06-16 08:22:00,2026-06-16 10:34:00,unplanned,MEC-02,9244.0
9760,4,2026-05-11 06:53:00,2026-05-11 08:05:00,planned,ELEC-01,
9761,22,2026-04-10 16:40:00,2026-04-10 19:02:00,planned,ELEC-01,9964.0
9762,45,2026-05-16 07:45:00,2026-05-16 08:42:00,unplanned,MEC-01,
9763,40,2026-03-15 00:27:00,2026-03-15 03:26:00,planned,CAL-01,403.0
9764,38,2026-03-23 08:43:00,2026-03-23 10:14:00,planned,MAT-01,4877.0
9765,3,2026-02-09 04:50:00,2026-02-09 06:24:00,unplanned,MEC-01,6004.0
9766,35,2026-01-24 10:54:00,2026-01-24 11:56:00,planned,MEC-02,7566.0
9767,35,2026-03-28 13:02:00,2026-03-28 14:24:00,unplanned,MEC-01,501.0
9768,11,2026-02-22 19:14:00,2026-02-22 21:15:00,unplanned,CAL-01,813.0
9769,30,2026-04-27 23:07:00,2026-04-27 23:46:00,planned,MEC-01,
9770,40,2026-06-11 01:10:00,2026-06-11 04:10:00,unplanned,CAL-01,
9771,43,2026-01-07 20:54:00,2026-01-07 22:38:00,unplanned,MEC-02,1449.0
9772,11,2026-01-07 22:12:00,2026-01-07 23:15:00,planned,MEC-01,2361.0
9773,32,2026-06-12 20:19:00,2026-06-12 22:53:00,planned,MAT-01,1415.0
9774,22,2026-04-01 09:26:00,2026-04-01 11:21:00,unplanned,ELEC-01,9926.0
9775,41,2026-03-07 11:56:00,2026-03-07 12:39:00,unplanned,MEC-02,7771.0
9776,32,2026-04-12 16:41:00,2026-04-12 17:46:00,planned,MAT-01,1170.0
9777,31,2026-05-19 13:50:00,2026-05-19 16:34:00,planned,MEC-02,
9778,2,2026-05-14 02:51:00,2026-05-14 03:04:00,planned,MEC-02,5188.0
9779,16,2026-06-24 17:01:00,2026-06-24 19:13:00,unplanned,ELEC-01,9745.0
9780,37,2026-01-03 18:47:00,2026-01-03 21:14:00,unplanned,MEC-02,6039.0
9781,44,2026-06-01 05:59:00,2026-06-01 07:30:00,unplanned,ELEC-01,
9782,21,2026-05-01 23:13:00,2026-05-01 23:58:00,unplanned,MAT-01,5221.0
9783,12,2026-02-02 13:03:00,2026-02-02 15:28:00,unplanned,ELEC-01,5325.0
9784,27,2026-05-12 20:53:00,2026-05-12 23:25:00,planned,MEC-02,
9785,29,2026-06-22 17:29:00,2026-06-22 17:55:00,planned,CAL-01,
9786,29,2026-04-09 10:52:00,2026-04-09 12:26:00,unplanned,CAL-01,
9787,25,2026-01-22 17:54:00,2026-01-22 20:37:00,planned,ELEC-01,8786.0
9788,13,2026-04-03 14:23:00,2026-04-03 15:02:00,planned,ELEC-01,
9789,28,2026-05-13 22:02:00,2026-05-13 23:15:00,unplanned,MEC-01,9013.0
9790,2,2026-03-25 02:15:00,2026-03-25 04:27:00,planned,ELEC-01,3570.0
9791,49,2026-06-06 01:03:00,2026-06-06 01:38:00,unplanned,ELEC-01,
9792,26,2026-01-03 05:48:00,2026-01-03 06:54:00,planned,MEC-01,
9793,27,2026-03-23 10:11:00,2026-03-23 12:11:00,planned,ELEC-01,
9794,8,2026-05-20 18:47:00,2026-05-20 20:17:00,planned,CAL-01,8833.0
9795,32,2026-02-01 06:01:00,2026-02-01 07:16:00,planned,MEC-01,
9796,25,2026-05-05 20:23:00,2026-05-05 21:33:00,planned,MEC-01,
9797,28,2026-03-29 13:04:00,2026-03-29 15:23:00,planned,MEC-02,4237.0
9798,6,2026-05-27 03:16:00,2026-05-27 04:17:00,unplanned,MEC-02,2374.0
9799,41,2026-01-14 14:32:00,2026-01-14 14:40:00,unplanned,CAL-01,
9800,9,2026-03-20 18:34:00,2026-03-20 20:07:00,unplanned,MEC-01,6974.0
9801,27,2026-03-25 20:30:00,2026-03-25 22:55:00,planned,MEC-01,7736.0
9802,17,2026-06-15 21:23:00,2026-06-15 22:50:00,planned,ELEC-01,
9803,20,2026-06-26 22:15:00,2026-06-27 00:16:00,planned,CAL-01,9958.0
9804,7,2026-03-27 14:32:00,2026-03-27 16:46:00,unplanned,MEC-01,
9805,40,2026-06-08 09:37:00,2026-06-08 11:18:00,planned,MEC-01,38.0
9806,24,2026-03-12 19:08:00,2026-03-12 21:58:00,unplanned,ELEC-01,
9807,9,2026-06-12 13:58:00,2026-06-12 16:32:00,unplanned,ELEC-01,
9808,26,2026-01-24 14:09:00,2026-01-24 16:33:00,unplanned,MAT-01,9302.0
9809,39,2026-04-26 10:33:00,2026-04-26 11:15:00,planned,MEC-01,188.0
9810,49,2026-03-09 00:02:00,2026-03-09 00:28:00,unplanned,MEC-02,
9811,45,2026-01-27 11:49:00,2026-01-27 14:05:00,unplanned,MEC-01,9932.0
9812,2,2026-01-12 07:17:00,2026-01-12 09:31:00,planned,ELEC-01,8090.0
9813,18,2026-02-16 14:22:00,2026-02-16 16:30:00,unplanned,ELEC-01,697.0
9814,22,2026-02-08 09:45:00,2026-02-08 11:47:00,planned,MEC-01,4537.0
9815,50,2026-05-11 01:40:00,2026-05-11 02:19:00,unplanned,CAL-01,8043.0
9816,32,2026-03-20 04:16:00,2026-03-20 04:35:00,planned,CAL-01,5579.0
9817,15,2026-06-13 06:31:00,2026-06-13 09:03:00,unplanned,CAL-01,7289.0
9818,19,2026-01-11 21:46:00,2026-01-12 00:38:00,unplanned,MEC-01,
9819,34,2026-02-24 07:15:00,2026-02-24 09:26:00,planned,ELEC-01,471.0
9820,21,2026-01-21 07:45:00,2026-01-21 10:41:00,unplanned,CAL-01,5132.0
9821,47,2026-01-03 15:59:00,2026-01-03 16:14:00,unplanned,CAL-01,3529.0
9822,22,2026-03-22 17:39:00,2026-03-22 18:33:00,unplanned,MEC-01,8997.0
9823,42,2026-03-27 03:38:00,2026-03-27 05:24:00,unplanned,CAL-01,54.0
9824,6,2026-04-01 04:18:00,2026-04-01 05:41:00,unplanned,MEC-02,
9825,34,2026-01-03 06:55:00,2026-01-03 07:19:00,unplanned,ELEC-01,
9826,2,2026-03-20 10:31:00,2026-03-20 11:19:00,planned,MEC-01,
9827,21,2026-04-16 01:53:00,2026-04-16 02:56:00,planned,MEC-02,8137.0
9828,17,2026-02-10 16:22:00,2026-02-10 19:18:00,planned,MAT-01,9310.0
9829,36,2026-04-25 04:04:00,2026-04-25 04:31:00,planned,MAT-01,8466.0
9830,44,2026-04-03 05:57:00,2026-04-03 07:19:00,unplanned,MEC-01,
9831,24,2026-04-17 00:54:00,2026-04-17 01:35:00,planned,CAL-01,
9832,14,2026-05-18 12:39:00,2026-05-18 14:04:00,unplanned,ELEC-01,6292.0
9833,21,2026-06-27 08:24:00,2026-06-27 10:09:00,unplanned,ELEC-01,
9834,33,2026-03-29 08:25:00,2026-03-29 09:00:00,planned,MEC-01,1432.0
9835,9,2026-05-16 15:25:00,2026-05-16 18:21:00,unplanned,MEC-01,9974.0
9836,19,2026-05-31 19:14:00,2026-05-31 20:16:00,planned,MEC-01,5985.0
9837,31,2026-04-24 11:11:00,2026-04-24 13:18:00,planned,CAL-01,
9838,22,2026-02-09 14:11:00,2026-02-09 14:25:00,planned,MEC-01,9492.0
9839,8,2026-02-12 06:39:00,2026-02-12 08:12:00,planned,ELEC-01,
9840,13,2026-05-14 17:21:00,2026-05-14 19:53:00,unplanned,CAL-01,
9841,36,2026-03-31 06:17:00,2026-03-31 07:13:00,planned,MEC-02,1055.0
9842,34,2026-03-18 12:16:00,2026-03-18 13:37:00,planned,ELEC-01,5753.0
9843,32,2026-05-30 09:50:00,2026-05-30 12:01:00,planned,CAL-01,
9844,10,2026-05-01 22:00:00,2026-05-01 22:21:00,planned,MEC-01,
9845,37,2026-01-20 07:58:00,2026-01-20 09:46:00,unplanned,ELEC-01,8543.0
9846,10,2026-04-17 21:05:00,2026-04-17 21:30:00,planned,MAT-01,9993.0
9847,35,2026-02-01 07:43:00,2026-02-01 09:28:00,planned,ELEC-01,
9848,21,2026-03-04 17:23:00,2026-03-04 18:29:00,unplanned,MEC-01,
9849,16,2026-05-23 12:26:00,2026-05-23 13:02:00,unplanned,MEC-01,
9850,42,2026-04-29 16:04:00,2026-04-29 18:47:00,planned,CAL-01,1414.0
9851,43,2026-02-12 01:34:00,2026-02-12 02:42:00,unplanned,MAT-01,3491.0
9852,49,2026-01-11 08:40:00,2026-01-11 08:56:00,unplanned,CAL-01,
9853,29,2026-05-08 21:51:00,2026-05-08 23:58:00,unplanned,CAL-01,8750.0
9854,11,2026-06-29 23:49:00,2026-06-30 00:27:00,unplanned,ELEC-01,
9855,14,2026-03-13 13:37:00,2026-03-13 15:58:00,unplanned,MAT-01,5159.0
9856,30,2026-02-15 13:02:00,2026-02-15 15:27:00,unplanned,ELEC-01,9368.0
9857,40,2026-05-22 20:34:00,2026-05-22 22:58:00,unplanned,MEC-01,4731.0
9858,14,2026-06-13 13:40:00,2026-06-13 15:00:00,planned,ELEC-01,4434.0
9859,24,2026-03-20 20:50:00,2026-03-20 20:57:00,unplanned,ELEC-01,9106.0
9860,50,2026-05-09 17:10:00,2026-05-09 17:30:00,unplanned,MEC-02,7752.0
9861,22,2026-06-14 08:06:00,2026-06-14 10:28:00,planned,MEC-02,1150.0
9862,43,2026-04-22 15:19:00,2026-04-22 15:31:00,unplanned,MEC-01,3255.0
9863,24,2026-03-12 06:19:00,2026-03-12 08:57:00,unplanned,CAL-01,6180.0
9864,43,2026-04-18 16:15:00,2026-04-18 17:28:00,planned,ELEC-01,9325.0
9865,25,2026-02-03 12:40:00,2026-02-03 15:31:00,planned,ELEC-01,5785.0
9866,4,2026-04-22 11:45:00,2026-04-22 13:46:00,unplanned,MEC-01,9461.0
9867,27,2026-06-26 01:03:00,2026-06-26 02:37:00,planned,MAT-01,
9868,36,2026-05-09 23:52:00,2026-05-10 01:21:00,unplanned,ELEC-01,1302.0
9869,8,2026-01-16 05:01:00,2026-01-16 07:30:00,planned,MEC-02,7334.0
9870,50,2026-01-16 14:06:00,2026-01-16 14:29:00,unplanned,MAT-01,817.0
9871,8,2026-06-26 17:11:00,2026-06-26 19:54:00,unplanned,CAL-01,5444.0
9872,48,2026-06-22 10:34:00,2026-06-22 11:09:00,unplanned,CAL-01,8874.0
9873,9,2026-01-13 09:30:00,2026-01-13 11:54:00,planned,MAT-01,
9874,23,2026-03-16 17:58:00,2026-03-16 18:36:00,planned,MAT-01,5404.0
9875,32,2026-02-13 18:03:00,2026-02-13 18:40:00,planned,CAL-01,
9876,26,2026-01-31 04:20:00,2026-01-31 04:42:00,unplanned,MEC-01,8739.0
9877,36,2026-01-05 07:31:00,2026-01-05 09:01:00,unplanned,ELEC-01,5548.0
9878,30,2026-01-13 19:36:00,2026-01-13 20:51:00,unplanned,ELEC-01,
9879,35,2026-03-05 18:32:00,2026-03-05 20:11:00,unplanned,MEC-02,
9880,39,2026-03-26 18:52:00,2026-03-26 21:01:00,planned,CAL-01,5879.0
9881,19,2026-02-08 08:59:00,2026-02-08 09:52:00,unplanned,ELEC-01,
9882,8,2026-03-05 02:32:00,2026-03-05 04:42:00,planned,ELEC-01,
9883,49,2026-04-01 19:22:00,2026-04-01 21:42:00,unplanned,ELEC-01,371.0
9884,5,2026-06-01 07:53:00,2026-06-01 08:00:00,planned,MEC-02,5327.0
9885,9,2026-02-07 07:49:00,2026-02-07 09:10:00,unplanned,MEC-02,9862.0
9886,48,2026-06-12 08:10:00,2026-06-12 11:10:00,unplanned,MEC-02,
9887,43,2026-06-01 04:26:00,2026-06-01 05:54:00,unplanned,MEC-02,554.0
9888,27,2026-03-23 11:17:00,2026-03-23 13:22:00,unplanned,ELEC-01,8192.0
9889,20,2026-05-28 03:29:00,2026-05-28 04:16:00,planned,CAL-01,
9890,37,2026-01-11 14:07:00,2026-01-11 15:36:00,unplanned,ELEC-01,2420.0
9891,32,2026-02-15 13:57:00,2026-02-15 14:17:00,unplanned,MEC-02,
9892,22,2026-01-14 17:01:00,2026-01-14 19:19:00,planned,MEC-02,
9893,43,2026-06-23 12:32:00,2026-06-23 13:47:00,planned,MAT-01,2132.0
9894,6,2026-03-14 03:04:00,2026-03-14 05:57:00,unplanned,CAL-01,501.0
9895,34,2026-05-26 21:23:00,2026-05-26 23:23:00,unplanned,MEC-01,
9896,3,2026-05-16 19:53:00,2026-05-16 20:15:00,unplanned,MEC-02,8674.0
9897,22,2026-05-11 10:18:00,2026-05-11 10:37:00,unplanned,MAT-01,
9898,6,2026-03-02 00:17:00,2026-03-02 01:28:00,planned,MAT-01,1440.0
9899,3,2026-04-29 06:00:00,2026-04-29 06:46:00,unplanned,MAT-01,4099.0
9900,14,2026-05-18 04:34:00,2026-05-18 07:22:00,unplanned,MEC-01,8372.0
9901,47,2026-06-04 21:52:00,2026-06-04 22:41:00,unplanned,ELEC-01,3721.0
9902,43,2026-02-15 03:22:00,2026-02-15 05:04:00,planned,CAL-01,8813.0
9903,11,2026-05-07 08:30:00,2026-05-07 09:35:00,planned,MEC-01,1181.0
9904,15,2026-05-25 15:31:00,2026-05-25 17:56:00,unplanned,MEC-01,6572.0
9905,31,2026-03-19 16:52:00,2026-03-19 19:41:00,unplanned,CAL-01,9694.0
9906,22,2026-06-28 04:28:00,2026-06-28 04:34:00,planned,MEC-01,6928.0
9907,21,2026-06-01 05:25:00,2026-06-01 07:25:00,planned,MEC-02,
9908,33,2026-05-20 12:42:00,2026-05-20 14:45:00,unplanned,MAT-01,
9909,42,2026-03-09 17:26:00,2026-03-09 19:04:00,unplanned,MEC-02,9262.0
9910,39,2026-02-14 19:57:00,2026-02-14 22:46:00,planned,MAT-01,2682.0
9911,24,2026-03-10 00:06:00,2026-03-10 00:28:00,unplanned,CAL-01,
9912,26,2026-05-02 07:06:00,2026-05-02 08:13:00,planned,ELEC-01,340.0
9913,29,2026-06-14 05:15:00,2026-06-14 07:29:00,unplanned,MEC-01,117.0
9914,10,2026-01-11 22:54:00,2026-01-12 01:46:00,planned,ELEC-01,7348.0
9915,46,2026-05-29 03:01:00,2026-05-29 03:39:00,unplanned,ELEC-01,1034.0
9916,34,2026-01-11 03:44:00,2026-01-11 04:10:00,unplanned,MAT-01,
9917,49,2026-05-30 19:58:00,2026-05-30 22:32:00,planned,MEC-02,
9918,40,2026-01-14 03:19:00,2026-01-14 06:05:00,unplanned,ELEC-01,124.0
9919,39,2026-05-10 14:03:00,2026-05-10 16:10:00,planned,MAT-01,4103.0
9920,49,2026-01-08 05:10:00,2026-01-08 05:50:00,unplanned,MAT-01,6320.0
9921,45,2026-06-08 02:43:00,2026-06-08 03:23:00,planned,MEC-01,2170.0
9922,29,2026-02-23 07:08:00,2026-02-23 09:48:00,planned,MAT-01,3335.0
9923,28,2026-02-16 00:34:00,2026-02-16 01:11:00,planned,MEC-01,8936.0
9924,26,2026-03-19 07:46:00,2026-03-19 08:35:00,unplanned,CAL-01,3915.0
9925,29,2026-06-13 04:05:00,2026-06-13 06:47:00,unplanned,MAT-01,5968.0
9926,32,2026-05-18 16:19:00,2026-05-18 16:56:00,planned,MEC-01,
9927,4,2026-05-14 19:20:00,2026-05-14 19:32:00,planned,ELEC-01,6138.0
9928,7,2026-01-18 00:39:00,2026-01-18 02:36:00,planned,MEC-01,
9929,9,2026-05-30 05:29:00,2026-05-30 08:25:00,planned,MEC-02,4098.0
9930,22,2026-01-28 00:19:00,2026-01-28 00:44:00,unplanned,MEC-01,6707.0
9931,16,2026-06-22 20:59:00,2026-06-22 21:06:00,unplanned,ELEC-01,3453.0
9932,32,2026-01-19 03:14:00,2026-01-19 03:36:00,planned,MAT-01,3002.0
9933,8,2026-05-03 06:02:00,2026-05-03 07:46:00,planned,CAL-01,865.0
9934,44,2026-03-04 08:23:00,2026-03-04 09:19:00,unplanned,MAT-01,5571.0
9935,42,2026-05-31 21:45:00,2026-06-01 00:17:00,unplanned,MEC-02,8317.0
9936,26,2026-04-30 08:41:00,2026-04-30 11:07:00,planned,MEC-01,3669.0
9937,5,2026-04-18 02:00:00,2026-04-18 04:41:00,planned,MEC-01,8131.0
9938,43,2026-04-17 03:22:00,2026-04-17 03:35:00,planned,ELEC-01,7887.0
9939,47,2026-05-14 13:06:00,2026-05-14 15:13:00,unplanned,MEC-01,2465.0
9940,30,2026-01-05 07:02:00,2026-01-05 07:53:00,unplanned,MEC-02,605.0
9941,37,2026-02-17 00:43:00,2026-02-17 01:08:00,planned,ELEC-01,8109.0
9942,30,2026-03-23 23:00:00,2026-03-24 01:19:00,planned,MAT-01,8427.0
9943,43,2026-05-23 06:33:00,2026-05-23 08:30:00,planned,MAT-01,4270.0
9944,42,2026-01-25 06:53:00,2026-01-25 08:36:00,unplanned,MEC-02,736.0
9945,13,2026-05-06 14:31:00,2026-05-06 16:04:00,planned,ELEC-01,
9946,31,2026-01-22 11:00:00,2026-01-22 11:46:00,planned,ELEC-01,
9947,3,2026-03-23 14:26:00,2026-03-23 15:29:00,unplanned,MEC-01,7929.0
9948,21,2026-01-30 12:40:00,2026-01-30 15:16:00,planned,MEC-02,
9949,11,2026-04-14 02:21:00,2026-04-14 05:04:00,unplanned,MEC-02,3287.0
9950,33,2026-04-18 20:34:00,2026-04-18 21:40:00,unplanned,MEC-02,383.0
9951,27,2026-05-09 07:30:00,2026-05-09 09:20:00,unplanned,ELEC-01,7278.0
9952,50,2026-02-05 06:37:00,2026-02-05 08:12:00,unplanned,CAL-01,8078.0
9953,42,2026-06-25 21:22:00,2026-06-25 23:28:00,planned,ELEC-01,5026.0
9954,10,2026-04-20 10:15:00,2026-04-20 11:28:00,unplanned,MAT-01,9577.0
9955,47,2026-05-06 20:59:00,2026-05-06 23:09:00,unplanned,MAT-01,681.0
9956,24,2026-05-29 06:01:00,2026-05-29 07:54:00,planned,MEC-01,3596.0
9957,8,2026-04-14 09:53:00,2026-04-14 10:33:00,unplanned,ELEC-01,
9958,6,2026-03-05 13:11:00,2026-03-05 13:20:00,unplanned,ELEC-01,9802.0
9959,16,2026-06-27 07:35:00,2026-06-27 08:12:00,planned,ELEC-01,
9960,39,2026-05-17 11:40:00,2026-05-17 14:04:00,planned,CAL-01,8074.0
9961,33,2026-02-02 11:02:00,2026-02-02 13:50:00,planned,MEC-01,3525.0
9962,21,2026-03-14 06:27:00,2026-03-14 08:28:00,unplanned,MEC-02,5177.0
9963,25,2026-04-30 12:17:00,2026-04-30 14:43:00,planned,MEC-01,2071.0
9964,9,2026-02-09 21:35:00,2026-02-09 21:41:00,planned,MEC-01,4544.0
9965,11,2026-05-29 14:20:00,2026-05-29 16:59:00,unplanned,MEC-01,476.0
9966,21,2026-04-02 23:11:00,2026-04-02 23:40:00,planned,MEC-02,1811.0
9967,23,2026-03-13 07:16:00,2026-03-13 07:25:00,planned,MEC-01,2826.0
9968,8,2026-01-09 01:52:00,2026-01-09 02:51:00,unplanned,MEC-01,
9969,1,2026-01-30 09:00:00,2026-01-30 11:02:00,planned,MEC-01,3707.0
9970,28,2026-05-28 08:10:00,2026-05-28 08:35:00,unplanned,MEC-02,6399.0
9971,2,2026-05-31 13:56:00,2026-05-31 16:03:00,planned,MEC-01,
9972,6,2026-01-19 15:37:00,2026-01-19 16:03:00,planned,MEC-02,
9973,22,2026-06-28 00:15:00,2026-06-28 02:32:00,planned,MAT-01,
9974,42,2026-02-21 14:28:00,2026-02-21 15:21:00,unplanned,MEC-01,3376.0
9975,41,2026-03-25 05:43:00,2026-03-25 06:38:00,unplanned,MAT-01,5074.0
9976,7,2026-06-26 19:28:00,2026-06-26 21:33:00,unplanned,ELEC-01,4917.0
9977,36,2026-06-02 17:01:00,2026-06-02 19:10:00,planned,MEC-01,5967.0
9978,25,2026-02-05 01:28:00,2026-02-05 03:01:00,planned,MAT-01,161.0
9979,17,2026-06-08 02:08:00,2026-06-08 03:14:00,planned,MEC-01,1562.0
9980,21,2026-05-31 23:11:00,2026-06-01 00:19:00,unplanned,MEC-02,2428.0
9981,29,2026-05-26 18:23:00,2026-05-26 19:44:00,planned,CAL-01,
9982,43,2026-02-20 22:59:00,2026-02-21 01:27:00,planned,ELEC-01,1171.0
9983,35,2026-04-10 01:37:00,2026-04-10 02:12:00,unplanned,CAL-01,6792.0
9984,44,2026-06-08 20:50:00,2026-06-08 23:40:00,planned,MEC-02,9698.0
9985,26,2026-01-13 21:38:00,2026-01-14 00:14:00,unplanned,MAT-01,
9986,40,2026-03-31 04:53:00,2026-03-31 07:10:00,planned,MEC-02,550.0
9987,26,2026-05-30 14:20:00,2026-05-30 15:29:00,unplanned,MAT-01,
9988,18,2026-06-21 20:44:00,2026-06-21 23:39:00,planned,MAT-01,8222.0
9989,23,2026-02-22 08:01:00,2026-02-22 10:25:00,unplanned,ELEC-01,9921.0
9990,45,2026-03-27 18:57:00,2026-03-27 21:42:00,unplanned,MAT-01,6181.0
9991,46,2026-04-16 17:34:00,2026-04-16 18:33:00,planned,MEC-02,5065.0
9992,8,2026-04-15 01:32:00,2026-04-15 02:33:00,planned,MEC-02,1693.0
9993,3,2026-05-11 14:54:00,2026-05-11 17:40:00,planned,CAL-01,
9994,21,2026-03-10 18:03:00,2026-03-10 18:23:00,unplanned,CAL-01,158.0
9995,5,2026-03-25 10:56:00,2026-03-25 11:18:00,unplanned,MEC-02,1338.0
9996,15,2026-02-15 16:51:00,2026-02-15 17:22:00,planned,MEC-02,3379.0
9997,38,2026-01-25 02:49:00,2026-01-25 04:48:00,unplanned,ELEC-01,7091.0
9998,30,2026-03-06 01:03:00,2026-03-06 02:02:00,planned,MAT-01,2883.0
9999,12,2026-05-23 14:35:00,2026-05-23 14:48:00,unplanned,MAT-01,
10000,46,2026-04-01 01:39:00,2026-04-01 03:10:00,unplanned,CAL-01,1196.0
