order_id,machine_id,shift_id,supervisor,units_produced,units_defective,unidades_optimas
1,36,3,Supervisor_3,445,15,430
2,22,2,Supervisor_2,287,19,268
3,33,1,Supervisor_1,315,21,294
4,2,2,Supervisor_2,99,2,97
5,48,1,Supervisor_1,102,5,97
6,8,2,Supervisor_2,235,15,220
7,19,3,Supervisor_3,354,6,348
8,50,3,Supervisor_3,83,5,78
9,11,2,Supervisor_2,452,27,425
10,47,3,Supervisor_3,152,4,148
11,20,3,Supervisor_3,320,11,309
12,31,3,Supervisor_3,263,2,261
13,9,3,Supervisor_3,325,1,324
14,18,3,Supervisor_3,320,24,296
15,2,3,Supervisor_3,352,22,330
16,7,3,Supervisor_3,324,17,307
17,35,1,Supervisor_1,366,6,360
18,47,3,Supervisor_3,190,7,183
19,37,1,Supervisor_1,162,4,158
20,37,1,Supervisor_1,277,16,261
21,44,2,Supervisor_2,263,18,245
22,35,3,Supervisor_3,328,21,307
23,17,2,Supervisor_2,274,6,268
24,18,2,Supervisor_2,339,11,328
25,10,2,Supervisor_2,205,3,202
26,42,3,Supervisor_3,335,19,316
27,18,1,Supervisor_1,311,24,287
28,33,2,Supervisor_2,163,4,159
29,12,3,Supervisor_3,130,9,121
30,38,3,Supervisor_3,306,5,301
31,21,2,Supervisor_2,217,6,211
32,44,2,Supervisor_2,203,2,201
33,32,1,Supervisor_1,471,0,471
34,14,3,Supervisor_3,328,1,327
35,30,2,Supervisor_2,412,11,401
36,23,3,Supervisor_3,124,9,115
37,37,3,Supervisor_3,288,20,268
38,10,2,Supervisor_2,402,5,397
39,24,1,Supervisor_1,73,0,73
40,29,3,Supervisor_3,159,7,152
41,25,1,Supervisor_1,248,3,245
42,9,3,Supervisor_3,336,7,329
43,31,2,Supervisor_2,424,20,404
44,14,2,Supervisor_2,240,15,225
45,4,3,Supervisor_3,438,18,420
46,38,2,Supervisor_2,113,5,108
47,1,1,Supervisor_1,392,9,383
48,36,2,Supervisor_2,172,3,169
49,35,3,Supervisor_3,470,27,443
50,17,1,Supervisor_1,325,9,316
51,37,1,Supervisor_1,466,21,445
52,2,2,Supervisor_2,310,12,298
53,47,2,Supervisor_2,96,0,96
54,38,3,Supervisor_3,427,29,398
55,8,1,Supervisor_1,435,23,412
56,25,3,Supervisor_3,329,1,328
57,9,2,Supervisor_2,51,2,49
58,8,3,Supervisor_3,460,23,437
59,38,2,Supervisor_2,413,23,390
60,15,3,Supervisor_3,67,0,67
61,8,3,Supervisor_3,71,3,68
62,48,3,Supervisor_3,294,15,279
63,50,3,Supervisor_3,399,29,370
64,32,3,Supervisor_3,259,15,244
65,18,1,Supervisor_1,365,9,356
66,25,2,Supervisor_2,121,0,121
67,18,3,Supervisor_3,92,6,86
68,11,2,Supervisor_2,348,15,333
69,17,1,Supervisor_1,303,13,290
70,23,2,Supervisor_2,96,4,92
71,4,3,Supervisor_3,88,1,87
72,43,2,Supervisor_2,306,0,306
73,4,3,Supervisor_3,216,2,214
74,31,1,Supervisor_1,338,1,337
75,20,3,Supervisor_3,142,0,142
76,44,3,Supervisor_3,332,19,313
77,26,1,Supervisor_1,190,10,180
78,15,1,Supervisor_1,187,4,183
79,48,1,Supervisor_1,190,15,175
80,49,3,Supervisor_3,431,23,408
81,8,2,Supervisor_2,75,5,70
82,31,3,Supervisor_3,267,1,266
83,8,1,Supervisor_1,315,21,294
84,6,3,Supervisor_3,142,7,135
85,28,3,Supervisor_3,89,0,89
86,31,3,Supervisor_3,397,10,387
87,14,2,Supervisor_2,496,7,489
88,12,1,Supervisor_1,312,18,294
89,38,2,Supervisor_2,499,29,470
90,29,2,Supervisor_2,400,5,395
91,19,1,Supervisor_1,474,37,437
92,31,2,Supervisor_2,363,0,363
93,10,2,Supervisor_2,239,6,233
94,27,2,Supervisor_2,81,1,80
95,43,1,Supervisor_1,394,0,394
96,36,3,Supervisor_3,444,21,423
97,25,2,Supervisor_2,379,19,360
98,44,1,Supervisor_1,269,15,254
99,43,3,Supervisor_3,105,3,102
100,28,3,Supervisor_3,468,27,441
101,46,1,Supervisor_1,498,13,485
102,15,3,Supervisor_3,119,0,119
103,20,2,Supervisor_2,68,2,66
104,35,3,Supervisor_3,191,7,184
105,36,2,Supervisor_2,63,3,60
106,1,2,Supervisor_2,194,12,182
107,9,1,Supervisor_1,257,17,240
108,39,3,Supervisor_3,77,0,77
109,37,2,Supervisor_2,346,10,336
110,5,1,Supervisor_1,376,13,363
111,7,2,Supervisor_2,197,13,184
112,47,2,Supervisor_2,358,21,337
113,12,2,Supervisor_2,153,8,145
114,8,1,Supervisor_1,160,8,152
115,14,3,Supervisor_3,179,7,172
116,2,2,Supervisor_2,176,9,167
117,15,3,Supervisor_3,186,1,185
118,22,3,Supervisor_3,494,4,490
119,9,1,Supervisor_1,299,12,287
120,3,2,Supervisor_2,467,22,445
121,49,1,Supervisor_1,216,6,210
122,49,2,Supervisor_2,269,10,259
123,5,3,Supervisor_3,119,6,113
124,11,2,Supervisor_2,72,1,71
125,37,3,Supervisor_3,184,11,173
126,32,2,Supervisor_2,393,25,368
127,6,1,Supervisor_1,58,3,55
128,20,3,Supervisor_3,74,1,73
129,25,1,Supervisor_1,104,3,101
130,41,3,Supervisor_3,405,19,386
131,6,3,Supervisor_3,418,32,386
132,11,1,Supervisor_1,423,28,395
133,19,1,Supervisor_1,64,2,62
134,21,3,Supervisor_3,116,7,109
135,18,2,Supervisor_2,334,11,323
136,39,3,Supervisor_3,373,18,355
137,31,1,Supervisor_1,111,5,106
138,8,3,Supervisor_3,466,32,434
139,50,2,Supervisor_2,139,3,136
140,5,2,Supervisor_2,65,0,65
141,8,3,Supervisor_3,151,3,148
142,13,3,Supervisor_3,199,7,192
143,40,3,Supervisor_3,230,3,227
144,7,2,Supervisor_2,198,2,196
145,25,2,Supervisor_2,457,14,443
146,25,3,Supervisor_3,334,0,334
147,33,2,Supervisor_2,361,20,341
148,37,2,Supervisor_2,296,11,285
149,37,3,Supervisor_3,311,7,304
150,11,3,Supervisor_3,456,4,452
151,27,2,Supervisor_2,441,13,428
152,2,1,Supervisor_1,110,3,107
153,34,1,Supervisor_1,284,20,264
154,16,2,Supervisor_2,424,27,397
155,10,1,Supervisor_1,204,10,194
156,37,1,Supervisor_1,203,0,203
157,16,3,Supervisor_3,491,34,457
158,11,2,Supervisor_2,494,18,476
159,28,2,Supervisor_2,222,1,221
160,28,3,Supervisor_3,459,21,438
161,11,3,Supervisor_3,286,10,276
162,11,3,Supervisor_3,368,25,343
163,1,3,Supervisor_3,213,14,199
164,17,2,Supervisor_2,298,21,277
165,2,2,Supervisor_2,311,4,307
166,12,2,Supervisor_2,113,4,109
167,26,3,Supervisor_3,302,21,281
168,39,1,Supervisor_1,299,16,283
169,43,1,Supervisor_1,126,2,124
170,33,1,Supervisor_1,65,4,61
171,49,3,Supervisor_3,332,15,317
172,34,1,Supervisor_1,106,0,106
173,13,3,Supervisor_3,427,30,397
174,42,3,Supervisor_3,93,4,89
175,9,1,Supervisor_1,433,10,423
176,11,3,Supervisor_3,432,29,403
177,15,1,Supervisor_1,87,1,86
178,29,2,Supervisor_2,426,9,417
179,30,1,Supervisor_1,429,30,399
180,9,1,Supervisor_1,252,16,236
181,21,3,Supervisor_3,347,5,342
182,34,1,Supervisor_1,215,16,199
183,48,3,Supervisor_3,209,9,200
184,39,3,Supervisor_3,439,26,413
185,15,1,Supervisor_1,401,28,373
186,35,1,Supervisor_1,249,19,230
187,4,1,Supervisor_1,191,13,178
188,35,1,Supervisor_1,362,27,335
189,44,2,Supervisor_2,305,16,289
190,7,1,Supervisor_1,264,15,249
191,36,2,Supervisor_2,322,21,301
192,3,2,Supervisor_2,406,7,399
193,19,3,Supervisor_3,258,20,238
194,41,2,Supervisor_2,374,12,362
195,13,2,Supervisor_2,305,17,288
196,27,1,Supervisor_1,228,5,223
197,39,2,Supervisor_2,125,8,117
198,44,2,Supervisor_2,455,28,427
199,38,3,Supervisor_3,130,0,130
200,38,2,Supervisor_2,446,32,414
201,47,2,Supervisor_2,274,20,254
202,33,2,Supervisor_2,382,7,375
203,43,3,Supervisor_3,391,7,384
204,46,2,Supervisor_2,431,23,408
205,13,3,Supervisor_3,472,12,460
206,17,3,Supervisor_3,385,9,376
207,50,3,Supervisor_3,168,9,159
208,27,1,Supervisor_1,161,8,153
209,23,2,Supervisor_2,249,5,244
210,6,3,Supervisor_3,326,17,309
211,15,3,Supervisor_3,104,3,101
212,20,2,Supervisor_2,167,0,167
213,38,1,Supervisor_1,425,21,404
214,30,3,Supervisor_3,451,13,438
215,45,2,Supervisor_2,138,5,133
216,22,1,Supervisor_1,141,6,135
217,35,3,Supervisor_3,289,0,289
218,48,2,Supervisor_2,182,12,170
219,43,3,Supervisor_3,470,16,454
220,26,2,Supervisor_2,472,17,455
221,42,2,Supervisor_2,142,1,141
222,16,3,Supervisor_3,374,21,353
223,41,1,Supervisor_1,188,6,182
224,14,1,Supervisor_1,280,5,275
225,47,1,Supervisor_1,144,6,138
226,31,2,Supervisor_2,55,1,54
227,3,1,Supervisor_1,422,12,410
228,3,1,Supervisor_1,258,11,247
229,30,2,Supervisor_2,152,9,143
230,19,2,Supervisor_2,156,12,144
231,25,2,Supervisor_2,418,28,390
232,6,2,Supervisor_2,60,2,58
233,36,2,Supervisor_2,92,2,90
234,25,3,Supervisor_3,250,5,245
235,26,2,Supervisor_2,417,31,386
236,37,1,Supervisor_1,103,1,102
237,15,1,Supervisor_1,251,10,241
238,16,3,Supervisor_3,141,0,141
239,1,2,Supervisor_2,251,14,237
240,14,3,Supervisor_3,467,14,453
241,47,2,Supervisor_2,490,34,456
242,5,3,Supervisor_3,227,2,225
243,33,2,Supervisor_2,419,10,409
244,18,1,Supervisor_1,267,12,255
245,24,3,Supervisor_3,433,32,401
246,7,1,Supervisor_1,264,11,253
247,21,3,Supervisor_3,466,18,448
248,5,1,Supervisor_1,241,8,233
249,50,3,Supervisor_3,285,2,283
250,39,1,Supervisor_1,211,12,199
251,45,1,Supervisor_1,56,2,54
252,36,3,Supervisor_3,115,7,108
253,26,2,Supervisor_2,99,2,97
254,28,1,Supervisor_1,205,5,200
255,22,1,Supervisor_1,192,7,185
256,42,1,Supervisor_1,142,10,132
257,40,3,Supervisor_3,360,2,358
258,42,1,Supervisor_1,259,18,241
259,8,2,Supervisor_2,163,11,152
260,8,2,Supervisor_2,477,35,442
261,46,1,Supervisor_1,75,3,72
262,43,3,Supervisor_3,243,2,241
263,22,1,Supervisor_1,437,19,418
264,39,1,Supervisor_1,196,4,192
265,9,2,Supervisor_2,405,3,402
266,34,1,Supervisor_1,205,14,191
267,26,2,Supervisor_2,453,11,442
268,8,1,Supervisor_1,398,1,397
269,11,3,Supervisor_3,486,21,465
270,46,2,Supervisor_2,296,5,291
271,42,1,Supervisor_1,101,7,94
272,27,2,Supervisor_2,481,22,459
273,2,1,Supervisor_1,61,3,58
274,47,1,Supervisor_1,403,12,391
275,16,1,Supervisor_1,217,10,207
276,29,1,Supervisor_1,210,12,198
277,34,1,Supervisor_1,178,10,168
278,17,2,Supervisor_2,337,21,316
279,3,1,Supervisor_1,298,0,298
280,15,3,Supervisor_3,481,5,476
281,37,2,Supervisor_2,488,13,475
282,7,3,Supervisor_3,126,1,125
283,33,2,Supervisor_2,178,12,166
284,49,2,Supervisor_2,53,3,50
285,4,2,Supervisor_2,156,9,147
286,49,2,Supervisor_2,108,6,102
287,5,1,Supervisor_1,329,11,318
288,19,3,Supervisor_3,60,1,59
289,22,3,Supervisor_3,232,5,227
290,10,2,Supervisor_2,373,21,352
291,27,1,Supervisor_1,394,23,371
292,42,1,Supervisor_1,146,6,140
293,24,3,Supervisor_3,481,21,460
294,47,1,Supervisor_1,352,18,334
295,36,1,Supervisor_1,220,1,219
296,39,2,Supervisor_2,500,36,464
297,11,1,Supervisor_1,132,4,128
298,40,1,Supervisor_1,84,5,79
299,21,1,Supervisor_1,142,10,132
300,16,2,Supervisor_2,198,7,191
301,12,2,Supervisor_2,442,7,435
302,41,2,Supervisor_2,56,4,52
303,39,2,Supervisor_2,134,10,124
304,35,2,Supervisor_2,462,24,438
305,22,1,Supervisor_1,237,1,236
306,44,1,Supervisor_1,57,0,57
307,7,1,Supervisor_1,408,25,383
308,47,3,Supervisor_3,364,28,336
309,14,3,Supervisor_3,352,15,337
310,7,1,Supervisor_1,351,10,341
311,34,2,Supervisor_2,210,1,209
312,46,1,Supervisor_1,288,22,266
313,6,2,Supervisor_2,400,30,370
314,1,1,Supervisor_1,266,7,259
315,16,1,Supervisor_1,448,10,438
316,46,1,Supervisor_1,289,3,286
317,39,3,Supervisor_3,327,4,323
318,36,1,Supervisor_1,51,2,49
319,28,1,Supervisor_1,132,6,126
320,18,3,Supervisor_3,88,5,83
321,42,2,Supervisor_2,272,19,253
322,24,1,Supervisor_1,246,4,242
323,12,2,Supervisor_2,191,5,186
324,27,1,Supervisor_1,208,7,201
325,16,3,Supervisor_3,275,4,271
326,23,1,Supervisor_1,445,3,442
327,46,1,Supervisor_1,318,17,301
328,35,3,Supervisor_3,82,4,78
329,45,1,Supervisor_1,497,17,480
330,18,3,Supervisor_3,452,34,418
331,49,1,Supervisor_1,279,21,258
332,42,3,Supervisor_3,193,10,183
333,48,1,Supervisor_1,174,9,165
334,7,1,Supervisor_1,121,8,113
335,15,1,Supervisor_1,442,34,408
336,3,2,Supervisor_2,440,21,419
337,24,3,Supervisor_3,471,36,435
338,32,1,Supervisor_1,76,4,72
339,14,3,Supervisor_3,383,26,357
340,35,2,Supervisor_2,118,4,114
341,35,2,Supervisor_2,407,1,406
342,4,2,Supervisor_2,396,17,379
343,6,1,Supervisor_1,78,1,77
344,10,1,Supervisor_1,136,6,130
345,35,2,Supervisor_2,326,1,325
346,43,1,Supervisor_1,50,3,47
347,22,3,Supervisor_3,249,7,242
348,20,1,Supervisor_1,355,24,331
349,27,2,Supervisor_2,422,24,398
350,9,3,Supervisor_3,403,21,382
351,45,2,Supervisor_2,86,1,85
352,24,3,Supervisor_3,205,6,199
353,38,1,Supervisor_1,413,19,394
354,7,2,Supervisor_2,448,26,422
355,26,3,Supervisor_3,318,17,301
356,13,3,Supervisor_3,181,6,175
357,28,3,Supervisor_3,443,18,425
358,23,1,Supervisor_1,493,32,461
359,46,1,Supervisor_1,85,0,85
360,25,1,Supervisor_1,468,20,448
361,5,3,Supervisor_3,131,4,127
362,48,1,Supervisor_1,295,1,294
363,49,1,Supervisor_1,405,22,383
364,24,3,Supervisor_3,329,13,316
365,3,2,Supervisor_2,355,9,346
366,30,2,Supervisor_2,342,26,316
367,46,1,Supervisor_1,422,6,416
368,8,2,Supervisor_2,209,11,198
369,3,1,Supervisor_1,162,5,157
370,17,3,Supervisor_3,173,3,170
371,22,2,Supervisor_2,96,0,96
372,30,2,Supervisor_2,106,2,104
373,44,3,Supervisor_3,99,4,95
374,7,2,Supervisor_2,109,4,105
375,20,1,Supervisor_1,474,10,464
376,29,3,Supervisor_3,330,17,313
377,8,2,Supervisor_2,177,8,169
378,36,1,Supervisor_1,413,3,410
379,43,1,Supervisor_1,222,10,212
380,34,2,Supervisor_2,499,9,490
381,47,3,Supervisor_3,174,10,164
382,37,1,Supervisor_1,64,0,64
383,13,3,Supervisor_3,119,7,112
384,9,2,Supervisor_2,252,17,235
385,8,3,Supervisor_3,313,8,305
386,8,3,Supervisor_3,329,1,328
387,39,1,Supervisor_1,289,1,288
388,31,3,Supervisor_3,142,8,134
389,13,3,Supervisor_3,417,24,393
390,34,1,Supervisor_1,213,4,209
391,12,1,Supervisor_1,444,13,431
392,26,3,Supervisor_3,72,4,68
393,7,1,Supervisor_1,318,6,312
394,14,3,Supervisor_3,164,0,164
395,17,1,Supervisor_1,303,21,282
396,42,2,Supervisor_2,205,6,199
397,9,1,Supervisor_1,85,1,84
398,48,3,Supervisor_3,96,0,96
399,6,1,Supervisor_1,225,7,218
400,9,1,Supervisor_1,254,17,237
401,12,2,Supervisor_2,345,13,332
402,41,3,Supervisor_3,386,14,372
403,47,3,Supervisor_3,128,4,124
404,40,1,Supervisor_1,434,6,428
405,10,1,Supervisor_1,104,1,103
406,36,3,Supervisor_3,200,12,188
407,48,2,Supervisor_2,186,4,182
408,20,2,Supervisor_2,314,8,306
409,34,1,Supervisor_1,464,25,439
410,26,2,Supervisor_2,192,10,182
411,44,1,Supervisor_1,65,1,64
412,4,2,Supervisor_2,430,29,401
413,4,1,Supervisor_1,93,4,89
414,15,3,Supervisor_3,190,3,187
415,32,3,Supervisor_3,484,37,447
416,13,1,Supervisor_1,220,3,217
417,47,2,Supervisor_2,351,16,335
418,31,2,Supervisor_2,442,29,413
419,17,3,Supervisor_3,436,8,428
420,1,1,Supervisor_1,391,3,388
421,1,1,Supervisor_1,102,3,99
422,14,3,Supervisor_3,285,7,278
423,15,3,Supervisor_3,435,20,415
424,20,1,Supervisor_1,371,24,347
425,15,1,Supervisor_1,67,0,67
426,21,3,Supervisor_3,371,27,344
427,33,1,Supervisor_1,281,20,261
428,14,1,Supervisor_1,173,5,168
429,48,2,Supervisor_2,394,2,392
430,24,2,Supervisor_2,468,30,438
431,2,1,Supervisor_1,351,13,338
432,5,1,Supervisor_1,157,11,146
433,32,2,Supervisor_2,380,22,358
434,49,1,Supervisor_1,293,9,284
435,14,1,Supervisor_1,82,4,78
436,40,3,Supervisor_3,364,25,339
437,31,1,Supervisor_1,139,4,135
438,24,2,Supervisor_2,291,13,278
439,21,1,Supervisor_1,379,19,360
440,31,1,Supervisor_1,154,11,143
441,49,2,Supervisor_2,433,30,403
442,4,1,Supervisor_1,175,4,171
443,24,2,Supervisor_2,103,4,99
444,8,3,Supervisor_3,153,5,148
445,44,1,Supervisor_1,271,13,258
446,19,3,Supervisor_3,488,22,466
447,37,1,Supervisor_1,66,2,64
448,25,3,Supervisor_3,131,3,128
449,16,2,Supervisor_2,444,27,417
450,16,3,Supervisor_3,489,4,485
451,39,1,Supervisor_1,445,31,414
452,38,3,Supervisor_3,477,31,446
453,36,3,Supervisor_3,402,17,385
454,19,1,Supervisor_1,408,4,404
455,14,1,Supervisor_1,180,12,168
456,10,3,Supervisor_3,294,11,283
457,45,2,Supervisor_2,435,2,433
458,50,2,Supervisor_2,211,3,208
459,34,2,Supervisor_2,384,13,371
460,24,1,Supervisor_1,172,9,163
461,11,3,Supervisor_3,206,1,205
462,18,2,Supervisor_2,396,22,374
463,26,2,Supervisor_2,399,11,388
464,11,1,Supervisor_1,456,4,452
465,47,3,Supervisor_3,143,0,143
466,44,1,Supervisor_1,357,10,347
467,39,2,Supervisor_2,109,0,109
468,7,1,Supervisor_1,172,11,161
469,27,1,Supervisor_1,177,2,175
470,44,3,Supervisor_3,147,4,143
471,48,1,Supervisor_1,329,1,328
472,18,2,Supervisor_2,493,36,457
473,26,1,Supervisor_1,145,1,144
474,7,3,Supervisor_3,357,27,330
475,30,3,Supervisor_3,373,25,348
476,48,2,Supervisor_2,460,36,424
477,10,3,Supervisor_3,225,3,222
478,24,2,Supervisor_2,314,1,313
479,28,3,Supervisor_3,50,0,50
480,24,2,Supervisor_2,64,0,64
481,12,3,Supervisor_3,293,15,278
482,21,3,Supervisor_3,462,21,441
483,8,2,Supervisor_2,311,16,295
484,16,3,Supervisor_3,115,2,113
485,41,1,Supervisor_1,383,28,355
486,13,3,Supervisor_3,149,2,147
487,6,1,Supervisor_1,56,1,55
488,33,1,Supervisor_1,183,5,178
489,44,3,Supervisor_3,494,7,487
490,7,1,Supervisor_1,458,14,444
491,34,2,Supervisor_2,352,9,343
492,43,2,Supervisor_2,391,27,364
493,3,2,Supervisor_2,439,15,424
494,21,2,Supervisor_2,499,3,496
495,12,1,Supervisor_1,160,10,150
496,38,1,Supervisor_1,305,12,293
497,4,3,Supervisor_3,278,11,267
498,29,2,Supervisor_2,126,6,120
499,34,1,Supervisor_1,114,0,114
500,45,2,Supervisor_2,108,0,108
501,38,1,Supervisor_1,460,28,432
502,2,1,Supervisor_1,377,22,355
503,18,2,Supervisor_2,415,6,409
504,7,2,Supervisor_2,124,8,116
505,1,3,Supervisor_3,496,20,476
506,47,2,Supervisor_2,168,12,156
507,37,2,Supervisor_2,484,28,456
508,15,2,Supervisor_2,212,7,205
509,2,3,Supervisor_3,444,5,439
510,42,3,Supervisor_3,192,7,185
511,43,1,Supervisor_1,360,24,336
512,9,2,Supervisor_2,251,6,245
513,36,3,Supervisor_3,257,18,239
514,44,1,Supervisor_1,152,2,150
515,38,3,Supervisor_3,184,12,172
516,6,3,Supervisor_3,228,5,223
517,26,3,Supervisor_3,100,5,95
518,42,3,Supervisor_3,73,2,71
519,6,2,Supervisor_2,172,6,166
520,42,2,Supervisor_2,414,20,394
521,14,1,Supervisor_1,424,17,407
522,15,3,Supervisor_3,79,6,73
523,40,3,Supervisor_3,158,0,158
524,44,3,Supervisor_3,412,9,403
525,28,2,Supervisor_2,169,6,163
526,11,3,Supervisor_3,289,3,286
527,20,1,Supervisor_1,321,12,309
528,18,1,Supervisor_1,310,7,303
529,26,1,Supervisor_1,411,0,411
530,33,3,Supervisor_3,423,8,415
531,31,1,Supervisor_1,332,26,306
532,39,2,Supervisor_2,419,5,414
533,6,1,Supervisor_1,334,2,332
534,49,3,Supervisor_3,54,2,52
535,19,2,Supervisor_2,102,2,100
536,22,3,Supervisor_3,467,16,451
537,2,1,Supervisor_1,307,23,284
538,38,2,Supervisor_2,466,23,443
539,41,3,Supervisor_3,156,9,147
540,18,3,Supervisor_3,303,19,284
541,9,2,Supervisor_2,64,2,62
542,28,3,Supervisor_3,248,16,232
543,15,3,Supervisor_3,214,14,200
544,35,1,Supervisor_1,486,37,449
545,17,1,Supervisor_1,388,16,372
546,10,2,Supervisor_2,115,7,108
547,35,1,Supervisor_1,382,6,376
548,48,1,Supervisor_1,318,0,318
549,13,1,Supervisor_1,90,3,87
550,28,3,Supervisor_3,141,11,130
551,9,3,Supervisor_3,412,9,403
552,10,2,Supervisor_2,173,7,166
553,30,2,Supervisor_2,439,4,435
554,45,3,Supervisor_3,424,15,409
555,49,2,Supervisor_2,393,25,368
556,32,3,Supervisor_3,123,9,114
557,13,2,Supervisor_2,436,16,420
558,12,1,Supervisor_1,208,8,200
559,16,1,Supervisor_1,176,9,167
560,20,1,Supervisor_1,98,3,95
561,48,3,Supervisor_3,410,30,380
562,43,2,Supervisor_2,129,7,122
563,10,2,Supervisor_2,289,21,268
564,46,3,Supervisor_3,135,0,135
565,15,2,Supervisor_2,145,11,134
566,28,3,Supervisor_3,479,4,475
567,9,1,Supervisor_1,99,4,95
568,29,3,Supervisor_3,492,9,483
569,36,3,Supervisor_3,474,3,471
570,41,2,Supervisor_2,101,4,97
571,4,1,Supervisor_1,264,5,259
572,9,2,Supervisor_2,251,2,249
573,28,1,Supervisor_1,349,10,339
574,38,1,Supervisor_1,462,15,447
575,33,2,Supervisor_2,195,2,193
576,4,1,Supervisor_1,66,2,64
577,45,1,Supervisor_1,310,7,303
578,6,2,Supervisor_2,393,26,367
579,23,1,Supervisor_1,237,13,224
580,16,2,Supervisor_2,496,4,492
581,24,2,Supervisor_2,368,25,343
582,33,2,Supervisor_2,376,27,349
583,44,3,Supervisor_3,261,4,257
584,25,1,Supervisor_1,361,24,337
585,42,3,Supervisor_3,98,3,95
586,48,3,Supervisor_3,408,28,380
587,41,2,Supervisor_2,205,2,203
588,27,2,Supervisor_2,78,4,74
589,28,1,Supervisor_1,292,12,280
590,43,1,Supervisor_1,477,11,466
591,19,2,Supervisor_2,461,17,444
592,3,3,Supervisor_3,392,18,374
593,43,3,Supervisor_3,443,9,434
594,42,2,Supervisor_2,150,4,146
595,11,2,Supervisor_2,248,5,243
596,24,2,Supervisor_2,164,6,158
597,32,2,Supervisor_2,476,7,469
598,26,2,Supervisor_2,180,4,176
599,39,3,Supervisor_3,439,10,429
600,29,2,Supervisor_2,142,2,140
601,3,2,Supervisor_2,184,12,172
602,29,1,Supervisor_1,231,14,217
603,44,1,Supervisor_1,266,10,256
604,40,1,Supervisor_1,410,29,381
605,8,1,Supervisor_1,447,34,413
606,6,3,Supervisor_3,271,20,251
607,46,1,Supervisor_1,270,11,259
608,18,2,Supervisor_2,243,8,235
609,21,2,Supervisor_2,449,5,444
610,5,1,Supervisor_1,93,0,93
611,13,2,Supervisor_2,318,2,316
612,18,2,Supervisor_2,195,2,193
613,46,3,Supervisor_3,176,6,170
614,46,3,Supervisor_3,369,17,352
615,42,3,Supervisor_3,159,11,148
616,39,2,Supervisor_2,445,16,429
617,26,3,Supervisor_3,56,0,56
618,47,3,Supervisor_3,190,13,177
619,42,3,Supervisor_3,203,12,191
620,33,2,Supervisor_2,187,4,183
621,22,1,Supervisor_1,322,12,310
622,46,3,Supervisor_3,60,2,58
623,38,1,Supervisor_1,406,7,399
624,35,3,Supervisor_3,472,15,457
625,26,1,Supervisor_1,389,2,387
626,4,1,Supervisor_1,367,8,359
627,46,2,Supervisor_2,221,6,215
628,33,1,Supervisor_1,270,11,259
629,45,1,Supervisor_1,463,0,463
630,3,3,Supervisor_3,257,10,247
631,16,2,Supervisor_2,138,6,132
632,14,2,Supervisor_2,492,10,482
633,36,1,Supervisor_1,422,24,398
634,46,1,Supervisor_1,156,11,145
635,45,2,Supervisor_2,98,2,96
636,12,1,Supervisor_1,334,18,316
637,4,2,Supervisor_2,168,4,164
638,50,3,Supervisor_3,412,0,412
639,37,3,Supervisor_3,75,0,75
640,37,3,Supervisor_3,429,16,413
641,25,3,Supervisor_3,486,0,486
642,14,3,Supervisor_3,471,10,461
643,16,3,Supervisor_3,101,5,96
644,30,1,Supervisor_1,494,16,478
645,9,1,Supervisor_1,68,5,63
646,8,1,Supervisor_1,366,15,351
647,1,3,Supervisor_3,74,0,74
648,20,3,Supervisor_3,280,16,264
649,14,1,Supervisor_1,205,6,199
650,9,1,Supervisor_1,423,24,399
651,22,2,Supervisor_2,54,1,53
652,40,3,Supervisor_3,355,26,329
653,7,2,Supervisor_2,106,3,103
654,50,2,Supervisor_2,420,23,397
655,46,2,Supervisor_2,274,20,254
656,28,3,Supervisor_3,486,13,473
657,2,3,Supervisor_3,199,7,192
658,14,1,Supervisor_1,105,3,102
659,41,1,Supervisor_1,292,12,280
660,22,1,Supervisor_1,365,24,341
661,38,1,Supervisor_1,114,6,108
662,42,2,Supervisor_2,448,18,430
663,3,2,Supervisor_2,225,4,221
664,3,1,Supervisor_1,337,10,327
665,1,2,Supervisor_2,466,33,433
666,36,3,Supervisor_3,459,14,445
667,34,1,Supervisor_1,251,19,232
668,37,2,Supervisor_2,305,4,301
669,36,2,Supervisor_2,78,0,78
670,17,3,Supervisor_3,82,1,81
671,21,1,Supervisor_1,290,22,268
672,9,2,Supervisor_2,453,3,450
673,42,1,Supervisor_1,210,5,205
674,14,1,Supervisor_1,470,21,449
675,20,2,Supervisor_2,254,16,238
676,27,3,Supervisor_3,292,6,286
677,32,1,Supervisor_1,318,7,311
678,28,2,Supervisor_2,281,14,267
679,20,3,Supervisor_3,111,5,106
680,13,2,Supervisor_2,151,6,145
681,49,3,Supervisor_3,196,2,194
682,23,1,Supervisor_1,325,1,324
683,1,2,Supervisor_2,251,6,245
684,32,1,Supervisor_1,294,21,273
685,31,3,Supervisor_3,148,6,142
686,45,3,Supervisor_3,267,6,261
687,23,2,Supervisor_2,219,9,210
688,18,3,Supervisor_3,325,15,310
689,13,2,Supervisor_2,465,18,447
690,11,2,Supervisor_2,153,4,149
691,49,2,Supervisor_2,272,16,256
692,17,1,Supervisor_1,164,11,153
693,47,2,Supervisor_2,354,9,345
694,13,1,Supervisor_1,194,4,190
695,12,3,Supervisor_3,102,6,96
696,18,3,Supervisor_3,118,7,111
697,25,3,Supervisor_3,320,5,315
698,12,1,Supervisor_1,229,9,220
699,32,2,Supervisor_2,82,5,77
700,31,3,Supervisor_3,212,12,200
701,30,1,Supervisor_1,459,20,439
702,35,3,Supervisor_3,111,5,106
703,9,1,Supervisor_1,272,18,254
704,37,1,Supervisor_1,184,12,172
705,12,3,Supervisor_3,398,26,372
706,21,2,Supervisor_2,267,3,264
707,36,3,Supervisor_3,421,29,392
708,10,3,Supervisor_3,245,8,237
709,8,2,Supervisor_2,225,17,208
710,39,2,Supervisor_2,383,10,373
711,16,1,Supervisor_1,251,11,240
712,30,3,Supervisor_3,347,0,347
713,10,1,Supervisor_1,180,4,176
714,18,1,Supervisor_1,475,9,466
715,11,2,Supervisor_2,63,2,61
716,50,2,Supervisor_2,282,1,281
717,20,3,Supervisor_3,170,9,161
718,28,2,Supervisor_2,235,18,217
719,13,1,Supervisor_1,293,13,280
720,36,2,Supervisor_2,180,0,180
721,28,2,Supervisor_2,263,14,249
722,2,1,Supervisor_1,147,4,143
723,7,2,Supervisor_2,479,24,455
724,8,2,Supervisor_2,160,6,154
725,40,3,Supervisor_3,309,5,304
726,13,3,Supervisor_3,429,33,396
727,26,2,Supervisor_2,170,7,163
728,31,3,Supervisor_3,141,8,133
729,4,2,Supervisor_2,136,7,129
730,3,2,Supervisor_2,334,1,333
731,11,1,Supervisor_1,421,5,416
732,49,3,Supervisor_3,263,19,244
733,13,1,Supervisor_1,353,7,346
734,41,1,Supervisor_1,423,11,412
735,38,2,Supervisor_2,209,8,201
736,5,1,Supervisor_1,219,10,209
737,47,3,Supervisor_3,394,7,387
738,35,1,Supervisor_1,57,3,54
739,3,2,Supervisor_2,52,0,52
740,35,2,Supervisor_2,95,3,92
741,5,2,Supervisor_2,217,7,210
742,18,1,Supervisor_1,182,1,181
743,38,1,Supervisor_1,271,1,270
744,26,2,Supervisor_2,311,2,309
745,7,2,Supervisor_2,56,2,54
746,42,1,Supervisor_1,302,4,298
747,11,1,Supervisor_1,484,8,476
748,25,1,Supervisor_1,106,2,104
749,15,2,Supervisor_2,223,16,207
750,13,3,Supervisor_3,490,35,455
751,19,2,Supervisor_2,249,1,248
752,24,1,Supervisor_1,376,9,367
753,35,2,Supervisor_2,84,0,84
754,7,1,Supervisor_1,156,1,155
755,20,3,Supervisor_3,313,24,289
756,10,1,Supervisor_1,323,5,318
757,37,1,Supervisor_1,409,26,383
758,5,1,Supervisor_1,293,22,271
759,27,2,Supervisor_2,166,1,165
760,35,3,Supervisor_3,483,4,479
761,23,1,Supervisor_1,457,21,436
762,37,2,Supervisor_2,167,13,154
763,11,1,Supervisor_1,460,33,427
764,28,2,Supervisor_2,228,12,216
765,50,1,Supervisor_1,72,4,68
766,3,3,Supervisor_3,221,6,215
767,14,3,Supervisor_3,218,15,203
768,35,1,Supervisor_1,262,10,252
769,23,2,Supervisor_2,398,18,380
770,27,2,Supervisor_2,280,16,264
771,46,1,Supervisor_1,99,5,94
772,14,2,Supervisor_2,87,1,86
773,39,3,Supervisor_3,154,2,152
774,41,3,Supervisor_3,410,16,394
775,24,1,Supervisor_1,87,1,86
776,35,3,Supervisor_3,165,11,154
777,46,1,Supervisor_1,279,14,265
778,14,3,Supervisor_3,485,25,460
779,21,3,Supervisor_3,468,20,448
780,14,1,Supervisor_1,454,36,418
781,39,1,Supervisor_1,295,6,289
782,50,2,Supervisor_2,366,27,339
783,15,2,Supervisor_2,493,32,461
784,38,3,Supervisor_3,449,33,416
785,35,3,Supervisor_3,493,14,479
786,9,2,Supervisor_2,465,32,433
787,37,2,Supervisor_2,111,6,105
788,22,1,Supervisor_1,155,1,154
789,32,2,Supervisor_2,300,22,278
790,33,1,Supervisor_1,467,16,451
791,28,2,Supervisor_2,151,8,143
792,32,2,Supervisor_2,211,7,204
793,19,2,Supervisor_2,284,12,272
794,31,3,Supervisor_3,212,9,203
795,30,2,Supervisor_2,139,9,130
796,38,2,Supervisor_2,431,26,405
797,39,3,Supervisor_3,433,18,415
798,1,2,Supervisor_2,50,0,50
799,36,3,Supervisor_3,377,4,373
800,10,1,Supervisor_1,303,19,284
801,42,1,Supervisor_1,167,2,165
802,10,2,Supervisor_2,85,4,81
803,36,2,Supervisor_2,474,9,465
804,28,3,Supervisor_3,123,0,123
805,39,2,Supervisor_2,261,16,245
806,34,3,Supervisor_3,474,15,459
807,28,2,Supervisor_2,366,11,355
808,5,2,Supervisor_2,500,11,489
809,47,1,Supervisor_1,152,1,151
810,14,2,Supervisor_2,55,3,52
811,47,1,Supervisor_1,457,21,436
812,7,1,Supervisor_1,201,15,186
813,28,1,Supervisor_1,435,16,419
814,4,1,Supervisor_1,124,8,116
815,30,1,Supervisor_1,455,15,440
816,20,3,Supervisor_3,50,0,50
817,37,2,Supervisor_2,155,5,150
818,14,2,Supervisor_2,274,5,269
819,20,3,Supervisor_3,154,3,151
820,16,2,Supervisor_2,365,16,349
821,30,3,Supervisor_3,182,12,170
822,38,3,Supervisor_3,144,8,136
823,35,1,Supervisor_1,169,4,165
824,32,3,Supervisor_3,413,11,402
825,26,3,Supervisor_3,405,31,374
826,5,3,Supervisor_3,246,12,234
827,36,3,Supervisor_3,267,12,255
828,18,3,Supervisor_3,251,18,233
829,24,3,Supervisor_3,475,37,438
830,39,1,Supervisor_1,123,2,121
831,37,1,Supervisor_1,294,20,274
832,46,1,Supervisor_1,143,10,133
833,18,2,Supervisor_2,344,24,320
834,22,2,Supervisor_2,267,4,263
835,3,3,Supervisor_3,56,4,52
836,15,3,Supervisor_3,135,6,129
837,43,2,Supervisor_2,492,11,481
838,7,2,Supervisor_2,89,6,83
839,21,3,Supervisor_3,247,3,244
840,27,1,Supervisor_1,235,4,231
841,16,2,Supervisor_2,467,6,461
842,4,3,Supervisor_3,301,22,279
843,49,2,Supervisor_2,77,4,73
844,13,1,Supervisor_1,288,17,271
845,33,2,Supervisor_2,300,10,290
846,32,2,Supervisor_2,235,13,222
847,49,3,Supervisor_3,259,19,240
848,33,1,Supervisor_1,381,24,357
849,21,2,Supervisor_2,356,17,339
850,46,3,Supervisor_3,237,15,222
851,49,1,Supervisor_1,413,11,402
852,49,2,Supervisor_2,69,4,65
853,6,1,Supervisor_1,378,17,361
854,29,2,Supervisor_2,107,7,100
855,18,1,Supervisor_1,444,27,417
856,12,1,Supervisor_1,240,14,226
857,19,1,Supervisor_1,465,3,462
858,14,1,Supervisor_1,298,8,290
859,45,2,Supervisor_2,475,16,459
860,7,2,Supervisor_2,451,21,430
861,47,3,Supervisor_3,395,30,365
862,6,1,Supervisor_1,393,15,378
863,47,3,Supervisor_3,140,6,134
864,7,2,Supervisor_2,441,13,428
865,41,1,Supervisor_1,305,11,294
866,15,1,Supervisor_1,62,1,61
867,40,2,Supervisor_2,223,1,222
868,38,3,Supervisor_3,341,0,341
869,47,2,Supervisor_2,257,15,242
870,6,2,Supervisor_2,429,0,429
871,10,3,Supervisor_3,310,16,294
872,21,1,Supervisor_1,172,5,167
873,44,2,Supervisor_2,486,18,468
874,22,3,Supervisor_3,480,2,478
875,24,1,Supervisor_1,373,27,346
876,43,1,Supervisor_1,359,11,348
877,36,2,Supervisor_2,477,0,477
878,5,3,Supervisor_3,92,1,91
879,34,3,Supervisor_3,487,0,487
880,34,2,Supervisor_2,125,0,125
881,47,2,Supervisor_2,475,1,474
882,11,1,Supervisor_1,324,6,318
883,38,3,Supervisor_3,92,1,91
884,45,1,Supervisor_1,347,18,329
885,8,2,Supervisor_2,124,2,122
886,39,2,Supervisor_2,296,21,275
887,15,2,Supervisor_2,148,2,146
888,11,3,Supervisor_3,303,17,286
889,39,2,Supervisor_2,463,26,437
890,3,3,Supervisor_3,99,4,95
891,28,3,Supervisor_3,370,25,345
892,42,2,Supervisor_2,204,4,200
893,42,3,Supervisor_3,344,14,330
894,10,1,Supervisor_1,137,1,136
895,40,2,Supervisor_2,490,2,488
896,25,2,Supervisor_2,350,9,341
897,43,1,Supervisor_1,320,2,318
898,28,2,Supervisor_2,406,7,399
899,31,2,Supervisor_2,168,5,163
900,42,3,Supervisor_3,359,25,334
901,3,3,Supervisor_3,207,4,203
902,9,2,Supervisor_2,188,1,187
903,34,3,Supervisor_3,282,5,277
904,16,3,Supervisor_3,465,35,430
905,40,3,Supervisor_3,335,4,331
906,16,1,Supervisor_1,177,11,166
907,29,2,Supervisor_2,233,15,218
908,37,2,Supervisor_2,477,27,450
909,18,3,Supervisor_3,144,7,137
910,15,3,Supervisor_3,138,10,128
911,31,3,Supervisor_3,148,11,137
912,24,3,Supervisor_3,261,6,255
913,45,3,Supervisor_3,446,14,432
914,22,1,Supervisor_1,116,8,108
915,9,2,Supervisor_2,238,11,227
916,46,1,Supervisor_1,447,2,445
917,4,3,Supervisor_3,288,9,279
918,23,2,Supervisor_2,399,15,384
919,10,2,Supervisor_2,134,7,127
920,5,3,Supervisor_3,92,3,89
921,28,3,Supervisor_3,374,11,363
922,47,2,Supervisor_2,417,30,387
923,37,1,Supervisor_1,50,2,48
924,6,2,Supervisor_2,202,4,198
925,19,3,Supervisor_3,118,3,115
926,45,1,Supervisor_1,255,1,254
927,34,3,Supervisor_3,416,19,397
928,5,3,Supervisor_3,411,32,379
929,2,1,Supervisor_1,489,10,479
930,30,2,Supervisor_2,305,8,297
931,23,3,Supervisor_3,248,13,235
932,39,2,Supervisor_2,449,6,443
933,30,2,Supervisor_2,179,8,171
934,8,3,Supervisor_3,71,2,69
935,14,2,Supervisor_2,228,6,222
936,25,1,Supervisor_1,260,20,240
937,21,2,Supervisor_2,218,5,213
938,8,1,Supervisor_1,165,4,161
939,26,1,Supervisor_1,360,2,358
940,13,2,Supervisor_2,314,10,304
941,10,1,Supervisor_1,227,11,216
942,5,2,Supervisor_2,409,6,403
943,2,1,Supervisor_1,461,9,452
944,15,1,Supervisor_1,248,7,241
945,29,2,Supervisor_2,136,10,126
946,4,2,Supervisor_2,357,28,329
947,43,1,Supervisor_1,461,33,428
948,31,2,Supervisor_2,318,0,318
949,2,3,Supervisor_3,449,5,444
950,24,1,Supervisor_1,444,5,439
951,47,1,Supervisor_1,348,2,346
952,20,3,Supervisor_3,77,3,74
953,39,3,Supervisor_3,116,2,114
954,48,2,Supervisor_2,166,7,159
955,4,1,Supervisor_1,213,16,197
956,11,1,Supervisor_1,150,0,150
957,14,1,Supervisor_1,114,4,110
958,29,3,Supervisor_3,291,0,291
959,12,1,Supervisor_1,308,7,301
960,49,2,Supervisor_2,363,24,339
961,7,3,Supervisor_3,480,28,452
962,43,2,Supervisor_2,50,2,48
963,16,2,Supervisor_2,270,7,263
964,9,1,Supervisor_1,265,7,258
965,22,2,Supervisor_2,108,4,104
966,36,3,Supervisor_3,56,0,56
967,8,1,Supervisor_1,166,5,161
968,7,3,Supervisor_3,121,4,117
969,14,2,Supervisor_2,132,9,123
970,48,3,Supervisor_3,480,3,477
971,28,2,Supervisor_2,120,2,118
972,42,1,Supervisor_1,270,19,251
973,43,1,Supervisor_1,198,11,187
974,17,2,Supervisor_2,153,1,152
975,7,1,Supervisor_1,67,3,64
976,41,2,Supervisor_2,178,11,167
977,3,2,Supervisor_2,148,3,145
978,25,3,Supervisor_3,336,1,335
979,9,3,Supervisor_3,150,11,139
980,39,1,Supervisor_1,436,24,412
981,16,1,Supervisor_1,263,17,246
982,38,2,Supervisor_2,267,20,247
983,48,2,Supervisor_2,118,5,113
984,22,2,Supervisor_2,272,1,271
985,10,2,Supervisor_2,371,14,357
986,6,1,Supervisor_1,223,7,216
987,24,1,Supervisor_1,386,0,386
988,23,2,Supervisor_2,219,11,208
989,45,2,Supervisor_2,418,4,414
990,38,3,Supervisor_3,93,2,91
991,24,3,Supervisor_3,210,1,209
992,23,1,Supervisor_1,389,21,368
993,45,2,Supervisor_2,202,5,197
994,2,3,Supervisor_3,337,4,333
995,23,3,Supervisor_3,210,6,204
996,28,3,Supervisor_3,415,15,400
997,27,1,Supervisor_1,400,18,382
998,1,3,Supervisor_3,291,9,282
999,41,3,Supervisor_3,164,7,157
1000,15,2,Supervisor_2,482,15,467
1001,18,3,Supervisor_3,62,0,62
1002,39,1,Supervisor_1,71,0,71
1003,31,1,Supervisor_1,92,6,86
1004,26,3,Supervisor_3,424,33,391
1005,1,3,Supervisor_3,363,6,357
1006,23,1,Supervisor_1,246,11,235
1007,3,2,Supervisor_2,401,31,370
1008,29,2,Supervisor_2,404,15,389
1009,29,2,Supervisor_2,179,3,176
1010,46,2,Supervisor_2,150,6,144
1011,28,3,Supervisor_3,127,3,124
1012,3,3,Supervisor_3,284,1,283
1013,22,1,Supervisor_1,481,28,453
1014,20,2,Supervisor_2,416,24,392
1015,45,1,Supervisor_1,180,6,174
1016,42,2,Supervisor_2,387,14,373
1017,21,2,Supervisor_2,176,11,165
1018,28,3,Supervisor_3,427,19,408
1019,25,1,Supervisor_1,228,3,225
1020,27,3,Supervisor_3,109,3,106
1021,46,2,Supervisor_2,474,24,450
1022,16,2,Supervisor_2,428,29,399
1023,33,1,Supervisor_1,460,11,449
1024,18,2,Supervisor_2,147,2,145
1025,36,1,Supervisor_1,330,13,317
1026,36,3,Supervisor_3,339,21,318
1027,50,3,Supervisor_3,62,3,59
1028,41,3,Supervisor_3,419,0,419
1029,39,3,Supervisor_3,474,33,441
1030,12,2,Supervisor_2,402,18,384
1031,9,1,Supervisor_1,257,3,254
1032,29,2,Supervisor_2,441,25,416
1033,46,2,Supervisor_2,282,16,266
1034,21,1,Supervisor_1,353,1,352
1035,41,2,Supervisor_2,350,2,348
1036,28,3,Supervisor_3,114,6,108
1037,30,2,Supervisor_2,87,5,82
1038,32,3,Supervisor_3,476,14,462
1039,48,2,Supervisor_2,216,4,212
1040,12,3,Supervisor_3,390,10,380
1041,48,2,Supervisor_2,51,1,50
1042,12,2,Supervisor_2,209,11,198
1043,15,2,Supervisor_2,331,13,318
1044,45,3,Supervisor_3,328,8,320
1045,39,3,Supervisor_3,190,12,178
1046,35,3,Supervisor_3,364,11,353
1047,18,3,Supervisor_3,372,1,371
1048,28,2,Supervisor_2,124,6,118
1049,49,3,Supervisor_3,409,5,404
1050,20,3,Supervisor_3,196,8,188
1051,15,1,Supervisor_1,321,1,320
1052,21,3,Supervisor_3,256,18,238
1053,43,1,Supervisor_1,367,2,365
1054,33,3,Supervisor_3,104,0,104
1055,44,3,Supervisor_3,255,16,239
1056,15,3,Supervisor_3,432,32,400
1057,28,3,Supervisor_3,362,5,357
1058,9,3,Supervisor_3,375,3,372
1059,34,2,Supervisor_2,404,22,382
1060,46,2,Supervisor_2,254,12,242
1061,41,3,Supervisor_3,227,5,222
1062,34,1,Supervisor_1,304,5,299
1063,17,2,Supervisor_2,329,8,321
1064,3,1,Supervisor_1,61,0,61
1065,50,3,Supervisor_3,235,13,222
1066,43,1,Supervisor_1,248,8,240
1067,14,1,Supervisor_1,462,5,457
1068,49,3,Supervisor_3,407,27,380
1069,27,2,Supervisor_2,414,26,388
1070,41,3,Supervisor_3,414,5,409
1071,17,3,Supervisor_3,264,11,253
1072,5,2,Supervisor_2,380,8,372
1073,41,2,Supervisor_2,313,8,305
1074,13,3,Supervisor_3,131,4,127
1075,11,3,Supervisor_3,100,3,97
1076,2,3,Supervisor_3,253,8,245
1077,31,3,Supervisor_3,242,1,241
1078,46,3,Supervisor_3,53,3,50
1079,11,3,Supervisor_3,398,12,386
1080,17,2,Supervisor_2,142,6,136
1081,3,1,Supervisor_1,86,6,80
1082,39,3,Supervisor_3,283,14,269
1083,3,2,Supervisor_2,71,3,68
1084,26,3,Supervisor_3,58,3,55
1085,38,3,Supervisor_3,388,19,369
1086,14,3,Supervisor_3,352,8,344
1087,40,1,Supervisor_1,89,1,88
1088,36,1,Supervisor_1,330,9,321
1089,22,3,Supervisor_3,184,11,173
1090,19,2,Supervisor_2,452,30,422
1091,5,3,Supervisor_3,432,21,411
1092,22,1,Supervisor_1,306,6,300
1093,28,2,Supervisor_2,381,15,366
1094,40,1,Supervisor_1,274,17,257
1095,43,2,Supervisor_2,212,12,200
1096,4,2,Supervisor_2,256,11,245
1097,5,3,Supervisor_3,195,9,186
1098,26,1,Supervisor_1,381,6,375
1099,38,1,Supervisor_1,347,8,339
1100,44,2,Supervisor_2,251,12,239
1101,29,1,Supervisor_1,165,13,152
1102,13,3,Supervisor_3,470,28,442
1103,25,3,Supervisor_3,57,1,56
1104,49,2,Supervisor_2,483,25,458
1105,22,2,Supervisor_2,449,15,434
1106,38,3,Supervisor_3,497,33,464
1107,40,1,Supervisor_1,147,6,141
1108,19,1,Supervisor_1,208,7,201
1109,38,2,Supervisor_2,84,0,84
1110,41,1,Supervisor_1,285,15,270
1111,11,3,Supervisor_3,384,17,367
1112,23,3,Supervisor_3,487,31,456
1113,6,1,Supervisor_1,197,3,194
1114,2,1,Supervisor_1,413,28,385
1115,39,2,Supervisor_2,440,14,426
1116,6,3,Supervisor_3,337,20,317
1117,15,2,Supervisor_2,329,12,317
1118,42,1,Supervisor_1,420,18,402
1119,33,3,Supervisor_3,369,18,351
1120,33,2,Supervisor_2,450,21,429
1121,12,3,Supervisor_3,211,1,210
1122,15,1,Supervisor_1,325,6,319
1123,19,3,Supervisor_3,455,8,447
1124,5,2,Supervisor_2,385,0,385
1125,14,2,Supervisor_2,354,15,339
1126,12,1,Supervisor_1,281,19,262
1127,8,3,Supervisor_3,487,26,461
1128,12,3,Supervisor_3,126,7,119
1129,15,3,Supervisor_3,431,10,421
1130,23,1,Supervisor_1,187,5,182
1131,49,3,Supervisor_3,300,13,287
1132,4,2,Supervisor_2,66,1,65
1133,15,2,Supervisor_2,302,2,300
1134,32,2,Supervisor_2,344,13,331
1135,19,1,Supervisor_1,473,1,472
1136,20,3,Supervisor_3,193,5,188
1137,16,1,Supervisor_1,373,3,370
1138,42,3,Supervisor_3,334,8,326
1139,4,1,Supervisor_1,450,10,440
1140,35,2,Supervisor_2,274,18,256
1141,33,3,Supervisor_3,498,37,461
1142,31,1,Supervisor_1,486,18,468
1143,34,3,Supervisor_3,404,31,373
1144,20,1,Supervisor_1,70,0,70
1145,19,3,Supervisor_3,225,17,208
1146,28,1,Supervisor_1,205,9,196
1147,32,1,Supervisor_1,485,33,452
1148,37,1,Supervisor_1,52,0,52
1149,14,1,Supervisor_1,93,1,92
1150,15,3,Supervisor_3,82,4,78
1151,12,2,Supervisor_2,314,17,297
1152,22,2,Supervisor_2,87,6,81
1153,41,3,Supervisor_3,189,14,175
1154,48,1,Supervisor_1,375,25,350
1155,14,1,Supervisor_1,316,17,299
1156,2,3,Supervisor_3,129,0,129
1157,32,2,Supervisor_2,433,17,416
1158,23,3,Supervisor_3,475,36,439
1159,1,2,Supervisor_2,226,5,221
1160,35,1,Supervisor_1,494,36,458
1161,8,2,Supervisor_2,140,4,136
1162,13,3,Supervisor_3,397,26,371
1163,17,1,Supervisor_1,281,0,281
1164,10,3,Supervisor_3,254,2,252
1165,27,3,Supervisor_3,169,0,169
1166,31,3,Supervisor_3,276,13,263
1167,35,3,Supervisor_3,257,13,244
1168,23,2,Supervisor_2,457,21,436
1169,19,2,Supervisor_2,388,11,377
1170,44,3,Supervisor_3,242,13,229
1171,4,1,Supervisor_1,123,1,122
1172,41,1,Supervisor_1,209,14,195
1173,48,1,Supervisor_1,308,0,308
1174,1,1,Supervisor_1,205,7,198
1175,18,3,Supervisor_3,132,0,132
1176,31,1,Supervisor_1,129,2,127
1177,47,3,Supervisor_3,263,20,243
1178,2,1,Supervisor_1,192,13,179
1179,24,2,Supervisor_2,365,1,364
1180,47,2,Supervisor_2,445,17,428
1181,26,3,Supervisor_3,134,8,126
1182,36,3,Supervisor_3,133,10,123
1183,37,3,Supervisor_3,292,15,277
1184,50,3,Supervisor_3,472,17,455
1185,41,3,Supervisor_3,367,24,343
1186,22,2,Supervisor_2,273,7,266
1187,33,3,Supervisor_3,337,22,315
1188,42,2,Supervisor_2,207,0,207
1189,46,3,Supervisor_3,232,15,217
1190,23,1,Supervisor_1,156,9,147
1191,21,3,Supervisor_3,119,0,119
1192,5,1,Supervisor_1,369,23,346
1193,34,1,Supervisor_1,343,10,333
1194,13,3,Supervisor_3,199,10,189
1195,3,1,Supervisor_1,348,3,345
1196,1,1,Supervisor_1,185,8,177
1197,13,2,Supervisor_2,480,4,476
1198,44,1,Supervisor_1,114,6,108
1199,19,1,Supervisor_1,268,13,255
1200,11,3,Supervisor_3,129,0,129
1201,42,2,Supervisor_2,166,9,157
1202,15,1,Supervisor_1,133,10,123
1203,44,2,Supervisor_2,137,7,130
1204,47,2,Supervisor_2,461,6,455
1205,24,1,Supervisor_1,203,6,197
1206,34,2,Supervisor_2,288,20,268
1207,3,3,Supervisor_3,478,23,455
1208,48,3,Supervisor_3,191,14,177
1209,13,2,Supervisor_2,260,5,255
1210,47,1,Supervisor_1,161,4,157
1211,48,3,Supervisor_3,480,17,463
1212,45,3,Supervisor_3,341,21,320
1213,43,3,Supervisor_3,364,2,362
1214,6,3,Supervisor_3,419,16,403
1215,18,3,Supervisor_3,216,9,207
1216,6,3,Supervisor_3,252,12,240
1217,45,3,Supervisor_3,241,10,231
1218,6,1,Supervisor_1,339,17,322
1219,36,2,Supervisor_2,449,16,433
1220,25,3,Supervisor_3,97,4,93
1221,40,2,Supervisor_2,332,23,309
1222,7,1,Supervisor_1,412,8,404
1223,5,1,Supervisor_1,159,1,158
1224,46,1,Supervisor_1,206,9,197
1225,33,1,Supervisor_1,99,4,95
1226,36,2,Supervisor_2,467,2,465
1227,23,1,Supervisor_1,379,17,362
1228,46,1,Supervisor_1,298,10,288
1229,9,1,Supervisor_1,154,2,152
1230,11,3,Supervisor_3,403,24,379
1231,41,1,Supervisor_1,232,2,230
1232,36,2,Supervisor_2,288,21,267
1233,24,3,Supervisor_3,445,5,440
1234,49,2,Supervisor_2,345,18,327
1235,10,3,Supervisor_3,470,34,436
1236,50,1,Supervisor_1,103,6,97
1237,36,3,Supervisor_3,279,15,264
1238,44,1,Supervisor_1,60,2,58
1239,16,1,Supervisor_1,124,0,124
1240,9,2,Supervisor_2,195,9,186
1241,30,1,Supervisor_1,315,24,291
1242,18,2,Supervisor_2,425,20,405
1243,21,2,Supervisor_2,180,3,177
1244,42,2,Supervisor_2,271,21,250
1245,16,3,Supervisor_3,297,19,278
1246,11,1,Supervisor_1,272,2,270
1247,33,1,Supervisor_1,448,32,416
1248,23,2,Supervisor_2,230,5,225
1249,45,1,Supervisor_1,105,0,105
1250,45,3,Supervisor_3,481,37,444
1251,15,2,Supervisor_2,253,14,239
1252,43,2,Supervisor_2,421,23,398
1253,28,3,Supervisor_3,240,4,236
1254,46,3,Supervisor_3,348,13,335
1255,37,2,Supervisor_2,234,17,217
1256,22,2,Supervisor_2,69,0,69
1257,47,3,Supervisor_3,338,12,326
1258,18,1,Supervisor_1,498,33,465
1259,47,2,Supervisor_2,216,7,209
1260,19,3,Supervisor_3,320,20,300
1261,20,3,Supervisor_3,64,4,60
1262,9,1,Supervisor_1,471,28,443
1263,13,2,Supervisor_2,121,1,120
1264,17,3,Supervisor_3,344,6,338
1265,17,1,Supervisor_1,239,16,223
1266,39,3,Supervisor_3,249,7,242
1267,14,3,Supervisor_3,52,1,51
1268,42,3,Supervisor_3,131,7,124
1269,30,3,Supervisor_3,285,6,279
1270,8,3,Supervisor_3,233,18,215
1271,39,1,Supervisor_1,291,16,275
1272,50,2,Supervisor_2,435,10,425
1273,41,1,Supervisor_1,281,0,281
1274,46,3,Supervisor_3,204,0,204
1275,42,3,Supervisor_3,179,10,169
1276,3,2,Supervisor_2,195,1,194
1277,33,3,Supervisor_3,370,8,362
1278,23,1,Supervisor_1,413,11,402
1279,32,1,Supervisor_1,274,20,254
1280,1,2,Supervisor_2,478,15,463
1281,1,2,Supervisor_2,171,0,171
1282,33,1,Supervisor_1,412,11,401
1283,24,1,Supervisor_1,363,16,347
1284,7,1,Supervisor_1,349,24,325
1285,31,3,Supervisor_3,271,17,254
1286,8,1,Supervisor_1,225,12,213
1287,6,1,Supervisor_1,455,23,432
1288,32,1,Supervisor_1,238,4,234
1289,3,2,Supervisor_2,163,5,158
1290,14,2,Supervisor_2,431,3,428
1291,13,2,Supervisor_2,107,6,101
1292,15,3,Supervisor_3,459,20,439
1293,13,1,Supervisor_1,138,2,136
1294,15,1,Supervisor_1,348,0,348
1295,24,2,Supervisor_2,481,23,458
1296,24,3,Supervisor_3,498,39,459
1297,25,2,Supervisor_2,260,5,255
1298,10,3,Supervisor_3,274,4,270
1299,39,3,Supervisor_3,251,13,238
1300,21,3,Supervisor_3,403,8,395
1301,7,1,Supervisor_1,477,2,475
1302,40,2,Supervisor_2,87,6,81
1303,14,2,Supervisor_2,230,17,213
1304,41,3,Supervisor_3,177,3,174
1305,41,1,Supervisor_1,263,12,251
1306,26,3,Supervisor_3,141,6,135
1307,19,3,Supervisor_3,292,5,287
1308,19,1,Supervisor_1,157,0,157
1309,14,1,Supervisor_1,444,13,431
1310,20,1,Supervisor_1,414,6,408
1311,11,3,Supervisor_3,284,19,265
1312,23,1,Supervisor_1,117,8,109
1313,38,1,Supervisor_1,84,1,83
1314,35,1,Supervisor_1,468,20,448
1315,23,2,Supervisor_2,221,17,204
1316,1,3,Supervisor_3,431,16,415
1317,33,1,Supervisor_1,389,0,389
1318,49,1,Supervisor_1,370,20,350
1319,2,1,Supervisor_1,67,2,65
1320,50,1,Supervisor_1,303,21,282
1321,8,3,Supervisor_3,496,29,467
1322,38,2,Supervisor_2,430,19,411
1323,36,1,Supervisor_1,401,29,372
1324,34,3,Supervisor_3,496,13,483
1325,39,2,Supervisor_2,388,28,360
1326,40,3,Supervisor_3,271,21,250
1327,41,2,Supervisor_2,216,17,199
1328,32,2,Supervisor_2,204,14,190
1329,8,1,Supervisor_1,372,15,357
1330,48,3,Supervisor_3,111,8,103
1331,45,3,Supervisor_3,84,2,82
1332,3,1,Supervisor_1,428,21,407
1333,1,2,Supervisor_2,139,6,133
1334,9,3,Supervisor_3,75,5,70
1335,3,2,Supervisor_2,368,24,344
1336,34,3,Supervisor_3,431,23,408
1337,17,2,Supervisor_2,237,4,233
1338,21,2,Supervisor_2,414,29,385
1339,2,2,Supervisor_2,112,7,105
1340,50,2,Supervisor_2,448,9,439
1341,17,3,Supervisor_3,192,3,189
1342,21,2,Supervisor_2,93,6,87
1343,11,1,Supervisor_1,371,11,360
1344,28,3,Supervisor_3,246,11,235
1345,42,1,Supervisor_1,87,2,85
1346,39,3,Supervisor_3,410,7,403
1347,39,3,Supervisor_3,476,5,471
1348,24,1,Supervisor_1,59,4,55
1349,33,2,Supervisor_2,340,18,322
1350,1,2,Supervisor_2,119,3,116
1351,37,1,Supervisor_1,124,4,120
1352,27,1,Supervisor_1,326,20,306
1353,24,2,Supervisor_2,215,1,214
1354,11,1,Supervisor_1,332,6,326
1355,34,1,Supervisor_1,97,2,95
1356,6,3,Supervisor_3,305,13,292
1357,20,1,Supervisor_1,61,0,61
1358,33,3,Supervisor_3,239,3,236
1359,47,2,Supervisor_2,96,2,94
1360,14,2,Supervisor_2,375,2,373
1361,33,1,Supervisor_1,362,16,346
1362,15,3,Supervisor_3,347,22,325
1363,37,3,Supervisor_3,72,4,68
1364,19,2,Supervisor_2,201,13,188
1365,43,1,Supervisor_1,353,13,340
1366,34,2,Supervisor_2,446,12,434
1367,13,1,Supervisor_1,316,24,292
1368,30,2,Supervisor_2,387,25,362
1369,3,3,Supervisor_3,329,9,320
1370,28,1,Supervisor_1,79,3,76
1371,30,1,Supervisor_1,347,11,336
1372,50,1,Supervisor_1,266,12,254
1373,37,3,Supervisor_3,184,3,181
1374,21,3,Supervisor_3,227,3,224
1375,28,1,Supervisor_1,100,0,100
1376,21,1,Supervisor_1,251,2,249
1377,26,1,Supervisor_1,303,8,295
1378,40,1,Supervisor_1,207,7,200
1379,19,3,Supervisor_3,267,17,250
1380,18,1,Supervisor_1,453,20,433
1381,7,2,Supervisor_2,250,0,250
1382,37,1,Supervisor_1,459,12,447
1383,5,3,Supervisor_3,338,6,332
1384,41,3,Supervisor_3,358,4,354
1385,24,3,Supervisor_3,211,8,203
1386,26,1,Supervisor_1,327,22,305
1387,6,3,Supervisor_3,309,6,303
1388,24,1,Supervisor_1,248,16,232
1389,36,1,Supervisor_1,170,1,169
1390,28,2,Supervisor_2,461,34,427
1391,45,3,Supervisor_3,405,16,389
1392,34,3,Supervisor_3,341,19,322
1393,30,2,Supervisor_2,297,5,292
1394,26,1,Supervisor_1,186,9,177
1395,11,3,Supervisor_3,470,27,443
1396,2,1,Supervisor_1,94,5,89
1397,9,1,Supervisor_1,376,29,347
1398,21,3,Supervisor_3,55,4,51
1399,17,2,Supervisor_2,50,3,47
1400,27,1,Supervisor_1,320,10,310
1401,31,2,Supervisor_2,372,22,350
1402,18,3,Supervisor_3,159,2,157
1403,2,3,Supervisor_3,187,14,173
1404,42,1,Supervisor_1,305,10,295
1405,25,2,Supervisor_2,380,23,357
1406,36,2,Supervisor_2,71,0,71
1407,36,3,Supervisor_3,78,1,77
1408,1,2,Supervisor_2,127,1,126
1409,32,2,Supervisor_2,82,0,82
1410,19,2,Supervisor_2,126,2,124
1411,15,2,Supervisor_2,403,5,398
1412,7,1,Supervisor_1,316,15,301
1413,33,1,Supervisor_1,103,4,99
1414,35,2,Supervisor_2,59,3,56
1415,5,1,Supervisor_1,155,3,152
1416,6,3,Supervisor_3,266,2,264
1417,9,3,Supervisor_3,474,6,468
1418,5,1,Supervisor_1,337,12,325
1419,40,1,Supervisor_1,56,0,56
1420,34,1,Supervisor_1,87,3,84
1421,24,3,Supervisor_3,218,7,211
1422,19,3,Supervisor_3,60,0,60
1423,16,2,Supervisor_2,415,20,395
1424,22,1,Supervisor_1,488,9,479
1425,47,3,Supervisor_3,397,29,368
1426,15,2,Supervisor_2,246,0,246
1427,26,3,Supervisor_3,195,4,191
1428,16,1,Supervisor_1,244,14,230
1429,25,1,Supervisor_1,436,32,404
1430,6,1,Supervisor_1,490,17,473
1431,11,1,Supervisor_1,255,10,245
1432,14,1,Supervisor_1,225,11,214
1433,35,3,Supervisor_3,339,20,319
1434,7,3,Supervisor_3,220,12,208
1435,43,2,Supervisor_2,125,8,117
1436,34,1,Supervisor_1,139,6,133
1437,22,2,Supervisor_2,343,22,321
1438,26,1,Supervisor_1,290,15,275
1439,16,3,Supervisor_3,97,6,91
1440,13,3,Supervisor_3,118,4,114
1441,3,3,Supervisor_3,251,19,232
1442,46,2,Supervisor_2,463,2,461
1443,43,3,Supervisor_3,426,22,404
1444,4,1,Supervisor_1,486,38,448
1445,12,3,Supervisor_3,129,6,123
1446,7,2,Supervisor_2,76,0,76
1447,45,1,Supervisor_1,163,9,154
1448,4,3,Supervisor_3,244,11,233
1449,7,1,Supervisor_1,280,2,278
1450,14,1,Supervisor_1,64,3,61
1451,24,2,Supervisor_2,84,2,82
1452,25,3,Supervisor_3,424,21,403
1453,9,3,Supervisor_3,414,8,406
1454,29,1,Supervisor_1,345,26,319
1455,17,1,Supervisor_1,164,6,158
1456,5,1,Supervisor_1,403,31,372
1457,34,3,Supervisor_3,422,4,418
1458,36,1,Supervisor_1,241,9,232
1459,5,2,Supervisor_2,133,6,127
1460,5,3,Supervisor_3,319,7,312
1461,38,1,Supervisor_1,302,17,285
1462,21,2,Supervisor_2,309,5,304
1463,45,1,Supervisor_1,122,8,114
1464,35,2,Supervisor_2,154,2,152
1465,4,1,Supervisor_1,135,3,132
1466,1,2,Supervisor_2,260,2,258
1467,28,1,Supervisor_1,399,3,396
1468,38,3,Supervisor_3,425,1,424
1469,13,2,Supervisor_2,109,6,103
1470,20,1,Supervisor_1,161,10,151
1471,37,2,Supervisor_2,203,15,188
1472,44,3,Supervisor_3,333,10,323
1473,22,3,Supervisor_3,277,19,258
1474,6,1,Supervisor_1,173,8,165
1475,15,1,Supervisor_1,189,3,186
1476,36,1,Supervisor_1,163,12,151
1477,29,3,Supervisor_3,483,5,478
1478,18,3,Supervisor_3,103,3,100
1479,36,2,Supervisor_2,439,34,405
1480,46,3,Supervisor_3,455,13,442
1481,7,3,Supervisor_3,229,1,228
1482,42,3,Supervisor_3,167,10,157
1483,11,1,Supervisor_1,277,15,262
1484,33,3,Supervisor_3,212,12,200
1485,35,1,Supervisor_1,314,9,305
1486,20,1,Supervisor_1,303,11,292
1487,38,2,Supervisor_2,475,11,464
1488,5,1,Supervisor_1,352,21,331
1489,7,2,Supervisor_2,58,0,58
1490,18,3,Supervisor_3,145,3,142
1491,45,1,Supervisor_1,59,0,59
1492,27,1,Supervisor_1,295,19,276
1493,43,3,Supervisor_3,469,0,469
1494,16,1,Supervisor_1,241,4,237
1495,44,2,Supervisor_2,477,28,449
1496,4,1,Supervisor_1,81,0,81
1497,24,1,Supervisor_1,420,13,407
1498,41,2,Supervisor_2,436,29,407
1499,28,2,Supervisor_2,168,1,167
1500,38,2,Supervisor_2,54,2,52
1501,44,3,Supervisor_3,157,11,146
1502,50,3,Supervisor_3,310,6,304
1503,11,3,Supervisor_3,361,17,344
1504,13,2,Supervisor_2,200,3,197
1505,32,3,Supervisor_3,68,1,67
1506,7,2,Supervisor_2,150,4,146
1507,49,1,Supervisor_1,196,2,194
1508,38,2,Supervisor_2,477,17,460
1509,32,2,Supervisor_2,216,13,203
1510,16,2,Supervisor_2,124,0,124
1511,36,2,Supervisor_2,323,15,308
1512,43,2,Supervisor_2,402,23,379
1513,39,1,Supervisor_1,313,24,289
1514,25,1,Supervisor_1,285,17,268
1515,2,2,Supervisor_2,116,7,109
1516,18,2,Supervisor_2,144,8,136
1517,7,2,Supervisor_2,75,4,71
1518,36,1,Supervisor_1,500,28,472
1519,11,2,Supervisor_2,424,33,391
1520,3,2,Supervisor_2,434,32,402
1521,33,1,Supervisor_1,346,3,343
1522,27,2,Supervisor_2,426,24,402
1523,6,1,Supervisor_1,290,17,273
1524,35,2,Supervisor_2,314,4,310
1525,23,2,Supervisor_2,125,7,118
1526,20,2,Supervisor_2,261,18,243
1527,21,1,Supervisor_1,179,12,167
1528,21,3,Supervisor_3,322,11,311
1529,27,1,Supervisor_1,104,5,99
1530,5,3,Supervisor_3,399,20,379
1531,37,2,Supervisor_2,482,2,480
1532,30,1,Supervisor_1,289,20,269
1533,23,2,Supervisor_2,433,21,412
1534,30,1,Supervisor_1,339,11,328
1535,47,2,Supervisor_2,247,12,235
1536,39,1,Supervisor_1,375,28,347
1537,46,1,Supervisor_1,132,6,126
1538,17,3,Supervisor_3,331,19,312
1539,34,1,Supervisor_1,159,12,147
1540,49,3,Supervisor_3,218,2,216
1541,49,2,Supervisor_2,105,8,97
1542,24,2,Supervisor_2,350,0,350
1543,21,1,Supervisor_1,160,6,154
1544,34,2,Supervisor_2,356,2,354
1545,6,1,Supervisor_1,247,11,236
1546,2,2,Supervisor_2,454,4,450
1547,29,3,Supervisor_3,119,7,112
1548,26,2,Supervisor_2,241,10,231
1549,6,3,Supervisor_3,313,13,300
1550,50,2,Supervisor_2,59,4,55
1551,27,1,Supervisor_1,123,9,114
1552,34,2,Supervisor_2,334,22,312
1553,12,1,Supervisor_1,277,16,261
1554,33,1,Supervisor_1,170,9,161
1555,7,1,Supervisor_1,115,6,109
1556,17,1,Supervisor_1,391,4,387
1557,14,1,Supervisor_1,123,5,118
1558,14,2,Supervisor_2,382,4,378
1559,30,3,Supervisor_3,207,3,204
1560,28,1,Supervisor_1,266,0,266
1561,23,1,Supervisor_1,135,3,132
1562,46,3,Supervisor_3,464,18,446
1563,47,2,Supervisor_2,254,11,243
1564,50,2,Supervisor_2,367,26,341
1565,45,1,Supervisor_1,424,1,423
1566,7,2,Supervisor_2,403,30,373
1567,16,3,Supervisor_3,62,3,59
1568,19,1,Supervisor_1,199,8,191
1569,33,2,Supervisor_2,296,16,280
1570,7,1,Supervisor_1,410,16,394
1571,12,1,Supervisor_1,319,18,301
1572,1,1,Supervisor_1,77,4,73
1573,46,1,Supervisor_1,443,22,421
1574,41,2,Supervisor_2,457,3,454
1575,43,3,Supervisor_3,411,24,387
1576,32,3,Supervisor_3,175,4,171
1577,42,2,Supervisor_2,101,6,95
1578,47,1,Supervisor_1,115,6,109
1579,19,1,Supervisor_1,50,1,49
1580,25,2,Supervisor_2,171,5,166
1581,1,2,Supervisor_2,247,5,242
1582,4,1,Supervisor_1,101,1,100
1583,12,2,Supervisor_2,92,0,92
1584,12,3,Supervisor_3,463,10,453
1585,35,2,Supervisor_2,165,6,159
1586,26,2,Supervisor_2,333,1,332
1587,34,3,Supervisor_3,381,25,356
1588,5,1,Supervisor_1,179,9,170
1589,31,3,Supervisor_3,434,8,426
1590,24,1,Supervisor_1,209,13,196
1591,2,2,Supervisor_2,238,7,231
1592,29,3,Supervisor_3,86,1,85
1593,29,3,Supervisor_3,67,1,66
1594,30,3,Supervisor_3,276,3,273
1595,33,3,Supervisor_3,156,3,153
1596,31,1,Supervisor_1,246,2,244
1597,13,3,Supervisor_3,471,35,436
1598,44,1,Supervisor_1,372,6,366
1599,23,3,Supervisor_3,441,7,434
1600,10,2,Supervisor_2,198,11,187
1601,11,3,Supervisor_3,179,14,165
1602,25,1,Supervisor_1,128,5,123
1603,17,2,Supervisor_2,430,29,401
1604,47,2,Supervisor_2,210,7,203
1605,36,3,Supervisor_3,469,3,466
1606,46,3,Supervisor_3,203,13,190
1607,10,2,Supervisor_2,270,5,265
1608,21,1,Supervisor_1,497,32,465
1609,30,1,Supervisor_1,59,4,55
1610,27,2,Supervisor_2,352,8,344
1611,3,1,Supervisor_1,289,12,277
1612,40,1,Supervisor_1,298,0,298
1613,14,2,Supervisor_2,166,4,162
1614,8,1,Supervisor_1,487,2,485
1615,28,3,Supervisor_3,349,23,326
1616,25,3,Supervisor_3,194,6,188
1617,23,3,Supervisor_3,463,31,432
1618,41,2,Supervisor_2,312,19,293
1619,27,2,Supervisor_2,443,13,430
1620,33,1,Supervisor_1,161,1,160
1621,2,3,Supervisor_3,489,2,487
1622,13,3,Supervisor_3,311,5,306
1623,12,3,Supervisor_3,397,24,373
1624,22,1,Supervisor_1,52,2,50
1625,9,3,Supervisor_3,61,1,60
1626,28,3,Supervisor_3,391,6,385
1627,42,3,Supervisor_3,341,9,332
1628,22,1,Supervisor_1,126,1,125
1629,42,2,Supervisor_2,262,18,244
1630,46,2,Supervisor_2,349,15,334
1631,21,1,Supervisor_1,191,8,183
1632,31,3,Supervisor_3,267,18,249
1633,49,1,Supervisor_1,412,7,405
1634,12,1,Supervisor_1,193,3,190
1635,7,3,Supervisor_3,211,10,201
1636,23,1,Supervisor_1,499,26,473
1637,12,1,Supervisor_1,217,0,217
1638,30,3,Supervisor_3,286,20,266
1639,13,3,Supervisor_3,372,18,354
1640,19,3,Supervisor_3,325,12,313
1641,40,3,Supervisor_3,314,9,305
1642,34,1,Supervisor_1,490,36,454
1643,19,2,Supervisor_2,115,0,115
1644,41,3,Supervisor_3,392,26,366
1645,11,1,Supervisor_1,196,0,196
1646,47,2,Supervisor_2,103,3,100
1647,23,1,Supervisor_1,196,13,183
1648,41,1,Supervisor_1,78,1,77
1649,34,2,Supervisor_2,302,15,287
1650,22,2,Supervisor_2,242,12,230
1651,14,1,Supervisor_1,186,11,175
1652,31,2,Supervisor_2,122,4,118
1653,46,3,Supervisor_3,57,0,57
1654,50,3,Supervisor_3,388,4,384
1655,1,3,Supervisor_3,180,10,170
1656,4,1,Supervisor_1,461,30,431
1657,40,1,Supervisor_1,154,5,149
1658,20,1,Supervisor_1,202,10,192
1659,48,3,Supervisor_3,355,10,345
1660,13,1,Supervisor_1,87,4,83
1661,33,1,Supervisor_1,333,3,330
1662,34,3,Supervisor_3,81,3,78
1663,42,3,Supervisor_3,364,12,352
1664,47,3,Supervisor_3,412,16,396
1665,36,1,Supervisor_1,132,1,131
1666,4,3,Supervisor_3,158,10,148
1667,12,3,Supervisor_3,215,0,215
1668,44,2,Supervisor_2,434,8,426
1669,22,3,Supervisor_3,142,10,132
1670,26,3,Supervisor_3,163,12,151
1671,15,2,Supervisor_2,282,13,269
1672,6,1,Supervisor_1,272,4,268
1673,35,1,Supervisor_1,455,11,444
1674,40,3,Supervisor_3,241,6,235
1675,18,2,Supervisor_2,150,10,140
1676,13,3,Supervisor_3,383,9,374
1677,18,2,Supervisor_2,59,4,55
1678,13,1,Supervisor_1,273,1,272
1679,40,2,Supervisor_2,159,2,157
1680,28,1,Supervisor_1,290,1,289
1681,38,2,Supervisor_2,51,1,50
1682,31,2,Supervisor_2,213,9,204
1683,47,1,Supervisor_1,77,4,73
1684,43,2,Supervisor_2,259,16,243
1685,27,2,Supervisor_2,313,12,301
1686,5,2,Supervisor_2,346,2,344
1687,37,2,Supervisor_2,246,7,239
1688,14,1,Supervisor_1,433,17,416
1689,18,2,Supervisor_2,146,4,142
1690,29,1,Supervisor_1,392,17,375
1691,43,2,Supervisor_2,307,10,297
1692,47,1,Supervisor_1,161,10,151
1693,46,2,Supervisor_2,400,24,376
1694,13,1,Supervisor_1,310,16,294
1695,22,1,Supervisor_1,168,5,163
1696,11,3,Supervisor_3,428,10,418
1697,20,1,Supervisor_1,324,7,317
1698,29,3,Supervisor_3,333,23,310
1699,39,2,Supervisor_2,303,0,303
1700,3,3,Supervisor_3,412,31,381
1701,28,1,Supervisor_1,468,23,445
1702,43,1,Supervisor_1,270,10,260
1703,30,3,Supervisor_3,140,4,136
1704,25,3,Supervisor_3,243,9,234
1705,4,2,Supervisor_2,57,0,57
1706,42,3,Supervisor_3,254,13,241
1707,32,1,Supervisor_1,76,3,73
1708,29,3,Supervisor_3,215,6,209
1709,39,1,Supervisor_1,147,6,141
1710,42,2,Supervisor_2,134,7,127
1711,27,3,Supervisor_3,322,5,317
1712,33,3,Supervisor_3,322,2,320
1713,22,3,Supervisor_3,90,6,84
1714,10,2,Supervisor_2,500,34,466
1715,4,1,Supervisor_1,134,3,131
1716,18,2,Supervisor_2,103,2,101
1717,45,1,Supervisor_1,274,1,273
1718,7,1,Supervisor_1,162,8,154
1719,16,3,Supervisor_3,302,13,289
1720,40,1,Supervisor_1,429,9,420
1721,27,2,Supervisor_2,202,7,195
1722,4,1,Supervisor_1,150,11,139
1723,26,2,Supervisor_2,315,6,309
1724,26,2,Supervisor_2,291,6,285
1725,36,1,Supervisor_1,216,4,212
1726,20,3,Supervisor_3,238,12,226
1727,8,2,Supervisor_2,207,14,193
1728,14,3,Supervisor_3,322,10,312
1729,47,1,Supervisor_1,281,4,277
1730,34,1,Supervisor_1,117,0,117
1731,46,3,Supervisor_3,185,4,181
1732,5,2,Supervisor_2,321,11,310
1733,2,1,Supervisor_1,78,1,77
1734,36,2,Supervisor_2,359,1,358
1735,4,3,Supervisor_3,270,9,261
1736,29,1,Supervisor_1,221,8,213
1737,16,1,Supervisor_1,401,16,385
1738,6,1,Supervisor_1,460,20,440
1739,21,2,Supervisor_2,106,3,103
1740,19,2,Supervisor_2,301,5,296
1741,38,1,Supervisor_1,50,1,49
1742,17,2,Supervisor_2,424,20,404
1743,37,3,Supervisor_3,292,2,290
1744,46,2,Supervisor_2,127,3,124
1745,18,2,Supervisor_2,193,5,188
1746,31,2,Supervisor_2,350,15,335
1747,19,1,Supervisor_1,393,6,387
1748,26,2,Supervisor_2,497,17,480
1749,50,1,Supervisor_1,427,11,416
1750,31,3,Supervisor_3,463,14,449
1751,29,3,Supervisor_3,426,31,395
1752,37,2,Supervisor_2,266,8,258
1753,45,1,Supervisor_1,459,26,433
1754,5,1,Supervisor_1,123,3,120
1755,2,2,Supervisor_2,366,2,364
1756,22,3,Supervisor_3,413,23,390
1757,11,3,Supervisor_3,157,0,157
1758,2,2,Supervisor_2,471,17,454
1759,39,3,Supervisor_3,283,10,273
1760,20,2,Supervisor_2,480,7,473
1761,45,2,Supervisor_2,198,2,196
1762,15,2,Supervisor_2,204,11,193
1763,14,3,Supervisor_3,286,17,269
1764,44,2,Supervisor_2,178,11,167
1765,28,2,Supervisor_2,106,6,100
1766,47,1,Supervisor_1,279,0,279
1767,28,1,Supervisor_1,476,33,443
1768,47,3,Supervisor_3,186,3,183
1769,6,3,Supervisor_3,50,3,47
1770,18,3,Supervisor_3,128,10,118
1771,47,3,Supervisor_3,316,6,310
1772,42,1,Supervisor_1,351,19,332
1773,21,3,Supervisor_3,385,4,381
1774,28,3,Supervisor_3,293,11,282
1775,32,1,Supervisor_1,484,11,473
1776,7,2,Supervisor_2,500,0,500
1777,47,2,Supervisor_2,265,20,245
1778,49,3,Supervisor_3,189,3,186
1779,44,1,Supervisor_1,158,10,148
1780,42,1,Supervisor_1,323,10,313
1781,39,1,Supervisor_1,366,5,361
1782,10,1,Supervisor_1,191,9,182
1783,22,1,Supervisor_1,335,19,316
1784,50,3,Supervisor_3,326,0,326
1785,3,1,Supervisor_1,329,25,304
1786,11,3,Supervisor_3,341,14,327
1787,46,3,Supervisor_3,466,35,431
1788,39,1,Supervisor_1,339,16,323
1789,9,2,Supervisor_2,97,2,95
1790,2,1,Supervisor_1,319,13,306
1791,21,1,Supervisor_1,414,26,388
1792,24,3,Supervisor_3,203,9,194
1793,50,2,Supervisor_2,64,0,64
1794,21,2,Supervisor_2,220,5,215
1795,41,1,Supervisor_1,51,3,48
1796,29,3,Supervisor_3,306,11,295
1797,40,3,Supervisor_3,112,8,104
1798,16,2,Supervisor_2,431,13,418
1799,18,3,Supervisor_3,295,19,276
1800,19,3,Supervisor_3,379,7,372
1801,16,1,Supervisor_1,440,11,429
1802,21,2,Supervisor_2,258,12,246
1803,21,2,Supervisor_2,206,2,204
1804,5,2,Supervisor_2,153,2,151
1805,2,3,Supervisor_3,317,3,314
1806,7,3,Supervisor_3,268,13,255
1807,9,2,Supervisor_2,360,10,350
1808,8,2,Supervisor_2,208,0,208
1809,27,1,Supervisor_1,341,17,324
1810,21,1,Supervisor_1,243,4,239
1811,4,1,Supervisor_1,338,6,332
1812,13,1,Supervisor_1,426,22,404
1813,18,3,Supervisor_3,79,6,73
1814,29,1,Supervisor_1,138,2,136
1815,17,2,Supervisor_2,154,7,147
1816,30,1,Supervisor_1,91,4,87
1817,22,1,Supervisor_1,252,1,251
1818,49,2,Supervisor_2,205,7,198
1819,29,2,Supervisor_2,309,22,287
1820,30,2,Supervisor_2,370,19,351
1821,46,3,Supervisor_3,478,24,454
1822,27,3,Supervisor_3,336,15,321
1823,41,1,Supervisor_1,213,4,209
1824,16,2,Supervisor_2,142,11,131
1825,25,1,Supervisor_1,442,6,436
1826,22,2,Supervisor_2,300,15,285
1827,26,1,Supervisor_1,367,17,350
1828,21,1,Supervisor_1,122,2,120
1829,50,1,Supervisor_1,271,9,262
1830,39,3,Supervisor_3,175,8,167
1831,33,3,Supervisor_3,499,0,499
1832,3,3,Supervisor_3,472,3,469
1833,17,3,Supervisor_3,493,17,476
1834,7,1,Supervisor_1,367,28,339
1835,4,1,Supervisor_1,176,4,172
1836,22,2,Supervisor_2,129,5,124
1837,14,3,Supervisor_3,247,19,228
1838,46,1,Supervisor_1,86,6,80
1839,37,2,Supervisor_2,466,24,442
1840,44,3,Supervisor_3,134,5,129
1841,44,2,Supervisor_2,182,6,176
1842,24,3,Supervisor_3,447,15,432
1843,37,1,Supervisor_1,216,2,214
1844,11,1,Supervisor_1,441,1,440
1845,47,1,Supervisor_1,66,4,62
1846,6,3,Supervisor_3,332,2,330
1847,13,3,Supervisor_3,325,4,321
1848,47,3,Supervisor_3,96,3,93
1849,28,3,Supervisor_3,426,23,403
1850,41,3,Supervisor_3,321,16,305
1851,32,1,Supervisor_1,445,31,414
1852,28,3,Supervisor_3,323,7,316
1853,5,2,Supervisor_2,68,0,68
1854,18,2,Supervisor_2,229,13,216
1855,12,2,Supervisor_2,499,34,465
1856,2,1,Supervisor_1,124,9,115
1857,2,1,Supervisor_1,218,2,216
1858,22,3,Supervisor_3,401,3,398
1859,36,2,Supervisor_2,107,1,106
1860,47,1,Supervisor_1,422,12,410
1861,15,2,Supervisor_2,144,10,134
1862,39,1,Supervisor_1,455,26,429
1863,28,2,Supervisor_2,382,7,375
1864,37,3,Supervisor_3,100,2,98
1865,4,3,Supervisor_3,129,6,123
1866,36,3,Supervisor_3,155,1,154
1867,19,3,Supervisor_3,255,12,243
1868,1,2,Supervisor_2,456,19,437
1869,8,2,Supervisor_2,476,9,467
1870,30,1,Supervisor_1,460,33,427
1871,33,2,Supervisor_2,275,17,258
1872,41,1,Supervisor_1,235,12,223
1873,26,3,Supervisor_3,89,0,89
1874,20,2,Supervisor_2,457,28,429
1875,3,3,Supervisor_3,100,4,96
1876,13,1,Supervisor_1,226,12,214
1877,37,2,Supervisor_2,88,5,83
1878,25,2,Supervisor_2,273,1,272
1879,25,1,Supervisor_1,86,4,82
1880,21,2,Supervisor_2,458,18,440
1881,2,2,Supervisor_2,284,10,274
1882,6,2,Supervisor_2,415,12,403
1883,19,3,Supervisor_3,200,13,187
1884,10,1,Supervisor_1,263,4,259
1885,30,2,Supervisor_2,138,9,129
1886,39,1,Supervisor_1,300,8,292
1887,38,1,Supervisor_1,196,0,196
1888,48,1,Supervisor_1,161,7,154
1889,46,3,Supervisor_3,129,8,121
1890,1,3,Supervisor_3,347,23,324
1891,22,2,Supervisor_2,264,21,243
1892,26,2,Supervisor_2,309,6,303
1893,14,3,Supervisor_3,73,2,71
1894,8,1,Supervisor_1,445,11,434
1895,34,3,Supervisor_3,126,8,118
1896,24,2,Supervisor_2,158,2,156
1897,28,1,Supervisor_1,181,12,169
1898,28,3,Supervisor_3,362,0,362
1899,4,2,Supervisor_2,358,5,353
1900,7,2,Supervisor_2,359,11,348
1901,47,2,Supervisor_2,372,28,344
1902,42,2,Supervisor_2,71,3,68
1903,4,1,Supervisor_1,230,16,214
1904,11,2,Supervisor_2,196,12,184
1905,13,3,Supervisor_3,446,35,411
1906,49,3,Supervisor_3,425,12,413
1907,16,1,Supervisor_1,288,3,285
1908,21,1,Supervisor_1,167,10,157
1909,25,3,Supervisor_3,272,1,271
1910,22,1,Supervisor_1,201,0,201
1911,12,2,Supervisor_2,495,7,488
1912,22,2,Supervisor_2,143,9,134
1913,26,3,Supervisor_3,370,11,359
1914,15,2,Supervisor_2,399,17,382
1915,15,3,Supervisor_3,201,12,189
1916,28,1,Supervisor_1,203,12,191
1917,43,3,Supervisor_3,391,10,381
1918,16,1,Supervisor_1,75,4,71
1919,45,3,Supervisor_3,139,7,132
1920,19,2,Supervisor_2,183,3,180
1921,36,1,Supervisor_1,395,12,383
1922,48,1,Supervisor_1,225,13,212
1923,24,1,Supervisor_1,122,2,120
1924,19,1,Supervisor_1,191,14,177
1925,42,2,Supervisor_2,70,2,68
1926,17,3,Supervisor_3,102,1,101
1927,27,2,Supervisor_2,486,7,479
1928,32,2,Supervisor_2,144,0,144
1929,22,1,Supervisor_1,190,1,189
1930,25,1,Supervisor_1,351,18,333
1931,33,3,Supervisor_3,316,9,307
1932,3,2,Supervisor_2,206,6,200
1933,37,1,Supervisor_1,138,2,136
1934,32,3,Supervisor_3,421,33,388
1935,39,1,Supervisor_1,339,15,324
1936,28,1,Supervisor_1,141,0,141
1937,27,1,Supervisor_1,211,0,211
1938,30,1,Supervisor_1,146,5,141
1939,13,2,Supervisor_2,95,3,92
1940,5,3,Supervisor_3,467,3,464
1941,47,1,Supervisor_1,176,11,165
1942,15,2,Supervisor_2,53,3,50
1943,5,2,Supervisor_2,192,0,192
1944,22,2,Supervisor_2,368,2,366
1945,22,3,Supervisor_3,376,16,360
1946,39,2,Supervisor_2,153,11,142
1947,20,3,Supervisor_3,157,10,147
1948,5,1,Supervisor_1,397,26,371
1949,31,2,Supervisor_2,331,22,309
1950,34,1,Supervisor_1,196,3,193
1951,43,2,Supervisor_2,409,29,380
1952,34,2,Supervisor_2,255,4,251
1953,40,2,Supervisor_2,101,0,101
1954,40,2,Supervisor_2,318,9,309
1955,4,2,Supervisor_2,375,20,355
1956,26,1,Supervisor_1,443,5,438
1957,44,1,Supervisor_1,51,1,50
1958,10,1,Supervisor_1,284,3,281
1959,35,1,Supervisor_1,396,7,389
1960,5,3,Supervisor_3,312,20,292
1961,15,3,Supervisor_3,415,27,388
1962,30,1,Supervisor_1,319,23,296
1963,7,1,Supervisor_1,286,4,282
1964,23,2,Supervisor_2,493,23,470
1965,48,1,Supervisor_1,111,5,106
1966,6,3,Supervisor_3,406,8,398
1967,28,2,Supervisor_2,57,2,55
1968,20,3,Supervisor_3,74,3,71
1969,23,3,Supervisor_3,264,0,264
1970,43,1,Supervisor_1,377,10,367
1971,3,1,Supervisor_1,450,6,444
1972,4,2,Supervisor_2,325,17,308
1973,40,3,Supervisor_3,125,5,120
1974,43,3,Supervisor_3,396,11,385
1975,6,1,Supervisor_1,281,18,263
1976,26,2,Supervisor_2,195,5,190
1977,36,1,Supervisor_1,181,9,172
1978,6,1,Supervisor_1,345,26,319
1979,9,2,Supervisor_2,435,23,412
1980,2,3,Supervisor_3,55,0,55
1981,20,1,Supervisor_1,493,37,456
1982,37,2,Supervisor_2,250,8,242
1983,5,3,Supervisor_3,283,6,277
1984,21,3,Supervisor_3,262,18,244
1985,35,2,Supervisor_2,202,5,197
1986,15,2,Supervisor_2,165,8,157
1987,34,3,Supervisor_3,277,9,268
1988,2,3,Supervisor_3,303,7,296
1989,46,3,Supervisor_3,144,2,142
1990,17,1,Supervisor_1,171,1,170
1991,40,3,Supervisor_3,465,7,458
1992,23,1,Supervisor_1,384,18,366
1993,44,2,Supervisor_2,440,15,425
1994,10,2,Supervisor_2,439,30,409
1995,34,3,Supervisor_3,356,28,328
1996,34,1,Supervisor_1,277,2,275
1997,33,1,Supervisor_1,183,12,171
1998,41,1,Supervisor_1,282,11,271
1999,36,3,Supervisor_3,246,18,228
2000,27,2,Supervisor_2,252,18,234
2001,25,2,Supervisor_2,220,1,219
2002,7,1,Supervisor_1,436,28,408
2003,33,3,Supervisor_3,357,15,342
2004,14,1,Supervisor_1,338,6,332
2005,1,2,Supervisor_2,286,0,286
2006,9,1,Supervisor_1,474,33,441
2007,8,1,Supervisor_1,244,0,244
2008,1,2,Supervisor_2,216,9,207
2009,27,2,Supervisor_2,298,6,292
2010,23,1,Supervisor_1,213,8,205
2011,37,1,Supervisor_1,415,0,415
2012,33,3,Supervisor_3,405,13,392
2013,17,2,Supervisor_2,108,4,104
2014,40,1,Supervisor_1,130,9,121
2015,24,2,Supervisor_2,168,0,168
2016,26,3,Supervisor_3,248,11,237
2017,38,2,Supervisor_2,374,22,352
2018,38,2,Supervisor_2,80,0,80
2019,38,1,Supervisor_1,146,7,139
2020,31,3,Supervisor_3,392,8,384
2021,50,2,Supervisor_2,439,33,406
2022,40,2,Supervisor_2,492,24,468
2023,36,1,Supervisor_1,356,17,339
2024,47,3,Supervisor_3,50,3,47
2025,30,1,Supervisor_1,163,0,163
2026,17,1,Supervisor_1,158,7,151
2027,14,3,Supervisor_3,214,10,204
2028,12,2,Supervisor_2,439,16,423
2029,14,2,Supervisor_2,138,10,128
2030,1,1,Supervisor_1,484,11,473
2031,11,2,Supervisor_2,50,2,48
2032,37,1,Supervisor_1,325,6,319
2033,44,2,Supervisor_2,241,8,233
2034,3,2,Supervisor_2,385,10,375
2035,4,2,Supervisor_2,85,2,83
2036,40,3,Supervisor_3,337,20,317
2037,7,2,Supervisor_2,148,3,145
2038,1,2,Supervisor_2,218,5,213
2039,25,2,Supervisor_2,283,5,278
2040,34,1,Supervisor_1,368,18,350
2041,5,3,Supervisor_3,455,23,432
2042,3,2,Supervisor_2,250,4,246
2043,34,1,Supervisor_1,159,2,157
2044,33,2,Supervisor_2,281,22,259
2045,48,2,Supervisor_2,353,12,341
2046,35,3,Supervisor_3,313,0,313
2047,32,2,Supervisor_2,441,17,424
2048,47,3,Supervisor_3,206,4,202
2049,31,3,Supervisor_3,413,1,412
2050,47,3,Supervisor_3,250,4,246
2051,4,3,Supervisor_3,244,8,236
2052,24,3,Supervisor_3,402,6,396
2053,47,1,Supervisor_1,407,28,379
2054,34,3,Supervisor_3,244,11,233
2055,42,2,Supervisor_2,248,6,242
2056,35,3,Supervisor_3,72,2,70
2057,8,3,Supervisor_3,462,17,445
2058,5,1,Supervisor_1,228,8,220
2059,20,1,Supervisor_1,154,9,145
2060,43,3,Supervisor_3,325,2,323
2061,42,2,Supervisor_2,110,6,104
2062,4,1,Supervisor_1,231,5,226
2063,34,1,Supervisor_1,342,25,317
2064,42,2,Supervisor_2,360,20,340
2065,17,1,Supervisor_1,92,5,87
2066,33,3,Supervisor_3,238,7,231
2067,48,2,Supervisor_2,114,5,109
2068,25,2,Supervisor_2,386,24,362
2069,41,3,Supervisor_3,95,5,90
2070,38,3,Supervisor_3,406,11,395
2071,40,3,Supervisor_3,495,19,476
2072,48,2,Supervisor_2,131,3,128
2073,49,2,Supervisor_2,421,21,400
2074,40,2,Supervisor_2,330,21,309
2075,47,2,Supervisor_2,225,16,209
2076,25,1,Supervisor_1,189,12,177
2077,4,2,Supervisor_2,84,2,82
2078,29,1,Supervisor_1,238,8,230
2079,42,2,Supervisor_2,191,11,180
2080,38,1,Supervisor_1,193,6,187
2081,26,3,Supervisor_3,396,1,395
2082,2,1,Supervisor_1,263,1,262
2083,13,1,Supervisor_1,75,2,73
2084,41,1,Supervisor_1,256,18,238
2085,30,1,Supervisor_1,173,5,168
2086,17,3,Supervisor_3,428,25,403
2087,39,3,Supervisor_3,200,12,188
2088,32,3,Supervisor_3,279,11,268
2089,42,2,Supervisor_2,101,3,98
2090,26,3,Supervisor_3,320,10,310
2091,46,2,Supervisor_2,354,3,351
2092,28,1,Supervisor_1,455,17,438
2093,25,1,Supervisor_1,218,11,207
2094,17,3,Supervisor_3,252,5,247
2095,18,3,Supervisor_3,379,6,373
2096,8,2,Supervisor_2,476,10,466
2097,6,2,Supervisor_2,76,0,76
2098,32,3,Supervisor_3,219,11,208
2099,25,3,Supervisor_3,96,2,94
2100,24,1,Supervisor_1,257,7,250
2101,41,2,Supervisor_2,57,0,57
2102,35,2,Supervisor_2,287,12,275
2103,36,2,Supervisor_2,238,8,230
2104,32,3,Supervisor_3,70,0,70
2105,30,2,Supervisor_2,375,10,365
2106,41,2,Supervisor_2,440,11,429
2107,20,1,Supervisor_1,359,18,341
2108,32,3,Supervisor_3,435,3,432
2109,48,1,Supervisor_1,202,12,190
2110,6,1,Supervisor_1,253,15,238
2111,3,1,Supervisor_1,386,29,357
2112,46,3,Supervisor_3,158,1,157
2113,5,1,Supervisor_1,437,7,430
2114,21,3,Supervisor_3,248,15,233
2115,24,3,Supervisor_3,453,13,440
2116,8,3,Supervisor_3,247,13,234
2117,16,1,Supervisor_1,196,2,194
2118,42,1,Supervisor_1,275,10,265
2119,50,3,Supervisor_3,257,18,239
2120,28,2,Supervisor_2,139,3,136
2121,13,1,Supervisor_1,284,5,279
2122,42,3,Supervisor_3,244,16,228
2123,15,2,Supervisor_2,359,0,359
2124,28,1,Supervisor_1,116,4,112
2125,10,3,Supervisor_3,107,2,105
2126,39,3,Supervisor_3,68,2,66
2127,29,1,Supervisor_1,265,8,257
2128,42,1,Supervisor_1,195,7,188
2129,44,3,Supervisor_3,370,21,349
2130,47,1,Supervisor_1,440,26,414
2131,29,1,Supervisor_1,380,7,373
2132,15,2,Supervisor_2,403,27,376
2133,6,2,Supervisor_2,204,3,201
2134,26,2,Supervisor_2,325,22,303
2135,7,2,Supervisor_2,295,9,286
2136,44,1,Supervisor_1,212,14,198
2137,14,1,Supervisor_1,212,7,205
2138,11,2,Supervisor_2,246,3,243
2139,1,3,Supervisor_3,219,11,208
2140,26,3,Supervisor_3,296,15,281
2141,15,2,Supervisor_2,174,10,164
2142,10,1,Supervisor_1,213,1,212
2143,30,1,Supervisor_1,78,0,78
2144,40,3,Supervisor_3,180,8,172
2145,29,3,Supervisor_3,54,4,50
2146,30,3,Supervisor_3,244,6,238
2147,3,3,Supervisor_3,216,5,211
2148,18,2,Supervisor_2,228,14,214
2149,4,1,Supervisor_1,202,15,187
2150,24,1,Supervisor_1,444,26,418
2151,18,1,Supervisor_1,298,13,285
2152,35,1,Supervisor_1,427,6,421
2153,36,1,Supervisor_1,163,5,158
2154,15,1,Supervisor_1,449,16,433
2155,14,3,Supervisor_3,436,14,422
2156,50,1,Supervisor_1,220,8,212
2157,27,3,Supervisor_3,112,6,106
2158,20,2,Supervisor_2,360,27,333
2159,35,1,Supervisor_1,445,33,412
2160,17,1,Supervisor_1,354,26,328
2161,18,2,Supervisor_2,169,11,158
2162,40,3,Supervisor_3,498,33,465
2163,35,1,Supervisor_1,88,0,88
2164,27,1,Supervisor_1,479,29,450
2165,9,1,Supervisor_1,461,23,438
2166,2,3,Supervisor_3,285,22,263
2167,28,1,Supervisor_1,246,0,246
2168,27,1,Supervisor_1,332,18,314
2169,19,1,Supervisor_1,410,19,391
2170,9,1,Supervisor_1,275,20,255
2171,22,3,Supervisor_3,408,0,408
2172,1,3,Supervisor_3,384,27,357
2173,18,2,Supervisor_2,408,24,384
2174,42,3,Supervisor_3,77,1,76
2175,45,3,Supervisor_3,55,3,52
2176,5,2,Supervisor_2,435,11,424
2177,46,1,Supervisor_1,155,8,147
2178,32,1,Supervisor_1,144,5,139
2179,10,2,Supervisor_2,196,8,188
2180,30,2,Supervisor_2,115,3,112
2181,23,3,Supervisor_3,349,18,331
2182,10,3,Supervisor_3,445,17,428
2183,45,3,Supervisor_3,75,5,70
2184,14,2,Supervisor_2,415,5,410
2185,5,3,Supervisor_3,353,16,337
2186,21,1,Supervisor_1,58,0,58
2187,46,1,Supervisor_1,169,0,169
2188,21,3,Supervisor_3,211,12,199
2189,28,1,Supervisor_1,363,15,348
2190,42,3,Supervisor_3,459,2,457
2191,24,3,Supervisor_3,291,2,289
2192,46,2,Supervisor_2,471,29,442
2193,22,1,Supervisor_1,182,9,173
2194,6,3,Supervisor_3,114,4,110
2195,6,2,Supervisor_2,479,12,467
2196,24,3,Supervisor_3,343,18,325
2197,43,2,Supervisor_2,356,10,346
2198,3,2,Supervisor_2,399,14,385
2199,21,1,Supervisor_1,154,10,144
2200,4,3,Supervisor_3,118,7,111
2201,30,1,Supervisor_1,185,3,182
2202,21,2,Supervisor_2,233,2,231
2203,39,3,Supervisor_3,409,15,394
2204,34,2,Supervisor_2,488,28,460
2205,49,2,Supervisor_2,112,3,109
2206,39,1,Supervisor_1,462,1,461
2207,24,2,Supervisor_2,167,10,157
2208,11,3,Supervisor_3,272,4,268
2209,48,2,Supervisor_2,489,25,464
2210,26,1,Supervisor_1,378,8,370
2211,15,1,Supervisor_1,262,5,257
2212,7,3,Supervisor_3,182,4,178
2213,33,1,Supervisor_1,277,11,266
2214,38,3,Supervisor_3,299,8,291
2215,9,1,Supervisor_1,392,15,377
2216,31,3,Supervisor_3,181,0,181
2217,39,2,Supervisor_2,312,13,299
2218,34,1,Supervisor_1,80,3,77
2219,26,3,Supervisor_3,288,4,284
2220,47,1,Supervisor_1,317,8,309
2221,31,2,Supervisor_2,103,6,97
2222,13,3,Supervisor_3,363,21,342
2223,7,1,Supervisor_1,319,0,319
2224,20,3,Supervisor_3,69,4,65
2225,25,2,Supervisor_2,59,4,55
2226,43,2,Supervisor_2,420,3,417
2227,30,1,Supervisor_1,226,17,209
2228,9,3,Supervisor_3,141,4,137
2229,6,1,Supervisor_1,50,0,50
2230,15,1,Supervisor_1,483,10,473
2231,20,2,Supervisor_2,76,1,75
2232,10,3,Supervisor_3,173,10,163
2233,42,3,Supervisor_3,477,13,464
2234,47,2,Supervisor_2,109,5,104
2235,31,1,Supervisor_1,394,2,392
2236,9,1,Supervisor_1,242,17,225
2237,1,1,Supervisor_1,463,31,432
2238,32,2,Supervisor_2,77,1,76
2239,26,2,Supervisor_2,480,29,451
2240,16,2,Supervisor_2,329,7,322
2241,14,3,Supervisor_3,465,18,447
2242,38,2,Supervisor_2,310,22,288
2243,11,1,Supervisor_1,415,17,398
2244,16,3,Supervisor_3,483,7,476
2245,50,1,Supervisor_1,407,25,382
2246,27,3,Supervisor_3,418,12,406
2247,21,3,Supervisor_3,274,13,261
2248,35,2,Supervisor_2,329,7,322
2249,26,2,Supervisor_2,251,7,244
2250,19,1,Supervisor_1,358,1,357
2251,37,1,Supervisor_1,293,1,292
2252,19,2,Supervisor_2,278,14,264
2253,44,2,Supervisor_2,344,1,343
2254,8,3,Supervisor_3,166,12,154
2255,39,2,Supervisor_2,106,4,102
2256,46,3,Supervisor_3,280,11,269
2257,38,1,Supervisor_1,276,9,267
2258,13,2,Supervisor_2,266,20,246
2259,26,1,Supervisor_1,389,3,386
2260,16,3,Supervisor_3,188,6,182
2261,18,1,Supervisor_1,67,5,62
2262,32,3,Supervisor_3,239,8,231
2263,27,1,Supervisor_1,493,33,460
2264,7,1,Supervisor_1,425,11,414
2265,37,3,Supervisor_3,415,11,404
2266,3,2,Supervisor_2,299,16,283
2267,24,3,Supervisor_3,94,0,94
2268,21,2,Supervisor_2,124,9,115
2269,7,3,Supervisor_3,373,10,363
2270,46,2,Supervisor_2,335,2,333
2271,31,2,Supervisor_2,74,4,70
2272,27,2,Supervisor_2,94,0,94
2273,36,2,Supervisor_2,83,4,79
2274,13,3,Supervisor_3,330,2,328
2275,14,1,Supervisor_1,338,18,320
2276,40,3,Supervisor_3,167,5,162
2277,10,2,Supervisor_2,255,11,244
2278,16,3,Supervisor_3,193,3,190
2279,50,3,Supervisor_3,138,3,135
2280,42,1,Supervisor_1,80,3,77
2281,10,1,Supervisor_1,400,12,388
2282,32,2,Supervisor_2,365,22,343
2283,35,2,Supervisor_2,200,5,195
2284,16,3,Supervisor_3,263,15,248
2285,4,1,Supervisor_1,366,21,345
2286,33,3,Supervisor_3,264,11,253
2287,18,3,Supervisor_3,115,2,113
2288,41,3,Supervisor_3,64,1,63
2289,39,3,Supervisor_3,289,16,273
2290,30,3,Supervisor_3,262,2,260
2291,22,3,Supervisor_3,258,6,252
2292,48,2,Supervisor_2,256,15,241
2293,10,3,Supervisor_3,249,14,235
2294,33,2,Supervisor_2,270,9,261
2295,17,3,Supervisor_3,239,5,234
2296,42,2,Supervisor_2,97,4,93
2297,16,3,Supervisor_3,442,27,415
2298,48,1,Supervisor_1,347,22,325
2299,36,3,Supervisor_3,235,17,218
2300,47,1,Supervisor_1,367,13,354
2301,35,3,Supervisor_3,63,0,63
2302,24,1,Supervisor_1,427,23,404
2303,8,3,Supervisor_3,131,0,131
2304,13,2,Supervisor_2,488,3,485
2305,13,3,Supervisor_3,195,6,189
2306,43,1,Supervisor_1,242,16,226
2307,38,1,Supervisor_1,337,3,334
2308,18,3,Supervisor_3,260,3,257
2309,40,2,Supervisor_2,99,5,94
2310,49,2,Supervisor_2,115,7,108
2311,12,2,Supervisor_2,277,11,266
2312,18,1,Supervisor_1,193,13,180
2313,41,3,Supervisor_3,413,16,397
2314,42,2,Supervisor_2,439,18,421
2315,20,3,Supervisor_3,406,11,395
2316,47,1,Supervisor_1,218,15,203
2317,30,1,Supervisor_1,204,13,191
2318,47,2,Supervisor_2,417,10,407
2319,21,1,Supervisor_1,375,25,350
2320,49,1,Supervisor_1,362,25,337
2321,37,1,Supervisor_1,458,30,428
2322,41,3,Supervisor_3,280,11,269
2323,27,2,Supervisor_2,294,17,277
2324,28,1,Supervisor_1,185,10,175
2325,37,1,Supervisor_1,124,7,117
2326,40,3,Supervisor_3,73,0,73
2327,27,3,Supervisor_3,63,4,59
2328,44,1,Supervisor_1,61,3,58
2329,46,3,Supervisor_3,257,9,248
2330,7,2,Supervisor_2,167,7,160
2331,43,3,Supervisor_3,256,9,247
2332,46,3,Supervisor_3,281,20,261
2333,41,2,Supervisor_2,200,4,196
2334,15,3,Supervisor_3,122,3,119
2335,26,2,Supervisor_2,113,5,108
2336,8,2,Supervisor_2,231,6,225
2337,3,2,Supervisor_2,251,9,242
2338,2,1,Supervisor_1,113,5,108
2339,1,2,Supervisor_2,302,17,285
2340,27,3,Supervisor_3,278,8,270
2341,46,2,Supervisor_2,336,3,333
2342,25,3,Supervisor_3,186,7,179
2343,18,1,Supervisor_1,269,16,253
2344,20,3,Supervisor_3,330,25,305
2345,26,1,Supervisor_1,436,0,436
2346,38,2,Supervisor_2,243,3,240
2347,5,1,Supervisor_1,194,9,185
2348,6,1,Supervisor_1,209,16,193
2349,11,1,Supervisor_1,337,9,328
2350,16,1,Supervisor_1,252,9,243
2351,45,3,Supervisor_3,469,32,437
2352,5,3,Supervisor_3,424,11,413
2353,4,3,Supervisor_3,448,10,438
2354,44,1,Supervisor_1,166,2,164
2355,32,1,Supervisor_1,233,18,215
2356,8,1,Supervisor_1,477,30,447
2357,38,3,Supervisor_3,274,19,255
2358,35,3,Supervisor_3,336,13,323
2359,50,1,Supervisor_1,50,2,48
2360,2,1,Supervisor_1,419,11,408
2361,13,1,Supervisor_1,145,0,145
2362,2,1,Supervisor_1,182,13,169
2363,3,1,Supervisor_1,171,11,160
2364,12,3,Supervisor_3,277,15,262
2365,14,3,Supervisor_3,329,11,318
2366,18,1,Supervisor_1,62,2,60
2367,38,2,Supervisor_2,52,3,49
2368,27,2,Supervisor_2,64,0,64
2369,50,2,Supervisor_2,216,9,207
2370,45,2,Supervisor_2,468,30,438
2371,22,1,Supervisor_1,300,20,280
2372,33,2,Supervisor_2,290,1,289
2373,49,1,Supervisor_1,248,4,244
2374,49,1,Supervisor_1,112,6,106
2375,19,1,Supervisor_1,319,23,296
2376,3,1,Supervisor_1,430,17,413
2377,11,1,Supervisor_1,371,14,357
2378,36,2,Supervisor_2,385,21,364
2379,5,3,Supervisor_3,126,3,123
2380,26,1,Supervisor_1,173,9,164
2381,44,2,Supervisor_2,488,37,451
2382,7,1,Supervisor_1,442,0,442
2383,14,1,Supervisor_1,437,24,413
2384,11,3,Supervisor_3,284,18,266
2385,45,1,Supervisor_1,80,2,78
2386,10,3,Supervisor_3,451,25,426
2387,18,1,Supervisor_1,146,2,144
2388,35,1,Supervisor_1,233,15,218
2389,27,1,Supervisor_1,234,2,232
2390,24,1,Supervisor_1,133,1,132
2391,36,3,Supervisor_3,332,5,327
2392,18,3,Supervisor_3,68,2,66
2393,49,2,Supervisor_2,491,32,459
2394,36,1,Supervisor_1,323,11,312
2395,17,3,Supervisor_3,105,6,99
2396,17,2,Supervisor_2,457,33,424
2397,47,1,Supervisor_1,302,5,297
2398,50,1,Supervisor_1,120,7,113
2399,18,2,Supervisor_2,445,10,435
2400,19,2,Supervisor_2,235,8,227
2401,18,1,Supervisor_1,150,4,146
2402,15,1,Supervisor_1,219,13,206
2403,15,3,Supervisor_3,409,10,399
2404,15,1,Supervisor_1,464,35,429
2405,21,1,Supervisor_1,434,24,410
2406,13,1,Supervisor_1,469,1,468
2407,17,2,Supervisor_2,154,9,145
2408,28,1,Supervisor_1,401,7,394
2409,49,3,Supervisor_3,213,9,204
2410,34,3,Supervisor_3,221,3,218
2411,41,2,Supervisor_2,58,4,54
2412,47,3,Supervisor_3,128,8,120
2413,2,1,Supervisor_1,383,9,374
2414,18,1,Supervisor_1,481,27,454
2415,6,3,Supervisor_3,311,11,300
2416,49,2,Supervisor_2,415,2,413
2417,9,2,Supervisor_2,422,24,398
2418,3,2,Supervisor_2,194,4,190
2419,8,1,Supervisor_1,277,11,266
2420,33,2,Supervisor_2,182,2,180
2421,31,1,Supervisor_1,456,16,440
2422,33,1,Supervisor_1,498,4,494
2423,49,1,Supervisor_1,354,24,330
2424,18,2,Supervisor_2,446,31,415
2425,9,1,Supervisor_1,298,9,289
2426,42,1,Supervisor_1,443,22,421
2427,13,1,Supervisor_1,100,6,94
2428,15,2,Supervisor_2,305,10,295
2429,25,1,Supervisor_1,209,15,194
2430,43,3,Supervisor_3,321,6,315
2431,36,1,Supervisor_1,295,23,272
2432,44,1,Supervisor_1,304,8,296
2433,44,2,Supervisor_2,347,17,330
2434,5,1,Supervisor_1,182,14,168
2435,46,3,Supervisor_3,197,6,191
2436,4,2,Supervisor_2,99,2,97
2437,50,1,Supervisor_1,227,17,210
2438,40,2,Supervisor_2,184,6,178
2439,50,2,Supervisor_2,213,11,202
2440,9,2,Supervisor_2,413,10,403
2441,46,3,Supervisor_3,88,6,82
2442,36,1,Supervisor_1,400,26,374
2443,7,2,Supervisor_2,96,3,93
2444,25,3,Supervisor_3,408,11,397
2445,46,3,Supervisor_3,187,6,181
2446,33,2,Supervisor_2,379,8,371
2447,8,2,Supervisor_2,122,1,121
2448,14,3,Supervisor_3,119,1,118
2449,42,3,Supervisor_3,364,23,341
2450,8,1,Supervisor_1,223,15,208
2451,38,1,Supervisor_1,460,13,447
2452,42,3,Supervisor_3,102,1,101
2453,43,3,Supervisor_3,63,4,59
2454,2,3,Supervisor_3,177,7,170
2455,41,3,Supervisor_3,62,3,59
2456,46,3,Supervisor_3,320,20,300
2457,2,3,Supervisor_3,403,19,384
2458,50,3,Supervisor_3,317,17,300
2459,42,3,Supervisor_3,277,14,263
2460,41,3,Supervisor_3,195,12,183
2461,16,3,Supervisor_3,385,18,367
2462,1,3,Supervisor_3,499,13,486
2463,41,2,Supervisor_2,428,15,413
2464,27,3,Supervisor_3,390,24,366
2465,5,1,Supervisor_1,132,0,132
2466,23,2,Supervisor_2,204,0,204
2467,34,2,Supervisor_2,451,15,436
2468,34,2,Supervisor_2,119,0,119
2469,26,2,Supervisor_2,257,7,250
2470,18,3,Supervisor_3,441,29,412
2471,6,3,Supervisor_3,227,11,216
2472,46,3,Supervisor_3,277,11,266
2473,34,3,Supervisor_3,447,5,442
2474,10,2,Supervisor_2,176,13,163
2475,20,3,Supervisor_3,188,6,182
2476,23,3,Supervisor_3,401,3,398
2477,15,3,Supervisor_3,347,16,331
2478,7,3,Supervisor_3,148,6,142
2479,20,2,Supervisor_2,230,5,225
2480,42,2,Supervisor_2,348,9,339
2481,1,2,Supervisor_2,419,15,404
2482,18,3,Supervisor_3,420,5,415
2483,40,2,Supervisor_2,474,4,470
2484,9,3,Supervisor_3,188,2,186
2485,23,3,Supervisor_3,369,14,355
2486,42,3,Supervisor_3,200,7,193
2487,25,3,Supervisor_3,186,9,177
2488,6,2,Supervisor_2,125,9,116
2489,12,2,Supervisor_2,418,17,401
2490,36,1,Supervisor_1,85,4,81
2491,33,3,Supervisor_3,429,13,416
2492,2,3,Supervisor_3,407,13,394
2493,25,1,Supervisor_1,239,4,235
2494,30,1,Supervisor_1,222,8,214
2495,30,1,Supervisor_1,352,5,347
2496,46,2,Supervisor_2,302,13,289
2497,26,1,Supervisor_1,323,5,318
2498,21,2,Supervisor_2,131,7,124
2499,50,3,Supervisor_3,193,6,187
2500,29,2,Supervisor_2,197,8,189
2501,40,3,Supervisor_3,131,1,130
2502,49,3,Supervisor_3,257,7,250
2503,37,3,Supervisor_3,401,23,378
2504,16,1,Supervisor_1,167,9,158
2505,22,3,Supervisor_3,421,24,397
2506,10,1,Supervisor_1,424,1,423
2507,45,3,Supervisor_3,226,13,213
2508,34,3,Supervisor_3,242,15,227
2509,43,1,Supervisor_1,304,16,288
2510,30,2,Supervisor_2,387,2,385
2511,28,3,Supervisor_3,146,1,145
2512,45,1,Supervisor_1,266,17,249
2513,6,1,Supervisor_1,265,20,245
2514,48,1,Supervisor_1,62,1,61
2515,22,1,Supervisor_1,442,4,438
2516,35,1,Supervisor_1,257,18,239
2517,37,2,Supervisor_2,91,0,91
2518,42,3,Supervisor_3,494,23,471
2519,21,3,Supervisor_3,175,4,171
2520,26,3,Supervisor_3,356,6,350
2521,24,3,Supervisor_3,198,4,194
2522,9,3,Supervisor_3,314,22,292
2523,33,1,Supervisor_1,100,6,94
2524,40,3,Supervisor_3,50,2,48
2525,42,1,Supervisor_1,488,32,456
2526,39,3,Supervisor_3,350,3,347
2527,35,2,Supervisor_2,69,3,66
2528,38,2,Supervisor_2,285,5,280
2529,41,3,Supervisor_3,481,20,461
2530,13,2,Supervisor_2,395,8,387
2531,45,3,Supervisor_3,409,20,389
2532,1,1,Supervisor_1,213,11,202
2533,19,3,Supervisor_3,117,1,116
2534,11,1,Supervisor_1,84,4,80
2535,14,1,Supervisor_1,190,13,177
2536,6,3,Supervisor_3,235,15,220
2537,16,1,Supervisor_1,354,0,354
2538,9,2,Supervisor_2,418,17,401
2539,20,2,Supervisor_2,236,2,234
2540,22,1,Supervisor_1,355,12,343
2541,34,1,Supervisor_1,499,4,495
2542,16,2,Supervisor_2,78,1,77
2543,16,1,Supervisor_1,180,8,172
2544,41,2,Supervisor_2,470,22,448
2545,17,1,Supervisor_1,458,27,431
2546,5,2,Supervisor_2,382,14,368
2547,17,1,Supervisor_1,185,7,178
2548,14,3,Supervisor_3,410,21,389
2549,22,1,Supervisor_1,60,2,58
2550,8,1,Supervisor_1,477,22,455
2551,16,3,Supervisor_3,258,17,241
2552,18,1,Supervisor_1,367,4,363
2553,10,1,Supervisor_1,298,7,291
2554,19,1,Supervisor_1,307,19,288
2555,47,3,Supervisor_3,118,7,111
2556,13,3,Supervisor_3,496,1,495
2557,7,3,Supervisor_3,285,2,283
2558,35,1,Supervisor_1,482,20,462
2559,14,1,Supervisor_1,185,13,172
2560,25,3,Supervisor_3,201,8,193
2561,46,1,Supervisor_1,105,1,104
2562,25,2,Supervisor_2,289,11,278
2563,26,2,Supervisor_2,52,3,49
2564,48,1,Supervisor_1,329,23,306
2565,35,3,Supervisor_3,143,5,138
2566,2,3,Supervisor_3,121,1,120
2567,4,2,Supervisor_2,403,14,389
2568,34,2,Supervisor_2,233,5,228
2569,8,3,Supervisor_3,317,2,315
2570,3,2,Supervisor_2,182,14,168
2571,27,1,Supervisor_1,480,35,445
2572,43,3,Supervisor_3,265,19,246
2573,43,1,Supervisor_1,185,1,184
2574,5,1,Supervisor_1,269,5,264
2575,19,1,Supervisor_1,133,6,127
2576,44,1,Supervisor_1,162,8,154
2577,3,3,Supervisor_3,195,9,186
2578,44,3,Supervisor_3,250,5,245
2579,13,1,Supervisor_1,406,10,396
2580,35,3,Supervisor_3,368,18,350
2581,38,2,Supervisor_2,52,0,52
2582,23,1,Supervisor_1,373,25,348
2583,34,1,Supervisor_1,414,30,384
2584,45,3,Supervisor_3,343,0,343
2585,27,3,Supervisor_3,313,1,312
2586,25,1,Supervisor_1,384,19,365
2587,2,2,Supervisor_2,313,18,295
2588,46,2,Supervisor_2,427,19,408
2589,4,1,Supervisor_1,91,1,90
2590,19,2,Supervisor_2,490,21,469
2591,41,1,Supervisor_1,133,5,128
2592,13,2,Supervisor_2,350,27,323
2593,39,1,Supervisor_1,299,6,293
2594,46,3,Supervisor_3,112,2,110
2595,12,1,Supervisor_1,377,14,363
2596,8,3,Supervisor_3,460,19,441
2597,37,2,Supervisor_2,397,13,384
2598,31,3,Supervisor_3,73,3,70
2599,38,1,Supervisor_1,473,36,437
2600,17,2,Supervisor_2,413,4,409
2601,16,2,Supervisor_2,414,9,405
2602,6,2,Supervisor_2,385,23,362
2603,25,1,Supervisor_1,282,5,277
2604,37,2,Supervisor_2,448,5,443
2605,30,1,Supervisor_1,495,31,464
2606,34,3,Supervisor_3,99,3,96
2607,6,1,Supervisor_1,139,2,137
2608,20,2,Supervisor_2,289,16,273
2609,26,2,Supervisor_2,480,22,458
2610,31,1,Supervisor_1,73,1,72
2611,2,1,Supervisor_1,221,9,212
2612,36,3,Supervisor_3,84,0,84
2613,33,1,Supervisor_1,180,7,173
2614,19,3,Supervisor_3,86,1,85
2615,20,2,Supervisor_2,400,20,380
2616,26,3,Supervisor_3,282,5,277
2617,6,3,Supervisor_3,69,0,69
2618,43,1,Supervisor_1,451,6,445
2619,22,2,Supervisor_2,200,11,189
2620,12,2,Supervisor_2,374,5,369
2621,16,2,Supervisor_2,306,0,306
2622,16,1,Supervisor_1,136,3,133
2623,21,1,Supervisor_1,259,4,255
2624,9,3,Supervisor_3,224,13,211
2625,27,3,Supervisor_3,348,24,324
2626,18,1,Supervisor_1,132,4,128
2627,42,2,Supervisor_2,395,14,381
2628,46,2,Supervisor_2,375,8,367
2629,4,3,Supervisor_3,308,3,305
2630,26,3,Supervisor_3,324,2,322
2631,32,3,Supervisor_3,374,9,365
2632,1,3,Supervisor_3,500,10,490
2633,12,1,Supervisor_1,291,6,285
2634,1,2,Supervisor_2,305,2,303
2635,22,1,Supervisor_1,231,9,222
2636,16,2,Supervisor_2,495,32,463
2637,15,2,Supervisor_2,388,7,381
2638,21,2,Supervisor_2,60,0,60
2639,25,1,Supervisor_1,110,2,108
2640,15,2,Supervisor_2,163,12,151
2641,47,1,Supervisor_1,499,7,492
2642,28,1,Supervisor_1,467,12,455
2643,19,2,Supervisor_2,51,0,51
2644,45,1,Supervisor_1,470,29,441
2645,39,3,Supervisor_3,402,9,393
2646,49,1,Supervisor_1,214,6,208
2647,46,2,Supervisor_2,148,9,139
2648,41,1,Supervisor_1,148,6,142
2649,19,3,Supervisor_3,242,7,235
2650,17,2,Supervisor_2,374,8,366
2651,7,2,Supervisor_2,439,0,439
2652,37,2,Supervisor_2,155,10,145
2653,41,2,Supervisor_2,452,17,435
2654,34,1,Supervisor_1,371,22,349
2655,42,3,Supervisor_3,188,5,183
2656,13,3,Supervisor_3,283,14,269
2657,45,1,Supervisor_1,322,0,322
2658,44,1,Supervisor_1,78,2,76
2659,20,1,Supervisor_1,253,10,243
2660,9,3,Supervisor_3,256,19,237
2661,41,3,Supervisor_3,69,1,68
2662,15,3,Supervisor_3,482,23,459
2663,41,2,Supervisor_2,475,24,451
2664,16,3,Supervisor_3,381,14,367
2665,27,2,Supervisor_2,424,31,393
2666,43,2,Supervisor_2,233,16,217
2667,22,2,Supervisor_2,113,8,105
2668,17,2,Supervisor_2,314,21,293
2669,28,3,Supervisor_3,464,26,438
2670,15,3,Supervisor_3,450,18,432
2671,11,3,Supervisor_3,412,23,389
2672,37,2,Supervisor_2,87,5,82
2673,5,3,Supervisor_3,278,6,272
2674,33,2,Supervisor_2,222,16,206
2675,43,2,Supervisor_2,90,5,85
2676,41,3,Supervisor_3,165,1,164
2677,45,1,Supervisor_1,345,10,335
2678,32,1,Supervisor_1,318,23,295
2679,5,1,Supervisor_1,417,6,411
2680,25,3,Supervisor_3,78,2,76
2681,1,2,Supervisor_2,162,1,161
2682,22,1,Supervisor_1,458,32,426
2683,34,3,Supervisor_3,382,8,374
2684,44,1,Supervisor_1,126,2,124
2685,1,1,Supervisor_1,264,8,256
2686,33,3,Supervisor_3,480,18,462
2687,50,2,Supervisor_2,277,21,256
2688,42,3,Supervisor_3,254,9,245
2689,33,1,Supervisor_1,478,32,446
2690,32,2,Supervisor_2,464,30,434
2691,43,2,Supervisor_2,387,22,365
2692,3,1,Supervisor_1,205,14,191
2693,7,1,Supervisor_1,82,2,80
2694,36,1,Supervisor_1,114,7,107
2695,41,3,Supervisor_3,311,12,299
2696,14,2,Supervisor_2,398,19,379
2697,50,3,Supervisor_3,348,18,330
2698,3,3,Supervisor_3,163,8,155
2699,28,2,Supervisor_2,205,12,193
2700,38,3,Supervisor_3,253,7,246
2701,10,1,Supervisor_1,186,13,173
2702,2,2,Supervisor_2,388,25,363
2703,5,1,Supervisor_1,363,11,352
2704,29,1,Supervisor_1,244,13,231
2705,46,3,Supervisor_3,271,11,260
2706,43,3,Supervisor_3,368,27,341
2707,4,3,Supervisor_3,444,15,429
2708,26,3,Supervisor_3,419,9,410
2709,37,1,Supervisor_1,142,1,141
2710,8,2,Supervisor_2,258,1,257
2711,47,1,Supervisor_1,249,15,234
2712,26,1,Supervisor_1,189,8,181
2713,15,3,Supervisor_3,471,36,435
2714,30,3,Supervisor_3,221,7,214
2715,25,2,Supervisor_2,62,1,61
2716,49,2,Supervisor_2,467,9,458
2717,20,3,Supervisor_3,97,5,92
2718,1,2,Supervisor_2,415,18,397
2719,2,3,Supervisor_3,406,21,385
2720,44,2,Supervisor_2,324,23,301
2721,29,3,Supervisor_3,467,34,433
2722,46,3,Supervisor_3,181,7,174
2723,25,1,Supervisor_1,437,26,411
2724,46,1,Supervisor_1,184,12,172
2725,1,3,Supervisor_3,477,7,470
2726,43,3,Supervisor_3,219,2,217
2727,31,3,Supervisor_3,452,6,446
2728,21,1,Supervisor_1,57,3,54
2729,48,3,Supervisor_3,262,0,262
2730,6,2,Supervisor_2,97,5,92
2731,40,2,Supervisor_2,94,4,90
2732,45,2,Supervisor_2,484,14,470
2733,8,3,Supervisor_3,474,5,469
2734,14,1,Supervisor_1,295,5,290
2735,27,3,Supervisor_3,343,13,330
2736,33,3,Supervisor_3,431,18,413
2737,14,3,Supervisor_3,338,13,325
2738,3,3,Supervisor_3,197,9,188
2739,35,3,Supervisor_3,220,12,208
2740,24,3,Supervisor_3,321,17,304
2741,25,2,Supervisor_2,493,20,473
2742,26,2,Supervisor_2,434,16,418
2743,27,3,Supervisor_3,330,19,311
2744,4,3,Supervisor_3,61,4,57
2745,34,3,Supervisor_3,50,0,50
2746,6,2,Supervisor_2,390,0,390
2747,29,2,Supervisor_2,251,9,242
2748,10,3,Supervisor_3,119,5,114
2749,5,1,Supervisor_1,81,5,76
2750,1,2,Supervisor_2,201,9,192
2751,34,1,Supervisor_1,386,7,379
2752,6,1,Supervisor_1,400,15,385
2753,6,1,Supervisor_1,272,11,261
2754,19,3,Supervisor_3,457,24,433
2755,37,3,Supervisor_3,358,26,332
2756,25,1,Supervisor_1,52,0,52
2757,38,1,Supervisor_1,449,28,421
2758,23,1,Supervisor_1,486,38,448
2759,16,3,Supervisor_3,66,4,62
2760,47,2,Supervisor_2,301,3,298
2761,49,3,Supervisor_3,383,20,363
2762,38,3,Supervisor_3,304,9,295
2763,6,3,Supervisor_3,405,5,400
2764,33,1,Supervisor_1,340,20,320
2765,7,3,Supervisor_3,324,14,310
2766,42,1,Supervisor_1,426,24,402
2767,50,1,Supervisor_1,82,3,79
2768,21,1,Supervisor_1,372,13,359
2769,47,3,Supervisor_3,231,3,228
2770,47,1,Supervisor_1,381,8,373
2771,24,1,Supervisor_1,130,4,126
2772,38,3,Supervisor_3,397,13,384
2773,20,1,Supervisor_1,335,14,321
2774,7,2,Supervisor_2,161,5,156
2775,32,3,Supervisor_3,80,5,75
2776,16,2,Supervisor_2,372,8,364
2777,18,1,Supervisor_1,199,2,197
2778,7,1,Supervisor_1,204,0,204
2779,25,2,Supervisor_2,314,10,304
2780,33,3,Supervisor_3,171,9,162
2781,1,3,Supervisor_3,52,1,51
2782,2,2,Supervisor_2,97,7,90
2783,16,1,Supervisor_1,82,0,82
2784,12,2,Supervisor_2,137,4,133
2785,41,3,Supervisor_3,254,7,247
2786,38,1,Supervisor_1,206,8,198
2787,28,3,Supervisor_3,116,2,114
2788,14,3,Supervisor_3,168,9,159
2789,14,2,Supervisor_2,177,7,170
2790,7,2,Supervisor_2,100,7,93
2791,45,1,Supervisor_1,151,3,148
2792,8,2,Supervisor_2,384,4,380
2793,33,2,Supervisor_2,378,22,356
2794,7,3,Supervisor_3,473,2,471
2795,4,1,Supervisor_1,267,14,253
2796,25,2,Supervisor_2,430,3,427
2797,46,2,Supervisor_2,228,7,221
2798,43,3,Supervisor_3,291,3,288
2799,19,1,Supervisor_1,62,2,60
2800,28,3,Supervisor_3,220,14,206
2801,13,2,Supervisor_2,497,27,470
2802,42,3,Supervisor_3,200,7,193
2803,6,1,Supervisor_1,475,22,453
2804,10,3,Supervisor_3,344,11,333
2805,11,1,Supervisor_1,498,18,480
2806,3,3,Supervisor_3,86,6,80
2807,39,3,Supervisor_3,391,7,384
2808,46,3,Supervisor_3,468,1,467
2809,23,1,Supervisor_1,386,13,373
2810,49,3,Supervisor_3,443,5,438
2811,31,1,Supervisor_1,94,3,91
2812,15,2,Supervisor_2,64,1,63
2813,33,1,Supervisor_1,287,6,281
2814,36,1,Supervisor_1,402,16,386
2815,34,2,Supervisor_2,414,18,396
2816,47,1,Supervisor_1,260,1,259
2817,40,3,Supervisor_3,143,5,138
2818,50,2,Supervisor_2,163,9,154
2819,24,3,Supervisor_3,442,14,428
2820,19,3,Supervisor_3,404,10,394
2821,30,1,Supervisor_1,54,4,50
2822,9,2,Supervisor_2,178,9,169
2823,31,1,Supervisor_1,257,9,248
2824,39,3,Supervisor_3,67,3,64
2825,29,1,Supervisor_1,375,3,372
2826,17,2,Supervisor_2,292,1,291
2827,18,1,Supervisor_1,155,8,147
2828,2,2,Supervisor_2,381,10,371
2829,1,3,Supervisor_3,58,4,54
2830,15,2,Supervisor_2,447,9,438
2831,50,3,Supervisor_3,113,4,109
2832,22,1,Supervisor_1,264,7,257
2833,46,1,Supervisor_1,156,11,145
2834,33,2,Supervisor_2,360,17,343
2835,20,2,Supervisor_2,363,12,351
2836,22,3,Supervisor_3,451,17,434
2837,23,1,Supervisor_1,222,6,216
2838,18,1,Supervisor_1,448,6,442
2839,4,1,Supervisor_1,386,25,361
2840,14,1,Supervisor_1,358,1,357
2841,6,2,Supervisor_2,376,22,354
2842,29,3,Supervisor_3,305,23,282
2843,10,3,Supervisor_3,469,17,452
2844,22,1,Supervisor_1,477,35,442
2845,12,1,Supervisor_1,198,5,193
2846,4,2,Supervisor_2,216,10,206
2847,12,2,Supervisor_2,117,3,114
2848,20,3,Supervisor_3,213,15,198
2849,34,3,Supervisor_3,65,2,63
2850,20,3,Supervisor_3,349,6,343
2851,8,3,Supervisor_3,455,6,449
2852,46,3,Supervisor_3,446,9,437
2853,34,2,Supervisor_2,189,3,186
2854,39,3,Supervisor_3,371,1,370
2855,2,1,Supervisor_1,349,12,337
2856,24,3,Supervisor_3,415,6,409
2857,50,2,Supervisor_2,103,5,98
2858,32,1,Supervisor_1,201,5,196
2859,17,2,Supervisor_2,58,0,58
2860,43,1,Supervisor_1,329,17,312
2861,6,2,Supervisor_2,320,9,311
2862,44,2,Supervisor_2,64,3,61
2863,21,3,Supervisor_3,339,9,330
2864,48,2,Supervisor_2,276,15,261
2865,14,1,Supervisor_1,270,2,268
2866,16,3,Supervisor_3,467,36,431
2867,5,2,Supervisor_2,182,10,172
2868,9,3,Supervisor_3,125,7,118
2869,41,1,Supervisor_1,136,2,134
2870,49,1,Supervisor_1,350,26,324
2871,10,2,Supervisor_2,97,2,95
2872,4,2,Supervisor_2,336,19,317
2873,18,1,Supervisor_1,251,15,236
2874,11,2,Supervisor_2,68,0,68
2875,43,3,Supervisor_3,240,12,228
2876,23,2,Supervisor_2,55,1,54
2877,9,1,Supervisor_1,317,15,302
2878,9,2,Supervisor_2,397,18,379
2879,7,2,Supervisor_2,51,0,51
2880,28,3,Supervisor_3,150,5,145
2881,23,2,Supervisor_2,391,17,374
2882,18,1,Supervisor_1,321,8,313
2883,10,2,Supervisor_2,358,17,341
2884,10,2,Supervisor_2,289,6,283
2885,8,1,Supervisor_1,388,12,376
2886,14,1,Supervisor_1,243,16,227
2887,35,2,Supervisor_2,214,4,210
2888,23,1,Supervisor_1,456,23,433
2889,18,3,Supervisor_3,165,8,157
2890,10,1,Supervisor_1,195,3,192
2891,3,1,Supervisor_1,267,4,263
2892,4,2,Supervisor_2,299,14,285
2893,22,3,Supervisor_3,251,1,250
2894,19,2,Supervisor_2,361,22,339
2895,30,2,Supervisor_2,320,6,314
2896,41,1,Supervisor_1,144,2,142
2897,26,2,Supervisor_2,241,13,228
2898,44,3,Supervisor_3,159,9,150
2899,12,3,Supervisor_3,366,20,346
2900,35,2,Supervisor_2,59,1,58
2901,14,1,Supervisor_1,426,18,408
2902,42,2,Supervisor_2,481,6,475
2903,48,1,Supervisor_1,105,7,98
2904,34,1,Supervisor_1,133,4,129
2905,9,2,Supervisor_2,268,5,263
2906,47,3,Supervisor_3,101,0,101
2907,35,1,Supervisor_1,121,7,114
2908,37,2,Supervisor_2,241,7,234
2909,28,1,Supervisor_1,210,5,205
2910,40,1,Supervisor_1,310,9,301
2911,10,1,Supervisor_1,122,3,119
2912,45,2,Supervisor_2,452,23,429
2913,32,2,Supervisor_2,394,29,365
2914,38,3,Supervisor_3,172,1,171
2915,30,1,Supervisor_1,341,23,318
2916,24,2,Supervisor_2,166,1,165
2917,34,3,Supervisor_3,436,25,411
2918,45,3,Supervisor_3,154,10,144
2919,48,1,Supervisor_1,241,18,223
2920,14,1,Supervisor_1,62,2,60
2921,17,2,Supervisor_2,89,4,85
2922,31,3,Supervisor_3,67,2,65
2923,33,2,Supervisor_2,247,0,247
2924,44,3,Supervisor_3,298,14,284
2925,17,3,Supervisor_3,162,12,150
2926,6,2,Supervisor_2,119,3,116
2927,16,2,Supervisor_2,264,9,255
2928,33,3,Supervisor_3,329,22,307
2929,21,3,Supervisor_3,224,1,223
2930,11,3,Supervisor_3,224,14,210
2931,13,2,Supervisor_2,131,0,131
2932,30,2,Supervisor_2,92,5,87
2933,29,2,Supervisor_2,298,10,288
2934,4,1,Supervisor_1,89,5,84
2935,26,3,Supervisor_3,161,6,155
2936,15,2,Supervisor_2,82,4,78
2937,29,1,Supervisor_1,490,15,475
2938,27,2,Supervisor_2,221,5,216
2939,17,1,Supervisor_1,436,13,423
2940,7,2,Supervisor_2,408,32,376
2941,37,3,Supervisor_3,258,19,239
2942,4,3,Supervisor_3,197,6,191
2943,32,2,Supervisor_2,241,7,234
2944,37,3,Supervisor_3,230,10,220
2945,19,1,Supervisor_1,367,7,360
2946,8,1,Supervisor_1,400,27,373
2947,28,1,Supervisor_1,119,4,115
2948,16,3,Supervisor_3,110,3,107
2949,38,3,Supervisor_3,465,19,446
2950,15,2,Supervisor_2,125,4,121
2951,47,1,Supervisor_1,481,30,451
2952,11,1,Supervisor_1,381,4,377
2953,47,3,Supervisor_3,90,6,84
2954,37,3,Supervisor_3,421,0,421
2955,34,3,Supervisor_3,209,2,207
2956,30,2,Supervisor_2,54,2,52
2957,33,2,Supervisor_2,95,0,95
2958,10,2,Supervisor_2,181,5,176
2959,8,1,Supervisor_1,495,27,468
2960,22,3,Supervisor_3,389,23,366
2961,14,1,Supervisor_1,430,22,408
2962,28,1,Supervisor_1,62,3,59
2963,45,3,Supervisor_3,181,1,180
2964,46,2,Supervisor_2,284,18,266
2965,13,1,Supervisor_1,99,6,93
2966,28,2,Supervisor_2,429,3,426
2967,13,3,Supervisor_3,160,1,159
2968,34,1,Supervisor_1,409,26,383
2969,28,3,Supervisor_3,410,2,408
2970,5,1,Supervisor_1,278,14,264
2971,23,2,Supervisor_2,161,11,150
2972,13,2,Supervisor_2,269,19,250
2973,26,3,Supervisor_3,478,26,452
2974,20,3,Supervisor_3,78,0,78
2975,13,3,Supervisor_3,124,7,117
2976,31,1,Supervisor_1,199,11,188
2977,6,3,Supervisor_3,139,6,133
2978,8,2,Supervisor_2,157,11,146
2979,50,1,Supervisor_1,409,2,407
2980,12,2,Supervisor_2,337,16,321
2981,42,1,Supervisor_1,93,0,93
2982,26,1,Supervisor_1,287,16,271
2983,34,3,Supervisor_3,372,4,368
2984,29,2,Supervisor_2,250,2,248
2985,18,1,Supervisor_1,296,14,282
2986,46,2,Supervisor_2,192,7,185
2987,34,3,Supervisor_3,71,2,69
2988,49,3,Supervisor_3,306,18,288
2989,15,2,Supervisor_2,115,7,108
2990,24,1,Supervisor_1,214,3,211
2991,33,2,Supervisor_2,357,18,339
2992,44,1,Supervisor_1,451,2,449
2993,18,2,Supervisor_2,191,2,189
2994,32,1,Supervisor_1,161,9,152
2995,15,2,Supervisor_2,483,0,483
2996,4,2,Supervisor_2,59,3,56
2997,28,3,Supervisor_3,136,2,134
2998,29,1,Supervisor_1,359,8,351
2999,10,1,Supervisor_1,251,13,238
3000,22,3,Supervisor_3,312,17,295
3001,30,3,Supervisor_3,102,4,98
3002,16,1,Supervisor_1,159,2,157
3003,9,1,Supervisor_1,167,0,167
3004,16,2,Supervisor_2,292,1,291
3005,37,3,Supervisor_3,338,11,327
3006,40,2,Supervisor_2,341,19,322
3007,4,1,Supervisor_1,228,4,224
3008,27,1,Supervisor_1,133,7,126
3009,44,1,Supervisor_1,326,1,325
3010,33,1,Supervisor_1,464,33,431
3011,7,1,Supervisor_1,363,21,342
3012,15,1,Supervisor_1,342,2,340
3013,23,3,Supervisor_3,156,2,154
3014,14,2,Supervisor_2,61,2,59
3015,38,3,Supervisor_3,417,21,396
3016,26,3,Supervisor_3,155,1,154
3017,8,3,Supervisor_3,225,3,222
3018,28,2,Supervisor_2,57,0,57
3019,41,3,Supervisor_3,383,9,374
3020,18,1,Supervisor_1,137,5,132
3021,32,2,Supervisor_2,70,2,68
3022,45,2,Supervisor_2,305,0,305
3023,3,1,Supervisor_1,154,4,150
3024,22,3,Supervisor_3,158,4,154
3025,19,3,Supervisor_3,55,1,54
3026,11,2,Supervisor_2,130,1,129
3027,33,1,Supervisor_1,101,7,94
3028,48,1,Supervisor_1,229,6,223
3029,34,3,Supervisor_3,167,12,155
3030,29,2,Supervisor_2,275,11,264
3031,6,1,Supervisor_1,173,0,173
3032,16,2,Supervisor_2,188,8,180
3033,33,1,Supervisor_1,66,1,65
3034,38,3,Supervisor_3,167,9,158
3035,50,2,Supervisor_2,385,23,362
3036,28,1,Supervisor_1,132,8,124
3037,47,3,Supervisor_3,402,10,392
3038,40,2,Supervisor_2,443,30,413
3039,36,1,Supervisor_1,226,14,212
3040,1,2,Supervisor_2,271,8,263
3041,10,3,Supervisor_3,313,22,291
3042,20,3,Supervisor_3,132,7,125
3043,32,3,Supervisor_3,296,12,284
3044,49,3,Supervisor_3,88,0,88
3045,2,3,Supervisor_3,158,2,156
3046,48,2,Supervisor_2,195,4,191
3047,32,2,Supervisor_2,259,3,256
3048,31,3,Supervisor_3,156,9,147
3049,44,1,Supervisor_1,394,22,372
3050,35,3,Supervisor_3,406,21,385
3051,41,3,Supervisor_3,359,28,331
3052,47,1,Supervisor_1,362,16,346
3053,46,1,Supervisor_1,259,1,258
3054,5,3,Supervisor_3,317,19,298
3055,9,2,Supervisor_2,202,5,197
3056,46,3,Supervisor_3,283,9,274
3057,31,3,Supervisor_3,247,1,246
3058,28,1,Supervisor_1,471,19,452
3059,30,2,Supervisor_2,162,9,153
3060,45,2,Supervisor_2,424,31,393
3061,19,3,Supervisor_3,330,24,306
3062,21,2,Supervisor_2,450,3,447
3063,36,1,Supervisor_1,192,0,192
3064,27,3,Supervisor_3,170,2,168
3065,36,2,Supervisor_2,354,11,343
3066,28,2,Supervisor_2,64,2,62
3067,36,2,Supervisor_2,418,30,388
3068,38,2,Supervisor_2,220,13,207
3069,8,1,Supervisor_1,60,0,60
3070,44,3,Supervisor_3,134,7,127
3071,27,1,Supervisor_1,155,10,145
3072,32,2,Supervisor_2,131,2,129
3073,1,2,Supervisor_2,262,0,262
3074,10,1,Supervisor_1,96,6,90
3075,21,2,Supervisor_2,466,20,446
3076,25,3,Supervisor_3,199,2,197
3077,14,1,Supervisor_1,219,12,207
3078,36,3,Supervisor_3,406,7,399
3079,48,2,Supervisor_2,316,20,296
3080,31,1,Supervisor_1,295,11,284
3081,49,1,Supervisor_1,163,4,159
3082,2,3,Supervisor_3,367,17,350
3083,43,3,Supervisor_3,325,17,308
3084,41,2,Supervisor_2,302,16,286
3085,4,2,Supervisor_2,76,5,71
3086,30,3,Supervisor_3,328,2,326
3087,27,1,Supervisor_1,455,15,440
3088,13,3,Supervisor_3,75,4,71
3089,48,2,Supervisor_2,417,11,406
3090,22,2,Supervisor_2,455,33,422
3091,1,2,Supervisor_2,275,15,260
3092,47,3,Supervisor_3,66,0,66
3093,26,3,Supervisor_3,325,9,316
3094,2,3,Supervisor_3,444,12,432
3095,9,1,Supervisor_1,72,2,70
3096,5,3,Supervisor_3,381,23,358
3097,49,3,Supervisor_3,170,1,169
3098,48,2,Supervisor_2,102,6,96
3099,41,1,Supervisor_1,128,8,120
3100,6,1,Supervisor_1,137,3,134
3101,31,1,Supervisor_1,235,15,220
3102,7,1,Supervisor_1,478,9,469
3103,30,3,Supervisor_3,228,14,214
3104,2,2,Supervisor_2,319,4,315
3105,2,1,Supervisor_1,69,5,64
3106,18,2,Supervisor_2,93,2,91
3107,45,2,Supervisor_2,221,1,220
3108,41,1,Supervisor_1,159,2,157
3109,14,2,Supervisor_2,149,11,138
3110,17,2,Supervisor_2,366,6,360
3111,24,3,Supervisor_3,262,4,258
3112,46,3,Supervisor_3,340,12,328
3113,39,2,Supervisor_2,241,5,236
3114,6,1,Supervisor_1,177,13,164
3115,21,2,Supervisor_2,98,6,92
3116,41,3,Supervisor_3,205,3,202
3117,20,1,Supervisor_1,123,7,116
3118,3,2,Supervisor_2,479,26,453
3119,42,3,Supervisor_3,196,2,194
3120,13,3,Supervisor_3,195,11,184
3121,9,1,Supervisor_1,305,3,302
3122,19,2,Supervisor_2,275,8,267
3123,31,2,Supervisor_2,189,5,184
3124,30,2,Supervisor_2,395,7,388
3125,47,3,Supervisor_3,72,2,70
3126,11,3,Supervisor_3,422,26,396
3127,9,2,Supervisor_2,385,8,377
3128,13,2,Supervisor_2,145,10,135
3129,21,3,Supervisor_3,320,23,297
3130,42,2,Supervisor_2,473,7,466
3131,2,3,Supervisor_3,388,23,365
3132,44,3,Supervisor_3,412,23,389
3133,7,3,Supervisor_3,84,6,78
3134,45,2,Supervisor_2,154,11,143
3135,5,3,Supervisor_3,175,1,174
3136,37,3,Supervisor_3,371,12,359
3137,20,2,Supervisor_2,484,5,479
3138,23,2,Supervisor_2,489,31,458
3139,24,2,Supervisor_2,173,7,166
3140,31,3,Supervisor_3,135,8,127
3141,15,3,Supervisor_3,74,2,72
3142,22,2,Supervisor_2,63,4,59
3143,23,2,Supervisor_2,89,3,86
3144,48,1,Supervisor_1,262,18,244
3145,21,3,Supervisor_3,243,16,227
3146,15,2,Supervisor_2,214,0,214
3147,14,1,Supervisor_1,98,5,93
3148,49,3,Supervisor_3,93,3,90
3149,17,2,Supervisor_2,474,20,454
3150,10,2,Supervisor_2,281,16,265
3151,5,3,Supervisor_3,78,5,73
3152,40,2,Supervisor_2,149,6,143
3153,41,3,Supervisor_3,339,26,313
3154,6,2,Supervisor_2,231,15,216
3155,21,3,Supervisor_3,127,0,127
3156,6,3,Supervisor_3,133,4,129
3157,23,3,Supervisor_3,500,21,479
3158,28,1,Supervisor_1,169,0,169
3159,43,1,Supervisor_1,267,7,260
3160,20,3,Supervisor_3,450,24,426
3161,10,1,Supervisor_1,193,2,191
3162,36,3,Supervisor_3,65,3,62
3163,24,1,Supervisor_1,53,2,51
3164,13,2,Supervisor_2,330,7,323
3165,9,2,Supervisor_2,291,21,270
3166,13,2,Supervisor_2,489,14,475
3167,33,1,Supervisor_1,411,23,388
3168,18,2,Supervisor_2,74,5,69
3169,20,3,Supervisor_3,393,9,384
3170,31,1,Supervisor_1,249,13,236
3171,38,1,Supervisor_1,223,17,206
3172,31,2,Supervisor_2,439,1,438
3173,43,1,Supervisor_1,441,34,407
3174,32,2,Supervisor_2,477,12,465
3175,6,3,Supervisor_3,90,6,84
3176,40,3,Supervisor_3,192,2,190
3177,6,2,Supervisor_2,483,19,464
3178,46,2,Supervisor_2,151,8,143
3179,46,2,Supervisor_2,226,12,214
3180,20,2,Supervisor_2,372,28,344
3181,20,1,Supervisor_1,215,10,205
3182,9,2,Supervisor_2,337,0,337
3183,38,2,Supervisor_2,388,16,372
3184,38,2,Supervisor_2,162,8,154
3185,41,3,Supervisor_3,402,20,382
3186,7,3,Supervisor_3,402,20,382
3187,8,1,Supervisor_1,146,4,142
3188,22,1,Supervisor_1,288,10,278
3189,48,3,Supervisor_3,327,14,313
3190,45,1,Supervisor_1,271,4,267
3191,21,2,Supervisor_2,231,4,227
3192,25,1,Supervisor_1,425,31,394
3193,35,2,Supervisor_2,119,8,111
3194,28,3,Supervisor_3,69,2,67
3195,39,2,Supervisor_2,186,1,185
3196,50,3,Supervisor_3,432,22,410
3197,17,2,Supervisor_2,444,1,443
3198,49,1,Supervisor_1,157,5,152
3199,37,1,Supervisor_1,305,1,304
3200,22,1,Supervisor_1,487,30,457
3201,6,1,Supervisor_1,140,4,136
3202,38,1,Supervisor_1,258,12,246
3203,22,3,Supervisor_3,328,15,313
3204,45,1,Supervisor_1,362,25,337
3205,27,1,Supervisor_1,320,17,303
3206,8,1,Supervisor_1,140,8,132
3207,46,3,Supervisor_3,56,3,53
3208,50,1,Supervisor_1,440,28,412
3209,5,2,Supervisor_2,256,11,245
3210,16,1,Supervisor_1,301,17,284
3211,8,1,Supervisor_1,204,1,203
3212,31,1,Supervisor_1,380,2,378
3213,9,1,Supervisor_1,277,21,256
3214,24,1,Supervisor_1,151,2,149
3215,32,2,Supervisor_2,108,6,102
3216,39,1,Supervisor_1,168,7,161
3217,6,3,Supervisor_3,467,34,433
3218,38,1,Supervisor_1,267,17,250
3219,11,2,Supervisor_2,145,9,136
3220,7,1,Supervisor_1,258,13,245
3221,45,3,Supervisor_3,411,21,390
3222,8,2,Supervisor_2,349,27,322
3223,34,1,Supervisor_1,294,8,286
3224,24,2,Supervisor_2,197,5,192
3225,45,2,Supervisor_2,133,6,127
3226,19,2,Supervisor_2,86,1,85
3227,36,1,Supervisor_1,410,6,404
3228,14,3,Supervisor_3,70,0,70
3229,2,1,Supervisor_1,54,0,54
3230,33,1,Supervisor_1,228,2,226
3231,15,1,Supervisor_1,114,3,111
3232,50,1,Supervisor_1,329,19,310
3233,22,1,Supervisor_1,424,26,398
3234,18,2,Supervisor_2,167,6,161
3235,21,2,Supervisor_2,494,31,463
3236,17,3,Supervisor_3,372,21,351
3237,33,3,Supervisor_3,82,3,79
3238,7,3,Supervisor_3,250,13,237
3239,10,1,Supervisor_1,221,12,209
3240,7,3,Supervisor_3,491,6,485
3241,44,1,Supervisor_1,210,12,198
3242,3,1,Supervisor_1,277,18,259
3243,9,1,Supervisor_1,257,10,247
3244,43,3,Supervisor_3,132,9,123
3245,24,3,Supervisor_3,397,20,377
3246,9,2,Supervisor_2,234,2,232
3247,37,1,Supervisor_1,477,6,471
3248,37,2,Supervisor_2,268,6,262
3249,41,2,Supervisor_2,470,24,446
3250,1,3,Supervisor_3,487,34,453
3251,16,3,Supervisor_3,185,3,182
3252,47,3,Supervisor_3,124,3,121
3253,8,2,Supervisor_2,293,22,271
3254,12,1,Supervisor_1,132,3,129
3255,14,3,Supervisor_3,262,19,243
3256,6,3,Supervisor_3,102,0,102
3257,45,3,Supervisor_3,272,19,253
3258,30,3,Supervisor_3,216,1,215
3259,16,3,Supervisor_3,317,9,308
3260,29,1,Supervisor_1,327,20,307
3261,28,2,Supervisor_2,389,13,376
3262,7,3,Supervisor_3,197,7,190
3263,24,1,Supervisor_1,327,15,312
3264,32,3,Supervisor_3,296,0,296
3265,6,3,Supervisor_3,180,0,180
3266,32,3,Supervisor_3,124,3,121
3267,13,1,Supervisor_1,231,4,227
3268,11,1,Supervisor_1,220,15,205
3269,9,1,Supervisor_1,364,8,356
3270,4,2,Supervisor_2,233,14,219
3271,3,3,Supervisor_3,77,2,75
3272,41,2,Supervisor_2,216,9,207
3273,44,3,Supervisor_3,406,28,378
3274,35,3,Supervisor_3,84,4,80
3275,28,2,Supervisor_2,391,10,381
3276,47,2,Supervisor_2,465,29,436
3277,9,2,Supervisor_2,332,22,310
3278,7,1,Supervisor_1,306,11,295
3279,32,1,Supervisor_1,262,20,242
3280,10,3,Supervisor_3,99,3,96
3281,48,2,Supervisor_2,137,8,129
3282,22,3,Supervisor_3,399,15,384
3283,44,3,Supervisor_3,209,7,202
3284,36,2,Supervisor_2,318,11,307
3285,48,2,Supervisor_2,285,19,266
3286,27,1,Supervisor_1,65,3,62
3287,21,3,Supervisor_3,100,5,95
3288,48,1,Supervisor_1,417,8,409
3289,1,1,Supervisor_1,115,8,107
3290,44,2,Supervisor_2,85,2,83
3291,37,2,Supervisor_2,240,7,233
3292,31,2,Supervisor_2,303,14,289
3293,29,1,Supervisor_1,72,3,69
3294,28,1,Supervisor_1,202,7,195
3295,4,2,Supervisor_2,113,4,109
3296,33,2,Supervisor_2,281,13,268
3297,49,3,Supervisor_3,441,4,437
3298,17,3,Supervisor_3,346,24,322
3299,6,1,Supervisor_1,463,19,444
3300,36,3,Supervisor_3,137,3,134
3301,23,2,Supervisor_2,355,16,339
3302,30,1,Supervisor_1,135,4,131
3303,47,3,Supervisor_3,294,18,276
3304,19,3,Supervisor_3,229,10,219
3305,13,2,Supervisor_2,240,6,234
3306,11,2,Supervisor_2,321,10,311
3307,8,2,Supervisor_2,489,24,465
3308,46,1,Supervisor_1,280,18,262
3309,5,2,Supervisor_2,370,23,347
3310,1,2,Supervisor_2,110,8,102
3311,42,2,Supervisor_2,388,22,366
3312,44,1,Supervisor_1,249,15,234
3313,1,2,Supervisor_2,262,16,246
3314,5,3,Supervisor_3,249,17,232
3315,2,2,Supervisor_2,270,12,258
3316,8,1,Supervisor_1,122,1,121
3317,5,2,Supervisor_2,68,1,67
3318,47,1,Supervisor_1,329,0,329
3319,11,1,Supervisor_1,499,35,464
3320,39,2,Supervisor_2,472,35,437
3321,42,1,Supervisor_1,444,3,441
3322,11,3,Supervisor_3,209,3,206
3323,35,2,Supervisor_2,476,18,458
3324,36,1,Supervisor_1,398,2,396
3325,44,2,Supervisor_2,135,9,126
3326,20,3,Supervisor_3,274,1,273
3327,48,2,Supervisor_2,54,3,51
3328,19,1,Supervisor_1,113,0,113
3329,3,1,Supervisor_1,172,3,169
3330,46,2,Supervisor_2,343,16,327
3331,48,3,Supervisor_3,166,11,155
3332,7,2,Supervisor_2,408,8,400
3333,7,2,Supervisor_2,354,11,343
3334,13,3,Supervisor_3,53,0,53
3335,11,3,Supervisor_3,423,4,419
3336,44,3,Supervisor_3,89,0,89
3337,13,1,Supervisor_1,279,1,278
3338,46,1,Supervisor_1,163,3,160
3339,2,1,Supervisor_1,81,4,77
3340,38,3,Supervisor_3,188,0,188
3341,40,2,Supervisor_2,147,7,140
3342,19,3,Supervisor_3,407,16,391
3343,13,1,Supervisor_1,275,18,257
3344,44,2,Supervisor_2,312,23,289
3345,46,3,Supervisor_3,366,12,354
3346,43,1,Supervisor_1,252,18,234
3347,9,3,Supervisor_3,349,18,331
3348,20,1,Supervisor_1,205,1,204
3349,16,2,Supervisor_2,311,21,290
3350,6,1,Supervisor_1,68,0,68
3351,38,3,Supervisor_3,342,27,315
3352,20,3,Supervisor_3,234,17,217
3353,42,2,Supervisor_2,127,6,121
3354,17,1,Supervisor_1,308,5,303
3355,47,3,Supervisor_3,195,6,189
3356,30,2,Supervisor_2,310,19,291
3357,4,2,Supervisor_2,243,15,228
3358,1,2,Supervisor_2,106,0,106
3359,10,1,Supervisor_1,454,10,444
3360,3,2,Supervisor_2,369,5,364
3361,11,3,Supervisor_3,189,10,179
3362,1,2,Supervisor_2,326,1,325
3363,46,2,Supervisor_2,428,14,414
3364,3,3,Supervisor_3,113,5,108
3365,15,2,Supervisor_2,330,23,307
3366,43,2,Supervisor_2,112,2,110
3367,1,3,Supervisor_3,387,2,385
3368,19,3,Supervisor_3,77,0,77
3369,26,1,Supervisor_1,485,16,469
3370,48,3,Supervisor_3,62,3,59
3371,36,2,Supervisor_2,164,4,160
3372,48,2,Supervisor_2,381,1,380
3373,38,3,Supervisor_3,342,16,326
3374,12,2,Supervisor_2,250,15,235
3375,22,1,Supervisor_1,177,5,172
3376,24,1,Supervisor_1,382,4,378
3377,9,3,Supervisor_3,183,11,172
3378,43,2,Supervisor_2,111,8,103
3379,32,3,Supervisor_3,400,15,385
3380,14,3,Supervisor_3,500,33,467
3381,4,3,Supervisor_3,303,1,302
3382,45,1,Supervisor_1,271,1,270
3383,26,3,Supervisor_3,62,4,58
3384,6,1,Supervisor_1,161,7,154
3385,15,3,Supervisor_3,70,1,69
3386,6,2,Supervisor_2,139,1,138
3387,8,3,Supervisor_3,359,16,343
3388,14,1,Supervisor_1,222,1,221
3389,47,3,Supervisor_3,458,12,446
3390,4,3,Supervisor_3,77,3,74
3391,8,3,Supervisor_3,182,9,173
3392,10,2,Supervisor_2,57,1,56
3393,27,2,Supervisor_2,225,14,211
3394,42,3,Supervisor_3,490,26,464
3395,39,2,Supervisor_2,309,22,287
3396,36,2,Supervisor_2,194,6,188
3397,29,1,Supervisor_1,85,1,84
3398,22,2,Supervisor_2,475,19,456
3399,38,1,Supervisor_1,379,8,371
3400,41,2,Supervisor_2,149,4,145
3401,10,2,Supervisor_2,68,5,63
3402,11,3,Supervisor_3,56,0,56
3403,44,1,Supervisor_1,149,6,143
3404,14,2,Supervisor_2,283,4,279
3405,38,3,Supervisor_3,469,35,434
3406,45,3,Supervisor_3,258,2,256
3407,30,2,Supervisor_2,240,9,231
3408,9,2,Supervisor_2,274,20,254
3409,12,2,Supervisor_2,346,20,326
3410,21,2,Supervisor_2,399,23,376
3411,45,2,Supervisor_2,265,11,254
3412,2,2,Supervisor_2,73,0,73
3413,28,2,Supervisor_2,198,1,197
3414,37,2,Supervisor_2,126,1,125
3415,13,1,Supervisor_1,421,14,407
3416,23,3,Supervisor_3,439,28,411
3417,30,3,Supervisor_3,457,22,435
3418,24,3,Supervisor_3,111,6,105
3419,28,3,Supervisor_3,350,22,328
3420,16,2,Supervisor_2,363,2,361
3421,37,2,Supervisor_2,269,19,250
3422,19,2,Supervisor_2,366,7,359
3423,37,1,Supervisor_1,413,29,384
3424,7,1,Supervisor_1,140,1,139
3425,23,1,Supervisor_1,392,1,391
3426,19,2,Supervisor_2,416,12,404
3427,44,2,Supervisor_2,116,2,114
3428,14,2,Supervisor_2,128,1,127
3429,35,2,Supervisor_2,413,20,393
3430,26,1,Supervisor_1,262,19,243
3431,28,1,Supervisor_1,343,24,319
3432,13,2,Supervisor_2,391,19,372
3433,12,3,Supervisor_3,58,0,58
3434,34,3,Supervisor_3,192,6,186
3435,24,1,Supervisor_1,337,16,321
3436,28,2,Supervisor_2,442,9,433
3437,16,1,Supervisor_1,277,6,271
3438,13,1,Supervisor_1,136,6,130
3439,14,1,Supervisor_1,168,0,168
3440,18,2,Supervisor_2,327,4,323
3441,31,1,Supervisor_1,433,33,400
3442,35,1,Supervisor_1,475,4,471
3443,10,1,Supervisor_1,415,17,398
3444,2,3,Supervisor_3,119,5,114
3445,40,2,Supervisor_2,285,11,274
3446,14,1,Supervisor_1,350,13,337
3447,48,2,Supervisor_2,195,4,191
3448,50,1,Supervisor_1,93,3,90
3449,23,2,Supervisor_2,55,2,53
3450,31,3,Supervisor_3,192,8,184
3451,32,2,Supervisor_2,336,9,327
3452,37,3,Supervisor_3,83,2,81
3453,3,2,Supervisor_2,274,18,256
3454,32,1,Supervisor_1,91,5,86
3455,47,1,Supervisor_1,285,17,268
3456,31,1,Supervisor_1,267,17,250
3457,48,3,Supervisor_3,193,1,192
3458,27,1,Supervisor_1,289,6,283
3459,4,3,Supervisor_3,224,14,210
3460,35,1,Supervisor_1,369,4,365
3461,3,3,Supervisor_3,451,34,417
3462,1,1,Supervisor_1,257,9,248
3463,47,2,Supervisor_2,289,7,282
3464,4,1,Supervisor_1,339,24,315
3465,22,1,Supervisor_1,247,1,246
3466,40,1,Supervisor_1,301,23,278
3467,6,2,Supervisor_2,419,6,413
3468,19,1,Supervisor_1,278,6,272
3469,34,3,Supervisor_3,301,13,288
3470,2,1,Supervisor_1,389,11,378
3471,1,1,Supervisor_1,472,3,469
3472,24,1,Supervisor_1,461,1,460
3473,4,1,Supervisor_1,247,18,229
3474,39,1,Supervisor_1,145,6,139
3475,46,1,Supervisor_1,308,0,308
3476,19,1,Supervisor_1,91,3,88
3477,17,1,Supervisor_1,257,19,238
3478,15,2,Supervisor_2,360,12,348
3479,23,3,Supervisor_3,70,3,67
3480,2,3,Supervisor_3,287,21,266
3481,9,3,Supervisor_3,206,1,205
3482,34,2,Supervisor_2,165,1,164
3483,26,3,Supervisor_3,252,4,248
3484,25,1,Supervisor_1,172,2,170
3485,32,3,Supervisor_3,248,7,241
3486,39,3,Supervisor_3,393,10,383
3487,8,1,Supervisor_1,429,20,409
3488,20,1,Supervisor_1,90,3,87
3489,22,2,Supervisor_2,322,14,308
3490,24,3,Supervisor_3,233,3,230
3491,4,2,Supervisor_2,256,2,254
3492,48,1,Supervisor_1,109,1,108
3493,40,1,Supervisor_1,279,8,271
3494,29,3,Supervisor_3,421,24,397
3495,45,3,Supervisor_3,154,9,145
3496,26,3,Supervisor_3,374,10,364
3497,29,1,Supervisor_1,163,11,152
3498,32,1,Supervisor_1,302,11,291
3499,14,1,Supervisor_1,367,24,343
3500,33,2,Supervisor_2,453,27,426
3501,37,2,Supervisor_2,376,0,376
3502,41,2,Supervisor_2,306,0,306
3503,49,1,Supervisor_1,371,26,345
3504,2,1,Supervisor_1,401,23,378
3505,9,3,Supervisor_3,400,10,390
3506,5,1,Supervisor_1,173,11,162
3507,12,1,Supervisor_1,486,19,467
3508,47,3,Supervisor_3,384,16,368
3509,37,3,Supervisor_3,236,18,218
3510,25,1,Supervisor_1,379,4,375
3511,30,2,Supervisor_2,468,12,456
3512,33,1,Supervisor_1,146,4,142
3513,23,1,Supervisor_1,343,0,343
3514,2,1,Supervisor_1,61,4,57
3515,5,3,Supervisor_3,215,3,212
3516,20,1,Supervisor_1,340,25,315
3517,48,2,Supervisor_2,445,6,439
3518,48,2,Supervisor_2,87,1,86
3519,37,3,Supervisor_3,320,23,297
3520,20,3,Supervisor_3,107,5,102
3521,39,3,Supervisor_3,461,13,448
3522,33,3,Supervisor_3,367,16,351
3523,40,2,Supervisor_2,275,6,269
3524,35,3,Supervisor_3,306,16,290
3525,17,1,Supervisor_1,412,21,391
3526,40,1,Supervisor_1,309,7,302
3527,44,3,Supervisor_3,494,15,479
3528,41,1,Supervisor_1,121,5,116
3529,37,3,Supervisor_3,233,6,227
3530,11,2,Supervisor_2,365,7,358
3531,12,2,Supervisor_2,340,6,334
3532,38,2,Supervisor_2,187,14,173
3533,26,1,Supervisor_1,265,8,257
3534,36,1,Supervisor_1,254,4,250
3535,29,2,Supervisor_2,425,18,407
3536,4,2,Supervisor_2,347,13,334
3537,41,2,Supervisor_2,366,13,353
3538,12,1,Supervisor_1,420,19,401
3539,21,1,Supervisor_1,484,25,459
3540,20,2,Supervisor_2,201,1,200
3541,22,3,Supervisor_3,233,7,226
3542,33,1,Supervisor_1,405,18,387
3543,9,1,Supervisor_1,220,5,215
3544,26,1,Supervisor_1,473,12,461
3545,37,3,Supervisor_3,290,17,273
3546,50,3,Supervisor_3,415,1,414
3547,14,1,Supervisor_1,427,18,409
3548,5,2,Supervisor_2,134,6,128
3549,10,3,Supervisor_3,450,10,440
3550,41,1,Supervisor_1,108,4,104
3551,12,3,Supervisor_3,461,26,435
3552,18,1,Supervisor_1,411,0,411
3553,5,1,Supervisor_1,172,3,169
3554,32,2,Supervisor_2,77,5,72
3555,8,3,Supervisor_3,498,7,491
3556,15,1,Supervisor_1,305,6,299
3557,28,3,Supervisor_3,255,4,251
3558,23,2,Supervisor_2,493,33,460
3559,8,1,Supervisor_1,73,5,68
3560,12,2,Supervisor_2,175,11,164
3561,9,1,Supervisor_1,63,4,59
3562,4,1,Supervisor_1,221,12,209
3563,28,3,Supervisor_3,497,12,485
3564,34,1,Supervisor_1,285,17,268
3565,26,1,Supervisor_1,194,11,183
3566,25,3,Supervisor_3,279,16,263
3567,14,1,Supervisor_1,392,30,362
3568,4,2,Supervisor_2,226,12,214
3569,23,1,Supervisor_1,321,22,299
3570,17,2,Supervisor_2,430,34,396
3571,43,2,Supervisor_2,421,4,417
3572,6,2,Supervisor_2,182,6,176
3573,49,2,Supervisor_2,379,20,359
3574,46,3,Supervisor_3,185,7,178
3575,7,1,Supervisor_1,268,10,258
3576,45,1,Supervisor_1,429,30,399
3577,25,3,Supervisor_3,169,8,161
3578,13,1,Supervisor_1,474,6,468
3579,27,3,Supervisor_3,170,12,158
3580,20,2,Supervisor_2,247,9,238
3581,26,1,Supervisor_1,101,5,96
3582,42,2,Supervisor_2,115,3,112
3583,14,1,Supervisor_1,97,5,92
3584,49,2,Supervisor_2,278,1,277
3585,41,2,Supervisor_2,78,1,77
3586,3,2,Supervisor_2,105,5,100
3587,29,2,Supervisor_2,407,19,388
3588,27,1,Supervisor_1,68,4,64
3589,27,3,Supervisor_3,232,16,216
3590,20,1,Supervisor_1,343,10,333
3591,9,2,Supervisor_2,138,8,130
3592,28,2,Supervisor_2,393,23,370
3593,4,1,Supervisor_1,334,9,325
3594,35,3,Supervisor_3,468,17,451
3595,45,1,Supervisor_1,364,20,344
3596,19,1,Supervisor_1,291,20,271
3597,31,3,Supervisor_3,210,15,195
3598,11,3,Supervisor_3,50,1,49
3599,42,1,Supervisor_1,384,21,363
3600,15,1,Supervisor_1,316,21,295
3601,34,3,Supervisor_3,126,8,118
3602,47,1,Supervisor_1,182,10,172
3603,9,2,Supervisor_2,160,5,155
3604,48,1,Supervisor_1,277,2,275
3605,23,1,Supervisor_1,493,9,484
3606,25,3,Supervisor_3,239,2,237
3607,28,1,Supervisor_1,340,4,336
3608,15,3,Supervisor_3,351,7,344
3609,20,1,Supervisor_1,215,14,201
3610,11,3,Supervisor_3,234,1,233
3611,24,2,Supervisor_2,311,3,308
3612,24,1,Supervisor_1,185,2,183
3613,31,3,Supervisor_3,103,1,102
3614,44,1,Supervisor_1,225,13,212
3615,1,1,Supervisor_1,426,10,416
3616,23,1,Supervisor_1,90,3,87
3617,31,1,Supervisor_1,228,16,212
3618,13,3,Supervisor_3,83,2,81
3619,45,2,Supervisor_2,174,0,174
3620,43,3,Supervisor_3,313,23,290
3621,22,1,Supervisor_1,368,4,364
3622,19,3,Supervisor_3,74,2,72
3623,33,3,Supervisor_3,340,26,314
3624,29,2,Supervisor_2,484,7,477
3625,9,2,Supervisor_2,468,28,440
3626,47,3,Supervisor_3,220,11,209
3627,46,2,Supervisor_2,338,11,327
3628,30,1,Supervisor_1,143,9,134
3629,18,3,Supervisor_3,304,11,293
3630,18,2,Supervisor_2,358,0,358
3631,6,1,Supervisor_1,398,16,382
3632,2,2,Supervisor_2,414,30,384
3633,10,1,Supervisor_1,283,5,278
3634,1,1,Supervisor_1,245,19,226
3635,39,2,Supervisor_2,379,13,366
3636,45,2,Supervisor_2,260,11,249
3637,27,3,Supervisor_3,406,5,401
3638,25,3,Supervisor_3,209,4,205
3639,36,1,Supervisor_1,259,9,250
3640,49,3,Supervisor_3,326,0,326
3641,29,1,Supervisor_1,176,8,168
3642,50,1,Supervisor_1,257,3,254
3643,33,1,Supervisor_1,258,1,257
3644,12,1,Supervisor_1,88,3,85
3645,39,3,Supervisor_3,126,3,123
3646,8,2,Supervisor_2,330,13,317
3647,2,1,Supervisor_1,352,18,334
3648,4,1,Supervisor_1,271,18,253
3649,16,1,Supervisor_1,118,9,109
3650,31,3,Supervisor_3,384,10,374
3651,13,3,Supervisor_3,470,12,458
3652,3,3,Supervisor_3,464,8,456
3653,2,3,Supervisor_3,132,0,132
3654,32,1,Supervisor_1,429,25,404
3655,50,1,Supervisor_1,333,11,322
3656,38,3,Supervisor_3,395,0,395
3657,35,2,Supervisor_2,268,6,262
3658,21,3,Supervisor_3,303,9,294
3659,26,2,Supervisor_2,302,2,300
3660,23,3,Supervisor_3,236,10,226
3661,16,1,Supervisor_1,136,1,135
3662,2,2,Supervisor_2,326,9,317
3663,17,2,Supervisor_2,154,8,146
3664,1,2,Supervisor_2,235,12,223
3665,1,1,Supervisor_1,107,8,99
3666,47,3,Supervisor_3,412,13,399
3667,21,2,Supervisor_2,195,8,187
3668,47,2,Supervisor_2,407,11,396
3669,4,1,Supervisor_1,165,8,157
3670,47,3,Supervisor_3,349,13,336
3671,9,2,Supervisor_2,387,28,359
3672,20,2,Supervisor_2,216,6,210
3673,25,3,Supervisor_3,333,3,330
3674,25,2,Supervisor_2,436,31,405
3675,18,2,Supervisor_2,137,2,135
3676,44,1,Supervisor_1,462,24,438
3677,39,3,Supervisor_3,357,2,355
3678,12,3,Supervisor_3,465,5,460
3679,34,1,Supervisor_1,166,5,161
3680,36,1,Supervisor_1,362,24,338
3681,28,1,Supervisor_1,313,13,300
3682,39,3,Supervisor_3,162,4,158
3683,25,3,Supervisor_3,121,6,115
3684,24,1,Supervisor_1,279,20,259
3685,49,2,Supervisor_2,232,0,232
3686,16,3,Supervisor_3,142,4,138
3687,19,1,Supervisor_1,266,2,264
3688,29,2,Supervisor_2,445,31,414
3689,33,3,Supervisor_3,362,14,348
3690,30,2,Supervisor_2,379,3,376
3691,9,3,Supervisor_3,364,17,347
3692,45,1,Supervisor_1,150,0,150
3693,7,3,Supervisor_3,399,18,381
3694,9,1,Supervisor_1,245,18,227
3695,19,1,Supervisor_1,436,2,434
3696,14,2,Supervisor_2,171,0,171
3697,9,1,Supervisor_1,111,8,103
3698,34,1,Supervisor_1,433,23,410
3699,5,2,Supervisor_2,264,20,244
3700,22,2,Supervisor_2,392,12,380
3701,26,2,Supervisor_2,85,2,83
3702,15,3,Supervisor_3,167,3,164
3703,24,2,Supervisor_2,443,28,415
3704,3,3,Supervisor_3,51,3,48
3705,34,3,Supervisor_3,482,36,446
3706,20,3,Supervisor_3,175,9,166
3707,26,3,Supervisor_3,259,13,246
3708,20,1,Supervisor_1,203,13,190
3709,2,1,Supervisor_1,493,10,483
3710,4,1,Supervisor_1,54,3,51
3711,47,1,Supervisor_1,457,28,429
3712,2,3,Supervisor_3,195,2,193
3713,33,1,Supervisor_1,315,18,297
3714,17,1,Supervisor_1,105,2,103
3715,48,2,Supervisor_2,357,7,350
3716,13,1,Supervisor_1,432,15,417
3717,41,3,Supervisor_3,341,6,335
3718,46,2,Supervisor_2,67,5,62
3719,34,2,Supervisor_2,250,9,241
3720,15,1,Supervisor_1,234,16,218
3721,25,1,Supervisor_1,335,20,315
3722,38,3,Supervisor_3,248,1,247
3723,2,2,Supervisor_2,209,15,194
3724,6,3,Supervisor_3,181,4,177
3725,20,1,Supervisor_1,322,18,304
3726,5,2,Supervisor_2,435,1,434
3727,6,1,Supervisor_1,71,0,71
3728,18,1,Supervisor_1,231,8,223
3729,46,1,Supervisor_1,153,2,151
3730,22,1,Supervisor_1,109,2,107
3731,4,2,Supervisor_2,293,2,291
3732,42,2,Supervisor_2,62,1,61
3733,23,1,Supervisor_1,342,10,332
3734,34,3,Supervisor_3,246,16,230
3735,23,2,Supervisor_2,119,4,115
3736,26,2,Supervisor_2,160,10,150
3737,1,2,Supervisor_2,64,2,62
3738,29,2,Supervisor_2,215,7,208
3739,17,2,Supervisor_2,434,2,432
3740,15,3,Supervisor_3,308,10,298
3741,23,3,Supervisor_3,91,5,86
3742,40,3,Supervisor_3,350,23,327
3743,43,2,Supervisor_2,332,21,311
3744,44,1,Supervisor_1,479,24,455
3745,15,2,Supervisor_2,349,6,343
3746,19,1,Supervisor_1,400,7,393
3747,21,1,Supervisor_1,326,7,319
3748,13,3,Supervisor_3,478,15,463
3749,13,1,Supervisor_1,91,5,86
3750,7,2,Supervisor_2,438,31,407
3751,28,3,Supervisor_3,344,9,335
3752,1,1,Supervisor_1,197,2,195
3753,48,3,Supervisor_3,463,10,453
3754,15,3,Supervisor_3,308,9,299
3755,14,2,Supervisor_2,229,2,227
3756,25,1,Supervisor_1,451,35,416
3757,13,2,Supervisor_2,470,29,441
3758,12,3,Supervisor_3,99,5,94
3759,37,1,Supervisor_1,424,8,416
3760,36,1,Supervisor_1,358,11,347
3761,47,1,Supervisor_1,192,7,185
3762,34,1,Supervisor_1,481,33,448
3763,48,3,Supervisor_3,204,1,203
3764,1,3,Supervisor_3,163,6,157
3765,39,3,Supervisor_3,240,14,226
3766,33,2,Supervisor_2,92,4,88
3767,49,3,Supervisor_3,461,20,441
3768,34,3,Supervisor_3,52,0,52
3769,21,1,Supervisor_1,492,37,455
3770,47,1,Supervisor_1,174,11,163
3771,15,2,Supervisor_2,161,6,155
3772,46,2,Supervisor_2,102,3,99
3773,5,2,Supervisor_2,473,37,436
3774,30,3,Supervisor_3,438,22,416
3775,6,3,Supervisor_3,406,14,392
3776,22,3,Supervisor_3,93,4,89
3777,33,3,Supervisor_3,470,29,441
3778,42,2,Supervisor_2,83,1,82
3779,43,2,Supervisor_2,145,10,135
3780,15,1,Supervisor_1,428,6,422
3781,9,3,Supervisor_3,441,11,430
3782,31,1,Supervisor_1,473,22,451
3783,46,3,Supervisor_3,316,12,304
3784,38,2,Supervisor_2,466,4,462
3785,27,2,Supervisor_2,82,4,78
3786,11,1,Supervisor_1,305,0,305
3787,35,2,Supervisor_2,383,6,377
3788,49,2,Supervisor_2,222,17,205
3789,48,1,Supervisor_1,164,1,163
3790,26,2,Supervisor_2,247,9,238
3791,42,1,Supervisor_1,419,17,402
3792,43,2,Supervisor_2,205,0,205
3793,16,3,Supervisor_3,226,13,213
3794,39,1,Supervisor_1,496,13,483
3795,33,2,Supervisor_2,494,38,456
3796,24,3,Supervisor_3,220,14,206
3797,3,1,Supervisor_1,97,5,92
3798,49,3,Supervisor_3,359,25,334
3799,24,3,Supervisor_3,264,7,257
3800,34,3,Supervisor_3,413,20,393
3801,40,3,Supervisor_3,87,0,87
3802,40,1,Supervisor_1,343,21,322
3803,22,1,Supervisor_1,281,14,267
3804,13,3,Supervisor_3,83,0,83
3805,14,1,Supervisor_1,170,3,167
3806,26,1,Supervisor_1,256,20,236
3807,47,1,Supervisor_1,286,3,283
3808,1,1,Supervisor_1,163,8,155
3809,4,2,Supervisor_2,128,4,124
3810,49,3,Supervisor_3,474,17,457
3811,32,2,Supervisor_2,72,1,71
3812,42,2,Supervisor_2,338,17,321
3813,8,1,Supervisor_1,380,27,353
3814,3,2,Supervisor_2,174,3,171
3815,18,1,Supervisor_1,291,2,289
3816,7,3,Supervisor_3,497,0,497
3817,21,2,Supervisor_2,120,1,119
3818,28,3,Supervisor_3,336,18,318
3819,12,2,Supervisor_2,382,24,358
3820,20,2,Supervisor_2,292,1,291
3821,27,1,Supervisor_1,475,8,467
3822,19,1,Supervisor_1,330,8,322
3823,42,1,Supervisor_1,176,1,175
3824,49,2,Supervisor_2,150,1,149
3825,1,2,Supervisor_2,85,0,85
3826,19,2,Supervisor_2,130,8,122
3827,18,3,Supervisor_3,325,7,318
3828,46,3,Supervisor_3,423,10,413
3829,27,1,Supervisor_1,436,17,419
3830,5,1,Supervisor_1,159,4,155
3831,15,2,Supervisor_2,155,12,143
3832,12,2,Supervisor_2,85,1,84
3833,9,2,Supervisor_2,72,3,69
3834,38,2,Supervisor_2,86,5,81
3835,33,1,Supervisor_1,428,30,398
3836,45,3,Supervisor_3,245,1,244
3837,13,3,Supervisor_3,188,8,180
3838,36,3,Supervisor_3,174,1,173
3839,39,1,Supervisor_1,319,20,299
3840,36,1,Supervisor_1,243,8,235
3841,43,2,Supervisor_2,254,0,254
3842,14,3,Supervisor_3,407,14,393
3843,19,3,Supervisor_3,491,0,491
3844,28,3,Supervisor_3,206,12,194
3845,7,2,Supervisor_2,351,17,334
3846,14,1,Supervisor_1,167,7,160
3847,25,1,Supervisor_1,268,11,257
3848,34,3,Supervisor_3,321,24,297
3849,2,1,Supervisor_1,418,29,389
3850,48,1,Supervisor_1,205,8,197
3851,19,3,Supervisor_3,102,2,100
3852,32,1,Supervisor_1,277,15,262
3853,11,2,Supervisor_2,201,8,193
3854,23,2,Supervisor_2,270,0,270
3855,22,1,Supervisor_1,206,6,200
3856,33,3,Supervisor_3,452,25,427
3857,31,2,Supervisor_2,77,4,73
3858,32,2,Supervisor_2,149,7,142
3859,46,3,Supervisor_3,200,6,194
3860,50,3,Supervisor_3,469,13,456
3861,38,3,Supervisor_3,213,6,207
3862,33,3,Supervisor_3,152,1,151
3863,38,2,Supervisor_2,89,5,84
3864,35,2,Supervisor_2,180,9,171
3865,46,2,Supervisor_2,203,13,190
3866,33,1,Supervisor_1,215,2,213
3867,32,3,Supervisor_3,427,27,400
3868,42,3,Supervisor_3,456,5,451
3869,13,2,Supervisor_2,299,11,288
3870,17,3,Supervisor_3,149,11,138
3871,39,3,Supervisor_3,217,2,215
3872,38,3,Supervisor_3,185,4,181
3873,37,1,Supervisor_1,496,31,465
3874,13,2,Supervisor_2,358,11,347
3875,20,1,Supervisor_1,370,15,355
3876,36,1,Supervisor_1,140,2,138
3877,21,3,Supervisor_3,477,11,466
3878,47,1,Supervisor_1,323,16,307
3879,9,3,Supervisor_3,291,10,281
3880,40,1,Supervisor_1,168,3,165
3881,9,1,Supervisor_1,281,7,274
3882,46,3,Supervisor_3,363,14,349
3883,47,2,Supervisor_2,187,5,182
3884,31,3,Supervisor_3,253,17,236
3885,43,1,Supervisor_1,257,20,237
3886,35,1,Supervisor_1,358,15,343
3887,22,1,Supervisor_1,224,0,224
3888,39,3,Supervisor_3,122,7,115
3889,14,2,Supervisor_2,306,5,301
3890,44,1,Supervisor_1,406,4,402
3891,47,1,Supervisor_1,469,35,434
3892,21,2,Supervisor_2,209,1,208
3893,26,2,Supervisor_2,51,1,50
3894,33,3,Supervisor_3,336,8,328
3895,7,1,Supervisor_1,199,9,190
3896,49,3,Supervisor_3,293,13,280
3897,42,3,Supervisor_3,471,28,443
3898,30,2,Supervisor_2,316,5,311
3899,17,2,Supervisor_2,428,6,422
3900,20,2,Supervisor_2,419,27,392
3901,17,1,Supervisor_1,104,4,100
3902,7,3,Supervisor_3,470,36,434
3903,11,3,Supervisor_3,472,27,445
3904,7,3,Supervisor_3,196,7,189
3905,39,2,Supervisor_2,237,10,227
3906,19,3,Supervisor_3,302,13,289
3907,14,2,Supervisor_2,252,9,243
3908,17,1,Supervisor_1,153,8,145
3909,6,3,Supervisor_3,182,7,175
3910,14,2,Supervisor_2,426,22,404
3911,26,3,Supervisor_3,284,3,281
3912,24,2,Supervisor_2,325,24,301
3913,46,2,Supervisor_2,100,3,97
3914,50,1,Supervisor_1,374,7,367
3915,29,3,Supervisor_3,171,4,167
3916,48,1,Supervisor_1,357,4,353
3917,13,3,Supervisor_3,322,14,308
3918,44,2,Supervisor_2,269,11,258
3919,9,1,Supervisor_1,343,26,317
3920,20,2,Supervisor_2,83,6,77
3921,35,2,Supervisor_2,411,5,406
3922,41,1,Supervisor_1,430,22,408
3923,4,1,Supervisor_1,394,28,366
3924,7,3,Supervisor_3,317,0,317
3925,29,2,Supervisor_2,123,8,115
3926,21,3,Supervisor_3,110,0,110
3927,4,3,Supervisor_3,241,1,240
3928,47,2,Supervisor_2,151,11,140
3929,41,1,Supervisor_1,434,0,434
3930,46,2,Supervisor_2,250,9,241
3931,33,1,Supervisor_1,216,4,212
3932,36,3,Supervisor_3,71,4,67
3933,12,1,Supervisor_1,329,18,311
3934,32,2,Supervisor_2,146,2,144
3935,43,3,Supervisor_3,131,7,124
3936,6,2,Supervisor_2,412,28,384
3937,29,1,Supervisor_1,115,5,110
3938,38,3,Supervisor_3,72,4,68
3939,37,2,Supervisor_2,473,28,445
3940,22,1,Supervisor_1,213,0,213
3941,47,3,Supervisor_3,350,1,349
3942,45,2,Supervisor_2,319,10,309
3943,33,3,Supervisor_3,281,18,263
3944,19,3,Supervisor_3,112,0,112
3945,12,3,Supervisor_3,465,31,434
3946,13,3,Supervisor_3,291,10,281
3947,23,2,Supervisor_2,178,5,173
3948,5,3,Supervisor_3,259,4,255
3949,37,2,Supervisor_2,84,2,82
3950,41,1,Supervisor_1,67,2,65
3951,14,3,Supervisor_3,440,12,428
3952,23,2,Supervisor_2,435,8,427
3953,27,1,Supervisor_1,342,23,319
3954,11,1,Supervisor_1,347,27,320
3955,17,2,Supervisor_2,201,2,199
3956,35,1,Supervisor_1,217,16,201
3957,30,3,Supervisor_3,366,16,350
3958,19,1,Supervisor_1,85,1,84
3959,18,2,Supervisor_2,360,13,347
3960,46,3,Supervisor_3,82,3,79
3961,6,1,Supervisor_1,210,7,203
3962,45,1,Supervisor_1,140,5,135
3963,7,3,Supervisor_3,199,6,193
3964,35,2,Supervisor_2,399,16,383
3965,31,3,Supervisor_3,441,1,440
3966,32,1,Supervisor_1,118,0,118
3967,15,3,Supervisor_3,281,9,272
3968,21,2,Supervisor_2,89,1,88
3969,8,1,Supervisor_1,114,5,109
3970,27,3,Supervisor_3,368,21,347
3971,18,1,Supervisor_1,77,2,75
3972,23,2,Supervisor_2,333,8,325
3973,24,3,Supervisor_3,97,1,96
3974,41,2,Supervisor_2,181,11,170
3975,20,1,Supervisor_1,449,35,414
3976,16,1,Supervisor_1,457,7,450
3977,8,3,Supervisor_3,334,8,326
3978,13,1,Supervisor_1,450,33,417
3979,33,2,Supervisor_2,252,10,242
3980,50,1,Supervisor_1,289,18,271
3981,30,3,Supervisor_3,179,13,166
3982,15,2,Supervisor_2,219,10,209
3983,17,3,Supervisor_3,148,0,148
3984,20,3,Supervisor_3,223,6,217
3985,21,2,Supervisor_2,241,10,231
3986,42,1,Supervisor_1,302,4,298
3987,16,2,Supervisor_2,283,14,269
3988,25,3,Supervisor_3,150,8,142
3989,24,3,Supervisor_3,433,8,425
3990,33,3,Supervisor_3,246,19,227
3991,16,3,Supervisor_3,440,21,419
3992,50,2,Supervisor_2,155,4,151
3993,19,3,Supervisor_3,293,20,273
3994,6,1,Supervisor_1,205,2,203
3995,31,2,Supervisor_2,308,8,300
3996,19,2,Supervisor_2,382,29,353
3997,9,2,Supervisor_2,460,5,455
3998,39,2,Supervisor_2,378,8,370
3999,8,1,Supervisor_1,376,13,363
4000,35,2,Supervisor_2,328,7,321
4001,43,1,Supervisor_1,122,0,122
4002,41,1,Supervisor_1,494,20,474
4003,28,2,Supervisor_2,362,12,350
4004,23,2,Supervisor_2,281,18,263
4005,29,3,Supervisor_3,331,26,305
4006,29,3,Supervisor_3,176,1,175
4007,20,2,Supervisor_2,490,18,472
4008,19,3,Supervisor_3,223,15,208
4009,35,1,Supervisor_1,442,11,431
4010,21,1,Supervisor_1,321,9,312
4011,39,3,Supervisor_3,254,6,248
4012,23,1,Supervisor_1,489,19,470
4013,22,2,Supervisor_2,117,2,115
4014,13,2,Supervisor_2,351,4,347
4015,23,3,Supervisor_3,243,15,228
4016,10,3,Supervisor_3,69,0,69
4017,6,1,Supervisor_1,276,5,271
4018,19,2,Supervisor_2,456,12,444
4019,29,1,Supervisor_1,81,5,76
4020,47,3,Supervisor_3,256,20,236
4021,21,2,Supervisor_2,379,5,374
4022,16,2,Supervisor_2,413,22,391
4023,50,2,Supervisor_2,78,2,76
4024,46,1,Supervisor_1,456,22,434
4025,16,3,Supervisor_3,301,9,292
4026,48,3,Supervisor_3,150,2,148
4027,15,2,Supervisor_2,295,22,273
4028,27,1,Supervisor_1,144,1,143
4029,32,2,Supervisor_2,482,8,474
4030,40,3,Supervisor_3,147,4,143
4031,3,2,Supervisor_2,347,25,322
4032,38,2,Supervisor_2,203,12,191
4033,46,2,Supervisor_2,500,38,462
4034,30,2,Supervisor_2,300,5,295
4035,25,2,Supervisor_2,175,6,169
4036,4,1,Supervisor_1,154,8,146
4037,32,2,Supervisor_2,437,0,437
4038,25,1,Supervisor_1,410,6,404
4039,15,3,Supervisor_3,330,23,307
4040,49,2,Supervisor_2,299,23,276
4041,47,1,Supervisor_1,500,35,465
4042,22,2,Supervisor_2,172,10,162
4043,45,2,Supervisor_2,416,2,414
4044,34,3,Supervisor_3,454,26,428
4045,27,3,Supervisor_3,108,0,108
4046,27,3,Supervisor_3,259,3,256
4047,29,1,Supervisor_1,215,0,215
4048,36,2,Supervisor_2,193,14,179
4049,15,1,Supervisor_1,171,5,166
4050,37,2,Supervisor_2,269,4,265
4051,10,3,Supervisor_3,492,27,465
4052,9,2,Supervisor_2,497,38,459
4053,22,2,Supervisor_2,381,11,370
4054,39,2,Supervisor_2,423,12,411
4055,4,3,Supervisor_3,171,4,167
4056,6,2,Supervisor_2,75,4,71
4057,44,1,Supervisor_1,436,18,418
4058,40,2,Supervisor_2,474,2,472
4059,31,1,Supervisor_1,107,4,103
4060,7,3,Supervisor_3,78,3,75
4061,12,3,Supervisor_3,97,2,95
4062,20,3,Supervisor_3,473,9,464
4063,26,2,Supervisor_2,69,4,65
4064,9,3,Supervisor_3,92,6,86
4065,21,1,Supervisor_1,145,7,138
4066,50,2,Supervisor_2,239,18,221
4067,40,3,Supervisor_3,380,12,368
4068,2,1,Supervisor_1,324,16,308
4069,26,2,Supervisor_2,189,8,181
4070,10,2,Supervisor_2,422,25,397
4071,11,3,Supervisor_3,151,2,149
4072,16,2,Supervisor_2,185,9,176
4073,37,2,Supervisor_2,375,28,347
4074,13,1,Supervisor_1,85,5,80
4075,44,3,Supervisor_3,301,10,291
4076,23,3,Supervisor_3,135,5,130
4077,39,1,Supervisor_1,341,11,330
4078,25,2,Supervisor_2,323,16,307
4079,5,2,Supervisor_2,472,28,444
4080,14,2,Supervisor_2,169,13,156
4081,46,1,Supervisor_1,357,25,332
4082,37,1,Supervisor_1,483,24,459
4083,35,1,Supervisor_1,178,4,174
4084,11,2,Supervisor_2,405,2,403
4085,11,1,Supervisor_1,334,15,319
4086,9,1,Supervisor_1,458,33,425
4087,48,3,Supervisor_3,133,6,127
4088,43,3,Supervisor_3,304,21,283
4089,43,2,Supervisor_2,479,2,477
4090,13,2,Supervisor_2,463,13,450
4091,43,2,Supervisor_2,468,5,463
4092,48,1,Supervisor_1,263,15,248
4093,6,3,Supervisor_3,128,7,121
4094,29,1,Supervisor_1,416,21,395
4095,9,3,Supervisor_3,349,14,335
4096,17,1,Supervisor_1,323,20,303
4097,41,1,Supervisor_1,145,2,143
4098,34,3,Supervisor_3,258,4,254
4099,15,3,Supervisor_3,436,14,422
4100,42,2,Supervisor_2,460,6,454
4101,7,2,Supervisor_2,56,1,55
4102,43,1,Supervisor_1,151,3,148
4103,8,2,Supervisor_2,417,23,394
4104,43,3,Supervisor_3,178,12,166
4105,26,3,Supervisor_3,125,7,118
4106,33,1,Supervisor_1,124,5,119
4107,42,2,Supervisor_2,385,5,380
4108,41,1,Supervisor_1,310,10,300
4109,42,2,Supervisor_2,399,15,384
4110,29,2,Supervisor_2,206,2,204
4111,13,2,Supervisor_2,176,13,163
4112,18,2,Supervisor_2,456,18,438
4113,5,1,Supervisor_1,289,20,269
4114,48,1,Supervisor_1,478,30,448
4115,45,1,Supervisor_1,315,20,295
4116,31,2,Supervisor_2,439,33,406
4117,1,1,Supervisor_1,102,4,98
4118,49,3,Supervisor_3,116,1,115
4119,18,3,Supervisor_3,426,10,416
4120,46,3,Supervisor_3,80,5,75
4121,11,1,Supervisor_1,179,7,172
4122,34,1,Supervisor_1,261,1,260
4123,13,2,Supervisor_2,315,23,292
4124,11,1,Supervisor_1,444,33,411
4125,48,1,Supervisor_1,72,3,69
4126,34,2,Supervisor_2,255,15,240
4127,30,1,Supervisor_1,258,12,246
4128,9,2,Supervisor_2,262,0,262
4129,7,1,Supervisor_1,471,21,450
4130,21,2,Supervisor_2,417,15,402
4131,24,2,Supervisor_2,196,4,192
4132,1,1,Supervisor_1,395,24,371
4133,7,1,Supervisor_1,68,3,65
4134,8,1,Supervisor_1,199,7,192
4135,13,1,Supervisor_1,121,8,113
4136,47,3,Supervisor_3,93,5,88
4137,42,1,Supervisor_1,436,16,420
4138,19,3,Supervisor_3,88,3,85
4139,5,2,Supervisor_2,282,9,273
4140,3,2,Supervisor_2,302,10,292
4141,6,2,Supervisor_2,330,12,318
4142,12,3,Supervisor_3,447,32,415
4143,49,3,Supervisor_3,135,4,131
4144,29,3,Supervisor_3,387,18,369
4145,48,3,Supervisor_3,334,11,323
4146,3,2,Supervisor_2,373,20,353
4147,28,3,Supervisor_3,147,9,138
4148,37,3,Supervisor_3,430,26,404
4149,35,2,Supervisor_2,136,9,127
4150,2,1,Supervisor_1,484,38,446
4151,25,1,Supervisor_1,309,0,309
4152,3,3,Supervisor_3,237,18,219
4153,2,2,Supervisor_2,381,8,373
4154,9,2,Supervisor_2,212,9,203
4155,32,2,Supervisor_2,337,19,318
4156,22,1,Supervisor_1,69,3,66
4157,11,1,Supervisor_1,334,26,308
4158,34,2,Supervisor_2,376,3,373
4159,15,1,Supervisor_1,485,20,465
4160,27,2,Supervisor_2,328,1,327
4161,44,3,Supervisor_3,287,14,273
4162,27,3,Supervisor_3,338,11,327
4163,30,2,Supervisor_2,292,21,271
4164,28,3,Supervisor_3,301,22,279
4165,10,3,Supervisor_3,311,19,292
4166,35,2,Supervisor_2,324,9,315
4167,25,2,Supervisor_2,53,2,51
4168,39,3,Supervisor_3,84,0,84
4169,22,2,Supervisor_2,160,6,154
4170,19,1,Supervisor_1,200,3,197
4171,14,1,Supervisor_1,137,8,129
4172,14,2,Supervisor_2,278,20,258
4173,12,2,Supervisor_2,279,18,261
4174,32,2,Supervisor_2,430,19,411
4175,10,2,Supervisor_2,481,21,460
4176,29,1,Supervisor_1,286,13,273
4177,13,3,Supervisor_3,356,7,349
4178,18,1,Supervisor_1,148,10,138
4179,40,1,Supervisor_1,297,3,294
4180,17,3,Supervisor_3,287,0,287
4181,44,3,Supervisor_3,159,0,159
4182,1,2,Supervisor_2,491,21,470
4183,31,1,Supervisor_1,310,3,307
4184,23,1,Supervisor_1,298,5,293
4185,40,2,Supervisor_2,95,4,91
4186,40,1,Supervisor_1,439,26,413
4187,36,3,Supervisor_3,433,6,427
4188,21,2,Supervisor_2,455,18,437
4189,43,1,Supervisor_1,246,5,241
4190,26,2,Supervisor_2,190,13,177
4191,43,3,Supervisor_3,185,14,171
4192,7,3,Supervisor_3,453,10,443
4193,43,2,Supervisor_2,409,8,401
4194,47,2,Supervisor_2,194,5,189
4195,25,2,Supervisor_2,216,1,215
4196,11,1,Supervisor_1,221,6,215
4197,33,2,Supervisor_2,470,0,470
4198,22,1,Supervisor_1,453,29,424
4199,29,2,Supervisor_2,114,0,114
4200,24,3,Supervisor_3,321,16,305
4201,21,3,Supervisor_3,330,4,326
4202,24,2,Supervisor_2,151,2,149
4203,10,1,Supervisor_1,280,13,267
4204,23,3,Supervisor_3,439,28,411
4205,38,3,Supervisor_3,105,4,101
4206,31,3,Supervisor_3,145,4,141
4207,43,3,Supervisor_3,270,15,255
4208,37,1,Supervisor_1,360,16,344
4209,13,2,Supervisor_2,350,21,329
4210,9,3,Supervisor_3,278,6,272
4211,49,3,Supervisor_3,52,3,49
4212,48,1,Supervisor_1,67,1,66
4213,48,1,Supervisor_1,73,4,69
4214,9,2,Supervisor_2,455,2,453
4215,43,2,Supervisor_2,377,5,372
4216,14,3,Supervisor_3,438,33,405
4217,39,3,Supervisor_3,119,3,116
4218,1,1,Supervisor_1,99,3,96
4219,20,1,Supervisor_1,135,2,133
4220,33,3,Supervisor_3,186,14,172
4221,22,1,Supervisor_1,268,9,259
4222,46,2,Supervisor_2,378,23,355
4223,16,2,Supervisor_2,474,36,438
4224,46,2,Supervisor_2,205,10,195
4225,18,1,Supervisor_1,352,18,334
4226,5,2,Supervisor_2,338,20,318
4227,10,2,Supervisor_2,213,13,200
4228,12,1,Supervisor_1,163,10,153
4229,50,3,Supervisor_3,485,23,462
4230,14,1,Supervisor_1,280,18,262
4231,49,3,Supervisor_3,115,6,109
4232,25,2,Supervisor_2,387,10,377
4233,16,1,Supervisor_1,80,4,76
4234,6,1,Supervisor_1,437,29,408
4235,3,3,Supervisor_3,442,24,418
4236,43,1,Supervisor_1,340,5,335
4237,11,2,Supervisor_2,434,10,424
4238,26,3,Supervisor_3,442,30,412
4239,3,2,Supervisor_2,427,14,413
4240,27,1,Supervisor_1,73,0,73
4241,21,2,Supervisor_2,53,3,50
4242,49,3,Supervisor_3,99,1,98
4243,44,3,Supervisor_3,357,10,347
4244,41,3,Supervisor_3,167,2,165
4245,24,3,Supervisor_3,244,8,236
4246,12,1,Supervisor_1,419,0,419
4247,18,3,Supervisor_3,481,28,453
4248,36,2,Supervisor_2,102,1,101
4249,18,1,Supervisor_1,247,19,228
4250,46,3,Supervisor_3,332,7,325
4251,1,2,Supervisor_2,84,4,80
4252,35,3,Supervisor_3,490,0,490
4253,17,2,Supervisor_2,136,4,132
4254,45,2,Supervisor_2,69,4,65
4255,42,1,Supervisor_1,212,7,205
4256,17,1,Supervisor_1,150,2,148
4257,5,3,Supervisor_3,336,19,317
4258,13,2,Supervisor_2,405,11,394
4259,14,2,Supervisor_2,253,11,242
4260,21,3,Supervisor_3,78,5,73
4261,21,3,Supervisor_3,396,8,388
4262,32,3,Supervisor_3,211,6,205
4263,20,1,Supervisor_1,273,4,269
4264,25,3,Supervisor_3,139,1,138
4265,15,2,Supervisor_2,387,22,365
4266,31,1,Supervisor_1,114,3,111
4267,1,3,Supervisor_3,206,13,193
4268,46,2,Supervisor_2,323,10,313
4269,5,3,Supervisor_3,418,18,400
4270,45,2,Supervisor_2,208,9,199
4271,31,1,Supervisor_1,223,10,213
4272,3,3,Supervisor_3,267,19,248
4273,16,1,Supervisor_1,401,25,376
4274,10,3,Supervisor_3,438,21,417
4275,28,3,Supervisor_3,300,10,290
4276,5,2,Supervisor_2,430,17,413
4277,32,1,Supervisor_1,499,12,487
4278,29,3,Supervisor_3,225,4,221
4279,42,1,Supervisor_1,414,25,389
4280,32,3,Supervisor_3,424,31,393
4281,44,1,Supervisor_1,436,33,403
4282,23,2,Supervisor_2,140,9,131
4283,47,3,Supervisor_3,372,23,349
4284,17,2,Supervisor_2,331,2,329
4285,27,1,Supervisor_1,273,5,268
4286,22,3,Supervisor_3,299,0,299
4287,35,2,Supervisor_2,191,7,184
4288,26,2,Supervisor_2,234,7,227
4289,48,1,Supervisor_1,110,6,104
4290,17,2,Supervisor_2,364,1,363
4291,23,2,Supervisor_2,74,0,74
4292,50,3,Supervisor_3,84,0,84
4293,39,1,Supervisor_1,404,19,385
4294,14,3,Supervisor_3,372,2,370
4295,36,3,Supervisor_3,338,15,323
4296,19,1,Supervisor_1,212,11,201
4297,10,2,Supervisor_2,325,6,319
4298,20,2,Supervisor_2,313,21,292
4299,11,2,Supervisor_2,480,30,450
4300,9,2,Supervisor_2,469,31,438
4301,22,3,Supervisor_3,219,3,216
4302,48,3,Supervisor_3,463,24,439
4303,4,3,Supervisor_3,250,13,237
4304,34,1,Supervisor_1,368,2,366
4305,46,1,Supervisor_1,350,12,338
4306,31,2,Supervisor_2,75,3,72
4307,20,1,Supervisor_1,118,9,109
4308,22,2,Supervisor_2,427,15,412
4309,30,3,Supervisor_3,157,5,152
4310,19,1,Supervisor_1,170,0,170
4311,34,2,Supervisor_2,331,11,320
4312,17,1,Supervisor_1,422,13,409
4313,12,1,Supervisor_1,442,23,419
4314,20,2,Supervisor_2,353,14,339
4315,41,3,Supervisor_3,338,13,325
4316,46,1,Supervisor_1,129,2,127
4317,21,2,Supervisor_2,71,2,69
4318,20,3,Supervisor_3,242,17,225
4319,5,1,Supervisor_1,211,12,199
4320,25,3,Supervisor_3,89,2,87
4321,30,1,Supervisor_1,465,4,461
4322,19,3,Supervisor_3,148,7,141
4323,14,1,Supervisor_1,280,19,261
4324,7,1,Supervisor_1,459,15,444
4325,19,3,Supervisor_3,406,10,396
4326,25,3,Supervisor_3,77,3,74
4327,23,3,Supervisor_3,91,5,86
4328,3,3,Supervisor_3,152,10,142
4329,9,3,Supervisor_3,253,11,242
4330,44,1,Supervisor_1,445,22,423
4331,35,3,Supervisor_3,199,5,194
4332,16,3,Supervisor_3,389,26,363
4333,27,3,Supervisor_3,334,17,317
4334,33,3,Supervisor_3,455,6,449
4335,31,1,Supervisor_1,416,2,414
4336,10,3,Supervisor_3,163,2,161
4337,41,1,Supervisor_1,448,26,422
4338,43,2,Supervisor_2,493,1,492
4339,16,1,Supervisor_1,425,31,394
4340,26,1,Supervisor_1,314,22,292
4341,40,1,Supervisor_1,316,22,294
4342,27,1,Supervisor_1,460,4,456
4343,39,1,Supervisor_1,277,15,262
4344,29,3,Supervisor_3,380,24,356
4345,46,3,Supervisor_3,428,11,417
4346,46,2,Supervisor_2,447,31,416
4347,12,2,Supervisor_2,314,11,303
4348,31,3,Supervisor_3,406,12,394
4349,23,3,Supervisor_3,114,8,106
4350,23,2,Supervisor_2,162,9,153
4351,9,1,Supervisor_1,358,6,352
4352,45,2,Supervisor_2,229,10,219
4353,38,1,Supervisor_1,220,0,220
4354,3,3,Supervisor_3,288,21,267
4355,4,1,Supervisor_1,388,7,381
4356,40,1,Supervisor_1,118,1,117
4357,49,2,Supervisor_2,139,7,132
4358,41,2,Supervisor_2,89,0,89
4359,39,3,Supervisor_3,250,15,235
4360,27,1,Supervisor_1,54,2,52
4361,40,1,Supervisor_1,142,4,138
4362,4,1,Supervisor_1,364,27,337
4363,49,2,Supervisor_2,259,1,258
4364,44,3,Supervisor_3,367,3,364
4365,13,3,Supervisor_3,169,1,168
4366,11,3,Supervisor_3,201,10,191
4367,47,2,Supervisor_2,147,9,138
4368,46,3,Supervisor_3,107,6,101
4369,4,1,Supervisor_1,75,4,71
4370,39,2,Supervisor_2,103,6,97
4371,42,1,Supervisor_1,407,5,402
4372,31,1,Supervisor_1,191,2,189
4373,21,1,Supervisor_1,290,11,279
4374,24,2,Supervisor_2,82,4,78
4375,16,1,Supervisor_1,465,23,442
4376,34,1,Supervisor_1,392,26,366
4377,10,1,Supervisor_1,106,2,104
4378,15,3,Supervisor_3,398,27,371
4379,10,1,Supervisor_1,339,17,322
4380,9,3,Supervisor_3,145,9,136
4381,41,2,Supervisor_2,385,17,368
4382,38,3,Supervisor_3,298,13,285
4383,27,3,Supervisor_3,439,2,437
4384,35,1,Supervisor_1,333,18,315
4385,9,1,Supervisor_1,264,20,244
4386,29,3,Supervisor_3,114,0,114
4387,16,1,Supervisor_1,450,16,434
4388,26,3,Supervisor_3,332,13,319
4389,25,2,Supervisor_2,85,5,80
4390,44,1,Supervisor_1,125,5,120
4391,11,3,Supervisor_3,227,7,220
4392,29,2,Supervisor_2,482,5,477
4393,21,3,Supervisor_3,174,6,168
4394,35,2,Supervisor_2,106,4,102
4395,44,1,Supervisor_1,157,8,149
4396,41,2,Supervisor_2,264,7,257
4397,45,3,Supervisor_3,149,1,148
4398,25,2,Supervisor_2,151,1,150
4399,40,2,Supervisor_2,348,4,344
4400,21,3,Supervisor_3,105,2,103
4401,28,2,Supervisor_2,388,17,371
4402,24,3,Supervisor_3,339,23,316
4403,47,2,Supervisor_2,408,8,400
4404,18,1,Supervisor_1,322,3,319
4405,17,1,Supervisor_1,152,3,149
4406,41,3,Supervisor_3,447,20,427
4407,15,3,Supervisor_3,243,7,236
4408,45,1,Supervisor_1,368,5,363
4409,30,2,Supervisor_2,471,20,451
4410,34,1,Supervisor_1,486,10,476
4411,48,1,Supervisor_1,320,1,319
4412,29,1,Supervisor_1,260,7,253
4413,42,3,Supervisor_3,213,16,197
4414,19,2,Supervisor_2,176,13,163
4415,36,2,Supervisor_2,247,9,238
4416,23,1,Supervisor_1,258,3,255
4417,32,1,Supervisor_1,412,24,388
4418,8,2,Supervisor_2,88,4,84
4419,36,1,Supervisor_1,386,7,379
4420,31,1,Supervisor_1,373,25,348
4421,2,1,Supervisor_1,380,10,370
4422,32,1,Supervisor_1,200,12,188
4423,11,2,Supervisor_2,483,12,471
4424,20,3,Supervisor_3,70,4,66
4425,45,2,Supervisor_2,384,14,370
4426,38,3,Supervisor_3,287,8,279
4427,16,2,Supervisor_2,257,1,256
4428,48,1,Supervisor_1,254,2,252
4429,30,3,Supervisor_3,187,10,177
4430,48,2,Supervisor_2,462,29,433
4431,2,1,Supervisor_1,177,0,177
4432,36,2,Supervisor_2,382,15,367
4433,13,2,Supervisor_2,206,5,201
4434,46,3,Supervisor_3,456,9,447
4435,50,1,Supervisor_1,285,20,265
4436,42,2,Supervisor_2,147,4,143
4437,33,2,Supervisor_2,317,6,311
4438,9,3,Supervisor_3,392,22,370
4439,18,1,Supervisor_1,453,16,437
4440,41,2,Supervisor_2,387,20,367
4441,6,2,Supervisor_2,293,1,292
4442,3,2,Supervisor_2,248,16,232
4443,9,3,Supervisor_3,235,4,231
4444,28,3,Supervisor_3,482,23,459
4445,42,3,Supervisor_3,183,10,173
4446,12,2,Supervisor_2,94,0,94
4447,9,3,Supervisor_3,474,4,470
4448,46,3,Supervisor_3,341,10,331
4449,1,1,Supervisor_1,166,11,155
4450,28,3,Supervisor_3,268,8,260
4451,44,3,Supervisor_3,232,11,221
4452,42,2,Supervisor_2,274,10,264
4453,5,2,Supervisor_2,299,11,288
4454,36,1,Supervisor_1,338,19,319
4455,45,3,Supervisor_3,373,8,365
4456,27,3,Supervisor_3,449,31,418
4457,17,3,Supervisor_3,54,0,54
4458,44,1,Supervisor_1,322,10,312
4459,36,2,Supervisor_2,322,4,318
4460,38,1,Supervisor_1,496,0,496
4461,32,1,Supervisor_1,193,9,184
4462,46,3,Supervisor_3,120,4,116
4463,15,3,Supervisor_3,106,7,99
4464,30,2,Supervisor_2,116,0,116
4465,42,2,Supervisor_2,139,7,132
4466,45,1,Supervisor_1,318,16,302
4467,48,2,Supervisor_2,477,11,466
4468,18,2,Supervisor_2,177,12,165
4469,6,1,Supervisor_1,335,14,321
4470,46,2,Supervisor_2,446,28,418
4471,11,3,Supervisor_3,138,3,135
4472,11,1,Supervisor_1,342,15,327
4473,37,3,Supervisor_3,207,13,194
4474,18,3,Supervisor_3,418,19,399
4475,46,3,Supervisor_3,391,21,370
4476,28,2,Supervisor_2,141,1,140
4477,22,2,Supervisor_2,197,13,184
4478,40,1,Supervisor_1,190,3,187
4479,30,1,Supervisor_1,259,19,240
4480,20,3,Supervisor_3,405,24,381
4481,47,1,Supervisor_1,400,18,382
4482,24,1,Supervisor_1,80,2,78
4483,8,3,Supervisor_3,479,11,468
4484,25,3,Supervisor_3,424,16,408
4485,32,3,Supervisor_3,54,3,51
4486,29,1,Supervisor_1,318,6,312
4487,50,2,Supervisor_2,261,17,244
4488,46,3,Supervisor_3,139,9,130
4489,50,3,Supervisor_3,144,3,141
4490,27,1,Supervisor_1,57,3,54
4491,44,3,Supervisor_3,276,14,262
4492,38,3,Supervisor_3,491,27,464
4493,32,1,Supervisor_1,158,6,152
4494,20,1,Supervisor_1,71,2,69
4495,50,2,Supervisor_2,140,6,134
4496,38,2,Supervisor_2,144,10,134
4497,32,1,Supervisor_1,94,5,89
4498,4,2,Supervisor_2,135,6,129
4499,7,1,Supervisor_1,76,5,71
4500,9,2,Supervisor_2,63,0,63
4501,42,2,Supervisor_2,209,7,202
4502,17,2,Supervisor_2,191,1,190
4503,29,1,Supervisor_1,491,19,472
4504,21,3,Supervisor_3,374,12,362
4505,3,2,Supervisor_2,426,24,402
4506,37,1,Supervisor_1,247,14,233
4507,19,3,Supervisor_3,379,22,357
4508,42,2,Supervisor_2,414,30,384
4509,13,2,Supervisor_2,314,8,306
4510,43,2,Supervisor_2,485,1,484
4511,19,3,Supervisor_3,379,8,371
4512,36,1,Supervisor_1,367,26,341
4513,36,2,Supervisor_2,330,20,310
4514,48,3,Supervisor_3,326,3,323
4515,46,3,Supervisor_3,468,34,434
4516,7,2,Supervisor_2,370,1,369
4517,42,2,Supervisor_2,82,0,82
4518,2,3,Supervisor_3,240,11,229
4519,42,1,Supervisor_1,492,22,470
4520,28,1,Supervisor_1,229,17,212
4521,29,1,Supervisor_1,238,8,230
4522,41,3,Supervisor_3,338,13,325
4523,29,1,Supervisor_1,389,17,372
4524,34,2,Supervisor_2,458,0,458
4525,18,3,Supervisor_3,354,7,347
4526,31,1,Supervisor_1,211,8,203
4527,1,3,Supervisor_3,227,6,221
4528,39,3,Supervisor_3,108,5,103
4529,11,2,Supervisor_2,119,0,119
4530,27,1,Supervisor_1,366,17,349
4531,50,2,Supervisor_2,234,12,222
4532,21,3,Supervisor_3,313,9,304
4533,43,1,Supervisor_1,402,21,381
4534,16,2,Supervisor_2,400,30,370
4535,35,1,Supervisor_1,356,13,343
4536,8,1,Supervisor_1,474,19,455
4537,27,3,Supervisor_3,312,17,295
4538,10,3,Supervisor_3,457,4,453
4539,37,3,Supervisor_3,217,10,207
4540,27,1,Supervisor_1,128,5,123
4541,6,3,Supervisor_3,99,4,95
4542,4,1,Supervisor_1,89,0,89
4543,16,3,Supervisor_3,98,7,91
4544,38,3,Supervisor_3,423,22,401
4545,32,1,Supervisor_1,478,12,466
4546,10,3,Supervisor_3,126,6,120
4547,1,1,Supervisor_1,465,22,443
4548,5,2,Supervisor_2,340,0,340
4549,39,2,Supervisor_2,255,8,247
4550,17,2,Supervisor_2,171,1,170
4551,27,2,Supervisor_2,317,22,295
4552,5,3,Supervisor_3,264,16,248
4553,48,2,Supervisor_2,283,18,265
4554,40,1,Supervisor_1,294,6,288
4555,47,1,Supervisor_1,435,33,402
4556,2,1,Supervisor_1,323,25,298
4557,31,2,Supervisor_2,100,3,97
4558,20,1,Supervisor_1,482,13,469
4559,34,1,Supervisor_1,417,32,385
4560,17,3,Supervisor_3,158,0,158
4561,47,2,Supervisor_2,199,14,185
4562,40,3,Supervisor_3,398,4,394
4563,32,1,Supervisor_1,483,23,460
4564,3,3,Supervisor_3,461,2,459
4565,6,1,Supervisor_1,206,5,201
4566,47,1,Supervisor_1,267,10,257
4567,22,1,Supervisor_1,376,0,376
4568,42,3,Supervisor_3,496,13,483
4569,43,1,Supervisor_1,446,34,412
4570,45,2,Supervisor_2,99,0,99
4571,16,2,Supervisor_2,164,4,160
4572,45,2,Supervisor_2,324,3,321
4573,42,1,Supervisor_1,255,3,252
4574,21,3,Supervisor_3,131,3,128
4575,15,3,Supervisor_3,417,15,402
4576,31,2,Supervisor_2,474,15,459
4577,6,1,Supervisor_1,91,0,91
4578,10,3,Supervisor_3,379,8,371
4579,11,2,Supervisor_2,458,3,455
4580,29,2,Supervisor_2,402,28,374
4581,45,3,Supervisor_3,273,5,268
4582,7,2,Supervisor_2,326,0,326
4583,4,2,Supervisor_2,391,16,375
4584,40,2,Supervisor_2,374,22,352
4585,9,3,Supervisor_3,62,3,59
4586,5,3,Supervisor_3,415,25,390
4587,28,2,Supervisor_2,422,23,399
4588,19,2,Supervisor_2,322,16,306
4589,12,3,Supervisor_3,135,2,133
4590,5,3,Supervisor_3,150,9,141
4591,11,2,Supervisor_2,71,3,68
4592,47,2,Supervisor_2,288,13,275
4593,44,3,Supervisor_3,188,11,177
4594,19,2,Supervisor_2,440,26,414
4595,30,3,Supervisor_3,127,10,117
4596,31,1,Supervisor_1,359,19,340
4597,31,3,Supervisor_3,304,12,292
4598,10,2,Supervisor_2,337,18,319
4599,6,2,Supervisor_2,419,5,414
4600,50,3,Supervisor_3,182,11,171
4601,14,1,Supervisor_1,377,16,361
4602,27,1,Supervisor_1,400,4,396
4603,8,2,Supervisor_2,197,6,191
4604,14,3,Supervisor_3,67,3,64
4605,40,1,Supervisor_1,108,5,103
4606,36,3,Supervisor_3,165,7,158
4607,43,2,Supervisor_2,261,2,259
4608,26,1,Supervisor_1,469,13,456
4609,43,2,Supervisor_2,333,5,328
4610,26,2,Supervisor_2,290,8,282
4611,14,2,Supervisor_2,240,13,227
4612,6,3,Supervisor_3,453,30,423
4613,36,3,Supervisor_3,308,10,298
4614,27,3,Supervisor_3,188,4,184
4615,46,3,Supervisor_3,427,7,420
4616,23,3,Supervisor_3,191,3,188
4617,33,1,Supervisor_1,125,1,124
4618,27,2,Supervisor_2,319,4,315
4619,49,3,Supervisor_3,148,4,144
4620,41,2,Supervisor_2,83,4,79
4621,34,1,Supervisor_1,383,22,361
4622,42,3,Supervisor_3,407,10,397
4623,48,3,Supervisor_3,107,6,101
4624,47,2,Supervisor_2,486,11,475
4625,15,1,Supervisor_1,491,8,483
4626,7,3,Supervisor_3,76,5,71
4627,40,1,Supervisor_1,262,6,256
4628,33,3,Supervisor_3,314,2,312
4629,41,3,Supervisor_3,263,9,254
4630,5,2,Supervisor_2,221,2,219
4631,40,2,Supervisor_2,302,22,280
4632,14,1,Supervisor_1,480,33,447
4633,23,1,Supervisor_1,307,5,302
4634,27,1,Supervisor_1,498,21,477
4635,12,2,Supervisor_2,126,4,122
4636,7,2,Supervisor_2,446,24,422
4637,4,2,Supervisor_2,70,1,69
4638,43,1,Supervisor_1,318,7,311
4639,31,1,Supervisor_1,467,10,457
4640,19,1,Supervisor_1,195,9,186
4641,12,3,Supervisor_3,176,2,174
4642,34,1,Supervisor_1,74,2,72
4643,22,1,Supervisor_1,231,16,215
4644,5,2,Supervisor_2,491,32,459
4645,40,3,Supervisor_3,184,5,179
4646,8,2,Supervisor_2,77,3,74
4647,22,1,Supervisor_1,50,1,49
4648,3,2,Supervisor_2,383,19,364
4649,25,2,Supervisor_2,196,1,195
4650,41,1,Supervisor_1,212,14,198
4651,10,1,Supervisor_1,177,0,177
4652,15,3,Supervisor_3,260,13,247
4653,32,3,Supervisor_3,478,8,470
4654,11,2,Supervisor_2,212,1,211
4655,38,2,Supervisor_2,243,7,236
4656,26,3,Supervisor_3,53,2,51
4657,9,2,Supervisor_2,321,11,310
4658,26,3,Supervisor_3,241,4,237
4659,48,3,Supervisor_3,76,1,75
4660,13,1,Supervisor_1,275,5,270
4661,47,2,Supervisor_2,224,16,208
4662,50,1,Supervisor_1,254,10,244
4663,2,2,Supervisor_2,426,23,403
4664,34,2,Supervisor_2,494,16,478
4665,45,2,Supervisor_2,319,10,309
4666,21,3,Supervisor_3,394,0,394
4667,38,2,Supervisor_2,72,3,69
4668,39,1,Supervisor_1,330,13,317
4669,17,3,Supervisor_3,437,34,403
4670,21,2,Supervisor_2,182,12,170
4671,27,1,Supervisor_1,59,3,56
4672,4,3,Supervisor_3,136,2,134
4673,1,1,Supervisor_1,449,35,414
4674,18,3,Supervisor_3,284,16,268
4675,21,1,Supervisor_1,211,3,208
4676,16,1,Supervisor_1,428,32,396
4677,6,1,Supervisor_1,159,0,159
4678,14,2,Supervisor_2,441,6,435
4679,29,3,Supervisor_3,65,2,63
4680,9,1,Supervisor_1,295,22,273
4681,17,2,Supervisor_2,186,3,183
4682,6,2,Supervisor_2,261,9,252
4683,18,3,Supervisor_3,385,7,378
4684,36,2,Supervisor_2,198,15,183
4685,17,1,Supervisor_1,59,1,58
4686,9,3,Supervisor_3,105,7,98
4687,41,2,Supervisor_2,93,3,90
4688,28,3,Supervisor_3,459,27,432
4689,19,2,Supervisor_2,490,20,470
4690,42,1,Supervisor_1,409,23,386
4691,32,1,Supervisor_1,148,0,148
4692,29,1,Supervisor_1,299,8,291
4693,21,2,Supervisor_2,251,20,231
4694,22,1,Supervisor_1,445,26,419
4695,43,3,Supervisor_3,486,23,463
4696,21,3,Supervisor_3,371,8,363
4697,5,1,Supervisor_1,162,7,155
4698,35,2,Supervisor_2,85,0,85
4699,29,1,Supervisor_1,70,0,70
4700,16,2,Supervisor_2,315,5,310
4701,43,3,Supervisor_3,423,9,414
4702,34,1,Supervisor_1,358,16,342
4703,15,2,Supervisor_2,197,11,186
4704,15,1,Supervisor_1,136,3,133
4705,15,3,Supervisor_3,466,7,459
4706,31,3,Supervisor_3,453,22,431
4707,23,3,Supervisor_3,500,4,496
4708,12,3,Supervisor_3,404,31,373
4709,6,1,Supervisor_1,395,9,386
4710,33,3,Supervisor_3,250,6,244
4711,36,1,Supervisor_1,212,7,205
4712,49,3,Supervisor_3,139,0,139
4713,36,2,Supervisor_2,127,4,123
4714,7,1,Supervisor_1,326,7,319
4715,22,1,Supervisor_1,55,1,54
4716,50,3,Supervisor_3,85,6,79
4717,13,1,Supervisor_1,462,11,451
4718,19,3,Supervisor_3,96,0,96
4719,42,2,Supervisor_2,310,23,287
4720,47,2,Supervisor_2,329,0,329
4721,13,2,Supervisor_2,98,6,92
4722,31,2,Supervisor_2,433,18,415
4723,26,1,Supervisor_1,281,2,279
4724,29,2,Supervisor_2,312,12,300
4725,46,1,Supervisor_1,463,15,448
4726,44,2,Supervisor_2,181,0,181
4727,20,1,Supervisor_1,323,18,305
4728,39,3,Supervisor_3,328,14,314
4729,6,1,Supervisor_1,279,15,264
4730,32,3,Supervisor_3,195,5,190
4731,43,1,Supervisor_1,178,7,171
4732,5,1,Supervisor_1,271,20,251
4733,41,1,Supervisor_1,489,2,487
4734,42,1,Supervisor_1,440,28,412
4735,33,1,Supervisor_1,57,1,56
4736,47,1,Supervisor_1,362,27,335
4737,7,2,Supervisor_2,451,30,421
4738,17,3,Supervisor_3,422,11,411
4739,3,1,Supervisor_1,80,0,80
4740,40,1,Supervisor_1,202,9,193
4741,15,2,Supervisor_2,243,1,242
4742,37,1,Supervisor_1,234,9,225
4743,5,3,Supervisor_3,292,5,287
4744,12,3,Supervisor_3,270,13,257
4745,49,1,Supervisor_1,280,4,276
4746,19,3,Supervisor_3,474,30,444
4747,24,1,Supervisor_1,252,15,237
4748,5,3,Supervisor_3,141,7,134
4749,15,2,Supervisor_2,415,7,408
4750,48,2,Supervisor_2,423,7,416
4751,20,1,Supervisor_1,382,14,368
4752,46,3,Supervisor_3,339,9,330
4753,27,3,Supervisor_3,229,15,214
4754,50,2,Supervisor_2,144,7,137
4755,9,1,Supervisor_1,343,21,322
4756,11,1,Supervisor_1,299,11,288
4757,14,2,Supervisor_2,176,6,170
4758,11,3,Supervisor_3,473,33,440
4759,31,1,Supervisor_1,130,9,121
4760,24,3,Supervisor_3,226,11,215
4761,42,1,Supervisor_1,139,0,139
4762,31,2,Supervisor_2,478,4,474
4763,6,1,Supervisor_1,493,31,462
4764,7,3,Supervisor_3,422,1,421
4765,31,2,Supervisor_2,468,3,465
4766,7,1,Supervisor_1,184,5,179
4767,38,3,Supervisor_3,329,22,307
4768,20,2,Supervisor_2,172,10,162
4769,21,3,Supervisor_3,125,6,119
4770,15,2,Supervisor_2,335,0,335
4771,8,2,Supervisor_2,374,12,362
4772,29,2,Supervisor_2,440,7,433
4773,6,2,Supervisor_2,418,18,400
4774,13,2,Supervisor_2,267,9,258
4775,37,3,Supervisor_3,414,11,403
4776,18,3,Supervisor_3,205,15,190
4777,16,2,Supervisor_2,324,3,321
4778,47,2,Supervisor_2,255,16,239
4779,20,3,Supervisor_3,498,14,484
4780,43,3,Supervisor_3,261,7,254
4781,13,1,Supervisor_1,148,4,144
4782,9,1,Supervisor_1,423,31,392
4783,24,1,Supervisor_1,147,3,144
4784,44,2,Supervisor_2,87,1,86
4785,13,3,Supervisor_3,152,5,147
4786,46,3,Supervisor_3,244,12,232
4787,27,1,Supervisor_1,251,19,232
4788,36,2,Supervisor_2,379,25,354
4789,41,3,Supervisor_3,179,13,166
4790,44,1,Supervisor_1,131,7,124
4791,7,1,Supervisor_1,57,0,57
4792,36,1,Supervisor_1,344,24,320
4793,21,3,Supervisor_3,260,4,256
4794,15,1,Supervisor_1,401,16,385
4795,30,3,Supervisor_3,384,21,363
4796,9,3,Supervisor_3,181,3,178
4797,20,3,Supervisor_3,349,17,332
4798,36,1,Supervisor_1,190,2,188
4799,41,1,Supervisor_1,92,1,91
4800,43,1,Supervisor_1,289,18,271
4801,5,2,Supervisor_2,394,17,377
4802,8,2,Supervisor_2,441,13,428
4803,8,2,Supervisor_2,270,8,262
4804,29,1,Supervisor_1,480,24,456
4805,13,1,Supervisor_1,358,9,349
4806,44,3,Supervisor_3,377,22,355
4807,22,1,Supervisor_1,477,8,469
4808,46,1,Supervisor_1,384,9,375
4809,27,1,Supervisor_1,341,0,341
4810,39,3,Supervisor_3,55,0,55
4811,18,1,Supervisor_1,403,25,378
4812,30,1,Supervisor_1,345,21,324
4813,22,1,Supervisor_1,276,18,258
4814,15,2,Supervisor_2,164,5,159
4815,38,2,Supervisor_2,315,0,315
4816,35,1,Supervisor_1,237,6,231
4817,3,2,Supervisor_2,373,14,359
4818,16,1,Supervisor_1,166,4,162
4819,33,3,Supervisor_3,364,17,347
4820,2,2,Supervisor_2,89,2,87
4821,1,2,Supervisor_2,341,14,327
4822,11,3,Supervisor_3,265,0,265
4823,13,1,Supervisor_1,160,6,154
4824,29,1,Supervisor_1,336,0,336
4825,39,1,Supervisor_1,374,2,372
4826,48,3,Supervisor_3,265,18,247
4827,3,2,Supervisor_2,359,12,347
4828,35,1,Supervisor_1,277,21,256
4829,49,1,Supervisor_1,154,7,147
4830,30,2,Supervisor_2,93,0,93
4831,29,2,Supervisor_2,106,5,101
4832,14,1,Supervisor_1,477,21,456
4833,49,1,Supervisor_1,132,4,128
4834,9,2,Supervisor_2,279,10,269
4835,42,2,Supervisor_2,193,11,182
4836,40,1,Supervisor_1,75,1,74
4837,32,3,Supervisor_3,141,9,132
4838,36,3,Supervisor_3,214,7,207
4839,45,2,Supervisor_2,159,5,154
4840,36,2,Supervisor_2,300,5,295
4841,39,1,Supervisor_1,450,26,424
4842,23,1,Supervisor_1,221,5,216
4843,9,1,Supervisor_1,67,5,62
4844,12,3,Supervisor_3,157,6,151
4845,10,2,Supervisor_2,198,11,187
4846,15,2,Supervisor_2,169,4,165
4847,1,1,Supervisor_1,190,12,178
4848,46,1,Supervisor_1,432,24,408
4849,40,3,Supervisor_3,269,20,249
4850,8,3,Supervisor_3,174,12,162
4851,28,3,Supervisor_3,61,0,61
4852,40,3,Supervisor_3,401,15,386
4853,36,2,Supervisor_2,453,31,422
4854,9,1,Supervisor_1,308,16,292
4855,4,1,Supervisor_1,275,20,255
4856,3,3,Supervisor_3,84,4,80
4857,30,2,Supervisor_2,192,13,179
4858,9,1,Supervisor_1,252,18,234
4859,42,3,Supervisor_3,298,6,292
4860,14,3,Supervisor_3,163,3,160
4861,46,2,Supervisor_2,489,5,484
4862,12,1,Supervisor_1,477,15,462
4863,27,3,Supervisor_3,170,11,159
4864,47,3,Supervisor_3,260,6,254
4865,8,2,Supervisor_2,156,2,154
4866,4,3,Supervisor_3,339,4,335
4867,14,3,Supervisor_3,201,8,193
4868,40,2,Supervisor_2,366,22,344
4869,21,3,Supervisor_3,493,2,491
4870,40,2,Supervisor_2,77,2,75
4871,37,3,Supervisor_3,453,1,452
4872,34,1,Supervisor_1,319,8,311
4873,37,2,Supervisor_2,447,20,427
4874,10,1,Supervisor_1,311,10,301
4875,47,1,Supervisor_1,145,4,141
4876,42,2,Supervisor_2,99,4,95
4877,19,3,Supervisor_3,119,3,116
4878,29,3,Supervisor_3,481,36,445
4879,2,1,Supervisor_1,472,19,453
4880,21,2,Supervisor_2,353,25,328
4881,34,3,Supervisor_3,320,21,299
4882,24,2,Supervisor_2,367,9,358
4883,10,1,Supervisor_1,304,8,296
4884,9,3,Supervisor_3,108,7,101
4885,31,3,Supervisor_3,286,10,276
4886,1,3,Supervisor_3,408,5,403
4887,13,1,Supervisor_1,241,11,230
4888,30,3,Supervisor_3,320,22,298
4889,33,1,Supervisor_1,164,9,155
4890,26,1,Supervisor_1,426,23,403
4891,6,3,Supervisor_3,398,23,375
4892,20,2,Supervisor_2,259,2,257
4893,27,3,Supervisor_3,419,32,387
4894,45,2,Supervisor_2,88,3,85
4895,30,2,Supervisor_2,135,6,129
4896,50,2,Supervisor_2,217,4,213
4897,39,3,Supervisor_3,288,6,282
4898,39,1,Supervisor_1,321,11,310
4899,38,2,Supervisor_2,57,2,55
4900,50,3,Supervisor_3,457,29,428
4901,34,1,Supervisor_1,86,0,86
4902,40,3,Supervisor_3,499,8,491
4903,7,1,Supervisor_1,307,17,290
4904,8,2,Supervisor_2,118,1,117
4905,25,2,Supervisor_2,196,12,184
4906,49,3,Supervisor_3,294,0,294
4907,2,1,Supervisor_1,370,1,369
4908,13,1,Supervisor_1,341,7,334
4909,49,1,Supervisor_1,69,0,69
4910,42,2,Supervisor_2,124,2,122
4911,32,1,Supervisor_1,164,11,153
4912,31,1,Supervisor_1,458,0,458
4913,28,3,Supervisor_3,306,10,296
4914,42,2,Supervisor_2,317,19,298
4915,45,3,Supervisor_3,93,7,86
4916,13,2,Supervisor_2,449,11,438
4917,46,2,Supervisor_2,66,2,64
4918,16,2,Supervisor_2,441,9,432
4919,16,2,Supervisor_2,330,5,325
4920,46,1,Supervisor_1,453,25,428
4921,45,3,Supervisor_3,441,6,435
4922,11,2,Supervisor_2,116,0,116
4923,48,2,Supervisor_2,97,1,96
4924,9,1,Supervisor_1,409,29,380
4925,7,2,Supervisor_2,92,1,91
4926,28,2,Supervisor_2,281,10,271
4927,34,3,Supervisor_3,377,7,370
4928,9,2,Supervisor_2,467,2,465
4929,37,2,Supervisor_2,332,0,332
4930,6,1,Supervisor_1,287,1,286
4931,45,3,Supervisor_3,142,10,132
4932,22,3,Supervisor_3,80,1,79
4933,13,3,Supervisor_3,407,6,401
4934,6,2,Supervisor_2,208,16,192
4935,34,2,Supervisor_2,168,12,156
4936,14,1,Supervisor_1,491,7,484
4937,32,3,Supervisor_3,97,5,92
4938,23,3,Supervisor_3,173,12,161
4939,40,3,Supervisor_3,369,16,353
4940,36,2,Supervisor_2,434,23,411
4941,43,2,Supervisor_2,122,7,115
4942,3,2,Supervisor_2,140,8,132
4943,19,3,Supervisor_3,96,7,89
4944,6,3,Supervisor_3,74,0,74
4945,35,2,Supervisor_2,139,2,137
4946,7,1,Supervisor_1,172,6,166
4947,33,1,Supervisor_1,238,9,229
4948,16,1,Supervisor_1,411,26,385
4949,45,3,Supervisor_3,137,1,136
4950,17,2,Supervisor_2,161,3,158
4951,3,3,Supervisor_3,229,13,216
4952,41,3,Supervisor_3,484,23,461
4953,14,3,Supervisor_3,422,10,412
4954,24,2,Supervisor_2,281,19,262
4955,37,2,Supervisor_2,133,0,133
4956,34,3,Supervisor_3,180,13,167
4957,13,3,Supervisor_3,62,1,61
4958,19,2,Supervisor_2,402,1,401
4959,20,2,Supervisor_2,245,17,228
4960,37,1,Supervisor_1,261,13,248
4961,13,1,Supervisor_1,328,10,318
4962,17,2,Supervisor_2,284,16,268
4963,50,3,Supervisor_3,65,1,64
4964,7,2,Supervisor_2,74,4,70
4965,3,3,Supervisor_3,165,7,158
4966,42,3,Supervisor_3,57,4,53
4967,44,3,Supervisor_3,97,2,95
4968,15,1,Supervisor_1,365,14,351
4969,2,1,Supervisor_1,94,4,90
4970,19,3,Supervisor_3,295,20,275
4971,47,2,Supervisor_2,368,27,341
4972,46,1,Supervisor_1,493,4,489
4973,46,1,Supervisor_1,242,9,233
4974,27,2,Supervisor_2,327,11,316
4975,42,3,Supervisor_3,283,4,279
4976,49,3,Supervisor_3,424,7,417
4977,3,3,Supervisor_3,438,20,418
4978,4,3,Supervisor_3,65,4,61
4979,43,1,Supervisor_1,357,8,349
4980,34,2,Supervisor_2,238,14,224
4981,45,1,Supervisor_1,59,3,56
4982,6,1,Supervisor_1,306,6,300
4983,13,1,Supervisor_1,355,9,346
4984,17,1,Supervisor_1,231,15,216
4985,14,3,Supervisor_3,193,9,184
4986,15,2,Supervisor_2,258,5,253
4987,8,3,Supervisor_3,181,4,177
4988,10,2,Supervisor_2,113,7,106
4989,34,3,Supervisor_3,276,6,270
4990,38,2,Supervisor_2,85,1,84
4991,40,1,Supervisor_1,403,6,397
4992,5,3,Supervisor_3,80,1,79
4993,17,2,Supervisor_2,270,4,266
4994,42,1,Supervisor_1,302,2,300
4995,12,2,Supervisor_2,435,6,429
4996,4,3,Supervisor_3,383,14,369
4997,29,1,Supervisor_1,91,3,88
4998,48,3,Supervisor_3,359,3,356
4999,9,3,Supervisor_3,67,0,67
5000,11,2,Supervisor_2,365,10,355
5001,22,3,Supervisor_3,475,2,473
5002,27,2,Supervisor_2,386,0,386
5003,45,1,Supervisor_1,172,10,162
5004,21,3,Supervisor_3,477,20,457
5005,10,3,Supervisor_3,458,20,438
5006,30,1,Supervisor_1,276,2,274
5007,24,2,Supervisor_2,368,7,361
5008,32,1,Supervisor_1,418,20,398
5009,12,1,Supervisor_1,244,12,232
5010,4,1,Supervisor_1,274,13,261
5011,18,1,Supervisor_1,183,6,177
5012,19,2,Supervisor_2,395,18,377
5013,49,1,Supervisor_1,375,1,374
5014,6,3,Supervisor_3,219,3,216
5015,26,2,Supervisor_2,427,0,427
5016,23,3,Supervisor_3,136,1,135
5017,36,2,Supervisor_2,473,24,449
5018,45,3,Supervisor_3,127,6,121
5019,19,3,Supervisor_3,106,5,101
5020,8,2,Supervisor_2,416,13,403
5021,13,2,Supervisor_2,163,1,162
5022,28,2,Supervisor_2,92,1,91
5023,22,3,Supervisor_3,292,2,290
5024,4,1,Supervisor_1,238,8,230
5025,26,3,Supervisor_3,386,1,385
5026,19,2,Supervisor_2,473,31,442
5027,26,3,Supervisor_3,214,12,202
5028,29,1,Supervisor_1,62,1,61
5029,40,1,Supervisor_1,366,26,340
5030,28,1,Supervisor_1,349,20,329
5031,29,2,Supervisor_2,50,3,47
5032,21,2,Supervisor_2,455,20,435
5033,3,1,Supervisor_1,188,9,179
5034,5,1,Supervisor_1,190,9,181
5035,16,2,Supervisor_2,378,17,361
5036,27,1,Supervisor_1,62,2,60
5037,50,1,Supervisor_1,325,4,321
5038,41,2,Supervisor_2,233,1,232
5039,16,2,Supervisor_2,157,0,157
5040,41,1,Supervisor_1,231,14,217
5041,25,3,Supervisor_3,173,8,165
5042,43,1,Supervisor_1,238,1,237
5043,48,1,Supervisor_1,71,5,66
5044,32,2,Supervisor_2,78,3,75
5045,3,1,Supervisor_1,284,14,270
5046,35,2,Supervisor_2,473,23,450
5047,14,3,Supervisor_3,144,2,142
5048,40,2,Supervisor_2,341,1,340
5049,15,2,Supervisor_2,430,7,423
5050,4,2,Supervisor_2,262,2,260
5051,11,3,Supervisor_3,463,16,447
5052,16,3,Supervisor_3,141,6,135
5053,32,1,Supervisor_1,491,26,465
5054,42,1,Supervisor_1,112,0,112
5055,6,3,Supervisor_3,297,6,291
5056,20,1,Supervisor_1,139,7,132
5057,38,1,Supervisor_1,313,3,310
5058,33,1,Supervisor_1,310,6,304
5059,20,3,Supervisor_3,292,4,288
5060,40,3,Supervisor_3,495,11,484
5061,36,3,Supervisor_3,287,19,268
5062,42,3,Supervisor_3,104,4,100
5063,11,1,Supervisor_1,386,30,356
5064,46,2,Supervisor_2,478,24,454
5065,37,1,Supervisor_1,227,12,215
5066,17,3,Supervisor_3,197,6,191
5067,25,3,Supervisor_3,354,1,353
5068,5,2,Supervisor_2,229,15,214
5069,1,2,Supervisor_2,380,17,363
5070,9,1,Supervisor_1,423,29,394
5071,46,1,Supervisor_1,405,25,380
5072,7,3,Supervisor_3,166,10,156
5073,19,1,Supervisor_1,436,19,417
5074,12,2,Supervisor_2,400,17,383
5075,34,2,Supervisor_2,147,11,136
5076,17,3,Supervisor_3,419,14,405
5077,20,3,Supervisor_3,369,5,364
5078,39,2,Supervisor_2,442,16,426
5079,16,1,Supervisor_1,106,4,102
5080,20,2,Supervisor_2,305,5,300
5081,50,1,Supervisor_1,66,3,63
5082,50,1,Supervisor_1,196,7,189
5083,34,2,Supervisor_2,211,12,199
5084,30,2,Supervisor_2,195,15,180
5085,7,1,Supervisor_1,445,15,430
5086,7,1,Supervisor_1,494,36,458
5087,26,3,Supervisor_3,205,12,193
5088,48,2,Supervisor_2,57,2,55
5089,13,3,Supervisor_3,250,6,244
5090,47,2,Supervisor_2,340,21,319
5091,14,3,Supervisor_3,286,1,285
5092,25,3,Supervisor_3,263,6,257
5093,12,1,Supervisor_1,227,7,220
5094,27,2,Supervisor_2,54,2,52
5095,23,1,Supervisor_1,465,14,451
5096,15,1,Supervisor_1,187,8,179
5097,16,2,Supervisor_2,129,6,123
5098,34,3,Supervisor_3,124,9,115
5099,43,2,Supervisor_2,414,29,385
5100,32,3,Supervisor_3,141,3,138
5101,42,1,Supervisor_1,420,20,400
5102,20,1,Supervisor_1,141,7,134
5103,38,1,Supervisor_1,269,3,266
5104,18,2,Supervisor_2,336,4,332
5105,41,2,Supervisor_2,194,3,191
5106,17,3,Supervisor_3,434,11,423
5107,26,3,Supervisor_3,424,16,408
5108,7,1,Supervisor_1,245,16,229
5109,11,3,Supervisor_3,408,24,384
5110,5,1,Supervisor_1,276,5,271
5111,26,2,Supervisor_2,459,17,442
5112,21,1,Supervisor_1,82,4,78
5113,35,2,Supervisor_2,269,16,253
5114,36,1,Supervisor_1,452,18,434
5115,2,3,Supervisor_3,387,5,382
5116,46,3,Supervisor_3,281,0,281
5117,18,2,Supervisor_2,369,26,343
5118,24,2,Supervisor_2,118,7,111
5119,16,2,Supervisor_2,407,7,400
5120,6,1,Supervisor_1,88,0,88
5121,15,2,Supervisor_2,429,19,410
5122,24,3,Supervisor_3,173,1,172
5123,1,1,Supervisor_1,264,17,247
5124,50,1,Supervisor_1,83,5,78
5125,17,1,Supervisor_1,234,7,227
5126,36,2,Supervisor_2,438,26,412
5127,25,2,Supervisor_2,352,4,348
5128,37,1,Supervisor_1,341,17,324
5129,3,1,Supervisor_1,63,4,59
5130,25,2,Supervisor_2,152,2,150
5131,6,1,Supervisor_1,98,4,94
5132,20,2,Supervisor_2,403,23,380
5133,26,3,Supervisor_3,455,2,453
5134,6,2,Supervisor_2,483,10,473
5135,35,3,Supervisor_3,167,8,159
5136,26,2,Supervisor_2,427,33,394
5137,17,2,Supervisor_2,110,7,103
5138,49,1,Supervisor_1,488,37,451
5139,6,3,Supervisor_3,339,23,316
5140,26,3,Supervisor_3,348,6,342
5141,7,3,Supervisor_3,418,19,399
5142,43,2,Supervisor_2,173,5,168
5143,2,2,Supervisor_2,174,5,169
5144,22,3,Supervisor_3,295,10,285
5145,25,1,Supervisor_1,411,16,395
5146,49,2,Supervisor_2,141,2,139
5147,15,3,Supervisor_3,419,11,408
5148,49,3,Supervisor_3,387,0,387
5149,47,2,Supervisor_2,409,25,384
5150,25,3,Supervisor_3,240,0,240
5151,32,1,Supervisor_1,484,20,464
5152,30,1,Supervisor_1,255,15,240
5153,37,2,Supervisor_2,254,0,254
5154,35,2,Supervisor_2,154,8,146
5155,37,2,Supervisor_2,190,6,184
5156,37,2,Supervisor_2,116,6,110
5157,32,1,Supervisor_1,375,15,360
5158,37,1,Supervisor_1,322,11,311
5159,2,2,Supervisor_2,351,16,335
5160,8,1,Supervisor_1,243,11,232
5161,20,3,Supervisor_3,417,8,409
5162,33,2,Supervisor_2,352,1,351
5163,28,1,Supervisor_1,66,3,63
5164,3,2,Supervisor_2,415,21,394
5165,45,3,Supervisor_3,152,7,145
5166,23,2,Supervisor_2,67,2,65
5167,25,3,Supervisor_3,90,2,88
5168,41,1,Supervisor_1,412,9,403
5169,4,1,Supervisor_1,209,5,204
5170,15,3,Supervisor_3,498,16,482
5171,21,2,Supervisor_2,57,3,54
5172,8,1,Supervisor_1,132,4,128
5173,38,3,Supervisor_3,372,7,365
5174,31,3,Supervisor_3,340,19,321
5175,24,3,Supervisor_3,103,4,99
5176,16,2,Supervisor_2,432,0,432
5177,32,3,Supervisor_3,366,20,346
5178,13,2,Supervisor_2,471,35,436
5179,1,3,Supervisor_3,396,11,385
5180,26,3,Supervisor_3,130,7,123
5181,30,2,Supervisor_2,169,5,164
5182,3,3,Supervisor_3,183,8,175
5183,8,2,Supervisor_2,486,26,460
5184,37,1,Supervisor_1,327,8,319
5185,43,2,Supervisor_2,475,16,459
5186,28,3,Supervisor_3,114,1,113
5187,3,3,Supervisor_3,481,24,457
5188,1,3,Supervisor_3,399,20,379
5189,8,2,Supervisor_2,318,21,297
5190,50,1,Supervisor_1,187,7,180
5191,45,1,Supervisor_1,242,1,241
5192,1,2,Supervisor_2,304,19,285
5193,14,2,Supervisor_2,239,2,237
5194,10,2,Supervisor_2,54,1,53
5195,45,1,Supervisor_1,367,0,367
5196,4,2,Supervisor_2,249,8,241
5197,33,1,Supervisor_1,249,0,249
5198,33,3,Supervisor_3,203,15,188
5199,41,1,Supervisor_1,311,12,299
5200,34,3,Supervisor_3,158,9,149
5201,43,2,Supervisor_2,70,5,65
5202,6,3,Supervisor_3,256,1,255
5203,39,2,Supervisor_2,387,25,362
5204,14,1,Supervisor_1,341,10,331
5205,10,1,Supervisor_1,306,12,294
5206,37,3,Supervisor_3,426,18,408
5207,4,1,Supervisor_1,268,9,259
5208,43,2,Supervisor_2,489,25,464
5209,49,3,Supervisor_3,184,11,173
5210,10,1,Supervisor_1,457,12,445
5211,10,2,Supervisor_2,154,10,144
5212,20,1,Supervisor_1,467,15,452
5213,37,2,Supervisor_2,386,12,374
5214,34,1,Supervisor_1,358,10,348
5215,44,2,Supervisor_2,466,22,444
5216,28,2,Supervisor_2,174,11,163
5217,16,1,Supervisor_1,81,0,81
5218,40,2,Supervisor_2,448,26,422
5219,33,1,Supervisor_1,129,8,121
5220,31,2,Supervisor_2,419,7,412
5221,42,2,Supervisor_2,451,32,419
5222,8,2,Supervisor_2,72,0,72
5223,22,1,Supervisor_1,319,3,316
5224,13,3,Supervisor_3,257,16,241
5225,3,2,Supervisor_2,119,1,118
5226,14,2,Supervisor_2,354,0,354
5227,7,2,Supervisor_2,76,5,71
5228,5,3,Supervisor_3,102,5,97
5229,17,1,Supervisor_1,241,14,227
5230,43,1,Supervisor_1,78,1,77
5231,41,2,Supervisor_2,100,4,96
5232,31,1,Supervisor_1,234,10,224
5233,11,3,Supervisor_3,379,26,353
5234,44,2,Supervisor_2,423,0,423
5235,32,3,Supervisor_3,168,3,165
5236,48,3,Supervisor_3,460,13,447
5237,38,3,Supervisor_3,418,26,392
5238,29,3,Supervisor_3,413,30,383
5239,34,1,Supervisor_1,493,25,468
5240,16,2,Supervisor_2,291,15,276
5241,49,1,Supervisor_1,393,6,387
5242,36,1,Supervisor_1,342,5,337
5243,10,3,Supervisor_3,91,6,85
5244,19,1,Supervisor_1,462,34,428
5245,2,2,Supervisor_2,440,2,438
5246,22,3,Supervisor_3,418,0,418
5247,28,3,Supervisor_3,246,0,246
5248,36,1,Supervisor_1,438,9,429
5249,29,3,Supervisor_3,399,29,370
5250,36,2,Supervisor_2,108,0,108
5251,20,3,Supervisor_3,103,8,95
5252,43,1,Supervisor_1,315,1,314
5253,38,3,Supervisor_3,325,6,319
5254,50,3,Supervisor_3,301,14,287
5255,12,1,Supervisor_1,397,16,381
5256,29,2,Supervisor_2,194,1,193
5257,49,2,Supervisor_2,224,0,224
5258,48,1,Supervisor_1,99,7,92
5259,38,1,Supervisor_1,362,22,340
5260,42,3,Supervisor_3,235,2,233
5261,32,3,Supervisor_3,139,4,135
5262,36,3,Supervisor_3,164,11,153
5263,39,2,Supervisor_2,108,5,103
5264,35,1,Supervisor_1,100,2,98
5265,40,2,Supervisor_2,403,32,371
5266,29,3,Supervisor_3,407,7,400
5267,22,2,Supervisor_2,243,17,226
5268,12,2,Supervisor_2,465,17,448
5269,46,2,Supervisor_2,130,2,128
5270,6,1,Supervisor_1,60,3,57
5271,20,1,Supervisor_1,382,28,354
5272,19,3,Supervisor_3,354,12,342
5273,7,3,Supervisor_3,105,0,105
5274,15,3,Supervisor_3,154,7,147
5275,20,1,Supervisor_1,499,10,489
5276,38,2,Supervisor_2,298,18,280
5277,16,2,Supervisor_2,386,0,386
5278,14,1,Supervisor_1,470,7,463
5279,42,2,Supervisor_2,335,2,333
5280,40,3,Supervisor_3,188,10,178
5281,34,2,Supervisor_2,103,1,102
5282,25,3,Supervisor_3,92,6,86
5283,46,2,Supervisor_2,157,3,154
5284,9,3,Supervisor_3,299,15,284
5285,6,3,Supervisor_3,434,19,415
5286,15,3,Supervisor_3,435,9,426
5287,25,2,Supervisor_2,409,23,386
5288,40,3,Supervisor_3,302,20,282
5289,48,2,Supervisor_2,290,13,277
5290,8,1,Supervisor_1,65,4,61
5291,47,1,Supervisor_1,307,5,302
5292,16,2,Supervisor_2,141,11,130
5293,23,3,Supervisor_3,492,15,477
5294,28,1,Supervisor_1,383,24,359
5295,8,3,Supervisor_3,102,4,98
5296,14,3,Supervisor_3,454,23,431
5297,20,3,Supervisor_3,439,8,431
5298,18,3,Supervisor_3,93,1,92
5299,40,2,Supervisor_2,421,23,398
5300,13,3,Supervisor_3,156,2,154
5301,29,1,Supervisor_1,98,1,97
5302,17,3,Supervisor_3,444,13,431
5303,10,1,Supervisor_1,327,25,302
5304,1,2,Supervisor_2,121,8,113
5305,8,2,Supervisor_2,259,19,240
5306,20,1,Supervisor_1,391,1,390
5307,41,2,Supervisor_2,318,8,310
5308,26,3,Supervisor_3,126,5,121
5309,35,2,Supervisor_2,357,22,335
5310,48,1,Supervisor_1,252,17,235
5311,8,1,Supervisor_1,170,5,165
5312,3,2,Supervisor_2,341,5,336
5313,20,1,Supervisor_1,360,25,335
5314,20,1,Supervisor_1,289,10,279
5315,18,1,Supervisor_1,244,8,236
5316,10,3,Supervisor_3,133,5,128
5317,50,2,Supervisor_2,280,20,260
5318,29,3,Supervisor_3,273,14,259
5319,36,2,Supervisor_2,126,1,125
5320,25,1,Supervisor_1,79,4,75
5321,19,1,Supervisor_1,401,6,395
5322,16,1,Supervisor_1,424,14,410
5323,11,3,Supervisor_3,238,17,221
5324,19,2,Supervisor_2,380,7,373
5325,1,3,Supervisor_3,290,18,272
5326,48,3,Supervisor_3,250,9,241
5327,24,2,Supervisor_2,151,3,148
5328,8,1,Supervisor_1,270,10,260
5329,50,2,Supervisor_2,420,0,420
5330,33,2,Supervisor_2,419,16,403
5331,40,2,Supervisor_2,99,2,97
5332,46,1,Supervisor_1,94,0,94
5333,43,2,Supervisor_2,152,5,147
5334,45,1,Supervisor_1,180,2,178
5335,37,1,Supervisor_1,382,19,363
5336,28,3,Supervisor_3,461,16,445
5337,16,2,Supervisor_2,66,2,64
5338,24,1,Supervisor_1,141,6,135
5339,37,3,Supervisor_3,252,1,251
5340,14,2,Supervisor_2,344,16,328
5341,25,3,Supervisor_3,269,17,252
5342,11,3,Supervisor_3,85,2,83
5343,23,2,Supervisor_2,497,34,463
5344,44,2,Supervisor_2,222,7,215
5345,44,3,Supervisor_3,296,7,289
5346,32,2,Supervisor_2,231,17,214
5347,19,2,Supervisor_2,283,21,262
5348,38,1,Supervisor_1,437,16,421
5349,30,1,Supervisor_1,55,2,53
5350,18,3,Supervisor_3,434,2,432
5351,22,2,Supervisor_2,424,2,422
5352,17,2,Supervisor_2,418,6,412
5353,28,1,Supervisor_1,387,30,357
5354,37,2,Supervisor_2,225,13,212
5355,9,1,Supervisor_1,167,12,155
5356,48,3,Supervisor_3,449,15,434
5357,37,2,Supervisor_2,337,17,320
5358,27,3,Supervisor_3,172,10,162
5359,5,3,Supervisor_3,348,8,340
5360,3,2,Supervisor_2,106,2,104
5361,31,1,Supervisor_1,204,0,204
5362,12,2,Supervisor_2,169,12,157
5363,1,3,Supervisor_3,314,10,304
5364,19,3,Supervisor_3,199,14,185
5365,32,1,Supervisor_1,360,20,340
5366,7,1,Supervisor_1,282,19,263
5367,28,1,Supervisor_1,192,0,192
5368,26,2,Supervisor_2,364,27,337
5369,20,3,Supervisor_3,360,21,339
5370,26,2,Supervisor_2,394,1,393
5371,20,3,Supervisor_3,376,2,374
5372,5,1,Supervisor_1,328,18,310
5373,45,1,Supervisor_1,419,18,401
5374,27,3,Supervisor_3,292,20,272
5375,36,1,Supervisor_1,334,8,326
5376,27,1,Supervisor_1,316,24,292
5377,23,3,Supervisor_3,157,11,146
5378,3,2,Supervisor_2,424,18,406
5379,16,3,Supervisor_3,66,0,66
5380,31,1,Supervisor_1,275,15,260
5381,48,1,Supervisor_1,161,11,150
5382,25,2,Supervisor_2,81,4,77
5383,3,3,Supervisor_3,493,34,459
5384,19,3,Supervisor_3,337,22,315
5385,44,2,Supervisor_2,329,21,308
5386,47,3,Supervisor_3,237,15,222
5387,35,1,Supervisor_1,80,2,78
5388,29,3,Supervisor_3,319,24,295
5389,20,1,Supervisor_1,443,12,431
5390,14,2,Supervisor_2,173,10,163
5391,12,1,Supervisor_1,340,22,318
5392,34,3,Supervisor_3,379,4,375
5393,10,2,Supervisor_2,132,8,124
5394,13,2,Supervisor_2,247,16,231
5395,44,3,Supervisor_3,483,13,470
5396,34,2,Supervisor_2,413,19,394
5397,25,1,Supervisor_1,248,5,243
5398,4,3,Supervisor_3,365,0,365
5399,17,3,Supervisor_3,312,7,305
5400,31,1,Supervisor_1,246,11,235
5401,36,2,Supervisor_2,435,13,422
5402,17,1,Supervisor_1,233,2,231
5403,44,2,Supervisor_2,165,10,155
5404,5,3,Supervisor_3,459,31,428
5405,38,2,Supervisor_2,237,0,237
5406,14,3,Supervisor_3,73,4,69
5407,32,1,Supervisor_1,339,22,317
5408,1,3,Supervisor_3,232,13,219
5409,37,2,Supervisor_2,68,2,66
5410,11,2,Supervisor_2,156,9,147
5411,36,1,Supervisor_1,301,0,301
5412,37,2,Supervisor_2,155,11,144
5413,47,1,Supervisor_1,274,5,269
5414,3,1,Supervisor_1,187,12,175
5415,6,3,Supervisor_3,427,32,395
5416,36,2,Supervisor_2,397,9,388
5417,5,2,Supervisor_2,269,10,259
5418,1,1,Supervisor_1,124,4,120
5419,48,2,Supervisor_2,276,0,276
5420,3,3,Supervisor_3,55,3,52
5421,45,1,Supervisor_1,119,5,114
5422,29,2,Supervisor_2,291,17,274
5423,28,1,Supervisor_1,472,19,453
5424,32,2,Supervisor_2,441,15,426
5425,8,1,Supervisor_1,356,3,353
5426,2,1,Supervisor_1,442,0,442
5427,45,3,Supervisor_3,68,2,66
5428,29,1,Supervisor_1,394,30,364
5429,23,2,Supervisor_2,139,9,130
5430,5,1,Supervisor_1,304,22,282
5431,46,1,Supervisor_1,236,0,236
5432,37,3,Supervisor_3,117,8,109
5433,20,1,Supervisor_1,362,9,353
5434,48,1,Supervisor_1,331,19,312
5435,36,3,Supervisor_3,455,8,447
5436,37,2,Supervisor_2,54,1,53
5437,8,3,Supervisor_3,490,0,490
5438,13,1,Supervisor_1,413,2,411
5439,19,1,Supervisor_1,385,6,379
5440,33,3,Supervisor_3,344,13,331
5441,45,3,Supervisor_3,413,27,386
5442,28,2,Supervisor_2,210,12,198
5443,25,1,Supervisor_1,285,5,280
5444,21,1,Supervisor_1,139,10,129
5445,49,2,Supervisor_2,315,24,291
5446,9,1,Supervisor_1,219,14,205
5447,10,3,Supervisor_3,440,21,419
5448,16,2,Supervisor_2,366,15,351
5449,36,2,Supervisor_2,236,14,222
5450,44,2,Supervisor_2,82,2,80
5451,17,1,Supervisor_1,430,21,409
5452,15,3,Supervisor_3,65,3,62
5453,41,1,Supervisor_1,224,6,218
5454,39,3,Supervisor_3,195,12,183
5455,34,3,Supervisor_3,424,6,418
5456,30,1,Supervisor_1,58,4,54
5457,38,3,Supervisor_3,414,6,408
5458,6,3,Supervisor_3,279,8,271
5459,16,3,Supervisor_3,52,2,50
5460,49,1,Supervisor_1,184,6,178
5461,46,2,Supervisor_2,256,16,240
5462,46,2,Supervisor_2,325,11,314
5463,12,1,Supervisor_1,128,1,127
5464,20,2,Supervisor_2,181,13,168
5465,26,1,Supervisor_1,386,17,369
5466,8,2,Supervisor_2,255,15,240
5467,27,3,Supervisor_3,339,23,316
5468,42,1,Supervisor_1,348,26,322
5469,47,3,Supervisor_3,497,1,496
5470,16,2,Supervisor_2,197,6,191
5471,49,3,Supervisor_3,124,3,121
5472,27,2,Supervisor_2,338,16,322
5473,12,2,Supervisor_2,428,22,406
5474,26,3,Supervisor_3,333,16,317
5475,28,1,Supervisor_1,224,4,220
5476,32,2,Supervisor_2,117,9,108
5477,6,3,Supervisor_3,433,19,414
5478,11,1,Supervisor_1,366,20,346
5479,34,2,Supervisor_2,445,10,435
5480,45,1,Supervisor_1,175,3,172
5481,6,1,Supervisor_1,301,3,298
5482,43,1,Supervisor_1,463,23,440
5483,11,2,Supervisor_2,431,13,418
5484,35,1,Supervisor_1,160,5,155
5485,12,2,Supervisor_2,476,2,474
5486,9,3,Supervisor_3,168,1,167
5487,7,3,Supervisor_3,394,7,387
5488,47,3,Supervisor_3,273,17,256
5489,38,1,Supervisor_1,218,11,207
5490,28,2,Supervisor_2,409,13,396
5491,6,1,Supervisor_1,181,5,176
5492,33,1,Supervisor_1,366,19,347
5493,9,3,Supervisor_3,116,7,109
5494,5,3,Supervisor_3,91,5,86
5495,34,3,Supervisor_3,299,12,287
5496,25,1,Supervisor_1,143,0,143
5497,35,3,Supervisor_3,376,17,359
5498,25,3,Supervisor_3,422,24,398
5499,11,1,Supervisor_1,50,3,47
5500,4,1,Supervisor_1,412,11,401
5501,8,2,Supervisor_2,130,6,124
5502,36,2,Supervisor_2,145,0,145
5503,41,2,Supervisor_2,325,15,310
5504,26,1,Supervisor_1,282,3,279
5505,43,3,Supervisor_3,485,14,471
5506,33,2,Supervisor_2,395,11,384
5507,26,3,Supervisor_3,362,19,343
5508,13,2,Supervisor_2,170,2,168
5509,41,3,Supervisor_3,208,10,198
5510,18,1,Supervisor_1,191,4,187
5511,17,1,Supervisor_1,372,1,371
5512,16,2,Supervisor_2,292,3,289
5513,2,3,Supervisor_3,71,1,70
5514,38,1,Supervisor_1,460,14,446
5515,5,1,Supervisor_1,232,9,223
5516,3,1,Supervisor_1,105,5,100
5517,27,1,Supervisor_1,319,0,319
5518,15,1,Supervisor_1,121,8,113
5519,42,1,Supervisor_1,411,9,402
5520,38,3,Supervisor_3,169,4,165
5521,15,3,Supervisor_3,71,3,68
5522,44,2,Supervisor_2,105,3,102
5523,41,3,Supervisor_3,146,0,146
5524,45,3,Supervisor_3,195,7,188
5525,45,2,Supervisor_2,425,24,401
5526,33,1,Supervisor_1,468,3,465
5527,38,3,Supervisor_3,318,19,299
5528,29,1,Supervisor_1,249,11,238
5529,40,3,Supervisor_3,399,24,375
5530,1,3,Supervisor_3,208,7,201
5531,13,3,Supervisor_3,233,4,229
5532,48,3,Supervisor_3,224,8,216
5533,7,1,Supervisor_1,430,24,406
5534,14,3,Supervisor_3,406,0,406
5535,8,1,Supervisor_1,278,12,266
5536,25,1,Supervisor_1,216,2,214
5537,31,1,Supervisor_1,191,4,187
5538,50,3,Supervisor_3,324,1,323
5539,46,3,Supervisor_3,363,1,362
5540,37,2,Supervisor_2,132,7,125
5541,38,1,Supervisor_1,133,7,126
5542,42,1,Supervisor_1,61,2,59
5543,8,1,Supervisor_1,420,5,415
5544,6,1,Supervisor_1,401,13,388
5545,42,2,Supervisor_2,97,7,90
5546,24,3,Supervisor_3,123,6,117
5547,13,3,Supervisor_3,345,11,334
5548,12,3,Supervisor_3,450,33,417
5549,35,3,Supervisor_3,386,6,380
5550,5,1,Supervisor_1,99,3,96
5551,8,2,Supervisor_2,359,19,340
5552,23,1,Supervisor_1,173,9,164
5553,4,2,Supervisor_2,177,4,173
5554,32,3,Supervisor_3,155,9,146
5555,45,3,Supervisor_3,331,26,305
5556,40,1,Supervisor_1,54,0,54
5557,27,3,Supervisor_3,347,21,326
5558,33,3,Supervisor_3,478,16,462
5559,24,1,Supervisor_1,181,11,170
5560,4,3,Supervisor_3,466,14,452
5561,34,1,Supervisor_1,154,8,146
5562,41,1,Supervisor_1,227,14,213
5563,24,1,Supervisor_1,74,2,72
5564,28,1,Supervisor_1,334,25,309
5565,38,2,Supervisor_2,100,2,98
5566,12,2,Supervisor_2,391,22,369
5567,15,2,Supervisor_2,91,4,87
5568,32,2,Supervisor_2,212,16,196
5569,43,3,Supervisor_3,480,6,474
5570,5,3,Supervisor_3,143,6,137
5571,13,2,Supervisor_2,58,4,54
5572,17,1,Supervisor_1,311,11,300
5573,45,2,Supervisor_2,101,3,98
5574,10,3,Supervisor_3,442,11,431
5575,16,3,Supervisor_3,325,10,315
5576,33,3,Supervisor_3,53,2,51
5577,23,1,Supervisor_1,221,6,215
5578,1,3,Supervisor_3,236,12,224
5579,41,3,Supervisor_3,160,4,156
5580,14,2,Supervisor_2,389,15,374
5581,25,3,Supervisor_3,169,5,164
5582,33,2,Supervisor_2,388,12,376
5583,50,2,Supervisor_2,422,10,412
5584,47,3,Supervisor_3,398,2,396
5585,33,1,Supervisor_1,219,8,211
5586,12,2,Supervisor_2,157,1,156
5587,20,3,Supervisor_3,150,10,140
5588,2,3,Supervisor_3,336,18,318
5589,41,2,Supervisor_2,500,38,462
5590,45,3,Supervisor_3,72,3,69
5591,8,3,Supervisor_3,391,15,376
5592,39,2,Supervisor_2,161,2,159
5593,30,3,Supervisor_3,92,2,90
5594,32,2,Supervisor_2,355,13,342
5595,10,1,Supervisor_1,295,11,284
5596,29,1,Supervisor_1,395,15,380
5597,8,1,Supervisor_1,312,4,308
5598,9,2,Supervisor_2,231,17,214
5599,17,1,Supervisor_1,140,6,134
5600,27,2,Supervisor_2,494,36,458
5601,19,3,Supervisor_3,392,11,381
5602,43,3,Supervisor_3,491,4,487
5603,34,2,Supervisor_2,277,14,263
5604,24,3,Supervisor_3,165,3,162
5605,20,3,Supervisor_3,317,1,316
5606,24,3,Supervisor_3,108,1,107
5607,7,2,Supervisor_2,413,12,401
5608,37,2,Supervisor_2,494,10,484
5609,16,2,Supervisor_2,76,6,70
5610,18,3,Supervisor_3,297,21,276
5611,33,3,Supervisor_3,353,25,328
5612,41,1,Supervisor_1,79,2,77
5613,45,2,Supervisor_2,443,10,433
5614,24,2,Supervisor_2,239,9,230
5615,19,2,Supervisor_2,327,1,326
5616,22,1,Supervisor_1,251,4,247
5617,33,3,Supervisor_3,284,17,267
5618,1,3,Supervisor_3,402,27,375
5619,35,2,Supervisor_2,321,13,308
5620,4,2,Supervisor_2,131,9,122
5621,46,1,Supervisor_1,343,7,336
5622,28,2,Supervisor_2,173,0,173
5623,7,2,Supervisor_2,363,4,359
5624,23,3,Supervisor_3,498,0,498
5625,43,1,Supervisor_1,248,10,238
5626,27,1,Supervisor_1,421,31,390
5627,38,2,Supervisor_2,169,4,165
5628,49,1,Supervisor_1,119,1,118
5629,29,1,Supervisor_1,133,6,127
5630,24,2,Supervisor_2,191,1,190
5631,6,1,Supervisor_1,366,3,363
5632,36,3,Supervisor_3,373,23,350
5633,30,1,Supervisor_1,323,20,303
5634,30,3,Supervisor_3,206,0,206
5635,35,2,Supervisor_2,349,14,335
5636,20,3,Supervisor_3,58,2,56
5637,12,1,Supervisor_1,81,1,80
5638,27,3,Supervisor_3,373,5,368
5639,6,3,Supervisor_3,92,5,87
5640,13,3,Supervisor_3,147,10,137
5641,33,2,Supervisor_2,413,16,397
5642,3,2,Supervisor_2,485,4,481
5643,34,3,Supervisor_3,337,13,324
5644,9,3,Supervisor_3,164,7,157
5645,30,3,Supervisor_3,409,7,402
5646,3,2,Supervisor_2,64,1,63
5647,27,3,Supervisor_3,408,10,398
5648,5,1,Supervisor_1,315,18,297
5649,6,1,Supervisor_1,61,1,60
5650,33,3,Supervisor_3,303,0,303
5651,45,3,Supervisor_3,484,1,483
5652,8,3,Supervisor_3,84,3,81
5653,23,3,Supervisor_3,186,5,181
5654,9,1,Supervisor_1,174,6,168
5655,23,2,Supervisor_2,438,15,423
5656,2,3,Supervisor_3,436,2,434
5657,23,2,Supervisor_2,170,8,162
5658,35,2,Supervisor_2,78,5,73
5659,34,1,Supervisor_1,129,8,121
5660,25,1,Supervisor_1,325,6,319
5661,1,3,Supervisor_3,331,1,330
5662,39,3,Supervisor_3,149,5,144
5663,40,2,Supervisor_2,199,14,185
5664,30,2,Supervisor_2,305,11,294
5665,48,3,Supervisor_3,177,10,167
5666,40,2,Supervisor_2,171,4,167
5667,45,2,Supervisor_2,339,4,335
5668,50,3,Supervisor_3,265,16,249
5669,22,1,Supervisor_1,259,19,240
5670,10,1,Supervisor_1,161,3,158
5671,24,2,Supervisor_2,488,7,481
5672,43,1,Supervisor_1,56,2,54
5673,32,3,Supervisor_3,139,4,135
5674,29,2,Supervisor_2,228,17,211
5675,3,1,Supervisor_1,162,3,159
5676,17,1,Supervisor_1,401,24,377
5677,38,1,Supervisor_1,436,13,423
5678,10,3,Supervisor_3,140,6,134
5679,34,3,Supervisor_3,242,13,229
5680,45,3,Supervisor_3,442,13,429
5681,34,2,Supervisor_2,148,11,137
5682,24,2,Supervisor_2,370,23,347
5683,12,3,Supervisor_3,378,10,368
5684,7,2,Supervisor_2,106,7,99
5685,10,1,Supervisor_1,452,10,442
5686,10,1,Supervisor_1,317,22,295
5687,3,1,Supervisor_1,417,14,403
5688,20,3,Supervisor_3,482,17,465
5689,1,3,Supervisor_3,460,3,457
5690,7,1,Supervisor_1,449,33,416
5691,15,2,Supervisor_2,424,20,404
5692,37,1,Supervisor_1,484,10,474
5693,17,2,Supervisor_2,435,24,411
5694,6,1,Supervisor_1,143,1,142
5695,38,2,Supervisor_2,70,3,67
5696,48,2,Supervisor_2,350,20,330
5697,18,1,Supervisor_1,140,3,137
5698,31,3,Supervisor_3,181,0,181
5699,18,1,Supervisor_1,492,23,469
5700,26,1,Supervisor_1,317,22,295
5701,10,1,Supervisor_1,205,9,196
5702,6,2,Supervisor_2,95,6,89
5703,45,3,Supervisor_3,268,1,267
5704,37,1,Supervisor_1,477,26,451
5705,7,2,Supervisor_2,305,8,297
5706,30,3,Supervisor_3,91,1,90
5707,5,1,Supervisor_1,450,8,442
5708,36,2,Supervisor_2,317,15,302
5709,17,2,Supervisor_2,389,26,363
5710,7,3,Supervisor_3,339,15,324
5711,37,1,Supervisor_1,303,15,288
5712,49,1,Supervisor_1,197,1,196
5713,33,3,Supervisor_3,435,18,417
5714,38,3,Supervisor_3,317,14,303
5715,44,1,Supervisor_1,221,14,207
5716,41,1,Supervisor_1,322,17,305
5717,18,1,Supervisor_1,330,18,312
5718,27,2,Supervisor_2,198,0,198
5719,17,3,Supervisor_3,261,12,249
5720,40,1,Supervisor_1,177,12,165
5721,16,1,Supervisor_1,132,8,124
5722,9,3,Supervisor_3,361,25,336
5723,34,2,Supervisor_2,233,7,226
5724,3,1,Supervisor_1,283,6,277
5725,16,3,Supervisor_3,363,12,351
5726,18,2,Supervisor_2,444,4,440
5727,1,1,Supervisor_1,165,5,160
5728,35,2,Supervisor_2,261,14,247
5729,22,1,Supervisor_1,64,2,62
5730,29,1,Supervisor_1,250,8,242
5731,9,3,Supervisor_3,402,5,397
5732,33,1,Supervisor_1,102,8,94
5733,7,1,Supervisor_1,224,0,224
5734,16,2,Supervisor_2,449,35,414
5735,6,2,Supervisor_2,204,2,202
5736,14,2,Supervisor_2,329,17,312
5737,34,2,Supervisor_2,329,8,321
5738,31,2,Supervisor_2,63,3,60
5739,33,1,Supervisor_1,337,4,333
5740,43,3,Supervisor_3,85,4,81
5741,30,1,Supervisor_1,312,16,296
5742,21,1,Supervisor_1,80,0,80
5743,10,3,Supervisor_3,212,4,208
5744,48,1,Supervisor_1,450,18,432
5745,22,3,Supervisor_3,105,5,100
5746,16,3,Supervisor_3,244,13,231
5747,22,1,Supervisor_1,170,1,169
5748,44,2,Supervisor_2,122,7,115
5749,21,1,Supervisor_1,409,19,390
5750,6,1,Supervisor_1,500,39,461
5751,1,1,Supervisor_1,336,21,315
5752,34,3,Supervisor_3,391,19,372
5753,11,1,Supervisor_1,388,29,359
5754,34,2,Supervisor_2,416,29,387
5755,23,1,Supervisor_1,304,5,299
5756,18,2,Supervisor_2,125,2,123
5757,46,1,Supervisor_1,192,4,188
5758,6,3,Supervisor_3,242,17,225
5759,29,1,Supervisor_1,407,31,376
5760,45,2,Supervisor_2,179,13,166
5761,10,2,Supervisor_2,173,5,168
5762,12,2,Supervisor_2,421,12,409
5763,39,3,Supervisor_3,185,2,183
5764,28,3,Supervisor_3,444,32,412
5765,32,1,Supervisor_1,185,10,175
5766,18,3,Supervisor_3,398,4,394
5767,25,2,Supervisor_2,195,13,182
5768,6,3,Supervisor_3,487,37,450
5769,18,1,Supervisor_1,402,17,385
5770,5,1,Supervisor_1,472,16,456
5771,45,1,Supervisor_1,232,6,226
5772,21,1,Supervisor_1,460,6,454
5773,33,2,Supervisor_2,319,15,304
5774,18,3,Supervisor_3,312,21,291
5775,29,3,Supervisor_3,243,18,225
5776,47,2,Supervisor_2,423,4,419
5777,15,3,Supervisor_3,381,24,357
5778,33,1,Supervisor_1,414,4,410
5779,24,1,Supervisor_1,202,7,195
5780,22,1,Supervisor_1,489,16,473
5781,32,1,Supervisor_1,305,20,285
5782,7,3,Supervisor_3,88,2,86
5783,26,2,Supervisor_2,188,2,186
5784,32,1,Supervisor_1,439,16,423
5785,3,2,Supervisor_2,179,12,167
5786,39,1,Supervisor_1,71,3,68
5787,47,3,Supervisor_3,190,8,182
5788,43,3,Supervisor_3,128,6,122
5789,14,1,Supervisor_1,438,24,414
5790,26,2,Supervisor_2,164,4,160
5791,1,3,Supervisor_3,246,13,233
5792,15,2,Supervisor_2,471,11,460
5793,16,2,Supervisor_2,166,3,163
5794,7,1,Supervisor_1,235,4,231
5795,29,2,Supervisor_2,486,16,470
5796,28,2,Supervisor_2,58,0,58
5797,23,3,Supervisor_3,153,7,146
5798,18,2,Supervisor_2,485,19,466
5799,9,2,Supervisor_2,416,30,386
5800,22,3,Supervisor_3,446,28,418
5801,38,1,Supervisor_1,158,3,155
5802,6,1,Supervisor_1,130,7,123
5803,49,3,Supervisor_3,188,9,179
5804,43,3,Supervisor_3,436,27,409
5805,50,1,Supervisor_1,431,30,401
5806,39,2,Supervisor_2,170,12,158
5807,27,1,Supervisor_1,282,12,270
5808,25,2,Supervisor_2,377,23,354
5809,50,2,Supervisor_2,494,27,467
5810,40,3,Supervisor_3,383,25,358
5811,39,3,Supervisor_3,169,6,163
5812,43,2,Supervisor_2,264,0,264
5813,47,3,Supervisor_3,324,15,309
5814,23,1,Supervisor_1,282,6,276
5815,40,1,Supervisor_1,272,1,271
5816,4,3,Supervisor_3,232,17,215
5817,23,3,Supervisor_3,210,12,198
5818,10,3,Supervisor_3,167,4,163
5819,47,2,Supervisor_2,454,17,437
5820,22,1,Supervisor_1,494,19,475
5821,48,2,Supervisor_2,282,22,260
5822,8,3,Supervisor_3,89,5,84
5823,10,1,Supervisor_1,474,1,473
5824,4,2,Supervisor_2,198,10,188
5825,43,2,Supervisor_2,255,6,249
5826,7,3,Supervisor_3,357,5,352
5827,14,3,Supervisor_3,482,26,456
5828,25,3,Supervisor_3,308,18,290
5829,12,3,Supervisor_3,132,3,129
5830,36,2,Supervisor_2,279,13,266
5831,4,2,Supervisor_2,53,0,53
5832,40,2,Supervisor_2,389,22,367
5833,20,3,Supervisor_3,182,13,169
5834,5,2,Supervisor_2,150,11,139
5835,3,1,Supervisor_1,409,1,408
5836,12,1,Supervisor_1,135,8,127
5837,5,1,Supervisor_1,448,31,417
5838,49,1,Supervisor_1,417,19,398
5839,6,1,Supervisor_1,378,5,373
5840,47,3,Supervisor_3,172,6,166
5841,3,1,Supervisor_1,101,3,98
5842,35,2,Supervisor_2,57,2,55
5843,32,3,Supervisor_3,175,2,173
5844,3,3,Supervisor_3,249,14,235
5845,41,1,Supervisor_1,95,6,89
5846,46,2,Supervisor_2,239,5,234
5847,10,2,Supervisor_2,462,18,444
5848,49,3,Supervisor_3,341,20,321
5849,3,2,Supervisor_2,223,1,222
5850,23,3,Supervisor_3,361,4,357
5851,48,1,Supervisor_1,468,11,457
5852,48,1,Supervisor_1,227,14,213
5853,27,2,Supervisor_2,185,14,171
5854,2,2,Supervisor_2,207,5,202
5855,34,1,Supervisor_1,473,29,444
5856,41,3,Supervisor_3,182,8,174
5857,45,2,Supervisor_2,281,7,274
5858,48,3,Supervisor_3,136,8,128
5859,1,2,Supervisor_2,138,10,128
5860,41,2,Supervisor_2,429,17,412
5861,50,1,Supervisor_1,94,4,90
5862,35,3,Supervisor_3,185,1,184
5863,15,3,Supervisor_3,425,17,408
5864,20,2,Supervisor_2,103,4,99
5865,44,1,Supervisor_1,379,6,373
5866,47,2,Supervisor_2,68,2,66
5867,45,3,Supervisor_3,375,7,368
5868,25,3,Supervisor_3,369,2,367
5869,23,1,Supervisor_1,338,17,321
5870,19,1,Supervisor_1,282,0,282
5871,1,2,Supervisor_2,258,0,258
5872,40,1,Supervisor_1,78,0,78
5873,33,2,Supervisor_2,402,27,375
5874,43,2,Supervisor_2,312,21,291
5875,5,2,Supervisor_2,341,9,332
5876,19,1,Supervisor_1,109,4,105
5877,14,3,Supervisor_3,239,6,233
5878,22,3,Supervisor_3,302,6,296
5879,25,1,Supervisor_1,101,5,96
5880,28,3,Supervisor_3,181,13,168
5881,10,1,Supervisor_1,329,17,312
5882,1,3,Supervisor_3,465,25,440
5883,15,2,Supervisor_2,315,2,313
5884,1,2,Supervisor_2,193,14,179
5885,49,2,Supervisor_2,410,25,385
5886,32,3,Supervisor_3,103,1,102
5887,16,1,Supervisor_1,68,3,65
5888,11,1,Supervisor_1,334,11,323
5889,27,3,Supervisor_3,258,1,257
5890,9,1,Supervisor_1,65,2,63
5891,48,3,Supervisor_3,299,2,297
5892,2,3,Supervisor_3,92,3,89
5893,35,1,Supervisor_1,216,2,214
5894,8,1,Supervisor_1,203,12,191
5895,19,2,Supervisor_2,352,19,333
5896,16,1,Supervisor_1,100,7,93
5897,2,3,Supervisor_3,121,0,121
5898,31,1,Supervisor_1,442,17,425
5899,37,3,Supervisor_3,239,4,235
5900,36,3,Supervisor_3,85,0,85
5901,44,3,Supervisor_3,243,1,242
5902,49,1,Supervisor_1,81,3,78
5903,22,2,Supervisor_2,190,5,185
5904,22,3,Supervisor_3,495,10,485
5905,34,3,Supervisor_3,205,2,203
5906,9,1,Supervisor_1,481,9,472
5907,28,3,Supervisor_3,147,5,142
5908,45,3,Supervisor_3,226,7,219
5909,4,3,Supervisor_3,86,5,81
5910,44,2,Supervisor_2,263,4,259
5911,46,2,Supervisor_2,178,10,168
5912,44,3,Supervisor_3,211,3,208
5913,37,3,Supervisor_3,99,4,95
5914,35,2,Supervisor_2,239,0,239
5915,17,3,Supervisor_3,386,0,386
5916,5,3,Supervisor_3,86,0,86
5917,7,2,Supervisor_2,56,3,53
5918,8,3,Supervisor_3,252,14,238
5919,3,1,Supervisor_1,210,14,196
5920,39,1,Supervisor_1,142,3,139
5921,17,3,Supervisor_3,441,3,438
5922,2,3,Supervisor_3,395,0,395
5923,45,3,Supervisor_3,194,9,185
5924,26,1,Supervisor_1,263,20,243
5925,46,2,Supervisor_2,214,15,199
5926,37,1,Supervisor_1,341,9,332
5927,43,2,Supervisor_2,221,11,210
5928,46,1,Supervisor_1,237,14,223
5929,45,1,Supervisor_1,67,3,64
5930,33,2,Supervisor_2,147,3,144
5931,29,2,Supervisor_2,407,16,391
5932,47,3,Supervisor_3,297,17,280
5933,15,3,Supervisor_3,178,12,166
5934,2,2,Supervisor_2,355,17,338
5935,28,2,Supervisor_2,163,2,161
5936,9,2,Supervisor_2,231,8,223
5937,29,1,Supervisor_1,328,18,310
5938,15,1,Supervisor_1,85,0,85
5939,44,1,Supervisor_1,246,15,231
5940,2,2,Supervisor_2,160,1,159
5941,16,2,Supervisor_2,61,1,60
5942,46,3,Supervisor_3,224,16,208
5943,2,2,Supervisor_2,485,34,451
5944,43,2,Supervisor_2,284,7,277
5945,33,3,Supervisor_3,270,14,256
5946,34,1,Supervisor_1,281,12,269
5947,21,3,Supervisor_3,99,6,93
5948,34,2,Supervisor_2,249,19,230
5949,4,2,Supervisor_2,425,12,413
5950,34,3,Supervisor_3,313,6,307
5951,23,2,Supervisor_2,487,21,466
5952,41,3,Supervisor_3,192,5,187
5953,45,1,Supervisor_1,106,5,101
5954,1,1,Supervisor_1,479,19,460
5955,17,2,Supervisor_2,72,5,67
5956,31,1,Supervisor_1,475,8,467
5957,19,2,Supervisor_2,257,10,247
5958,36,2,Supervisor_2,178,12,166
5959,16,1,Supervisor_1,186,10,176
5960,49,1,Supervisor_1,447,5,442
5961,24,1,Supervisor_1,217,11,206
5962,34,3,Supervisor_3,80,5,75
5963,20,3,Supervisor_3,354,7,347
5964,14,1,Supervisor_1,366,23,343
5965,42,2,Supervisor_2,183,10,173
5966,45,1,Supervisor_1,56,0,56
5967,30,3,Supervisor_3,371,5,366
5968,23,3,Supervisor_3,320,0,320
5969,9,1,Supervisor_1,376,18,358
5970,24,1,Supervisor_1,88,1,87
5971,33,3,Supervisor_3,408,11,397
5972,46,2,Supervisor_2,373,3,370
5973,47,3,Supervisor_3,204,9,195
5974,29,1,Supervisor_1,218,7,211
5975,39,3,Supervisor_3,216,6,210
5976,19,1,Supervisor_1,362,25,337
5977,8,2,Supervisor_2,282,14,268
5978,41,1,Supervisor_1,67,0,67
5979,33,1,Supervisor_1,397,8,389
5980,38,2,Supervisor_2,263,14,249
5981,13,3,Supervisor_3,69,4,65
5982,9,1,Supervisor_1,309,22,287
5983,33,1,Supervisor_1,358,5,353
5984,34,1,Supervisor_1,230,12,218
5985,28,1,Supervisor_1,287,22,265
5986,48,3,Supervisor_3,381,28,353
5987,12,3,Supervisor_3,272,16,256
5988,36,1,Supervisor_1,221,14,207
5989,23,2,Supervisor_2,70,4,66
5990,10,3,Supervisor_3,249,9,240
5991,18,1,Supervisor_1,284,5,279
5992,25,2,Supervisor_2,232,4,228
5993,27,2,Supervisor_2,255,19,236
5994,35,3,Supervisor_3,200,4,196
5995,42,1,Supervisor_1,221,0,221
5996,3,2,Supervisor_2,194,12,182
5997,3,2,Supervisor_2,147,10,137
5998,20,3,Supervisor_3,363,20,343
5999,10,3,Supervisor_3,389,14,375
6000,31,1,Supervisor_1,500,29,471
6001,26,2,Supervisor_2,76,1,75
6002,28,1,Supervisor_1,116,5,111
6003,3,1,Supervisor_1,398,8,390
6004,20,3,Supervisor_3,134,9,125
6005,16,2,Supervisor_2,277,18,259
6006,33,2,Supervisor_2,472,21,451
6007,27,2,Supervisor_2,410,1,409
6008,26,3,Supervisor_3,472,36,436
6009,19,2,Supervisor_2,244,10,234
6010,16,1,Supervisor_1,179,13,166
6011,46,3,Supervisor_3,316,17,299
6012,1,1,Supervisor_1,175,13,162
6013,41,1,Supervisor_1,218,4,214
6014,8,3,Supervisor_3,456,28,428
6015,47,1,Supervisor_1,100,4,96
6016,2,3,Supervisor_3,390,24,366
6017,49,2,Supervisor_2,50,3,47
6018,29,3,Supervisor_3,498,12,486
6019,18,3,Supervisor_3,312,5,307
6020,35,1,Supervisor_1,366,11,355
6021,8,3,Supervisor_3,235,15,220
6022,11,1,Supervisor_1,125,9,116
6023,21,3,Supervisor_3,475,19,456
6024,1,2,Supervisor_2,230,16,214
6025,38,2,Supervisor_2,400,4,396
6026,9,1,Supervisor_1,299,14,285
6027,16,3,Supervisor_3,270,16,254
6028,22,1,Supervisor_1,64,0,64
6029,50,3,Supervisor_3,68,2,66
6030,18,2,Supervisor_2,459,35,424
6031,34,3,Supervisor_3,80,5,75
6032,38,3,Supervisor_3,156,5,151
6033,35,1,Supervisor_1,102,3,99
6034,7,3,Supervisor_3,478,12,466
6035,12,2,Supervisor_2,266,5,261
6036,37,2,Supervisor_2,199,1,198
6037,50,1,Supervisor_1,274,16,258
6038,6,3,Supervisor_3,150,5,145
6039,44,1,Supervisor_1,295,4,291
6040,22,3,Supervisor_3,304,20,284
6041,16,2,Supervisor_2,485,25,460
6042,43,1,Supervisor_1,252,7,245
6043,18,1,Supervisor_1,265,17,248
6044,22,3,Supervisor_3,53,0,53
6045,4,3,Supervisor_3,149,10,139
6046,5,2,Supervisor_2,81,0,81
6047,14,1,Supervisor_1,457,12,445
6048,4,1,Supervisor_1,91,5,86
6049,41,1,Supervisor_1,234,17,217
6050,46,2,Supervisor_2,450,1,449
6051,47,3,Supervisor_3,425,2,423
6052,27,1,Supervisor_1,390,16,374
6053,42,2,Supervisor_2,388,6,382
6054,5,2,Supervisor_2,485,7,478
6055,18,3,Supervisor_3,55,2,53
6056,9,1,Supervisor_1,183,13,170
6057,32,3,Supervisor_3,148,1,147
6058,12,2,Supervisor_2,254,2,252
6059,34,1,Supervisor_1,258,2,256
6060,17,1,Supervisor_1,486,36,450
6061,41,2,Supervisor_2,411,7,404
6062,17,1,Supervisor_1,185,1,184
6063,28,2,Supervisor_2,475,9,466
6064,24,3,Supervisor_3,142,9,133
6065,22,3,Supervisor_3,96,4,92
6066,44,3,Supervisor_3,487,15,472
6067,48,2,Supervisor_2,241,0,241
6068,27,3,Supervisor_3,247,5,242
6069,29,3,Supervisor_3,217,3,214
6070,15,1,Supervisor_1,297,2,295
6071,27,2,Supervisor_2,470,27,443
6072,12,1,Supervisor_1,334,0,334
6073,6,1,Supervisor_1,117,1,116
6074,31,2,Supervisor_2,146,8,138
6075,11,3,Supervisor_3,432,12,420
6076,22,1,Supervisor_1,270,16,254
6077,27,2,Supervisor_2,416,31,385
6078,20,1,Supervisor_1,205,5,200
6079,24,3,Supervisor_3,318,12,306
6080,1,2,Supervisor_2,121,6,115
6081,11,1,Supervisor_1,73,5,68
6082,3,3,Supervisor_3,229,12,217
6083,39,3,Supervisor_3,426,28,398
6084,21,1,Supervisor_1,465,1,464
6085,28,1,Supervisor_1,97,0,97
6086,44,1,Supervisor_1,488,29,459
6087,31,2,Supervisor_2,345,5,340
6088,18,1,Supervisor_1,314,23,291
6089,41,1,Supervisor_1,188,9,179
6090,41,3,Supervisor_3,86,5,81
6091,39,3,Supervisor_3,69,5,64
6092,33,3,Supervisor_3,333,10,323
6093,1,2,Supervisor_2,227,12,215
6094,38,3,Supervisor_3,195,14,181
6095,29,3,Supervisor_3,451,31,420
6096,40,1,Supervisor_1,296,10,286
6097,7,3,Supervisor_3,213,12,201
6098,7,2,Supervisor_2,449,26,423
6099,34,3,Supervisor_3,121,6,115
6100,16,2,Supervisor_2,289,4,285
6101,32,3,Supervisor_3,132,5,127
6102,40,2,Supervisor_2,498,1,497
6103,31,3,Supervisor_3,414,12,402
6104,16,3,Supervisor_3,329,21,308
6105,37,3,Supervisor_3,399,28,371
6106,30,2,Supervisor_2,417,22,395
6107,7,1,Supervisor_1,376,18,358
6108,45,3,Supervisor_3,138,7,131
6109,48,1,Supervisor_1,57,4,53
6110,44,3,Supervisor_3,271,3,268
6111,24,2,Supervisor_2,429,11,418
6112,1,2,Supervisor_2,379,9,370
6113,5,1,Supervisor_1,322,14,308
6114,31,2,Supervisor_2,268,14,254
6115,19,3,Supervisor_3,228,7,221
6116,46,3,Supervisor_3,471,6,465
6117,2,2,Supervisor_2,75,1,74
6118,13,1,Supervisor_1,352,27,325
6119,17,1,Supervisor_1,296,23,273
6120,37,3,Supervisor_3,298,5,293
6121,24,3,Supervisor_3,215,16,199
6122,26,2,Supervisor_2,302,0,302
6123,44,1,Supervisor_1,96,0,96
6124,25,2,Supervisor_2,410,4,406
6125,32,2,Supervisor_2,479,2,477
6126,50,3,Supervisor_3,285,11,274
6127,19,3,Supervisor_3,122,3,119
6128,42,2,Supervisor_2,238,3,235
6129,21,2,Supervisor_2,489,27,462
6130,41,1,Supervisor_1,131,7,124
6131,4,3,Supervisor_3,163,7,156
6132,31,1,Supervisor_1,291,11,280
6133,41,1,Supervisor_1,101,7,94
6134,32,2,Supervisor_2,254,9,245
6135,32,3,Supervisor_3,467,9,458
6136,33,2,Supervisor_2,454,6,448
6137,39,3,Supervisor_3,387,12,375
6138,8,1,Supervisor_1,373,14,359
6139,4,3,Supervisor_3,304,0,304
6140,23,1,Supervisor_1,233,11,222
6141,26,2,Supervisor_2,312,24,288
6142,45,1,Supervisor_1,224,2,222
6143,1,2,Supervisor_2,295,5,290
6144,4,3,Supervisor_3,192,8,184
6145,4,2,Supervisor_2,99,0,99
6146,6,3,Supervisor_3,367,13,354
6147,13,3,Supervisor_3,350,25,325
6148,40,2,Supervisor_2,406,21,385
6149,31,2,Supervisor_2,397,13,384
6150,32,2,Supervisor_2,458,10,448
6151,36,3,Supervisor_3,297,11,286
6152,4,2,Supervisor_2,409,19,390
6153,33,2,Supervisor_2,192,8,184
6154,41,1,Supervisor_1,286,12,274
6155,9,2,Supervisor_2,324,16,308
6156,8,3,Supervisor_3,51,3,48
6157,14,3,Supervisor_3,238,10,228
6158,18,1,Supervisor_1,373,13,360
6159,45,1,Supervisor_1,61,2,59
6160,22,2,Supervisor_2,416,2,414
6161,37,2,Supervisor_2,183,7,176
6162,10,2,Supervisor_2,140,0,140
6163,27,1,Supervisor_1,112,7,105
6164,4,3,Supervisor_3,121,0,121
6165,39,2,Supervisor_2,87,6,81
6166,16,1,Supervisor_1,308,15,293
6167,47,2,Supervisor_2,255,14,241
6168,40,1,Supervisor_1,316,7,309
6169,43,1,Supervisor_1,403,32,371
6170,35,3,Supervisor_3,175,6,169
6171,2,3,Supervisor_3,142,4,138
6172,40,3,Supervisor_3,224,15,209
6173,20,2,Supervisor_2,472,7,465
6174,22,1,Supervisor_1,60,0,60
6175,1,1,Supervisor_1,283,9,274
6176,45,1,Supervisor_1,409,30,379
6177,12,2,Supervisor_2,445,12,433
6178,8,3,Supervisor_3,127,5,122
6179,20,3,Supervisor_3,486,2,484
6180,22,2,Supervisor_2,308,23,285
6181,29,2,Supervisor_2,415,28,387
6182,27,1,Supervisor_1,344,22,322
6183,41,3,Supervisor_3,305,10,295
6184,16,3,Supervisor_3,353,19,334
6185,5,1,Supervisor_1,140,4,136
6186,14,1,Supervisor_1,307,13,294
6187,40,1,Supervisor_1,282,11,271
6188,33,2,Supervisor_2,185,13,172
6189,35,2,Supervisor_2,242,9,233
6190,14,3,Supervisor_3,172,10,162
6191,32,3,Supervisor_3,189,10,179
6192,38,2,Supervisor_2,496,29,467
6193,45,2,Supervisor_2,183,5,178
6194,4,3,Supervisor_3,395,25,370
6195,7,3,Supervisor_3,302,16,286
6196,46,1,Supervisor_1,99,7,92
6197,6,3,Supervisor_3,339,10,329
6198,24,3,Supervisor_3,130,8,122
6199,24,2,Supervisor_2,308,20,288
6200,24,1,Supervisor_1,75,3,72
6201,30,3,Supervisor_3,461,23,438
6202,38,2,Supervisor_2,111,5,106
6203,8,1,Supervisor_1,424,21,403
6204,35,1,Supervisor_1,129,10,119
6205,28,2,Supervisor_2,256,17,239
6206,44,2,Supervisor_2,340,4,336
6207,11,1,Supervisor_1,413,4,409
6208,18,1,Supervisor_1,103,3,100
6209,14,2,Supervisor_2,358,12,346
6210,31,2,Supervisor_2,319,1,318
6211,25,3,Supervisor_3,177,0,177
6212,4,2,Supervisor_2,116,0,116
6213,11,2,Supervisor_2,56,0,56
6214,30,3,Supervisor_3,339,12,327
6215,38,2,Supervisor_2,219,13,206
6216,5,3,Supervisor_3,94,3,91
6217,17,3,Supervisor_3,128,2,126
6218,20,3,Supervisor_3,131,2,129
6219,9,2,Supervisor_2,456,19,437
6220,44,2,Supervisor_2,123,2,121
6221,20,3,Supervisor_3,251,14,237
6222,50,1,Supervisor_1,74,5,69
6223,12,2,Supervisor_2,102,1,101
6224,8,1,Supervisor_1,177,4,173
6225,45,3,Supervisor_3,172,6,166
6226,45,3,Supervisor_3,65,1,64
6227,29,2,Supervisor_2,75,4,71
6228,50,2,Supervisor_2,286,1,285
6229,6,3,Supervisor_3,169,8,161
6230,26,1,Supervisor_1,59,0,59
6231,38,1,Supervisor_1,488,23,465
6232,20,3,Supervisor_3,297,11,286
6233,46,3,Supervisor_3,55,4,51
6234,33,2,Supervisor_2,305,23,282
6235,35,2,Supervisor_2,350,9,341
6236,49,3,Supervisor_3,231,1,230
6237,31,2,Supervisor_2,52,0,52
6238,50,1,Supervisor_1,266,17,249
6239,17,1,Supervisor_1,354,16,338
6240,44,3,Supervisor_3,183,4,179
6241,14,2,Supervisor_2,229,2,227
6242,38,1,Supervisor_1,292,6,286
6243,5,3,Supervisor_3,357,18,339
6244,43,1,Supervisor_1,104,4,100
6245,25,3,Supervisor_3,402,30,372
6246,6,1,Supervisor_1,238,4,234
6247,43,3,Supervisor_3,357,0,357
6248,48,1,Supervisor_1,475,5,470
6249,47,2,Supervisor_2,376,28,348
6250,50,2,Supervisor_2,307,13,294
6251,47,2,Supervisor_2,455,20,435
6252,37,2,Supervisor_2,432,9,423
6253,35,1,Supervisor_1,147,4,143
6254,39,2,Supervisor_2,409,27,382
6255,4,3,Supervisor_3,125,4,121
6256,34,2,Supervisor_2,373,3,370
6257,30,1,Supervisor_1,325,13,312
6258,28,1,Supervisor_1,372,14,358
6259,30,2,Supervisor_2,243,1,242
6260,10,2,Supervisor_2,83,2,81
6261,32,3,Supervisor_3,236,0,236
6262,25,1,Supervisor_1,195,8,187
6263,12,2,Supervisor_2,121,8,113
6264,1,3,Supervisor_3,326,15,311
6265,40,2,Supervisor_2,50,2,48
6266,18,3,Supervisor_3,231,9,222
6267,29,2,Supervisor_2,498,31,467
6268,22,2,Supervisor_2,337,13,324
6269,18,1,Supervisor_1,334,15,319
6270,14,1,Supervisor_1,448,7,441
6271,6,1,Supervisor_1,346,11,335
6272,17,2,Supervisor_2,146,7,139
6273,7,1,Supervisor_1,471,5,466
6274,18,1,Supervisor_1,488,8,480
6275,35,3,Supervisor_3,51,2,49
6276,29,3,Supervisor_3,498,35,463
6277,44,1,Supervisor_1,233,17,216
6278,23,1,Supervisor_1,196,6,190
6279,20,3,Supervisor_3,213,7,206
6280,45,1,Supervisor_1,472,18,454
6281,44,1,Supervisor_1,390,28,362
6282,37,1,Supervisor_1,72,0,72
6283,16,1,Supervisor_1,400,16,384
6284,25,1,Supervisor_1,189,9,180
6285,7,2,Supervisor_2,214,15,199
6286,15,1,Supervisor_1,428,26,402
6287,7,3,Supervisor_3,81,1,80
6288,6,2,Supervisor_2,204,13,191
6289,47,1,Supervisor_1,408,13,395
6290,5,1,Supervisor_1,168,2,166
6291,4,2,Supervisor_2,77,2,75
6292,36,1,Supervisor_1,393,31,362
6293,24,1,Supervisor_1,410,31,379
6294,49,3,Supervisor_3,373,23,350
6295,39,3,Supervisor_3,303,22,281
6296,5,2,Supervisor_2,457,17,440
6297,30,2,Supervisor_2,159,2,157
6298,6,1,Supervisor_1,79,0,79
6299,35,2,Supervisor_2,230,14,216
6300,19,3,Supervisor_3,258,18,240
6301,49,3,Supervisor_3,231,9,222
6302,32,2,Supervisor_2,262,15,247
6303,37,1,Supervisor_1,491,13,478
6304,49,3,Supervisor_3,395,27,368
6305,4,3,Supervisor_3,120,5,115
6306,10,2,Supervisor_2,464,9,455
6307,7,2,Supervisor_2,275,18,257
6308,16,2,Supervisor_2,399,1,398
6309,32,2,Supervisor_2,388,19,369
6310,14,3,Supervisor_3,488,0,488
6311,30,2,Supervisor_2,133,0,133
6312,23,2,Supervisor_2,202,15,187
6313,10,2,Supervisor_2,54,1,53
6314,49,3,Supervisor_3,140,0,140
6315,20,2,Supervisor_2,329,0,329
6316,41,3,Supervisor_3,478,26,452
6317,10,1,Supervisor_1,263,6,257
6318,12,1,Supervisor_1,100,5,95
6319,12,3,Supervisor_3,106,2,104
6320,1,1,Supervisor_1,172,10,162
6321,7,3,Supervisor_3,268,16,252
6322,36,3,Supervisor_3,431,2,429
6323,44,3,Supervisor_3,399,27,372
6324,26,1,Supervisor_1,253,9,244
6325,31,1,Supervisor_1,111,7,104
6326,27,3,Supervisor_3,354,5,349
6327,39,2,Supervisor_2,84,5,79
6328,1,3,Supervisor_3,353,24,329
6329,31,2,Supervisor_2,370,27,343
6330,15,1,Supervisor_1,183,13,170
6331,48,1,Supervisor_1,381,0,381
6332,43,3,Supervisor_3,370,11,359
6333,44,3,Supervisor_3,364,0,364
6334,39,2,Supervisor_2,291,17,274
6335,24,2,Supervisor_2,406,10,396
6336,39,2,Supervisor_2,332,20,312
6337,28,3,Supervisor_3,349,15,334
6338,46,2,Supervisor_2,224,1,223
6339,50,3,Supervisor_3,351,16,335
6340,15,2,Supervisor_2,156,7,149
6341,31,3,Supervisor_3,222,3,219
6342,43,2,Supervisor_2,493,23,470
6343,3,2,Supervisor_2,367,7,360
6344,50,3,Supervisor_3,429,24,405
6345,34,2,Supervisor_2,466,10,456
6346,11,1,Supervisor_1,488,7,481
6347,46,3,Supervisor_3,131,8,123
6348,43,3,Supervisor_3,343,4,339
6349,37,2,Supervisor_2,84,4,80
6350,44,2,Supervisor_2,386,4,382
6351,4,1,Supervisor_1,438,11,427
6352,1,3,Supervisor_3,116,1,115
6353,11,3,Supervisor_3,192,8,184
6354,46,1,Supervisor_1,442,1,441
6355,20,3,Supervisor_3,276,18,258
6356,15,3,Supervisor_3,258,12,246
6357,19,2,Supervisor_2,334,24,310
6358,34,2,Supervisor_2,240,8,232
6359,13,3,Supervisor_3,291,16,275
6360,9,1,Supervisor_1,234,13,221
6361,9,2,Supervisor_2,157,3,154
6362,42,1,Supervisor_1,97,5,92
6363,22,2,Supervisor_2,99,0,99
6364,47,1,Supervisor_1,77,1,76
6365,36,2,Supervisor_2,240,0,240
6366,14,3,Supervisor_3,381,20,361
6367,49,3,Supervisor_3,52,0,52
6368,49,1,Supervisor_1,426,29,397
6369,27,2,Supervisor_2,400,17,383
6370,41,1,Supervisor_1,213,12,201
6371,37,1,Supervisor_1,359,8,351
6372,9,1,Supervisor_1,117,5,112
6373,1,1,Supervisor_1,228,7,221
6374,23,1,Supervisor_1,116,0,116
6375,1,3,Supervisor_3,333,22,311
6376,40,2,Supervisor_2,289,12,277
6377,27,3,Supervisor_3,223,5,218
6378,50,1,Supervisor_1,213,1,212
6379,39,3,Supervisor_3,419,18,401
6380,44,3,Supervisor_3,98,6,92
6381,13,3,Supervisor_3,296,2,294
6382,47,2,Supervisor_2,416,15,401
6383,10,1,Supervisor_1,298,6,292
6384,38,1,Supervisor_1,94,5,89
6385,26,2,Supervisor_2,227,0,227
6386,14,2,Supervisor_2,152,9,143
6387,26,2,Supervisor_2,346,0,346
6388,46,3,Supervisor_3,58,3,55
6389,15,2,Supervisor_2,492,22,470
6390,36,1,Supervisor_1,85,2,83
6391,39,2,Supervisor_2,356,3,353
6392,23,1,Supervisor_1,176,2,174
6393,38,3,Supervisor_3,145,1,144
6394,34,2,Supervisor_2,298,18,280
6395,44,2,Supervisor_2,330,19,311
6396,12,2,Supervisor_2,196,13,183
6397,31,1,Supervisor_1,417,29,388
6398,43,2,Supervisor_2,414,21,393
6399,44,1,Supervisor_1,360,18,342
6400,36,2,Supervisor_2,106,1,105
6401,4,2,Supervisor_2,157,5,152
6402,11,1,Supervisor_1,110,6,104
6403,42,1,Supervisor_1,65,4,61
6404,20,3,Supervisor_3,138,10,128
6405,44,1,Supervisor_1,332,0,332
6406,20,1,Supervisor_1,304,8,296
6407,43,2,Supervisor_2,54,0,54
6408,35,2,Supervisor_2,426,29,397
6409,13,2,Supervisor_2,81,2,79
6410,3,2,Supervisor_2,122,3,119
6411,44,1,Supervisor_1,225,5,220
6412,38,1,Supervisor_1,216,15,201
6413,25,3,Supervisor_3,497,11,486
6414,49,3,Supervisor_3,437,23,414
6415,13,3,Supervisor_3,476,34,442
6416,1,1,Supervisor_1,439,21,418
6417,43,3,Supervisor_3,244,14,230
6418,23,3,Supervisor_3,442,14,428
6419,14,2,Supervisor_2,179,0,179
6420,19,2,Supervisor_2,334,5,329
6421,13,1,Supervisor_1,331,14,317
6422,38,1,Supervisor_1,168,6,162
6423,10,2,Supervisor_2,249,4,245
6424,32,1,Supervisor_1,397,13,384
6425,21,3,Supervisor_3,50,2,48
6426,31,1,Supervisor_1,169,7,162
6427,50,3,Supervisor_3,367,15,352
6428,15,1,Supervisor_1,331,21,310
6429,4,2,Supervisor_2,124,7,117
6430,36,1,Supervisor_1,461,27,434
6431,13,3,Supervisor_3,458,16,442
6432,7,1,Supervisor_1,282,3,279
6433,1,2,Supervisor_2,153,0,153
6434,43,1,Supervisor_1,278,3,275
6435,30,3,Supervisor_3,77,5,72
6436,3,1,Supervisor_1,269,8,261
6437,18,3,Supervisor_3,358,1,357
6438,29,1,Supervisor_1,325,8,317
6439,19,1,Supervisor_1,57,3,54
6440,9,3,Supervisor_3,262,9,253
6441,18,3,Supervisor_3,327,3,324
6442,46,2,Supervisor_2,221,5,216
6443,41,3,Supervisor_3,235,17,218
6444,2,2,Supervisor_2,194,14,180
6445,37,2,Supervisor_2,192,3,189
6446,28,1,Supervisor_1,265,6,259
6447,5,2,Supervisor_2,155,3,152
6448,46,1,Supervisor_1,219,12,207
6449,45,2,Supervisor_2,427,14,413
6450,44,3,Supervisor_3,152,4,148
6451,36,2,Supervisor_2,479,22,457
6452,10,3,Supervisor_3,417,17,400
6453,15,3,Supervisor_3,195,12,183
6454,6,2,Supervisor_2,443,9,434
6455,17,2,Supervisor_2,73,3,70
6456,23,1,Supervisor_1,396,28,368
6457,25,3,Supervisor_3,135,3,132
6458,11,2,Supervisor_2,206,5,201
6459,40,1,Supervisor_1,125,7,118
6460,31,2,Supervisor_2,379,26,353
6461,37,3,Supervisor_3,207,6,201
6462,9,3,Supervisor_3,394,6,388
6463,1,1,Supervisor_1,238,5,233
6464,29,2,Supervisor_2,96,6,90
6465,46,3,Supervisor_3,123,8,115
6466,28,3,Supervisor_3,341,2,339
6467,10,3,Supervisor_3,312,15,297
6468,20,2,Supervisor_2,395,0,395
6469,14,3,Supervisor_3,151,4,147
6470,35,3,Supervisor_3,499,12,487
6471,20,3,Supervisor_3,57,2,55
6472,6,1,Supervisor_1,465,14,451
6473,16,3,Supervisor_3,424,6,418
6474,34,2,Supervisor_2,188,11,177
6475,42,3,Supervisor_3,447,9,438
6476,10,1,Supervisor_1,351,23,328
6477,27,1,Supervisor_1,79,5,74
6478,4,3,Supervisor_3,216,14,202
6479,42,3,Supervisor_3,347,25,322
6480,49,2,Supervisor_2,327,24,303
6481,8,2,Supervisor_2,262,13,249
6482,7,1,Supervisor_1,294,12,282
6483,1,3,Supervisor_3,349,3,346
6484,40,1,Supervisor_1,104,7,97
6485,7,2,Supervisor_2,75,2,73
6486,1,2,Supervisor_2,359,21,338
6487,36,2,Supervisor_2,115,6,109
6488,20,3,Supervisor_3,78,3,75
6489,39,3,Supervisor_3,344,26,318
6490,40,2,Supervisor_2,70,1,69
6491,1,1,Supervisor_1,179,13,166
6492,18,3,Supervisor_3,287,4,283
6493,3,2,Supervisor_2,246,7,239
6494,23,1,Supervisor_1,117,0,117
6495,8,1,Supervisor_1,133,4,129
6496,39,1,Supervisor_1,218,4,214
6497,32,3,Supervisor_3,415,17,398
6498,36,2,Supervisor_2,190,7,183
6499,29,2,Supervisor_2,241,14,227
6500,15,3,Supervisor_3,172,0,172
6501,26,3,Supervisor_3,440,21,419
6502,18,2,Supervisor_2,310,13,297
6503,4,1,Supervisor_1,441,0,441
6504,28,3,Supervisor_3,204,10,194
6505,37,1,Supervisor_1,139,7,132
6506,49,2,Supervisor_2,384,30,354
6507,50,2,Supervisor_2,51,3,48
6508,34,1,Supervisor_1,381,30,351
6509,32,3,Supervisor_3,366,21,345
6510,48,3,Supervisor_3,268,15,253
6511,20,1,Supervisor_1,475,25,450
6512,17,2,Supervisor_2,308,21,287
6513,44,2,Supervisor_2,256,16,240
6514,20,2,Supervisor_2,259,10,249
6515,30,2,Supervisor_2,461,8,453
6516,25,3,Supervisor_3,213,12,201
6517,12,2,Supervisor_2,95,6,89
6518,42,1,Supervisor_1,106,2,104
6519,39,3,Supervisor_3,473,35,438
6520,34,1,Supervisor_1,307,6,301
6521,17,2,Supervisor_2,321,5,316
6522,30,2,Supervisor_2,136,5,131
6523,39,1,Supervisor_1,156,3,153
6524,50,3,Supervisor_3,268,4,264
6525,26,1,Supervisor_1,159,4,155
6526,4,1,Supervisor_1,233,3,230
6527,23,2,Supervisor_2,201,9,192
6528,37,1,Supervisor_1,143,6,137
6529,40,3,Supervisor_3,390,1,389
6530,45,3,Supervisor_3,138,2,136
6531,44,2,Supervisor_2,97,0,97
6532,44,1,Supervisor_1,476,22,454
6533,39,2,Supervisor_2,442,24,418
6534,45,3,Supervisor_3,312,13,299
6535,29,1,Supervisor_1,93,6,87
6536,43,3,Supervisor_3,343,12,331
6537,35,1,Supervisor_1,162,3,159
6538,8,2,Supervisor_2,133,4,129
6539,24,2,Supervisor_2,427,8,419
6540,2,2,Supervisor_2,116,7,109
6541,19,3,Supervisor_3,441,8,433
6542,39,2,Supervisor_2,71,2,69
6543,27,3,Supervisor_3,141,1,140
6544,22,3,Supervisor_3,296,11,285
6545,42,2,Supervisor_2,58,1,57
6546,14,3,Supervisor_3,351,25,326
6547,45,2,Supervisor_2,496,29,467
6548,34,1,Supervisor_1,385,6,379
6549,49,1,Supervisor_1,311,10,301
6550,22,3,Supervisor_3,220,10,210
6551,46,2,Supervisor_2,69,0,69
6552,43,1,Supervisor_1,295,18,277
6553,44,2,Supervisor_2,335,6,329
6554,10,2,Supervisor_2,81,4,77
6555,42,3,Supervisor_3,406,6,400
6556,40,3,Supervisor_3,373,1,372
6557,4,1,Supervisor_1,207,14,193
6558,15,1,Supervisor_1,469,8,461
6559,10,3,Supervisor_3,273,4,269
6560,39,2,Supervisor_2,228,15,213
6561,18,3,Supervisor_3,112,2,110
6562,46,3,Supervisor_3,411,21,390
6563,1,3,Supervisor_3,140,6,134
6564,45,2,Supervisor_2,242,17,225
6565,3,3,Supervisor_3,244,10,234
6566,8,3,Supervisor_3,280,0,280
6567,25,1,Supervisor_1,336,23,313
6568,41,1,Supervisor_1,148,1,147
6569,24,2,Supervisor_2,215,9,206
6570,22,1,Supervisor_1,258,17,241
6571,49,2,Supervisor_2,313,13,300
6572,9,3,Supervisor_3,412,30,382
6573,30,1,Supervisor_1,463,23,440
6574,26,1,Supervisor_1,332,23,309
6575,41,2,Supervisor_2,390,24,366
6576,29,1,Supervisor_1,497,37,460
6577,49,3,Supervisor_3,491,6,485
6578,28,3,Supervisor_3,265,10,255
6579,19,3,Supervisor_3,188,3,185
6580,20,2,Supervisor_2,66,0,66
6581,4,2,Supervisor_2,141,0,141
6582,6,2,Supervisor_2,243,13,230
6583,48,2,Supervisor_2,206,2,204
6584,24,1,Supervisor_1,145,5,140
6585,11,2,Supervisor_2,66,4,62
6586,6,3,Supervisor_3,343,18,325
6587,42,3,Supervisor_3,148,4,144
6588,16,1,Supervisor_1,50,0,50
6589,22,2,Supervisor_2,410,28,382
6590,41,1,Supervisor_1,447,34,413
6591,48,2,Supervisor_2,480,34,446
6592,16,3,Supervisor_3,259,17,242
6593,50,2,Supervisor_2,122,6,116
6594,27,3,Supervisor_3,146,6,140
6595,2,3,Supervisor_3,363,25,338
6596,26,3,Supervisor_3,240,12,228
6597,16,2,Supervisor_2,254,14,240
6598,16,2,Supervisor_2,107,5,102
6599,49,1,Supervisor_1,269,9,260
6600,43,3,Supervisor_3,391,21,370
6601,4,2,Supervisor_2,107,0,107
6602,11,2,Supervisor_2,64,1,63
6603,1,3,Supervisor_3,273,12,261
6604,1,2,Supervisor_2,445,34,411
6605,29,1,Supervisor_1,154,5,149
6606,26,2,Supervisor_2,328,14,314
6607,1,3,Supervisor_3,199,6,193
6608,29,1,Supervisor_1,487,2,485
6609,47,3,Supervisor_3,71,3,68
6610,43,3,Supervisor_3,216,0,216
6611,4,1,Supervisor_1,321,23,298
6612,19,3,Supervisor_3,371,0,371
6613,45,2,Supervisor_2,451,30,421
6614,27,2,Supervisor_2,410,13,397
6615,24,3,Supervisor_3,375,18,357
6616,24,3,Supervisor_3,400,25,375
6617,43,2,Supervisor_2,350,4,346
6618,39,2,Supervisor_2,326,18,308
6619,31,2,Supervisor_2,464,15,449
6620,27,3,Supervisor_3,371,22,349
6621,8,1,Supervisor_1,378,20,358
6622,3,2,Supervisor_2,470,37,433
6623,14,1,Supervisor_1,233,5,228
6624,10,2,Supervisor_2,371,17,354
6625,2,2,Supervisor_2,308,17,291
6626,7,2,Supervisor_2,428,23,405
6627,9,1,Supervisor_1,203,6,197
6628,5,2,Supervisor_2,82,5,77
6629,31,1,Supervisor_1,172,7,165
6630,20,2,Supervisor_2,204,1,203
6631,38,2,Supervisor_2,389,17,372
6632,39,1,Supervisor_1,136,1,135
6633,48,3,Supervisor_3,200,13,187
6634,3,1,Supervisor_1,276,19,257
6635,40,3,Supervisor_3,359,18,341
6636,21,3,Supervisor_3,186,8,178
6637,7,2,Supervisor_2,338,7,331
6638,33,3,Supervisor_3,418,20,398
6639,1,3,Supervisor_3,343,15,328
6640,24,2,Supervisor_2,120,7,113
6641,46,1,Supervisor_1,151,2,149
6642,11,2,Supervisor_2,389,23,366
6643,17,2,Supervisor_2,311,7,304
6644,25,2,Supervisor_2,448,29,419
6645,44,3,Supervisor_3,261,7,254
6646,47,2,Supervisor_2,348,8,340
6647,11,2,Supervisor_2,343,11,332
6648,20,2,Supervisor_2,212,16,196
6649,11,3,Supervisor_3,416,22,394
6650,24,3,Supervisor_3,366,19,347
6651,24,2,Supervisor_2,353,6,347
6652,11,2,Supervisor_2,246,8,238
6653,25,3,Supervisor_3,187,1,186
6654,24,2,Supervisor_2,289,0,289
6655,22,3,Supervisor_3,266,0,266
6656,19,1,Supervisor_1,339,16,323
6657,38,2,Supervisor_2,316,11,305
6658,26,1,Supervisor_1,447,12,435
6659,28,1,Supervisor_1,189,12,177
6660,49,3,Supervisor_3,478,14,464
6661,26,2,Supervisor_2,489,25,464
6662,40,1,Supervisor_1,429,19,410
6663,16,2,Supervisor_2,82,4,78
6664,36,1,Supervisor_1,414,12,402
6665,4,3,Supervisor_3,220,7,213
6666,38,3,Supervisor_3,167,1,166
6667,50,1,Supervisor_1,278,8,270
6668,22,1,Supervisor_1,285,5,280
6669,28,3,Supervisor_3,55,1,54
6670,2,1,Supervisor_1,475,6,469
6671,19,3,Supervisor_3,423,16,407
6672,1,1,Supervisor_1,189,11,178
6673,28,2,Supervisor_2,243,1,242
6674,16,3,Supervisor_3,419,27,392
6675,44,1,Supervisor_1,360,5,355
6676,38,2,Supervisor_2,419,20,399
6677,12,1,Supervisor_1,179,6,173
6678,5,3,Supervisor_3,338,18,320
6679,22,2,Supervisor_2,419,30,389
6680,37,3,Supervisor_3,129,7,122
6681,39,2,Supervisor_2,298,20,278
6682,38,2,Supervisor_2,252,17,235
6683,35,1,Supervisor_1,219,1,218
6684,33,3,Supervisor_3,75,1,74
6685,14,3,Supervisor_3,283,1,282
6686,6,2,Supervisor_2,359,3,356
6687,41,1,Supervisor_1,252,4,248
6688,42,1,Supervisor_1,193,5,188
6689,21,2,Supervisor_2,350,5,345
6690,1,1,Supervisor_1,478,17,461
6691,6,3,Supervisor_3,264,6,258
6692,30,1,Supervisor_1,424,22,402
6693,8,2,Supervisor_2,123,7,116
6694,7,2,Supervisor_2,68,2,66
6695,33,2,Supervisor_2,217,1,216
6696,24,3,Supervisor_3,377,27,350
6697,40,1,Supervisor_1,426,20,406
6698,20,2,Supervisor_2,141,10,131
6699,13,1,Supervisor_1,291,10,281
6700,47,3,Supervisor_3,104,4,100
6701,32,3,Supervisor_3,330,7,323
6702,5,2,Supervisor_2,336,19,317
6703,47,3,Supervisor_3,71,1,70
6704,30,2,Supervisor_2,441,14,427
6705,42,2,Supervisor_2,272,1,271
6706,16,1,Supervisor_1,305,11,294
6707,41,3,Supervisor_3,147,1,146
6708,16,2,Supervisor_2,70,4,66
6709,12,2,Supervisor_2,253,17,236
6710,17,1,Supervisor_1,428,17,411
6711,16,3,Supervisor_3,338,24,314
6712,47,2,Supervisor_2,337,9,328
6713,19,1,Supervisor_1,81,3,78
6714,7,3,Supervisor_3,465,35,430
6715,6,3,Supervisor_3,118,0,118
6716,29,1,Supervisor_1,429,24,405
6717,48,1,Supervisor_1,469,34,435
6718,6,1,Supervisor_1,302,14,288
6719,48,3,Supervisor_3,118,0,118
6720,6,3,Supervisor_3,469,18,451
6721,40,3,Supervisor_3,265,7,258
6722,1,2,Supervisor_2,203,12,191
6723,20,2,Supervisor_2,428,6,422
6724,22,3,Supervisor_3,207,0,207
6725,25,2,Supervisor_2,243,11,232
6726,6,2,Supervisor_2,246,8,238
6727,39,1,Supervisor_1,240,16,224
6728,45,1,Supervisor_1,351,9,342
6729,4,3,Supervisor_3,364,11,353
6730,26,1,Supervisor_1,472,6,466
6731,19,1,Supervisor_1,164,5,159
6732,2,3,Supervisor_3,363,12,351
6733,10,1,Supervisor_1,197,13,184
6734,33,1,Supervisor_1,310,1,309
6735,32,2,Supervisor_2,168,7,161
6736,17,2,Supervisor_2,130,2,128
6737,13,1,Supervisor_1,155,8,147
6738,29,3,Supervisor_3,149,5,144
6739,33,3,Supervisor_3,283,12,271
6740,16,3,Supervisor_3,266,1,265
6741,46,1,Supervisor_1,189,13,176
6742,40,2,Supervisor_2,473,29,444
6743,50,2,Supervisor_2,304,6,298
6744,45,3,Supervisor_3,80,0,80
6745,36,2,Supervisor_2,285,1,284
6746,34,3,Supervisor_3,218,10,208
6747,14,3,Supervisor_3,346,19,327
6748,25,3,Supervisor_3,88,0,88
6749,17,2,Supervisor_2,397,9,388
6750,5,2,Supervisor_2,236,14,222
6751,19,2,Supervisor_2,60,3,57
6752,8,1,Supervisor_1,430,25,405
6753,1,3,Supervisor_3,488,15,473
6754,17,3,Supervisor_3,137,7,130
6755,11,2,Supervisor_2,260,3,257
6756,25,1,Supervisor_1,299,20,279
6757,23,2,Supervisor_2,65,3,62
6758,24,1,Supervisor_1,191,2,189
6759,28,1,Supervisor_1,215,5,210
6760,33,3,Supervisor_3,99,4,95
6761,10,1,Supervisor_1,89,5,84
6762,31,2,Supervisor_2,248,3,245
6763,22,3,Supervisor_3,488,16,472
6764,25,1,Supervisor_1,490,12,478
6765,23,3,Supervisor_3,153,3,150
6766,23,2,Supervisor_2,342,20,322
6767,37,3,Supervisor_3,236,13,223
6768,37,2,Supervisor_2,394,20,374
6769,2,1,Supervisor_1,212,7,205
6770,6,1,Supervisor_1,423,30,393
6771,17,2,Supervisor_2,339,18,321
6772,14,1,Supervisor_1,433,32,401
6773,35,1,Supervisor_1,357,26,331
6774,49,1,Supervisor_1,366,19,347
6775,8,2,Supervisor_2,116,2,114
6776,23,1,Supervisor_1,156,3,153
6777,31,2,Supervisor_2,341,19,322
6778,2,1,Supervisor_1,183,10,173
6779,29,1,Supervisor_1,251,10,241
6780,25,2,Supervisor_2,236,6,230
6781,8,3,Supervisor_3,384,24,360
6782,17,3,Supervisor_3,306,1,305
6783,9,2,Supervisor_2,358,24,334
6784,34,1,Supervisor_1,80,5,75
6785,23,1,Supervisor_1,463,35,428
6786,22,1,Supervisor_1,150,2,148
6787,5,1,Supervisor_1,100,6,94
6788,11,1,Supervisor_1,359,0,359
6789,31,1,Supervisor_1,413,28,385
6790,29,1,Supervisor_1,438,15,423
6791,37,2,Supervisor_2,118,4,114
6792,7,3,Supervisor_3,189,9,180
6793,34,3,Supervisor_3,321,10,311
6794,30,2,Supervisor_2,229,7,222
6795,50,2,Supervisor_2,387,20,367
6796,23,1,Supervisor_1,236,17,219
6797,7,3,Supervisor_3,77,4,73
6798,40,1,Supervisor_1,149,11,138
6799,31,2,Supervisor_2,136,3,133
6800,44,2,Supervisor_2,178,0,178
6801,38,2,Supervisor_2,469,19,450
6802,8,2,Supervisor_2,160,5,155
6803,34,2,Supervisor_2,375,17,358
6804,27,1,Supervisor_1,54,0,54
6805,26,2,Supervisor_2,257,6,251
6806,13,2,Supervisor_2,153,9,144
6807,35,3,Supervisor_3,362,9,353
6808,6,3,Supervisor_3,407,0,407
6809,3,2,Supervisor_2,381,19,362
6810,20,1,Supervisor_1,146,2,144
6811,11,2,Supervisor_2,292,18,274
6812,27,2,Supervisor_2,406,11,395
6813,1,1,Supervisor_1,303,17,286
6814,15,2,Supervisor_2,173,3,170
6815,24,1,Supervisor_1,438,12,426
6816,38,3,Supervisor_3,269,3,266
6817,39,2,Supervisor_2,134,5,129
6818,10,3,Supervisor_3,308,16,292
6819,8,2,Supervisor_2,252,17,235
6820,22,2,Supervisor_2,94,7,87
6821,28,3,Supervisor_3,196,12,184
6822,26,1,Supervisor_1,461,19,442
6823,39,3,Supervisor_3,333,18,315
6824,44,1,Supervisor_1,456,21,435
6825,47,1,Supervisor_1,116,5,111
6826,36,1,Supervisor_1,295,5,290
6827,46,1,Supervisor_1,441,1,440
6828,6,1,Supervisor_1,171,1,170
6829,32,1,Supervisor_1,78,4,74
6830,42,2,Supervisor_2,424,5,419
6831,10,1,Supervisor_1,257,13,244
6832,14,1,Supervisor_1,376,22,354
6833,7,3,Supervisor_3,251,13,238
6834,24,3,Supervisor_3,376,8,368
6835,37,2,Supervisor_2,351,4,347
6836,26,2,Supervisor_2,63,4,59
6837,18,2,Supervisor_2,243,0,243
6838,15,3,Supervisor_3,148,10,138
6839,26,3,Supervisor_3,341,13,328
6840,21,3,Supervisor_3,397,16,381
6841,2,1,Supervisor_1,153,1,152
6842,16,1,Supervisor_1,121,0,121
6843,42,2,Supervisor_2,194,6,188
6844,5,2,Supervisor_2,183,0,183
6845,10,1,Supervisor_1,71,4,67
6846,44,2,Supervisor_2,199,12,187
6847,29,1,Supervisor_1,102,7,95
6848,40,2,Supervisor_2,312,8,304
6849,12,1,Supervisor_1,275,2,273
6850,1,1,Supervisor_1,338,24,314
6851,18,2,Supervisor_2,494,11,483
6852,42,1,Supervisor_1,152,7,145
6853,47,1,Supervisor_1,134,5,129
6854,4,2,Supervisor_2,276,15,261
6855,22,2,Supervisor_2,172,2,170
6856,29,3,Supervisor_3,363,4,359
6857,32,2,Supervisor_2,259,13,246
6858,41,1,Supervisor_1,94,6,88
6859,31,1,Supervisor_1,414,26,388
6860,24,1,Supervisor_1,121,1,120
6861,39,2,Supervisor_2,241,9,232
6862,47,1,Supervisor_1,313,9,304
6863,16,2,Supervisor_2,193,12,181
6864,4,3,Supervisor_3,483,32,451
6865,14,2,Supervisor_2,117,4,113
6866,7,2,Supervisor_2,57,3,54
6867,26,3,Supervisor_3,208,13,195
6868,47,2,Supervisor_2,188,7,181
6869,36,1,Supervisor_1,386,12,374
6870,23,3,Supervisor_3,323,19,304
6871,14,3,Supervisor_3,125,2,123
6872,21,3,Supervisor_3,205,15,190
6873,35,3,Supervisor_3,126,3,123
6874,26,2,Supervisor_2,167,0,167
6875,34,3,Supervisor_3,201,2,199
6876,38,1,Supervisor_1,371,29,342
6877,44,3,Supervisor_3,152,0,152
6878,42,3,Supervisor_3,135,9,126
6879,8,3,Supervisor_3,234,16,218
6880,1,2,Supervisor_2,271,10,261
6881,7,3,Supervisor_3,458,5,453
6882,19,3,Supervisor_3,427,7,420
6883,22,1,Supervisor_1,181,8,173
6884,36,3,Supervisor_3,393,7,386
6885,22,2,Supervisor_2,349,21,328
6886,3,1,Supervisor_1,139,5,134
6887,24,3,Supervisor_3,107,0,107
6888,29,2,Supervisor_2,491,4,487
6889,23,2,Supervisor_2,421,4,417
6890,23,2,Supervisor_2,473,4,469
6891,46,1,Supervisor_1,115,1,114
6892,45,2,Supervisor_2,422,17,405
6893,4,2,Supervisor_2,494,30,464
6894,37,3,Supervisor_3,456,1,455
6895,43,1,Supervisor_1,246,14,232
6896,30,3,Supervisor_3,250,0,250
6897,6,1,Supervisor_1,129,0,129
6898,11,2,Supervisor_2,300,23,277
6899,1,2,Supervisor_2,304,17,287
6900,30,3,Supervisor_3,233,11,222
6901,39,1,Supervisor_1,355,17,338
6902,36,2,Supervisor_2,95,6,89
6903,1,2,Supervisor_2,423,5,418
6904,50,1,Supervisor_1,137,6,131
6905,44,2,Supervisor_2,187,12,175
6906,17,1,Supervisor_1,433,16,417
6907,34,2,Supervisor_2,133,3,130
6908,14,3,Supervisor_3,266,14,252
6909,40,1,Supervisor_1,486,12,474
6910,34,1,Supervisor_1,106,1,105
6911,19,2,Supervisor_2,143,3,140
6912,12,2,Supervisor_2,420,6,414
6913,10,2,Supervisor_2,367,1,366
6914,12,1,Supervisor_1,280,17,263
6915,24,1,Supervisor_1,50,2,48
6916,35,2,Supervisor_2,256,3,253
6917,27,3,Supervisor_3,265,6,259
6918,1,3,Supervisor_3,460,3,457
6919,24,2,Supervisor_2,343,5,338
6920,35,2,Supervisor_2,102,2,100
6921,8,2,Supervisor_2,273,15,258
6922,24,2,Supervisor_2,478,7,471
6923,33,2,Supervisor_2,450,18,432
6924,42,1,Supervisor_1,223,4,219
6925,32,1,Supervisor_1,94,6,88
6926,37,2,Supervisor_2,212,8,204
6927,37,1,Supervisor_1,160,11,149
6928,45,1,Supervisor_1,251,11,240
6929,13,3,Supervisor_3,117,2,115
6930,41,1,Supervisor_1,146,2,144
6931,12,1,Supervisor_1,109,2,107
6932,11,2,Supervisor_2,411,25,386
6933,26,1,Supervisor_1,350,5,345
6934,33,1,Supervisor_1,89,3,86
6935,43,2,Supervisor_2,280,3,277
6936,28,3,Supervisor_3,342,5,337
6937,31,3,Supervisor_3,224,2,222
6938,50,1,Supervisor_1,310,17,293
6939,28,2,Supervisor_2,316,4,312
6940,30,1,Supervisor_1,189,3,186
6941,28,1,Supervisor_1,467,16,451
6942,42,3,Supervisor_3,164,4,160
6943,30,3,Supervisor_3,430,10,420
6944,27,1,Supervisor_1,237,2,235
6945,19,1,Supervisor_1,308,18,290
6946,34,3,Supervisor_3,98,0,98
6947,50,3,Supervisor_3,273,1,272
6948,38,2,Supervisor_2,216,5,211
6949,13,1,Supervisor_1,489,14,475
6950,28,3,Supervisor_3,473,21,452
6951,48,2,Supervisor_2,77,6,71
6952,7,1,Supervisor_1,444,23,421
6953,1,1,Supervisor_1,206,1,205
6954,28,3,Supervisor_3,399,24,375
6955,21,1,Supervisor_1,310,5,305
6956,2,2,Supervisor_2,161,7,154
6957,24,1,Supervisor_1,380,2,378
6958,1,2,Supervisor_2,106,1,105
6959,19,2,Supervisor_2,480,34,446
6960,3,2,Supervisor_2,394,18,376
6961,21,3,Supervisor_3,457,16,441
6962,20,3,Supervisor_3,70,4,66
6963,43,2,Supervisor_2,217,6,211
6964,22,1,Supervisor_1,167,8,159
6965,14,1,Supervisor_1,332,0,332
6966,10,1,Supervisor_1,244,14,230
6967,14,3,Supervisor_3,199,9,190
6968,16,2,Supervisor_2,114,3,111
6969,7,1,Supervisor_1,273,15,258
6970,45,3,Supervisor_3,450,8,442
6971,42,1,Supervisor_1,211,8,203
6972,2,3,Supervisor_3,439,25,414
6973,28,2,Supervisor_2,217,3,214
6974,42,3,Supervisor_3,126,7,119
6975,1,1,Supervisor_1,276,12,264
6976,12,1,Supervisor_1,450,26,424
6977,45,1,Supervisor_1,180,7,173
6978,1,3,Supervisor_3,191,10,181
6979,40,1,Supervisor_1,495,34,461
6980,40,1,Supervisor_1,351,21,330
6981,10,3,Supervisor_3,270,15,255
6982,7,3,Supervisor_3,244,7,237
6983,22,3,Supervisor_3,453,28,425
6984,14,2,Supervisor_2,449,18,431
6985,31,2,Supervisor_2,64,4,60
6986,38,3,Supervisor_3,335,18,317
6987,31,1,Supervisor_1,127,6,121
6988,33,3,Supervisor_3,60,0,60
6989,17,2,Supervisor_2,461,1,460
6990,7,2,Supervisor_2,289,1,288
6991,26,3,Supervisor_3,78,1,77
6992,44,1,Supervisor_1,286,9,277
6993,5,1,Supervisor_1,427,6,421
6994,45,2,Supervisor_2,157,8,149
6995,35,1,Supervisor_1,232,17,215
6996,3,1,Supervisor_1,476,17,459
6997,8,3,Supervisor_3,220,2,218
6998,22,1,Supervisor_1,391,25,366
6999,32,3,Supervisor_3,387,2,385
7000,46,3,Supervisor_3,102,2,100
7001,28,3,Supervisor_3,165,3,162
7002,4,3,Supervisor_3,99,3,96
7003,27,3,Supervisor_3,321,25,296
7004,38,2,Supervisor_2,350,17,333
7005,2,3,Supervisor_3,209,9,200
7006,15,3,Supervisor_3,133,9,124
7007,30,3,Supervisor_3,410,21,389
7008,47,2,Supervisor_2,276,7,269
7009,44,3,Supervisor_3,125,7,118
7010,15,2,Supervisor_2,207,6,201
7011,36,3,Supervisor_3,307,16,291
7012,24,1,Supervisor_1,369,1,368
7013,32,1,Supervisor_1,498,14,484
7014,3,2,Supervisor_2,473,25,448
7015,34,2,Supervisor_2,125,8,117
7016,15,2,Supervisor_2,349,15,334
7017,17,3,Supervisor_3,269,4,265
7018,24,2,Supervisor_2,481,22,459
7019,32,3,Supervisor_3,161,0,161
7020,28,1,Supervisor_1,488,38,450
7021,15,2,Supervisor_2,400,3,397
7022,14,3,Supervisor_3,414,29,385
7023,17,1,Supervisor_1,292,13,279
7024,3,1,Supervisor_1,352,26,326
7025,1,3,Supervisor_3,113,6,107
7026,17,2,Supervisor_2,246,0,246
7027,43,2,Supervisor_2,247,15,232
7028,46,2,Supervisor_2,367,21,346
7029,43,2,Supervisor_2,128,1,127
7030,12,1,Supervisor_1,477,19,458
7031,9,1,Supervisor_1,355,4,351
7032,30,2,Supervisor_2,240,5,235
7033,26,1,Supervisor_1,404,24,380
7034,11,3,Supervisor_3,217,1,216
7035,41,1,Supervisor_1,180,4,176
7036,19,3,Supervisor_3,67,0,67
7037,2,3,Supervisor_3,255,5,250
7038,19,2,Supervisor_2,242,3,239
7039,17,2,Supervisor_2,295,19,276
7040,50,2,Supervisor_2,94,0,94
7041,18,1,Supervisor_1,495,6,489
7042,21,2,Supervisor_2,222,11,211
7043,6,3,Supervisor_3,144,0,144
7044,39,1,Supervisor_1,266,10,256
7045,30,3,Supervisor_3,65,1,64
7046,4,2,Supervisor_2,394,0,394
7047,38,1,Supervisor_1,360,23,337
7048,2,3,Supervisor_3,149,8,141
7049,3,3,Supervisor_3,112,1,111
7050,21,3,Supervisor_3,451,10,441
7051,19,3,Supervisor_3,203,4,199
7052,33,1,Supervisor_1,449,10,439
7053,27,1,Supervisor_1,402,30,372
7054,15,3,Supervisor_3,456,33,423
7055,49,3,Supervisor_3,248,9,239
7056,18,1,Supervisor_1,413,5,408
7057,24,2,Supervisor_2,63,4,59
7058,19,3,Supervisor_3,73,4,69
7059,40,2,Supervisor_2,296,11,285
7060,47,1,Supervisor_1,318,0,318
7061,33,1,Supervisor_1,392,26,366
7062,17,1,Supervisor_1,307,7,300
7063,4,1,Supervisor_1,436,27,409
7064,41,2,Supervisor_2,405,27,378
7065,31,3,Supervisor_3,148,1,147
7066,23,1,Supervisor_1,250,7,243
7067,31,3,Supervisor_3,317,10,307
7068,43,1,Supervisor_1,367,9,358
7069,21,3,Supervisor_3,184,11,173
7070,21,2,Supervisor_2,169,0,169
7071,20,3,Supervisor_3,336,3,333
7072,12,1,Supervisor_1,151,3,148
7073,35,1,Supervisor_1,448,2,446
7074,13,1,Supervisor_1,486,30,456
7075,34,1,Supervisor_1,188,10,178
7076,4,1,Supervisor_1,124,7,117
7077,16,3,Supervisor_3,317,18,299
7078,36,3,Supervisor_3,469,24,445
7079,8,3,Supervisor_3,161,10,151
7080,9,1,Supervisor_1,181,1,180
7081,9,1,Supervisor_1,157,12,145
7082,16,1,Supervisor_1,246,9,237
7083,30,1,Supervisor_1,187,14,173
7084,11,2,Supervisor_2,101,7,94
7085,12,2,Supervisor_2,72,1,71
7086,8,3,Supervisor_3,435,31,404
7087,8,2,Supervisor_2,342,14,328
7088,25,1,Supervisor_1,152,6,146
7089,20,2,Supervisor_2,287,6,281
7090,19,1,Supervisor_1,465,36,429
7091,36,1,Supervisor_1,121,7,114
7092,27,2,Supervisor_2,477,30,447
7093,34,2,Supervisor_2,417,13,404
7094,47,1,Supervisor_1,441,1,440
7095,31,2,Supervisor_2,406,26,380
7096,44,3,Supervisor_3,117,5,112
7097,27,3,Supervisor_3,465,17,448
7098,18,2,Supervisor_2,247,4,243
7099,12,1,Supervisor_1,277,20,257
7100,10,2,Supervisor_2,271,3,268
7101,19,1,Supervisor_1,185,1,184
7102,9,3,Supervisor_3,394,3,391
7103,24,1,Supervisor_1,123,2,121
7104,3,2,Supervisor_2,175,2,173
7105,29,2,Supervisor_2,286,0,286
7106,12,3,Supervisor_3,92,3,89
7107,49,2,Supervisor_2,211,13,198
7108,26,2,Supervisor_2,388,12,376
7109,26,3,Supervisor_3,103,2,101
7110,9,1,Supervisor_1,403,25,378
7111,33,1,Supervisor_1,118,2,116
7112,40,3,Supervisor_3,445,32,413
7113,39,1,Supervisor_1,491,13,478
7114,44,2,Supervisor_2,351,4,347
7115,24,3,Supervisor_3,442,31,411
7116,14,3,Supervisor_3,182,2,180
7117,9,3,Supervisor_3,499,19,480
7118,31,2,Supervisor_2,442,33,409
7119,17,1,Supervisor_1,444,15,429
7120,47,3,Supervisor_3,198,4,194
7121,25,2,Supervisor_2,496,27,469
7122,37,1,Supervisor_1,135,4,131
7123,45,3,Supervisor_3,423,18,405
7124,7,1,Supervisor_1,372,20,352
7125,42,3,Supervisor_3,76,0,76
7126,21,3,Supervisor_3,494,7,487
7127,21,1,Supervisor_1,321,5,316
7128,10,3,Supervisor_3,207,16,191
7129,26,3,Supervisor_3,193,3,190
7130,22,2,Supervisor_2,293,19,274
7131,23,1,Supervisor_1,334,2,332
7132,24,1,Supervisor_1,398,2,396
7133,29,2,Supervisor_2,215,5,210
7134,19,2,Supervisor_2,58,0,58
7135,21,3,Supervisor_3,124,6,118
7136,16,3,Supervisor_3,487,30,457
7137,19,2,Supervisor_2,64,1,63
7138,3,2,Supervisor_2,489,21,468
7139,23,2,Supervisor_2,200,13,187
7140,31,2,Supervisor_2,423,4,419
7141,41,1,Supervisor_1,327,14,313
7142,21,1,Supervisor_1,100,1,99
7143,27,1,Supervisor_1,67,5,62
7144,25,3,Supervisor_3,143,5,138
7145,21,1,Supervisor_1,106,7,99
7146,10,3,Supervisor_3,339,17,322
7147,4,1,Supervisor_1,321,2,319
7148,11,1,Supervisor_1,90,1,89
7149,28,2,Supervisor_2,160,4,156
7150,7,1,Supervisor_1,243,0,243
7151,9,3,Supervisor_3,236,17,219
7152,46,2,Supervisor_2,91,1,90
7153,3,2,Supervisor_2,363,14,349
7154,23,2,Supervisor_2,188,11,177
7155,47,2,Supervisor_2,168,10,158
7156,8,1,Supervisor_1,326,24,302
7157,48,1,Supervisor_1,125,0,125
7158,36,1,Supervisor_1,394,25,369
7159,6,3,Supervisor_3,88,0,88
7160,29,3,Supervisor_3,365,4,361
7161,20,2,Supervisor_2,462,29,433
7162,17,3,Supervisor_3,467,23,444
7163,33,2,Supervisor_2,169,0,169
7164,14,3,Supervisor_3,207,6,201
7165,1,2,Supervisor_2,349,24,325
7166,48,1,Supervisor_1,318,4,314
7167,6,3,Supervisor_3,167,6,161
7168,46,3,Supervisor_3,224,13,211
7169,10,1,Supervisor_1,327,21,306
7170,37,1,Supervisor_1,349,25,324
7171,27,2,Supervisor_2,289,17,272
7172,28,1,Supervisor_1,323,18,305
7173,21,2,Supervisor_2,108,6,102
7174,1,3,Supervisor_3,489,30,459
7175,11,2,Supervisor_2,433,10,423
7176,49,1,Supervisor_1,274,17,257
7177,44,1,Supervisor_1,498,25,473
7178,4,1,Supervisor_1,346,8,338
7179,37,3,Supervisor_3,449,6,443
7180,25,3,Supervisor_3,223,14,209
7181,29,1,Supervisor_1,170,2,168
7182,39,2,Supervisor_2,475,27,448
7183,49,3,Supervisor_3,262,1,261
7184,30,3,Supervisor_3,449,20,429
7185,14,3,Supervisor_3,183,9,174
7186,30,1,Supervisor_1,305,16,289
7187,50,3,Supervisor_3,287,8,279
7188,21,3,Supervisor_3,50,0,50
7189,6,3,Supervisor_3,75,2,73
7190,2,3,Supervisor_3,178,8,170
7191,21,2,Supervisor_2,405,12,393
7192,50,2,Supervisor_2,137,1,136
7193,30,1,Supervisor_1,91,6,85
7194,6,2,Supervisor_2,470,17,453
7195,37,2,Supervisor_2,347,15,332
7196,41,2,Supervisor_2,332,13,319
7197,46,1,Supervisor_1,265,15,250
7198,9,2,Supervisor_2,80,1,79
7199,15,2,Supervisor_2,233,6,227
7200,5,2,Supervisor_2,192,2,190
7201,26,2,Supervisor_2,326,24,302
7202,39,3,Supervisor_3,466,15,451
7203,48,1,Supervisor_1,318,24,294
7204,6,2,Supervisor_2,245,19,226
7205,26,2,Supervisor_2,307,19,288
7206,8,3,Supervisor_3,269,14,255
7207,40,1,Supervisor_1,147,4,143
7208,40,1,Supervisor_1,223,6,217
7209,8,3,Supervisor_3,387,26,361
7210,27,2,Supervisor_2,381,11,370
7211,26,2,Supervisor_2,442,29,413
7212,19,1,Supervisor_1,347,13,334
7213,18,3,Supervisor_3,474,2,472
7214,7,3,Supervisor_3,168,11,157
7215,19,2,Supervisor_2,385,3,382
7216,1,3,Supervisor_3,231,10,221
7217,46,2,Supervisor_2,238,13,225
7218,36,1,Supervisor_1,55,1,54
7219,32,1,Supervisor_1,129,1,128
7220,7,1,Supervisor_1,245,17,228
7221,11,3,Supervisor_3,244,2,242
7222,19,2,Supervisor_2,462,10,452
7223,47,1,Supervisor_1,140,8,132
7224,1,1,Supervisor_1,148,8,140
7225,27,1,Supervisor_1,252,6,246
7226,36,3,Supervisor_3,337,26,311
7227,18,1,Supervisor_1,400,25,375
7228,17,1,Supervisor_1,159,1,158
7229,37,3,Supervisor_3,299,18,281
7230,12,2,Supervisor_2,475,35,440
7231,38,2,Supervisor_2,171,8,163
7232,19,2,Supervisor_2,400,31,369
7233,34,3,Supervisor_3,366,28,338
7234,8,2,Supervisor_2,336,4,332
7235,11,1,Supervisor_1,196,6,190
7236,48,2,Supervisor_2,377,1,376
7237,3,1,Supervisor_1,96,6,90
7238,33,2,Supervisor_2,455,26,429
7239,13,3,Supervisor_3,454,16,438
7240,10,3,Supervisor_3,131,8,123
7241,10,2,Supervisor_2,421,11,410
7242,9,1,Supervisor_1,374,3,371
7243,20,3,Supervisor_3,182,5,177
7244,38,3,Supervisor_3,140,2,138
7245,21,3,Supervisor_3,178,8,170
7246,21,2,Supervisor_2,302,10,292
7247,4,2,Supervisor_2,286,3,283
7248,11,3,Supervisor_3,441,30,411
7249,48,1,Supervisor_1,201,14,187
7250,1,2,Supervisor_2,53,1,52
7251,6,3,Supervisor_3,151,8,143
7252,49,3,Supervisor_3,237,12,225
7253,2,3,Supervisor_3,158,11,147
7254,36,1,Supervisor_1,309,4,305
7255,15,2,Supervisor_2,267,10,257
7256,18,1,Supervisor_1,131,7,124
7257,8,2,Supervisor_2,498,11,487
7258,46,2,Supervisor_2,187,1,186
7259,21,2,Supervisor_2,186,8,178
7260,3,1,Supervisor_1,77,0,77
7261,15,3,Supervisor_3,252,13,239
7262,33,2,Supervisor_2,181,2,179
7263,26,3,Supervisor_3,417,22,395
7264,38,2,Supervisor_2,489,35,454
7265,17,3,Supervisor_3,90,5,85
7266,48,2,Supervisor_2,451,21,430
7267,22,2,Supervisor_2,248,14,234
7268,2,2,Supervisor_2,245,1,244
7269,9,3,Supervisor_3,77,5,72
7270,41,3,Supervisor_3,359,10,349
7271,24,2,Supervisor_2,429,3,426
7272,24,1,Supervisor_1,72,3,69
7273,32,3,Supervisor_3,162,3,159
7274,19,2,Supervisor_2,285,18,267
7275,42,1,Supervisor_1,93,2,91
7276,34,1,Supervisor_1,189,14,175
7277,46,3,Supervisor_3,262,7,255
7278,28,1,Supervisor_1,439,25,414
7279,19,1,Supervisor_1,237,1,236
7280,1,2,Supervisor_2,364,26,338
7281,26,2,Supervisor_2,251,6,245
7282,45,2,Supervisor_2,235,5,230
7283,32,1,Supervisor_1,468,33,435
7284,27,2,Supervisor_2,200,1,199
7285,32,1,Supervisor_1,283,6,277
7286,9,2,Supervisor_2,482,22,460
7287,46,1,Supervisor_1,323,0,323
7288,17,2,Supervisor_2,52,3,49
7289,35,2,Supervisor_2,438,8,430
7290,48,3,Supervisor_3,157,5,152
7291,12,2,Supervisor_2,321,17,304
7292,34,2,Supervisor_2,316,11,305
7293,16,2,Supervisor_2,114,3,111
7294,35,2,Supervisor_2,246,12,234
7295,17,1,Supervisor_1,393,1,392
7296,40,2,Supervisor_2,82,3,79
7297,10,3,Supervisor_3,99,3,96
7298,21,3,Supervisor_3,111,3,108
7299,20,2,Supervisor_2,452,20,432
7300,40,2,Supervisor_2,354,15,339
7301,42,2,Supervisor_2,427,24,403
7302,46,3,Supervisor_3,468,17,451
7303,8,2,Supervisor_2,378,5,373
7304,44,3,Supervisor_3,127,8,119
7305,42,1,Supervisor_1,214,2,212
7306,38,3,Supervisor_3,229,7,222
7307,32,1,Supervisor_1,213,6,207
7308,34,2,Supervisor_2,190,6,184
7309,39,3,Supervisor_3,348,24,324
7310,23,2,Supervisor_2,340,8,332
7311,39,2,Supervisor_2,253,12,241
7312,23,3,Supervisor_3,326,22,304
7313,14,1,Supervisor_1,366,20,346
7314,17,1,Supervisor_1,77,1,76
7315,4,1,Supervisor_1,340,4,336
7316,50,2,Supervisor_2,253,13,240
7317,43,3,Supervisor_3,176,5,171
7318,31,2,Supervisor_2,402,10,392
7319,27,2,Supervisor_2,258,13,245
7320,2,1,Supervisor_1,328,1,327
7321,23,3,Supervisor_3,381,4,377
7322,35,1,Supervisor_1,425,32,393
7323,28,1,Supervisor_1,204,10,194
7324,3,1,Supervisor_1,89,4,85
7325,32,3,Supervisor_3,378,25,353
7326,30,3,Supervisor_3,341,6,335
7327,29,2,Supervisor_2,175,2,173
7328,23,2,Supervisor_2,167,2,165
7329,11,2,Supervisor_2,471,1,470
7330,45,2,Supervisor_2,73,1,72
7331,24,1,Supervisor_1,186,7,179
7332,42,3,Supervisor_3,223,4,219
7333,32,2,Supervisor_2,211,0,211
7334,2,1,Supervisor_1,433,6,427
7335,31,3,Supervisor_3,495,31,464
7336,31,2,Supervisor_2,307,17,290
7337,47,2,Supervisor_2,278,0,278
7338,40,3,Supervisor_3,192,3,189
7339,17,3,Supervisor_3,426,20,406
7340,32,1,Supervisor_1,144,1,143
7341,22,1,Supervisor_1,329,24,305
7342,28,2,Supervisor_2,243,15,228
7343,22,1,Supervisor_1,272,20,252
7344,16,1,Supervisor_1,112,8,104
7345,9,2,Supervisor_2,357,19,338
7346,33,2,Supervisor_2,93,6,87
7347,21,2,Supervisor_2,170,13,157
7348,3,1,Supervisor_1,333,19,314
7349,5,2,Supervisor_2,86,0,86
7350,14,3,Supervisor_3,71,3,68
7351,2,2,Supervisor_2,404,12,392
7352,36,2,Supervisor_2,80,3,77
7353,19,2,Supervisor_2,192,3,189
7354,5,3,Supervisor_3,396,22,374
7355,49,2,Supervisor_2,244,7,237
7356,33,2,Supervisor_2,396,8,388
7357,5,3,Supervisor_3,62,2,60
7358,14,1,Supervisor_1,194,6,188
7359,17,1,Supervisor_1,454,1,453
7360,17,1,Supervisor_1,153,7,146
7361,48,3,Supervisor_3,76,4,72
7362,26,1,Supervisor_1,67,4,63
7363,45,3,Supervisor_3,310,16,294
7364,37,3,Supervisor_3,280,1,279
7365,14,1,Supervisor_1,339,4,335
7366,44,1,Supervisor_1,163,7,156
7367,15,1,Supervisor_1,443,20,423
7368,7,3,Supervisor_3,170,9,161
7369,7,3,Supervisor_3,207,1,206
7370,15,2,Supervisor_2,121,1,120
7371,42,3,Supervisor_3,128,4,124
7372,26,2,Supervisor_2,135,9,126
7373,39,1,Supervisor_1,394,26,368
7374,16,2,Supervisor_2,421,33,388
7375,34,1,Supervisor_1,457,36,421
7376,22,3,Supervisor_3,69,0,69
7377,18,3,Supervisor_3,242,8,234
7378,6,3,Supervisor_3,226,9,217
7379,15,1,Supervisor_1,299,22,277
7380,34,3,Supervisor_3,290,12,278
7381,8,3,Supervisor_3,226,12,214
7382,50,1,Supervisor_1,419,28,391
7383,36,2,Supervisor_2,265,4,261
7384,10,3,Supervisor_3,467,37,430
7385,22,1,Supervisor_1,289,19,270
7386,35,3,Supervisor_3,325,18,307
7387,45,3,Supervisor_3,328,18,310
7388,6,1,Supervisor_1,140,9,131
7389,3,3,Supervisor_3,437,12,425
7390,12,2,Supervisor_2,421,28,393
7391,4,3,Supervisor_3,363,25,338
7392,28,3,Supervisor_3,234,17,217
7393,16,3,Supervisor_3,440,34,406
7394,23,3,Supervisor_3,290,5,285
7395,29,2,Supervisor_2,471,28,443
7396,22,1,Supervisor_1,281,15,266
7397,33,2,Supervisor_2,320,25,295
7398,26,2,Supervisor_2,83,1,82
7399,14,1,Supervisor_1,493,18,475
7400,23,1,Supervisor_1,445,20,425
7401,3,3,Supervisor_3,366,16,350
7402,3,1,Supervisor_1,127,2,125
7403,35,2,Supervisor_2,51,1,50
7404,36,3,Supervisor_3,473,7,466
7405,26,1,Supervisor_1,445,16,429
7406,40,1,Supervisor_1,203,16,187
7407,31,3,Supervisor_3,143,5,138
7408,36,2,Supervisor_2,131,4,127
7409,14,2,Supervisor_2,254,13,241
7410,47,2,Supervisor_2,233,8,225
7411,15,3,Supervisor_3,228,4,224
7412,20,1,Supervisor_1,317,25,292
7413,39,1,Supervisor_1,291,3,288
7414,23,2,Supervisor_2,139,0,139
7415,11,2,Supervisor_2,283,1,282
7416,3,3,Supervisor_3,403,9,394
7417,7,1,Supervisor_1,394,21,373
7418,32,2,Supervisor_2,201,5,196
7419,29,3,Supervisor_3,117,4,113
7420,47,2,Supervisor_2,232,12,220
7421,4,3,Supervisor_3,483,10,473
7422,34,2,Supervisor_2,286,18,268
7423,40,1,Supervisor_1,436,12,424
7424,27,3,Supervisor_3,212,12,200
7425,26,2,Supervisor_2,166,4,162
7426,31,1,Supervisor_1,414,15,399
7427,41,1,Supervisor_1,342,11,331
7428,23,1,Supervisor_1,339,5,334
7429,11,3,Supervisor_3,408,7,401
7430,1,3,Supervisor_3,310,1,309
7431,40,1,Supervisor_1,416,31,385
7432,25,2,Supervisor_2,224,5,219
7433,19,1,Supervisor_1,327,3,324
7434,2,3,Supervisor_3,281,14,267
7435,47,1,Supervisor_1,272,7,265
7436,22,3,Supervisor_3,312,9,303
7437,28,1,Supervisor_1,401,18,383
7438,9,2,Supervisor_2,392,0,392
7439,9,2,Supervisor_2,301,4,297
7440,8,2,Supervisor_2,303,11,292
7441,38,1,Supervisor_1,465,16,449
7442,30,1,Supervisor_1,289,9,280
7443,43,1,Supervisor_1,320,9,311
7444,16,1,Supervisor_1,419,28,391
7445,41,2,Supervisor_2,162,3,159
7446,29,2,Supervisor_2,114,8,106
7447,49,3,Supervisor_3,193,1,192
7448,44,2,Supervisor_2,230,18,212
7449,4,2,Supervisor_2,171,7,164
7450,16,2,Supervisor_2,444,27,417
7451,32,2,Supervisor_2,423,28,395
7452,8,3,Supervisor_3,212,11,201
7453,25,2,Supervisor_2,182,11,171
7454,46,2,Supervisor_2,137,9,128
7455,32,2,Supervisor_2,361,4,357
7456,24,1,Supervisor_1,341,14,327
7457,36,1,Supervisor_1,303,22,281
7458,49,1,Supervisor_1,105,6,99
7459,17,1,Supervisor_1,150,11,139
7460,37,2,Supervisor_2,315,22,293
7461,37,3,Supervisor_3,491,33,458
7462,16,1,Supervisor_1,368,13,355
7463,40,1,Supervisor_1,174,8,166
7464,18,2,Supervisor_2,115,5,110
7465,6,3,Supervisor_3,353,13,340
7466,10,1,Supervisor_1,278,18,260
7467,14,2,Supervisor_2,203,12,191
7468,7,2,Supervisor_2,267,11,256
7469,1,1,Supervisor_1,297,8,289
7470,11,3,Supervisor_3,311,12,299
7471,11,2,Supervisor_2,248,9,239
7472,24,1,Supervisor_1,499,23,476
7473,3,3,Supervisor_3,58,2,56
7474,42,2,Supervisor_2,393,1,392
7475,25,2,Supervisor_2,323,13,310
7476,3,1,Supervisor_1,165,9,156
7477,28,1,Supervisor_1,343,3,340
7478,5,3,Supervisor_3,239,6,233
7479,24,3,Supervisor_3,92,4,88
7480,35,2,Supervisor_2,402,5,397
7481,48,3,Supervisor_3,397,17,380
7482,37,1,Supervisor_1,95,1,94
7483,1,1,Supervisor_1,159,6,153
7484,18,1,Supervisor_1,389,29,360
7485,48,1,Supervisor_1,72,0,72
7486,7,1,Supervisor_1,363,25,338
7487,39,1,Supervisor_1,180,11,169
7488,46,3,Supervisor_3,143,11,132
7489,50,3,Supervisor_3,123,1,122
7490,14,1,Supervisor_1,337,2,335
7491,42,3,Supervisor_3,414,14,400
7492,23,2,Supervisor_2,222,10,212
7493,19,1,Supervisor_1,175,1,174
7494,25,1,Supervisor_1,162,3,159
7495,31,1,Supervisor_1,347,13,334
7496,9,2,Supervisor_2,176,9,167
7497,26,1,Supervisor_1,345,16,329
7498,21,1,Supervisor_1,69,5,64
7499,41,3,Supervisor_3,103,4,99
7500,31,2,Supervisor_2,155,10,145
7501,29,1,Supervisor_1,401,28,373
7502,33,2,Supervisor_2,100,0,100
7503,10,2,Supervisor_2,496,18,478
7504,21,2,Supervisor_2,294,21,273
7505,8,2,Supervisor_2,404,26,378
7506,20,1,Supervisor_1,452,27,425
7507,23,1,Supervisor_1,436,28,408
7508,48,1,Supervisor_1,63,1,62
7509,20,1,Supervisor_1,163,9,154
7510,13,2,Supervisor_2,232,5,227
7511,21,2,Supervisor_2,385,22,363
7512,33,2,Supervisor_2,331,17,314
7513,39,2,Supervisor_2,497,19,478
7514,27,3,Supervisor_3,232,7,225
7515,16,2,Supervisor_2,109,3,106
7516,23,1,Supervisor_1,490,38,452
7517,32,2,Supervisor_2,466,25,441
7518,19,1,Supervisor_1,112,2,110
7519,4,3,Supervisor_3,261,18,243
7520,2,1,Supervisor_1,97,5,92
7521,33,3,Supervisor_3,355,25,330
7522,2,2,Supervisor_2,61,2,59
7523,49,3,Supervisor_3,88,1,87
7524,35,1,Supervisor_1,100,5,95
7525,41,1,Supervisor_1,65,3,62
7526,28,2,Supervisor_2,275,11,264
7527,50,2,Supervisor_2,222,17,205
7528,9,3,Supervisor_3,383,17,366
7529,37,3,Supervisor_3,479,21,458
7530,18,3,Supervisor_3,110,3,107
7531,34,2,Supervisor_2,224,4,220
7532,40,3,Supervisor_3,377,14,363
7533,37,2,Supervisor_2,356,27,329
7534,43,1,Supervisor_1,325,3,322
7535,36,2,Supervisor_2,182,6,176
7536,5,2,Supervisor_2,92,1,91
7537,37,2,Supervisor_2,243,2,241
7538,47,3,Supervisor_3,440,31,409
7539,9,3,Supervisor_3,251,7,244
7540,19,3,Supervisor_3,419,28,391
7541,29,2,Supervisor_2,113,8,105
7542,28,1,Supervisor_1,468,1,467
7543,6,3,Supervisor_3,496,37,459
7544,6,2,Supervisor_2,165,12,153
7545,29,3,Supervisor_3,189,4,185
7546,33,3,Supervisor_3,97,3,94
7547,34,3,Supervisor_3,245,1,244
7548,30,3,Supervisor_3,331,10,321
7549,19,2,Supervisor_2,344,16,328
7550,21,2,Supervisor_2,167,1,166
7551,19,3,Supervisor_3,360,22,338
7552,9,1,Supervisor_1,131,1,130
7553,33,3,Supervisor_3,225,11,214
7554,41,2,Supervisor_2,457,30,427
7555,4,1,Supervisor_1,369,19,350
7556,39,2,Supervisor_2,288,10,278
7557,50,3,Supervisor_3,77,3,74
7558,2,2,Supervisor_2,304,17,287
7559,27,2,Supervisor_2,98,3,95
7560,6,3,Supervisor_3,388,21,367
7561,3,1,Supervisor_1,401,6,395
7562,6,1,Supervisor_1,359,13,346
7563,6,1,Supervisor_1,409,12,397
7564,44,2,Supervisor_2,397,26,371
7565,50,3,Supervisor_3,143,10,133
7566,30,1,Supervisor_1,352,7,345
7567,32,2,Supervisor_2,282,13,269
7568,47,1,Supervisor_1,373,9,364
7569,50,3,Supervisor_3,335,8,327
7570,1,2,Supervisor_2,484,24,460
7571,26,2,Supervisor_2,103,6,97
7572,27,2,Supervisor_2,408,24,384
7573,20,2,Supervisor_2,370,28,342
7574,12,2,Supervisor_2,162,10,152
7575,5,3,Supervisor_3,363,5,358
7576,23,1,Supervisor_1,297,18,279
7577,38,1,Supervisor_1,346,25,321
7578,9,1,Supervisor_1,275,15,260
7579,12,1,Supervisor_1,310,22,288
7580,3,1,Supervisor_1,339,2,337
7581,30,1,Supervisor_1,198,3,195
7582,9,2,Supervisor_2,216,13,203
7583,15,1,Supervisor_1,58,2,56
7584,33,1,Supervisor_1,369,15,354
7585,7,2,Supervisor_2,146,8,138
7586,40,2,Supervisor_2,350,18,332
7587,21,3,Supervisor_3,86,2,84
7588,37,1,Supervisor_1,101,2,99
7589,49,2,Supervisor_2,105,3,102
7590,1,2,Supervisor_2,461,8,453
7591,9,2,Supervisor_2,260,5,255
7592,8,2,Supervisor_2,52,2,50
7593,44,1,Supervisor_1,398,21,377
7594,46,3,Supervisor_3,60,1,59
7595,41,1,Supervisor_1,341,19,322
7596,14,3,Supervisor_3,358,7,351
7597,3,3,Supervisor_3,455,9,446
7598,3,2,Supervisor_2,67,3,64
7599,3,2,Supervisor_2,149,9,140
7600,42,2,Supervisor_2,457,12,445
7601,41,1,Supervisor_1,51,3,48
7602,5,3,Supervisor_3,164,7,157
7603,21,2,Supervisor_2,199,4,195
7604,26,2,Supervisor_2,408,23,385
7605,29,1,Supervisor_1,247,3,244
7606,29,3,Supervisor_3,363,7,356
7607,24,3,Supervisor_3,76,4,72
7608,31,2,Supervisor_2,256,1,255
7609,7,3,Supervisor_3,363,22,341
7610,20,2,Supervisor_2,401,26,375
7611,3,3,Supervisor_3,129,1,128
7612,12,1,Supervisor_1,64,4,60
7613,2,3,Supervisor_3,104,4,100
7614,40,2,Supervisor_2,477,14,463
7615,31,3,Supervisor_3,129,4,125
7616,29,2,Supervisor_2,453,20,433
7617,43,1,Supervisor_1,234,0,234
7618,29,3,Supervisor_3,297,17,280
7619,3,1,Supervisor_1,274,6,268
7620,41,1,Supervisor_1,440,28,412
7621,14,3,Supervisor_3,421,2,419
7622,39,1,Supervisor_1,497,6,491
7623,23,3,Supervisor_3,288,2,286
7624,48,3,Supervisor_3,286,10,276
7625,49,1,Supervisor_1,207,15,192
7626,37,2,Supervisor_2,54,1,53
7627,1,3,Supervisor_3,54,0,54
7628,13,2,Supervisor_2,198,11,187
7629,11,2,Supervisor_2,292,3,289
7630,12,1,Supervisor_1,80,1,79
7631,20,3,Supervisor_3,152,8,144
7632,20,1,Supervisor_1,264,12,252
7633,19,3,Supervisor_3,167,12,155
7634,5,2,Supervisor_2,415,33,382
7635,28,2,Supervisor_2,177,3,174
7636,30,3,Supervisor_3,357,8,349
7637,37,3,Supervisor_3,167,8,159
7638,35,2,Supervisor_2,71,3,68
7639,15,2,Supervisor_2,403,9,394
7640,11,2,Supervisor_2,431,24,407
7641,3,3,Supervisor_3,327,10,317
7642,13,1,Supervisor_1,438,29,409
7643,25,1,Supervisor_1,267,19,248
7644,40,2,Supervisor_2,399,0,399
7645,16,1,Supervisor_1,82,1,81
7646,42,2,Supervisor_2,308,5,303
7647,29,3,Supervisor_3,371,17,354
7648,11,1,Supervisor_1,462,16,446
7649,17,1,Supervisor_1,366,25,341
7650,16,2,Supervisor_2,160,10,150
7651,19,3,Supervisor_3,305,16,289
7652,10,1,Supervisor_1,146,1,145
7653,38,3,Supervisor_3,215,2,213
7654,4,3,Supervisor_3,484,32,452
7655,12,3,Supervisor_3,158,1,157
7656,4,1,Supervisor_1,177,3,174
7657,25,2,Supervisor_2,364,8,356
7658,17,3,Supervisor_3,491,33,458
7659,48,1,Supervisor_1,247,6,241
7660,41,1,Supervisor_1,451,14,437
7661,5,2,Supervisor_2,319,0,319
7662,11,3,Supervisor_3,255,3,252
7663,26,3,Supervisor_3,75,4,71
7664,38,1,Supervisor_1,104,4,100
7665,10,2,Supervisor_2,347,10,337
7666,20,2,Supervisor_2,216,6,210
7667,9,3,Supervisor_3,171,6,165
7668,2,1,Supervisor_1,142,0,142
7669,18,1,Supervisor_1,73,2,71
7670,30,3,Supervisor_3,358,15,343
7671,10,1,Supervisor_1,135,10,125
7672,2,2,Supervisor_2,343,22,321
7673,3,3,Supervisor_3,372,1,371
7674,10,3,Supervisor_3,285,19,266
7675,7,3,Supervisor_3,441,2,439
7676,10,2,Supervisor_2,252,6,246
7677,16,3,Supervisor_3,53,2,51
7678,30,3,Supervisor_3,439,5,434
7679,28,2,Supervisor_2,387,23,364
7680,31,3,Supervisor_3,137,6,131
7681,10,3,Supervisor_3,97,5,92
7682,9,2,Supervisor_2,358,0,358
7683,38,2,Supervisor_2,289,0,289
7684,15,1,Supervisor_1,350,20,330
7685,16,3,Supervisor_3,336,8,328
7686,9,3,Supervisor_3,332,9,323
7687,47,2,Supervisor_2,53,1,52
7688,46,2,Supervisor_2,403,9,394
7689,28,2,Supervisor_2,178,4,174
7690,18,2,Supervisor_2,210,12,198
7691,47,2,Supervisor_2,497,31,466
7692,36,2,Supervisor_2,408,32,376
7693,30,1,Supervisor_1,304,20,284
7694,47,3,Supervisor_3,236,13,223
7695,35,3,Supervisor_3,261,2,259
7696,38,3,Supervisor_3,376,11,365
7697,39,1,Supervisor_1,357,3,354
7698,50,2,Supervisor_2,183,9,174
7699,41,2,Supervisor_2,211,4,207
7700,40,1,Supervisor_1,244,5,239
7701,31,1,Supervisor_1,141,8,133
7702,17,2,Supervisor_2,280,4,276
7703,14,3,Supervisor_3,438,10,428
7704,50,3,Supervisor_3,199,7,192
7705,21,1,Supervisor_1,136,7,129
7706,19,2,Supervisor_2,451,17,434
7707,6,2,Supervisor_2,459,30,429
7708,39,2,Supervisor_2,295,4,291
7709,7,3,Supervisor_3,380,7,373
7710,32,2,Supervisor_2,357,11,346
7711,11,2,Supervisor_2,443,17,426
7712,4,2,Supervisor_2,302,4,298
7713,28,3,Supervisor_3,468,32,436
7714,16,2,Supervisor_2,330,11,319
7715,15,2,Supervisor_2,420,5,415
7716,45,1,Supervisor_1,459,10,449
7717,28,3,Supervisor_3,169,11,158
7718,15,2,Supervisor_2,253,14,239
7719,24,3,Supervisor_3,311,7,304
7720,5,1,Supervisor_1,56,3,53
7721,13,2,Supervisor_2,383,13,370
7722,2,3,Supervisor_3,436,3,433
7723,17,2,Supervisor_2,230,2,228
7724,16,3,Supervisor_3,85,4,81
7725,50,3,Supervisor_3,425,19,406
7726,19,1,Supervisor_1,417,31,386
7727,36,3,Supervisor_3,346,12,334
7728,42,3,Supervisor_3,96,2,94
7729,42,1,Supervisor_1,461,6,455
7730,50,2,Supervisor_2,233,8,225
7731,4,2,Supervisor_2,434,17,417
7732,41,3,Supervisor_3,475,30,445
7733,46,2,Supervisor_2,165,10,155
7734,14,2,Supervisor_2,306,19,287
7735,32,1,Supervisor_1,464,27,437
7736,22,1,Supervisor_1,117,2,115
7737,25,1,Supervisor_1,404,19,385
7738,29,3,Supervisor_3,225,11,214
7739,32,1,Supervisor_1,474,31,443
7740,31,2,Supervisor_2,444,5,439
7741,47,2,Supervisor_2,54,3,51
7742,25,2,Supervisor_2,415,7,408
7743,50,1,Supervisor_1,233,2,231
7744,31,3,Supervisor_3,160,2,158
7745,17,1,Supervisor_1,460,13,447
7746,46,1,Supervisor_1,353,13,340
7747,44,1,Supervisor_1,342,26,316
7748,29,3,Supervisor_3,319,15,304
7749,13,1,Supervisor_1,63,2,61
7750,38,1,Supervisor_1,394,18,376
7751,42,1,Supervisor_1,63,0,63
7752,48,1,Supervisor_1,259,17,242
7753,26,3,Supervisor_3,406,8,398
7754,41,3,Supervisor_3,130,7,123
7755,39,3,Supervisor_3,184,12,172
7756,44,3,Supervisor_3,274,20,254
7757,24,1,Supervisor_1,157,7,150
7758,39,2,Supervisor_2,397,10,387
7759,47,2,Supervisor_2,300,6,294
7760,11,1,Supervisor_1,76,4,72
7761,3,3,Supervisor_3,284,3,281
7762,9,3,Supervisor_3,214,14,200
7763,34,2,Supervisor_2,290,21,269
7764,38,2,Supervisor_2,494,12,482
7765,14,2,Supervisor_2,426,8,418
7766,23,2,Supervisor_2,450,11,439
7767,27,1,Supervisor_1,129,1,128
7768,31,2,Supervisor_2,201,9,192
7769,35,3,Supervisor_3,449,1,448
7770,38,3,Supervisor_3,409,14,395
7771,5,2,Supervisor_2,388,10,378
7772,45,3,Supervisor_3,121,6,115
7773,24,1,Supervisor_1,237,12,225
7774,17,3,Supervisor_3,156,4,152
7775,49,2,Supervisor_2,417,19,398
7776,24,1,Supervisor_1,330,8,322
7777,37,3,Supervisor_3,339,6,333
7778,47,1,Supervisor_1,237,12,225
7779,1,1,Supervisor_1,190,6,184
7780,16,3,Supervisor_3,57,3,54
7781,2,1,Supervisor_1,183,0,183
7782,17,2,Supervisor_2,99,4,95
7783,10,1,Supervisor_1,164,7,157
7784,45,1,Supervisor_1,402,8,394
7785,49,2,Supervisor_2,234,3,231
7786,42,3,Supervisor_3,179,11,168
7787,45,2,Supervisor_2,407,25,382
7788,27,3,Supervisor_3,485,26,459
7789,14,3,Supervisor_3,460,18,442
7790,30,2,Supervisor_2,159,9,150
7791,46,2,Supervisor_2,195,3,192
7792,23,3,Supervisor_3,100,2,98
7793,47,3,Supervisor_3,490,5,485
7794,47,2,Supervisor_2,59,4,55
7795,27,3,Supervisor_3,399,25,374
7796,49,3,Supervisor_3,328,2,326
7797,24,1,Supervisor_1,201,5,196
7798,18,2,Supervisor_2,251,19,232
7799,5,2,Supervisor_2,209,9,200
7800,2,3,Supervisor_3,252,14,238
7801,34,3,Supervisor_3,497,26,471
7802,44,1,Supervisor_1,202,6,196
7803,1,1,Supervisor_1,500,12,488
7804,30,2,Supervisor_2,419,1,418
7805,30,1,Supervisor_1,98,3,95
7806,49,1,Supervisor_1,233,9,224
7807,47,2,Supervisor_2,205,15,190
7808,12,1,Supervisor_1,335,20,315
7809,33,3,Supervisor_3,471,13,458
7810,40,1,Supervisor_1,259,11,248
7811,20,1,Supervisor_1,239,13,226
7812,38,1,Supervisor_1,360,15,345
7813,11,3,Supervisor_3,213,11,202
7814,15,2,Supervisor_2,275,8,267
7815,44,2,Supervisor_2,443,13,430
7816,14,2,Supervisor_2,343,24,319
7817,29,3,Supervisor_3,135,9,126
7818,29,3,Supervisor_3,70,0,70
7819,18,3,Supervisor_3,289,5,284
7820,15,3,Supervisor_3,308,11,297
7821,27,1,Supervisor_1,294,1,293
7822,29,3,Supervisor_3,433,5,428
7823,47,1,Supervisor_1,119,5,114
7824,6,1,Supervisor_1,336,20,316
7825,50,3,Supervisor_3,345,9,336
7826,16,3,Supervisor_3,265,4,261
7827,16,2,Supervisor_2,110,1,109
7828,17,2,Supervisor_2,176,13,163
7829,4,3,Supervisor_3,310,22,288
7830,14,2,Supervisor_2,415,5,410
7831,38,3,Supervisor_3,239,19,220
7832,26,2,Supervisor_2,472,24,448
7833,1,3,Supervisor_3,161,1,160
7834,12,1,Supervisor_1,57,0,57
7835,4,3,Supervisor_3,225,1,224
7836,48,2,Supervisor_2,337,5,332
7837,19,3,Supervisor_3,444,9,435
7838,43,2,Supervisor_2,273,17,256
7839,29,1,Supervisor_1,435,21,414
7840,42,3,Supervisor_3,399,13,386
7841,23,1,Supervisor_1,78,3,75
7842,7,1,Supervisor_1,491,19,472
7843,1,2,Supervisor_2,180,12,168
7844,19,1,Supervisor_1,158,3,155
7845,5,1,Supervisor_1,237,5,232
7846,6,2,Supervisor_2,422,28,394
7847,45,3,Supervisor_3,448,25,423
7848,7,3,Supervisor_3,391,30,361
7849,30,1,Supervisor_1,166,6,160
7850,19,3,Supervisor_3,160,5,155
7851,17,3,Supervisor_3,357,24,333
7852,15,2,Supervisor_2,99,7,92
7853,25,3,Supervisor_3,425,2,423
7854,39,2,Supervisor_2,216,12,204
7855,12,2,Supervisor_2,209,4,205
7856,19,2,Supervisor_2,470,18,452
7857,41,1,Supervisor_1,102,7,95
7858,1,1,Supervisor_1,204,6,198
7859,30,1,Supervisor_1,388,1,387
7860,19,3,Supervisor_3,162,9,153
7861,5,1,Supervisor_1,424,26,398
7862,32,3,Supervisor_3,365,20,345
7863,14,1,Supervisor_1,52,2,50
7864,47,3,Supervisor_3,111,4,107
7865,23,1,Supervisor_1,383,17,366
7866,19,3,Supervisor_3,266,9,257
7867,24,3,Supervisor_3,209,1,208
7868,29,1,Supervisor_1,92,6,86
7869,27,2,Supervisor_2,445,5,440
7870,41,2,Supervisor_2,327,25,302
7871,34,3,Supervisor_3,446,0,446
7872,33,1,Supervisor_1,278,11,267
7873,17,2,Supervisor_2,157,10,147
7874,46,1,Supervisor_1,267,0,267
7875,31,1,Supervisor_1,146,5,141
7876,38,2,Supervisor_2,213,4,209
7877,18,1,Supervisor_1,346,2,344
7878,14,1,Supervisor_1,128,7,121
7879,47,2,Supervisor_2,292,8,284
7880,41,3,Supervisor_3,221,4,217
7881,17,3,Supervisor_3,463,8,455
7882,39,1,Supervisor_1,140,11,129
7883,16,2,Supervisor_2,62,2,60
7884,37,2,Supervisor_2,415,28,387
7885,20,3,Supervisor_3,185,4,181
7886,19,3,Supervisor_3,52,0,52
7887,32,2,Supervisor_2,127,0,127
7888,30,2,Supervisor_2,293,6,287
7889,22,2,Supervisor_2,321,11,310
7890,44,2,Supervisor_2,289,20,269
7891,13,3,Supervisor_3,139,9,130
7892,29,1,Supervisor_1,69,2,67
7893,21,3,Supervisor_3,409,8,401
7894,28,1,Supervisor_1,367,25,342
7895,22,1,Supervisor_1,138,8,130
7896,12,2,Supervisor_2,444,25,419
7897,16,3,Supervisor_3,424,0,424
7898,40,2,Supervisor_2,459,22,437
7899,22,2,Supervisor_2,345,9,336
7900,46,2,Supervisor_2,402,9,393
7901,27,1,Supervisor_1,382,5,377
7902,8,1,Supervisor_1,151,1,150
7903,17,3,Supervisor_3,170,3,167
7904,26,3,Supervisor_3,161,3,158
7905,40,3,Supervisor_3,157,5,152
7906,33,1,Supervisor_1,187,11,176
7907,43,3,Supervisor_3,435,12,423
7908,17,1,Supervisor_1,84,2,82
7909,12,2,Supervisor_2,130,10,120
7910,18,2,Supervisor_2,331,20,311
7911,10,3,Supervisor_3,467,12,455
7912,49,2,Supervisor_2,255,19,236
7913,1,2,Supervisor_2,74,2,72
7914,38,3,Supervisor_3,317,8,309
7915,41,2,Supervisor_2,73,3,70
7916,6,1,Supervisor_1,195,3,192
7917,49,1,Supervisor_1,460,6,454
7918,13,3,Supervisor_3,200,10,190
7919,12,1,Supervisor_1,311,5,306
7920,34,3,Supervisor_3,392,27,365
7921,48,3,Supervisor_3,386,1,385
7922,29,1,Supervisor_1,56,0,56
7923,39,2,Supervisor_2,199,11,188
7924,44,1,Supervisor_1,135,8,127
7925,7,3,Supervisor_3,365,22,343
7926,27,3,Supervisor_3,339,18,321
7927,36,3,Supervisor_3,366,28,338
7928,48,1,Supervisor_1,210,4,206
7929,45,3,Supervisor_3,471,33,438
7930,23,2,Supervisor_2,303,4,299
7931,8,2,Supervisor_2,110,6,104
7932,44,1,Supervisor_1,167,7,160
7933,17,3,Supervisor_3,176,5,171
7934,18,2,Supervisor_2,348,6,342
7935,39,1,Supervisor_1,258,8,250
7936,25,3,Supervisor_3,480,11,469
7937,19,1,Supervisor_1,389,16,373
7938,38,2,Supervisor_2,190,4,186
7939,5,3,Supervisor_3,229,13,216
7940,23,1,Supervisor_1,237,4,233
7941,47,2,Supervisor_2,300,2,298
7942,27,3,Supervisor_3,467,35,432
7943,45,3,Supervisor_3,237,17,220
7944,5,1,Supervisor_1,57,4,53
7945,15,2,Supervisor_2,280,2,278
7946,31,2,Supervisor_2,85,0,85
7947,20,3,Supervisor_3,167,12,155
7948,15,1,Supervisor_1,139,8,131
7949,7,3,Supervisor_3,390,16,374
7950,3,2,Supervisor_2,110,4,106
7951,3,2,Supervisor_2,319,11,308
7952,6,2,Supervisor_2,168,7,161
7953,46,2,Supervisor_2,240,11,229
7954,30,3,Supervisor_3,161,8,153
7955,45,1,Supervisor_1,99,4,95
7956,15,3,Supervisor_3,121,3,118
7957,9,3,Supervisor_3,69,0,69
7958,49,2,Supervisor_2,300,13,287
7959,25,3,Supervisor_3,116,4,112
7960,32,3,Supervisor_3,293,5,288
7961,49,2,Supervisor_2,125,5,120
7962,14,1,Supervisor_1,344,2,342
7963,1,2,Supervisor_2,150,5,145
7964,13,2,Supervisor_2,339,17,322
7965,46,1,Supervisor_1,55,0,55
7966,45,2,Supervisor_2,361,9,352
7967,5,2,Supervisor_2,275,6,269
7968,33,3,Supervisor_3,480,28,452
7969,45,1,Supervisor_1,366,26,340
7970,48,1,Supervisor_1,149,6,143
7971,24,3,Supervisor_3,304,1,303
7972,13,3,Supervisor_3,92,2,90
7973,40,3,Supervisor_3,281,18,263
7974,33,1,Supervisor_1,222,12,210
7975,29,1,Supervisor_1,224,5,219
7976,15,1,Supervisor_1,428,20,408
7977,11,3,Supervisor_3,282,9,273
7978,49,3,Supervisor_3,258,11,247
7979,23,1,Supervisor_1,85,5,80
7980,37,2,Supervisor_2,199,12,187
7981,11,2,Supervisor_2,186,7,179
7982,33,2,Supervisor_2,358,21,337
7983,39,3,Supervisor_3,465,36,429
7984,23,1,Supervisor_1,324,10,314
7985,15,3,Supervisor_3,154,10,144
7986,32,1,Supervisor_1,165,7,158
7987,5,3,Supervisor_3,259,1,258
7988,32,2,Supervisor_2,495,22,473
7989,29,2,Supervisor_2,225,1,224
7990,31,3,Supervisor_3,368,3,365
7991,41,1,Supervisor_1,186,3,183
7992,3,3,Supervisor_3,221,13,208
7993,17,3,Supervisor_3,411,19,392
7994,39,3,Supervisor_3,116,4,112
7995,7,2,Supervisor_2,78,0,78
7996,38,3,Supervisor_3,175,10,165
7997,41,3,Supervisor_3,150,1,149
7998,9,2,Supervisor_2,164,7,157
7999,39,1,Supervisor_1,450,15,435
8000,11,2,Supervisor_2,55,0,55
8001,17,3,Supervisor_3,169,11,158
8002,38,3,Supervisor_3,204,9,195
8003,37,2,Supervisor_2,230,6,224
8004,32,2,Supervisor_2,353,5,348
8005,12,1,Supervisor_1,275,18,257
8006,7,3,Supervisor_3,408,3,405
8007,2,3,Supervisor_3,165,3,162
8008,7,1,Supervisor_1,209,14,195
8009,28,2,Supervisor_2,446,35,411
8010,22,1,Supervisor_1,61,2,59
8011,14,2,Supervisor_2,450,13,437
8012,18,2,Supervisor_2,241,13,228
8013,19,2,Supervisor_2,356,20,336
8014,19,2,Supervisor_2,212,4,208
8015,7,2,Supervisor_2,487,1,486
8016,7,1,Supervisor_1,495,23,472
8017,11,2,Supervisor_2,274,4,270
8018,49,3,Supervisor_3,150,0,150
8019,5,3,Supervisor_3,467,8,459
8020,29,1,Supervisor_1,380,14,366
8021,14,2,Supervisor_2,218,15,203
8022,28,3,Supervisor_3,384,23,361
8023,46,2,Supervisor_2,227,12,215
8024,23,3,Supervisor_3,183,13,170
8025,46,2,Supervisor_2,222,16,206
8026,7,3,Supervisor_3,68,1,67
8027,6,1,Supervisor_1,317,0,317
8028,47,2,Supervisor_2,433,6,427
8029,47,3,Supervisor_3,411,25,386
8030,40,1,Supervisor_1,83,1,82
8031,11,2,Supervisor_2,182,6,176
8032,14,2,Supervisor_2,347,1,346
8033,8,1,Supervisor_1,332,7,325
8034,25,3,Supervisor_3,488,17,471
8035,33,2,Supervisor_2,374,7,367
8036,7,3,Supervisor_3,78,3,75
8037,13,3,Supervisor_3,183,10,173
8038,7,3,Supervisor_3,462,32,430
8039,24,1,Supervisor_1,346,10,336
8040,7,1,Supervisor_1,158,2,156
8041,5,1,Supervisor_1,483,13,470
8042,39,1,Supervisor_1,259,13,246
8043,39,3,Supervisor_3,64,3,61
8044,50,2,Supervisor_2,247,2,245
8045,13,2,Supervisor_2,110,4,106
8046,34,1,Supervisor_1,321,12,309
8047,28,2,Supervisor_2,226,14,212
8048,1,2,Supervisor_2,292,3,289
8049,19,3,Supervisor_3,123,0,123
8050,20,1,Supervisor_1,116,5,111
8051,15,3,Supervisor_3,224,15,209
8052,19,2,Supervisor_2,320,5,315
8053,14,1,Supervisor_1,61,0,61
8054,3,3,Supervisor_3,432,8,424
8055,7,2,Supervisor_2,150,2,148
8056,46,3,Supervisor_3,307,10,297
8057,46,1,Supervisor_1,275,1,274
8058,27,3,Supervisor_3,125,8,117
8059,26,2,Supervisor_2,340,1,339
8060,6,3,Supervisor_3,233,1,232
8061,42,3,Supervisor_3,436,19,417
8062,3,3,Supervisor_3,149,11,138
8063,16,2,Supervisor_2,250,18,232
8064,28,3,Supervisor_3,163,9,154
8065,45,2,Supervisor_2,62,4,58
8066,40,3,Supervisor_3,84,6,78
8067,35,2,Supervisor_2,355,25,330
8068,43,2,Supervisor_2,172,1,171
8069,41,1,Supervisor_1,224,15,209
8070,23,2,Supervisor_2,176,3,173
8071,32,2,Supervisor_2,426,26,400
8072,13,2,Supervisor_2,290,3,287
8073,38,1,Supervisor_1,452,1,451
8074,2,2,Supervisor_2,416,19,397
8075,11,3,Supervisor_3,453,12,441
8076,19,1,Supervisor_1,209,11,198
8077,36,1,Supervisor_1,373,26,347
8078,29,2,Supervisor_2,315,2,313
8079,7,2,Supervisor_2,395,7,388
8080,35,3,Supervisor_3,230,17,213
8081,27,3,Supervisor_3,358,20,338
8082,43,2,Supervisor_2,152,7,145
8083,25,2,Supervisor_2,282,10,272
8084,46,3,Supervisor_3,427,16,411
8085,33,2,Supervisor_2,241,3,238
8086,12,3,Supervisor_3,194,8,186
8087,14,2,Supervisor_2,485,21,464
8088,3,3,Supervisor_3,220,5,215
8089,44,3,Supervisor_3,171,11,160
8090,19,1,Supervisor_1,166,7,159
8091,21,2,Supervisor_2,66,3,63
8092,23,3,Supervisor_3,154,1,153
8093,32,3,Supervisor_3,138,10,128
8094,5,2,Supervisor_2,260,11,249
8095,40,3,Supervisor_3,358,16,342
8096,17,2,Supervisor_2,439,2,437
8097,27,2,Supervisor_2,408,25,383
8098,11,2,Supervisor_2,315,9,306
8099,40,1,Supervisor_1,209,3,206
8100,18,1,Supervisor_1,396,19,377
8101,4,1,Supervisor_1,229,17,212
8102,11,2,Supervisor_2,416,14,402
8103,12,1,Supervisor_1,365,5,360
8104,15,3,Supervisor_3,473,32,441
8105,21,1,Supervisor_1,284,4,280
8106,41,1,Supervisor_1,176,1,175
8107,3,2,Supervisor_2,246,2,244
8108,48,3,Supervisor_3,308,8,300
8109,5,2,Supervisor_2,209,13,196
8110,47,3,Supervisor_3,494,18,476
8111,42,3,Supervisor_3,371,2,369
8112,2,1,Supervisor_1,350,4,346
8113,5,2,Supervisor_2,320,8,312
8114,28,1,Supervisor_1,146,3,143
8115,31,2,Supervisor_2,139,5,134
8116,12,3,Supervisor_3,363,3,360
8117,33,3,Supervisor_3,292,19,273
8118,40,2,Supervisor_2,249,15,234
8119,26,2,Supervisor_2,424,31,393
8120,31,1,Supervisor_1,78,2,76
8121,47,1,Supervisor_1,266,7,259
8122,40,3,Supervisor_3,349,14,335
8123,21,2,Supervisor_2,302,16,286
8124,37,1,Supervisor_1,190,0,190
8125,4,1,Supervisor_1,368,25,343
8126,3,2,Supervisor_2,106,7,99
8127,8,3,Supervisor_3,250,16,234
8128,9,2,Supervisor_2,196,7,189
8129,41,2,Supervisor_2,442,17,425
8130,14,3,Supervisor_3,154,7,147
8131,48,2,Supervisor_2,176,1,175
8132,34,2,Supervisor_2,100,4,96
8133,14,1,Supervisor_1,53,3,50
8134,1,3,Supervisor_3,200,5,195
8135,17,3,Supervisor_3,226,0,226
8136,28,3,Supervisor_3,199,2,197
8137,38,2,Supervisor_2,291,10,281
8138,19,2,Supervisor_2,67,0,67
8139,46,3,Supervisor_3,145,2,143
8140,50,1,Supervisor_1,398,24,374
8141,50,1,Supervisor_1,165,5,160
8142,9,2,Supervisor_2,92,4,88
8143,23,3,Supervisor_3,369,3,366
8144,23,3,Supervisor_3,370,27,343
8145,21,1,Supervisor_1,392,11,381
8146,26,2,Supervisor_2,341,17,324
8147,20,2,Supervisor_2,56,2,54
8148,1,1,Supervisor_1,498,7,491
8149,39,1,Supervisor_1,212,13,199
8150,34,1,Supervisor_1,298,14,284
8151,17,3,Supervisor_3,142,5,137
8152,20,2,Supervisor_2,128,5,123
8153,30,1,Supervisor_1,167,9,158
8154,34,2,Supervisor_2,352,12,340
8155,16,2,Supervisor_2,473,9,464
8156,4,1,Supervisor_1,127,0,127
8157,17,3,Supervisor_3,205,4,201
8158,32,3,Supervisor_3,213,2,211
8159,34,2,Supervisor_2,284,12,272
8160,35,1,Supervisor_1,473,20,453
8161,11,2,Supervisor_2,441,1,440
8162,47,2,Supervisor_2,465,25,440
8163,9,3,Supervisor_3,478,16,462
8164,14,1,Supervisor_1,184,11,173
8165,50,2,Supervisor_2,61,0,61
8166,23,2,Supervisor_2,84,2,82
8167,3,1,Supervisor_1,111,6,105
8168,49,3,Supervisor_3,175,11,164
8169,33,1,Supervisor_1,231,5,226
8170,7,2,Supervisor_2,359,1,358
8171,38,2,Supervisor_2,100,3,97
8172,11,1,Supervisor_1,148,6,142
8173,36,1,Supervisor_1,403,18,385
8174,9,1,Supervisor_1,314,13,301
8175,22,3,Supervisor_3,182,10,172
8176,40,3,Supervisor_3,237,9,228
8177,35,2,Supervisor_2,252,6,246
8178,23,2,Supervisor_2,374,27,347
8179,16,2,Supervisor_2,495,7,488
8180,30,3,Supervisor_3,364,5,359
8181,11,3,Supervisor_3,470,14,456
8182,40,1,Supervisor_1,112,0,112
8183,16,3,Supervisor_3,324,24,300
8184,19,3,Supervisor_3,291,13,278
8185,30,2,Supervisor_2,273,12,261
8186,16,3,Supervisor_3,414,16,398
8187,12,2,Supervisor_2,361,5,356
8188,6,1,Supervisor_1,66,2,64
8189,39,1,Supervisor_1,486,20,466
8190,3,2,Supervisor_2,204,3,201
8191,23,1,Supervisor_1,186,8,178
8192,32,2,Supervisor_2,425,8,417
8193,39,2,Supervisor_2,66,2,64
8194,11,2,Supervisor_2,253,0,253
8195,32,2,Supervisor_2,346,3,343
8196,1,2,Supervisor_2,79,4,75
8197,12,3,Supervisor_3,72,0,72
8198,25,2,Supervisor_2,490,5,485
8199,33,3,Supervisor_3,119,7,112
8200,39,2,Supervisor_2,281,0,281
8201,26,3,Supervisor_3,259,15,244
8202,3,3,Supervisor_3,302,1,301
8203,26,3,Supervisor_3,409,16,393
8204,20,3,Supervisor_3,211,1,210
8205,36,2,Supervisor_2,370,22,348
8206,27,3,Supervisor_3,208,2,206
8207,4,3,Supervisor_3,300,2,298
8208,18,1,Supervisor_1,98,3,95
8209,36,2,Supervisor_2,60,1,59
8210,32,2,Supervisor_2,105,4,101
8211,26,1,Supervisor_1,363,25,338
8212,23,3,Supervisor_3,262,2,260
8213,46,2,Supervisor_2,183,12,171
8214,31,3,Supervisor_3,391,28,363
8215,35,2,Supervisor_2,333,15,318
8216,4,1,Supervisor_1,430,25,405
8217,47,3,Supervisor_3,172,3,169
8218,37,2,Supervisor_2,377,14,363
8219,28,1,Supervisor_1,218,12,206
8220,22,1,Supervisor_1,437,11,426
8221,3,1,Supervisor_1,420,18,402
8222,29,1,Supervisor_1,383,23,360
8223,44,3,Supervisor_3,394,5,389
8224,4,3,Supervisor_3,280,15,265
8225,5,2,Supervisor_2,88,4,84
8226,34,3,Supervisor_3,120,7,113
8227,50,2,Supervisor_2,118,7,111
8228,12,3,Supervisor_3,258,13,245
8229,34,1,Supervisor_1,338,14,324
8230,14,1,Supervisor_1,206,5,201
8231,3,3,Supervisor_3,391,19,372
8232,32,3,Supervisor_3,461,20,441
8233,10,2,Supervisor_2,433,6,427
8234,44,1,Supervisor_1,214,6,208
8235,12,3,Supervisor_3,82,3,79
8236,21,3,Supervisor_3,181,1,180
8237,36,3,Supervisor_3,445,6,439
8238,17,2,Supervisor_2,418,1,417
8239,21,3,Supervisor_3,229,7,222
8240,49,3,Supervisor_3,302,11,291
8241,17,1,Supervisor_1,199,13,186
8242,3,2,Supervisor_2,70,0,70
8243,6,1,Supervisor_1,316,6,310
8244,31,3,Supervisor_3,371,0,371
8245,15,3,Supervisor_3,413,9,404
8246,36,1,Supervisor_1,394,14,380
8247,47,2,Supervisor_2,495,36,459
8248,2,3,Supervisor_3,407,26,381
8249,23,1,Supervisor_1,106,0,106
8250,21,3,Supervisor_3,279,3,276
8251,16,1,Supervisor_1,492,9,483
8252,37,1,Supervisor_1,141,6,135
8253,4,3,Supervisor_3,298,19,279
8254,42,2,Supervisor_2,82,0,82
8255,1,1,Supervisor_1,378,0,378
8256,40,2,Supervisor_2,149,4,145
8257,47,2,Supervisor_2,120,7,113
8258,11,1,Supervisor_1,486,5,481
8259,37,1,Supervisor_1,416,32,384
8260,12,2,Supervisor_2,305,22,283
8261,3,2,Supervisor_2,154,2,152
8262,46,2,Supervisor_2,327,11,316
8263,35,1,Supervisor_1,418,22,396
8264,44,1,Supervisor_1,223,17,206
8265,34,1,Supervisor_1,415,9,406
8266,34,1,Supervisor_1,223,16,207
8267,46,3,Supervisor_3,57,4,53
8268,45,1,Supervisor_1,461,21,440
8269,21,2,Supervisor_2,220,3,217
8270,45,3,Supervisor_3,226,15,211
8271,48,1,Supervisor_1,351,7,344
8272,16,1,Supervisor_1,265,9,256
8273,23,2,Supervisor_2,250,13,237
8274,6,2,Supervisor_2,62,0,62
8275,40,1,Supervisor_1,92,3,89
8276,5,1,Supervisor_1,460,5,455
8277,40,3,Supervisor_3,498,36,462
8278,25,2,Supervisor_2,312,12,300
8279,6,3,Supervisor_3,281,4,277
8280,39,2,Supervisor_2,221,13,208
8281,31,2,Supervisor_2,51,0,51
8282,43,1,Supervisor_1,302,14,288
8283,2,1,Supervisor_1,474,14,460
8284,10,2,Supervisor_2,174,0,174
8285,19,3,Supervisor_3,55,3,52
8286,48,3,Supervisor_3,256,8,248
8287,34,2,Supervisor_2,298,4,294
8288,4,1,Supervisor_1,55,2,53
8289,28,1,Supervisor_1,290,18,272
8290,10,1,Supervisor_1,377,27,350
8291,41,1,Supervisor_1,367,4,363
8292,2,1,Supervisor_1,451,33,418
8293,44,3,Supervisor_3,147,0,147
8294,29,1,Supervisor_1,426,22,404
8295,9,1,Supervisor_1,222,4,218
8296,34,2,Supervisor_2,403,9,394
8297,6,1,Supervisor_1,82,2,80
8298,33,3,Supervisor_3,169,13,156
8299,43,1,Supervisor_1,79,1,78
8300,5,2,Supervisor_2,313,5,308
8301,6,1,Supervisor_1,189,10,179
8302,35,3,Supervisor_3,223,4,219
8303,46,2,Supervisor_2,319,4,315
8304,8,2,Supervisor_2,131,0,131
8305,40,2,Supervisor_2,223,10,213
8306,1,2,Supervisor_2,453,5,448
8307,4,2,Supervisor_2,466,24,442
8308,20,2,Supervisor_2,429,11,418
8309,7,2,Supervisor_2,129,5,124
8310,8,1,Supervisor_1,253,16,237
8311,42,3,Supervisor_3,285,19,266
8312,16,1,Supervisor_1,140,4,136
8313,48,3,Supervisor_3,122,0,122
8314,39,2,Supervisor_2,306,13,293
8315,50,3,Supervisor_3,341,7,334
8316,24,2,Supervisor_2,486,19,467
8317,23,1,Supervisor_1,297,16,281
8318,5,3,Supervisor_3,451,7,444
8319,17,3,Supervisor_3,91,4,87
8320,36,2,Supervisor_2,184,10,174
8321,41,2,Supervisor_2,498,5,493
8322,15,2,Supervisor_2,55,2,53
8323,43,1,Supervisor_1,354,12,342
8324,34,3,Supervisor_3,373,14,359
8325,41,1,Supervisor_1,489,32,457
8326,6,3,Supervisor_3,270,6,264
8327,45,2,Supervisor_2,443,15,428
8328,41,1,Supervisor_1,202,0,202
8329,44,3,Supervisor_3,193,0,193
8330,21,1,Supervisor_1,380,5,375
8331,15,2,Supervisor_2,418,23,395
8332,33,2,Supervisor_2,352,23,329
8333,21,2,Supervisor_2,265,14,251
8334,13,3,Supervisor_3,283,19,264
8335,10,3,Supervisor_3,301,4,297
8336,29,1,Supervisor_1,92,4,88
8337,24,3,Supervisor_3,405,1,404
8338,26,1,Supervisor_1,363,3,360
8339,8,1,Supervisor_1,213,10,203
8340,2,1,Supervisor_1,461,29,432
8341,18,1,Supervisor_1,251,5,246
8342,1,3,Supervisor_3,282,14,268
8343,33,1,Supervisor_1,286,15,271
8344,24,3,Supervisor_3,327,4,323
8345,4,2,Supervisor_2,409,2,407
8346,18,1,Supervisor_1,195,1,194
8347,29,1,Supervisor_1,393,23,370
8348,7,2,Supervisor_2,383,17,366
8349,18,2,Supervisor_2,68,0,68
8350,43,1,Supervisor_1,424,20,404
8351,10,2,Supervisor_2,297,9,288
8352,43,3,Supervisor_3,378,18,360
8353,26,3,Supervisor_3,129,9,120
8354,14,2,Supervisor_2,350,4,346
8355,16,2,Supervisor_2,339,26,313
8356,14,3,Supervisor_3,244,2,242
8357,12,1,Supervisor_1,451,9,442
8358,39,1,Supervisor_1,152,0,152
8359,43,2,Supervisor_2,117,2,115
8360,12,1,Supervisor_1,123,2,121
8361,17,3,Supervisor_3,177,3,174
8362,48,3,Supervisor_3,198,14,184
8363,22,3,Supervisor_3,363,20,343
8364,27,1,Supervisor_1,78,5,73
8365,4,3,Supervisor_3,122,2,120
8366,11,2,Supervisor_2,70,1,69
8367,21,2,Supervisor_2,420,16,404
8368,27,3,Supervisor_3,116,3,113
8369,23,3,Supervisor_3,298,8,290
8370,22,3,Supervisor_3,335,12,323
8371,19,1,Supervisor_1,53,2,51
8372,33,2,Supervisor_2,295,6,289
8373,37,1,Supervisor_1,212,12,200
8374,46,2,Supervisor_2,328,10,318
8375,24,2,Supervisor_2,461,17,444
8376,7,3,Supervisor_3,479,4,475
8377,2,3,Supervisor_3,219,15,204
8378,49,3,Supervisor_3,335,13,322
8379,22,2,Supervisor_2,115,1,114
8380,9,2,Supervisor_2,208,1,207
8381,41,1,Supervisor_1,168,0,168
8382,21,1,Supervisor_1,60,4,56
8383,35,3,Supervisor_3,129,4,125
8384,32,3,Supervisor_3,122,5,117
8385,2,1,Supervisor_1,340,22,318
8386,16,2,Supervisor_2,90,3,87
8387,1,2,Supervisor_2,334,20,314
8388,36,1,Supervisor_1,468,4,464
8389,8,3,Supervisor_3,195,13,182
8390,25,2,Supervisor_2,219,15,204
8391,28,1,Supervisor_1,52,3,49
8392,46,2,Supervisor_2,445,11,434
8393,47,3,Supervisor_3,285,16,269
8394,36,1,Supervisor_1,104,7,97
8395,12,3,Supervisor_3,76,0,76
8396,48,1,Supervisor_1,175,5,170
8397,39,2,Supervisor_2,298,2,296
8398,32,2,Supervisor_2,65,3,62
8399,30,2,Supervisor_2,98,5,93
8400,19,1,Supervisor_1,285,9,276
8401,46,2,Supervisor_2,470,12,458
8402,32,1,Supervisor_1,448,13,435
8403,11,3,Supervisor_3,312,11,301
8404,13,3,Supervisor_3,274,21,253
8405,30,3,Supervisor_3,321,22,299
8406,40,1,Supervisor_1,143,3,140
8407,10,1,Supervisor_1,345,4,341
8408,4,2,Supervisor_2,470,13,457
8409,45,2,Supervisor_2,74,5,69
8410,11,1,Supervisor_1,237,10,227
8411,7,1,Supervisor_1,367,3,364
8412,41,1,Supervisor_1,234,17,217
8413,4,2,Supervisor_2,217,15,202
8414,36,2,Supervisor_2,305,18,287
8415,34,3,Supervisor_3,91,6,85
8416,28,3,Supervisor_3,145,5,140
8417,22,3,Supervisor_3,182,0,182
8418,24,1,Supervisor_1,109,5,104
8419,3,1,Supervisor_1,452,18,434
8420,42,3,Supervisor_3,191,7,184
8421,36,2,Supervisor_2,286,5,281
8422,28,3,Supervisor_3,83,0,83
8423,17,1,Supervisor_1,400,24,376
8424,3,1,Supervisor_1,59,0,59
8425,27,1,Supervisor_1,374,3,371
8426,14,2,Supervisor_2,143,9,134
8427,30,2,Supervisor_2,498,29,469
8428,33,1,Supervisor_1,376,8,368
8429,5,3,Supervisor_3,53,3,50
8430,7,3,Supervisor_3,88,4,84
8431,46,1,Supervisor_1,444,29,415
8432,14,2,Supervisor_2,214,1,213
8433,32,2,Supervisor_2,207,13,194
8434,22,2,Supervisor_2,126,7,119
8435,44,2,Supervisor_2,401,14,387
8436,20,1,Supervisor_1,305,8,297
8437,46,3,Supervisor_3,467,28,439
8438,44,1,Supervisor_1,493,28,465
8439,1,2,Supervisor_2,277,1,276
8440,17,3,Supervisor_3,383,12,371
8441,4,2,Supervisor_2,254,5,249
8442,3,2,Supervisor_2,317,14,303
8443,3,1,Supervisor_1,72,5,67
8444,28,1,Supervisor_1,408,18,390
8445,29,1,Supervisor_1,92,6,86
8446,33,2,Supervisor_2,159,9,150
8447,30,3,Supervisor_3,148,5,143
8448,5,1,Supervisor_1,309,22,287
8449,4,3,Supervisor_3,500,5,495
8450,22,1,Supervisor_1,481,16,465
8451,24,3,Supervisor_3,469,29,440
8452,13,1,Supervisor_1,357,11,346
8453,26,3,Supervisor_3,81,5,76
8454,35,2,Supervisor_2,293,4,289
8455,11,3,Supervisor_3,189,1,188
8456,3,1,Supervisor_1,54,0,54
8457,7,3,Supervisor_3,404,0,404
8458,29,3,Supervisor_3,399,21,378
8459,7,2,Supervisor_2,426,8,418
8460,12,1,Supervisor_1,171,3,168
8461,10,2,Supervisor_2,348,9,339
8462,27,3,Supervisor_3,295,19,276
8463,50,1,Supervisor_1,328,12,316
8464,4,2,Supervisor_2,108,7,101
8465,43,3,Supervisor_3,88,1,87
8466,41,2,Supervisor_2,141,4,137
8467,45,2,Supervisor_2,385,7,378
8468,16,3,Supervisor_3,237,15,222
8469,5,1,Supervisor_1,195,15,180
8470,10,1,Supervisor_1,220,0,220
8471,22,3,Supervisor_3,186,0,186
8472,22,3,Supervisor_3,208,14,194
8473,33,1,Supervisor_1,410,21,389
8474,30,2,Supervisor_2,273,3,270
8475,8,3,Supervisor_3,101,4,97
8476,26,2,Supervisor_2,394,10,384
8477,39,1,Supervisor_1,119,9,110
8478,43,1,Supervisor_1,477,4,473
8479,25,2,Supervisor_2,154,10,144
8480,16,1,Supervisor_1,251,9,242
8481,46,3,Supervisor_3,464,15,449
8482,7,2,Supervisor_2,173,1,172
8483,10,1,Supervisor_1,174,6,168
8484,47,2,Supervisor_2,328,3,325
8485,40,1,Supervisor_1,67,3,64
8486,29,1,Supervisor_1,173,2,171
8487,4,1,Supervisor_1,470,9,461
8488,35,2,Supervisor_2,267,8,259
8489,28,2,Supervisor_2,288,8,280
8490,28,3,Supervisor_3,103,7,96
8491,6,2,Supervisor_2,166,6,160
8492,2,2,Supervisor_2,124,3,121
8493,33,1,Supervisor_1,256,9,247
8494,24,1,Supervisor_1,210,6,204
8495,16,2,Supervisor_2,60,0,60
8496,24,2,Supervisor_2,305,10,295
8497,49,1,Supervisor_1,427,28,399
8498,15,1,Supervisor_1,212,7,205
8499,2,2,Supervisor_2,193,9,184
8500,6,1,Supervisor_1,232,6,226
8501,16,3,Supervisor_3,123,5,118
8502,20,2,Supervisor_2,103,2,101
8503,1,2,Supervisor_2,291,1,290
8504,23,3,Supervisor_3,213,4,209
8505,16,1,Supervisor_1,108,3,105
8506,37,2,Supervisor_2,324,6,318
8507,28,3,Supervisor_3,103,6,97
8508,14,1,Supervisor_1,147,3,144
8509,40,2,Supervisor_2,366,15,351
8510,15,1,Supervisor_1,96,5,91
8511,1,3,Supervisor_3,376,10,366
8512,34,3,Supervisor_3,482,36,446
8513,43,1,Supervisor_1,141,4,137
8514,49,2,Supervisor_2,354,0,354
8515,24,3,Supervisor_3,50,2,48
8516,17,2,Supervisor_2,300,10,290
8517,14,2,Supervisor_2,64,3,61
8518,10,2,Supervisor_2,76,3,73
8519,36,2,Supervisor_2,356,15,341
8520,6,2,Supervisor_2,361,24,337
8521,35,1,Supervisor_1,391,13,378
8522,7,2,Supervisor_2,429,8,421
8523,5,3,Supervisor_3,178,2,176
8524,16,1,Supervisor_1,395,16,379
8525,36,3,Supervisor_3,382,1,381
8526,11,2,Supervisor_2,395,23,372
8527,11,1,Supervisor_1,132,8,124
8528,18,2,Supervisor_2,393,0,393
8529,19,2,Supervisor_2,423,1,422
8530,44,2,Supervisor_2,421,12,409
8531,36,3,Supervisor_3,249,8,241
8532,1,1,Supervisor_1,440,5,435
8533,27,2,Supervisor_2,71,5,66
8534,26,1,Supervisor_1,112,1,111
8535,27,2,Supervisor_2,117,5,112
8536,27,1,Supervisor_1,423,18,405
8537,4,3,Supervisor_3,251,13,238
8538,39,2,Supervisor_2,381,20,361
8539,15,2,Supervisor_2,230,14,216
8540,3,1,Supervisor_1,476,28,448
8541,13,1,Supervisor_1,278,16,262
8542,37,2,Supervisor_2,295,10,285
8543,44,3,Supervisor_3,500,24,476
8544,38,2,Supervisor_2,305,8,297
8545,3,1,Supervisor_1,274,7,267
8546,2,2,Supervisor_2,334,2,332
8547,9,2,Supervisor_2,180,3,177
8548,13,3,Supervisor_3,92,5,87
8549,42,3,Supervisor_3,382,22,360
8550,32,2,Supervisor_2,189,7,182
8551,44,2,Supervisor_2,438,4,434
8552,26,2,Supervisor_2,352,15,337
8553,26,2,Supervisor_2,362,10,352
8554,46,1,Supervisor_1,141,2,139
8555,10,2,Supervisor_2,360,1,359
8556,33,1,Supervisor_1,136,8,128
8557,49,3,Supervisor_3,167,6,161
8558,39,1,Supervisor_1,418,33,385
8559,1,1,Supervisor_1,278,13,265
8560,40,1,Supervisor_1,232,7,225
8561,5,1,Supervisor_1,212,16,196
8562,3,3,Supervisor_3,145,0,145
8563,32,1,Supervisor_1,90,3,87
8564,17,3,Supervisor_3,416,2,414
8565,11,1,Supervisor_1,90,5,85
8566,37,1,Supervisor_1,157,6,151
8567,49,3,Supervisor_3,398,11,387
8568,33,1,Supervisor_1,487,36,451
8569,36,2,Supervisor_2,111,4,107
8570,4,3,Supervisor_3,117,5,112
8571,20,3,Supervisor_3,411,14,397
8572,3,1,Supervisor_1,401,15,386
8573,6,2,Supervisor_2,153,9,144
8574,35,2,Supervisor_2,184,5,179
8575,38,2,Supervisor_2,364,4,360
8576,42,1,Supervisor_1,157,8,149
8577,44,2,Supervisor_2,340,4,336
8578,15,1,Supervisor_1,480,18,462
8579,33,1,Supervisor_1,396,25,371
8580,27,1,Supervisor_1,149,4,145
8581,39,2,Supervisor_2,249,4,245
8582,49,2,Supervisor_2,209,1,208
8583,39,2,Supervisor_2,492,6,486
8584,17,2,Supervisor_2,483,24,459
8585,30,3,Supervisor_3,180,6,174
8586,19,2,Supervisor_2,103,4,99
8587,27,2,Supervisor_2,282,9,273
8588,7,2,Supervisor_2,263,15,248
8589,44,2,Supervisor_2,478,29,449
8590,31,2,Supervisor_2,482,37,445
8591,4,3,Supervisor_3,298,10,288
8592,49,2,Supervisor_2,89,3,86
8593,29,2,Supervisor_2,383,28,355
8594,45,1,Supervisor_1,140,3,137
8595,28,3,Supervisor_3,265,15,250
8596,48,1,Supervisor_1,286,15,271
8597,16,3,Supervisor_3,347,4,343
8598,22,3,Supervisor_3,305,18,287
8599,7,1,Supervisor_1,480,4,476
8600,13,1,Supervisor_1,149,6,143
8601,32,1,Supervisor_1,276,11,265
8602,40,1,Supervisor_1,397,25,372
8603,45,1,Supervisor_1,293,13,280
8604,18,2,Supervisor_2,238,2,236
8605,39,3,Supervisor_3,240,0,240
8606,33,1,Supervisor_1,352,0,352
8607,17,1,Supervisor_1,286,17,269
8608,27,1,Supervisor_1,340,20,320
8609,36,3,Supervisor_3,227,3,224
8610,36,2,Supervisor_2,225,0,225
8611,50,3,Supervisor_3,443,16,427
8612,27,3,Supervisor_3,461,17,444
8613,9,3,Supervisor_3,298,8,290
8614,14,2,Supervisor_2,210,7,203
8615,20,1,Supervisor_1,435,34,401
8616,3,1,Supervisor_1,440,2,438
8617,33,3,Supervisor_3,349,6,343
8618,15,3,Supervisor_3,356,27,329
8619,4,3,Supervisor_3,144,9,135
8620,45,3,Supervisor_3,412,15,397
8621,36,1,Supervisor_1,123,1,122
8622,11,1,Supervisor_1,179,6,173
8623,33,1,Supervisor_1,189,0,189
8624,40,1,Supervisor_1,82,2,80
8625,7,1,Supervisor_1,464,33,431
8626,27,2,Supervisor_2,169,13,156
8627,12,1,Supervisor_1,230,2,228
8628,41,1,Supervisor_1,119,1,118
8629,13,1,Supervisor_1,412,26,386
8630,24,2,Supervisor_2,185,13,172
8631,50,3,Supervisor_3,201,15,186
8632,33,2,Supervisor_2,285,8,277
8633,42,1,Supervisor_1,382,20,362
8634,9,3,Supervisor_3,122,4,118
8635,48,1,Supervisor_1,468,2,466
8636,45,2,Supervisor_2,122,5,117
8637,26,1,Supervisor_1,481,17,464
8638,8,3,Supervisor_3,316,9,307
8639,26,3,Supervisor_3,254,9,245
8640,33,2,Supervisor_2,184,10,174
8641,48,3,Supervisor_3,434,22,412
8642,26,2,Supervisor_2,264,8,256
8643,9,2,Supervisor_2,403,3,400
8644,49,2,Supervisor_2,387,4,383
8645,28,3,Supervisor_3,59,0,59
8646,37,1,Supervisor_1,64,0,64
8647,28,2,Supervisor_2,318,22,296
8648,11,3,Supervisor_3,247,7,240
8649,17,3,Supervisor_3,309,21,288
8650,4,1,Supervisor_1,161,0,161
8651,32,2,Supervisor_2,449,28,421
8652,43,1,Supervisor_1,303,19,284
8653,39,2,Supervisor_2,183,6,177
8654,15,3,Supervisor_3,407,16,391
8655,8,1,Supervisor_1,448,9,439
8656,19,2,Supervisor_2,102,4,98
8657,29,2,Supervisor_2,276,16,260
8658,8,1,Supervisor_1,315,14,301
8659,24,1,Supervisor_1,191,1,190
8660,45,3,Supervisor_3,125,9,116
8661,26,1,Supervisor_1,447,21,426
8662,41,2,Supervisor_2,92,7,85
8663,10,3,Supervisor_3,492,24,468
8664,19,2,Supervisor_2,75,5,70
8665,27,2,Supervisor_2,431,29,402
8666,10,2,Supervisor_2,202,15,187
8667,46,2,Supervisor_2,315,15,300
8668,16,2,Supervisor_2,155,2,153
8669,27,1,Supervisor_1,284,16,268
8670,24,3,Supervisor_3,169,12,157
8671,33,1,Supervisor_1,80,6,74
8672,17,1,Supervisor_1,88,0,88
8673,48,3,Supervisor_3,156,1,155
8674,49,1,Supervisor_1,105,4,101
8675,11,3,Supervisor_3,147,8,139
8676,12,2,Supervisor_2,207,6,201
8677,13,1,Supervisor_1,401,3,398
8678,20,1,Supervisor_1,320,22,298
8679,7,1,Supervisor_1,106,8,98
8680,44,1,Supervisor_1,94,1,93
8681,10,2,Supervisor_2,418,5,413
8682,35,3,Supervisor_3,484,23,461
8683,38,1,Supervisor_1,265,6,259
8684,45,1,Supervisor_1,111,2,109
8685,4,2,Supervisor_2,281,10,271
8686,6,1,Supervisor_1,447,25,422
8687,24,2,Supervisor_2,309,24,285
8688,21,1,Supervisor_1,478,15,463
8689,3,3,Supervisor_3,172,10,162
8690,35,1,Supervisor_1,444,1,443
8691,38,1,Supervisor_1,233,3,230
8692,41,3,Supervisor_3,122,8,114
8693,24,1,Supervisor_1,65,4,61
8694,1,1,Supervisor_1,340,11,329
8695,36,3,Supervisor_3,282,13,269
8696,26,1,Supervisor_1,431,7,424
8697,27,1,Supervisor_1,179,9,170
8698,17,2,Supervisor_2,136,10,126
8699,15,3,Supervisor_3,476,10,466
8700,47,2,Supervisor_2,187,9,178
8701,7,3,Supervisor_3,262,0,262
8702,34,1,Supervisor_1,392,15,377
8703,11,2,Supervisor_2,485,17,468
8704,4,1,Supervisor_1,202,8,194
8705,22,2,Supervisor_2,372,2,370
8706,12,2,Supervisor_2,320,7,313
8707,14,2,Supervisor_2,82,3,79
8708,35,2,Supervisor_2,389,27,362
8709,3,1,Supervisor_1,145,10,135
8710,5,3,Supervisor_3,262,6,256
8711,40,2,Supervisor_2,329,20,309
8712,36,1,Supervisor_1,80,4,76
8713,47,1,Supervisor_1,193,10,183
8714,32,1,Supervisor_1,178,10,168
8715,32,3,Supervisor_3,59,2,57
8716,27,3,Supervisor_3,324,10,314
8717,44,2,Supervisor_2,277,4,273
8718,44,3,Supervisor_3,422,30,392
8719,26,3,Supervisor_3,151,8,143
8720,14,1,Supervisor_1,386,8,378
8721,9,2,Supervisor_2,424,4,420
8722,33,3,Supervisor_3,450,32,418
8723,2,2,Supervisor_2,306,0,306
8724,36,1,Supervisor_1,141,0,141
8725,16,3,Supervisor_3,437,31,406
8726,7,3,Supervisor_3,460,4,456
8727,42,3,Supervisor_3,60,0,60
8728,41,1,Supervisor_1,266,2,264
8729,47,3,Supervisor_3,122,9,113
8730,9,1,Supervisor_1,243,5,238
8731,23,2,Supervisor_2,483,2,481
8732,37,2,Supervisor_2,482,32,450
8733,11,3,Supervisor_3,323,16,307
8734,6,3,Supervisor_3,445,0,445
8735,37,3,Supervisor_3,470,0,470
8736,34,2,Supervisor_2,224,8,216
8737,40,1,Supervisor_1,199,12,187
8738,17,1,Supervisor_1,270,1,269
8739,1,1,Supervisor_1,428,28,400
8740,16,3,Supervisor_3,94,2,92
8741,34,3,Supervisor_3,459,13,446
8742,44,1,Supervisor_1,399,9,390
8743,23,2,Supervisor_2,338,8,330
8744,10,1,Supervisor_1,255,19,236
8745,17,3,Supervisor_3,198,5,193
8746,40,1,Supervisor_1,500,19,481
8747,9,2,Supervisor_2,460,0,460
8748,24,2,Supervisor_2,193,6,187
8749,40,1,Supervisor_1,168,0,168
8750,45,3,Supervisor_3,470,15,455
8751,43,2,Supervisor_2,331,9,322
8752,23,3,Supervisor_3,182,11,171
8753,25,1,Supervisor_1,368,23,345
8754,46,1,Supervisor_1,412,32,380
8755,47,1,Supervisor_1,409,16,393
8756,8,3,Supervisor_3,394,9,385
8757,2,3,Supervisor_3,184,1,183
8758,29,2,Supervisor_2,121,5,116
8759,15,2,Supervisor_2,336,16,320
8760,31,1,Supervisor_1,252,2,250
8761,24,3,Supervisor_3,349,27,322
8762,48,3,Supervisor_3,290,22,268
8763,40,3,Supervisor_3,200,2,198
8764,21,3,Supervisor_3,320,12,308
8765,42,3,Supervisor_3,175,12,163
8766,26,1,Supervisor_1,257,12,245
8767,10,2,Supervisor_2,129,1,128
8768,7,2,Supervisor_2,58,0,58
8769,47,3,Supervisor_3,438,27,411
8770,35,1,Supervisor_1,332,7,325
8771,41,1,Supervisor_1,400,26,374
8772,21,1,Supervisor_1,283,9,274
8773,34,2,Supervisor_2,425,18,407
8774,41,2,Supervisor_2,423,14,409
8775,48,3,Supervisor_3,244,8,236
8776,5,1,Supervisor_1,233,5,228
8777,29,1,Supervisor_1,424,13,411
8778,46,1,Supervisor_1,235,11,224
8779,18,1,Supervisor_1,444,32,412
8780,34,1,Supervisor_1,75,3,72
8781,48,1,Supervisor_1,149,3,146
8782,13,1,Supervisor_1,322,20,302
8783,12,2,Supervisor_2,367,20,347
8784,9,1,Supervisor_1,70,4,66
8785,9,1,Supervisor_1,411,19,392
8786,44,3,Supervisor_3,337,1,336
8787,22,1,Supervisor_1,245,5,240
8788,7,2,Supervisor_2,57,1,56
8789,43,3,Supervisor_3,365,2,363
8790,16,2,Supervisor_2,485,20,465
8791,46,2,Supervisor_2,102,4,98
8792,30,3,Supervisor_3,84,4,80
8793,18,1,Supervisor_1,314,10,304
8794,30,1,Supervisor_1,301,17,284
8795,30,3,Supervisor_3,498,8,490
8796,38,1,Supervisor_1,322,1,321
8797,50,1,Supervisor_1,386,5,381
8798,32,2,Supervisor_2,144,8,136
8799,49,3,Supervisor_3,83,5,78
8800,50,2,Supervisor_2,92,0,92
8801,19,1,Supervisor_1,426,17,409
8802,11,3,Supervisor_3,91,3,88
8803,49,2,Supervisor_2,58,1,57
8804,23,3,Supervisor_3,447,20,427
8805,8,2,Supervisor_2,196,14,182
8806,20,3,Supervisor_3,163,8,155
8807,9,3,Supervisor_3,91,4,87
8808,21,2,Supervisor_2,227,6,221
8809,10,3,Supervisor_3,288,10,278
8810,13,3,Supervisor_3,303,18,285
8811,9,3,Supervisor_3,76,4,72
8812,35,3,Supervisor_3,337,15,322
8813,19,2,Supervisor_2,500,36,464
8814,36,1,Supervisor_1,379,18,361
8815,22,1,Supervisor_1,426,6,420
8816,26,1,Supervisor_1,181,0,181
8817,30,3,Supervisor_3,227,4,223
8818,19,3,Supervisor_3,459,34,425
8819,27,3,Supervisor_3,492,31,461
8820,6,2,Supervisor_2,196,12,184
8821,19,1,Supervisor_1,346,7,339
8822,46,3,Supervisor_3,444,13,431
8823,31,3,Supervisor_3,296,14,282
8824,7,2,Supervisor_2,194,7,187
8825,10,1,Supervisor_1,428,3,425
8826,16,2,Supervisor_2,483,14,469
8827,32,1,Supervisor_1,445,17,428
8828,15,3,Supervisor_3,212,10,202
8829,6,1,Supervisor_1,351,8,343
8830,37,1,Supervisor_1,159,4,155
8831,32,1,Supervisor_1,143,3,140
8832,22,3,Supervisor_3,334,23,311
8833,6,2,Supervisor_2,225,17,208
8834,31,3,Supervisor_3,75,5,70
8835,7,3,Supervisor_3,190,3,187
8836,42,1,Supervisor_1,96,7,89
8837,33,1,Supervisor_1,343,9,334
8838,7,1,Supervisor_1,102,3,99
8839,10,2,Supervisor_2,219,4,215
8840,26,1,Supervisor_1,415,3,412
8841,23,2,Supervisor_2,476,22,454
8842,17,3,Supervisor_3,354,10,344
8843,4,1,Supervisor_1,225,11,214
8844,22,2,Supervisor_2,265,2,263
8845,30,1,Supervisor_1,419,32,387
8846,9,2,Supervisor_2,364,18,346
8847,30,2,Supervisor_2,304,22,282
8848,31,1,Supervisor_1,206,8,198
8849,8,1,Supervisor_1,439,17,422
8850,16,3,Supervisor_3,364,25,339
8851,15,3,Supervisor_3,405,15,390
8852,12,2,Supervisor_2,186,3,183
8853,9,1,Supervisor_1,249,2,247
8854,6,1,Supervisor_1,484,27,457
8855,37,2,Supervisor_2,473,6,467
8856,21,2,Supervisor_2,247,13,234
8857,47,2,Supervisor_2,302,16,286
8858,44,1,Supervisor_1,414,0,414
8859,20,1,Supervisor_1,314,16,298
8860,26,2,Supervisor_2,338,9,329
8861,31,1,Supervisor_1,105,5,100
8862,20,3,Supervisor_3,200,12,188
8863,1,2,Supervisor_2,220,9,211
8864,32,3,Supervisor_3,172,7,165
8865,22,2,Supervisor_2,223,5,218
8866,47,2,Supervisor_2,60,2,58
8867,33,3,Supervisor_3,105,2,103
8868,36,2,Supervisor_2,367,2,365
8869,48,2,Supervisor_2,140,7,133
8870,15,1,Supervisor_1,334,19,315
8871,9,2,Supervisor_2,472,19,453
8872,2,2,Supervisor_2,175,6,169
8873,5,2,Supervisor_2,451,29,422
8874,1,2,Supervisor_2,500,18,482
8875,11,1,Supervisor_1,268,20,248
8876,14,2,Supervisor_2,443,18,425
8877,5,2,Supervisor_2,288,3,285
8878,13,2,Supervisor_2,106,8,98
8879,1,1,Supervisor_1,222,7,215
8880,10,1,Supervisor_1,66,0,66
8881,37,2,Supervisor_2,372,21,351
8882,4,1,Supervisor_1,88,0,88
8883,41,1,Supervisor_1,470,11,459
8884,39,2,Supervisor_2,95,4,91
8885,50,2,Supervisor_2,272,11,261
8886,42,1,Supervisor_1,217,9,208
8887,2,3,Supervisor_3,171,9,162
8888,44,2,Supervisor_2,498,20,478
8889,3,1,Supervisor_1,109,1,108
8890,20,3,Supervisor_3,73,0,73
8891,20,1,Supervisor_1,365,16,349
8892,19,2,Supervisor_2,410,8,402
8893,45,2,Supervisor_2,170,7,163
8894,38,2,Supervisor_2,443,25,418
8895,50,1,Supervisor_1,305,11,294
8896,41,2,Supervisor_2,407,18,389
8897,4,2,Supervisor_2,289,1,288
8898,5,1,Supervisor_1,54,2,52
8899,6,2,Supervisor_2,233,13,220
8900,23,2,Supervisor_2,447,13,434
8901,32,2,Supervisor_2,201,13,188
8902,11,2,Supervisor_2,96,3,93
8903,31,2,Supervisor_2,488,7,481
8904,15,3,Supervisor_3,104,2,102
8905,1,1,Supervisor_1,491,35,456
8906,20,2,Supervisor_2,279,17,262
8907,50,3,Supervisor_3,126,6,120
8908,15,3,Supervisor_3,199,15,184
8909,32,2,Supervisor_2,441,4,437
8910,2,1,Supervisor_1,328,12,316
8911,44,1,Supervisor_1,443,31,412
8912,47,2,Supervisor_2,215,12,203
8913,47,3,Supervisor_3,309,22,287
8914,24,2,Supervisor_2,475,27,448
8915,9,2,Supervisor_2,371,29,342
8916,12,2,Supervisor_2,71,0,71
8917,22,2,Supervisor_2,397,21,376
8918,29,1,Supervisor_1,256,15,241
8919,29,3,Supervisor_3,191,3,188
8920,13,3,Supervisor_3,317,16,301
8921,40,1,Supervisor_1,130,7,123
8922,36,2,Supervisor_2,375,7,368
8923,45,3,Supervisor_3,119,3,116
8924,25,3,Supervisor_3,472,7,465
8925,18,1,Supervisor_1,443,6,437
8926,10,2,Supervisor_2,210,13,197
8927,48,2,Supervisor_2,275,19,256
8928,9,3,Supervisor_3,424,30,394
8929,6,1,Supervisor_1,92,6,86
8930,9,1,Supervisor_1,204,4,200
8931,49,1,Supervisor_1,87,1,86
8932,35,3,Supervisor_3,478,21,457
8933,2,1,Supervisor_1,373,8,365
8934,45,3,Supervisor_3,300,22,278
8935,39,3,Supervisor_3,215,7,208
8936,8,2,Supervisor_2,402,0,402
8937,40,3,Supervisor_3,97,0,97
8938,18,2,Supervisor_2,76,3,73
8939,5,1,Supervisor_1,178,8,170
8940,45,1,Supervisor_1,239,5,234
8941,28,1,Supervisor_1,95,2,93
8942,3,3,Supervisor_3,228,14,214
8943,24,3,Supervisor_3,347,8,339
8944,44,3,Supervisor_3,383,23,360
8945,31,1,Supervisor_1,343,27,316
8946,4,2,Supervisor_2,101,7,94
8947,40,3,Supervisor_3,397,4,393
8948,16,2,Supervisor_2,71,4,67
8949,41,3,Supervisor_3,455,28,427
8950,20,1,Supervisor_1,116,2,114
8951,28,3,Supervisor_3,425,31,394
8952,46,2,Supervisor_2,181,7,174
8953,23,1,Supervisor_1,491,31,460
8954,48,2,Supervisor_2,316,23,293
8955,29,3,Supervisor_3,128,5,123
8956,31,3,Supervisor_3,264,10,254
8957,7,1,Supervisor_1,385,20,365
8958,16,3,Supervisor_3,82,6,76
8959,30,1,Supervisor_1,369,2,367
8960,2,3,Supervisor_3,318,22,296
8961,30,1,Supervisor_1,245,11,234
8962,23,3,Supervisor_3,437,27,410
8963,2,2,Supervisor_2,396,2,394
8964,11,2,Supervisor_2,294,2,292
8965,6,1,Supervisor_1,211,11,200
8966,22,2,Supervisor_2,361,8,353
8967,1,1,Supervisor_1,195,6,189
8968,7,1,Supervisor_1,190,3,187
8969,13,1,Supervisor_1,69,4,65
8970,42,2,Supervisor_2,101,4,97
8971,48,1,Supervisor_1,142,6,136
8972,8,2,Supervisor_2,220,11,209
8973,16,1,Supervisor_1,186,3,183
8974,46,1,Supervisor_1,438,32,406
8975,17,1,Supervisor_1,166,5,161
8976,32,2,Supervisor_2,483,22,461
8977,10,2,Supervisor_2,226,4,222
8978,45,3,Supervisor_3,486,29,457
8979,45,2,Supervisor_2,209,13,196
8980,39,3,Supervisor_3,125,1,124
8981,44,2,Supervisor_2,500,4,496
8982,43,2,Supervisor_2,97,1,96
8983,43,3,Supervisor_3,148,10,138
8984,17,3,Supervisor_3,374,23,351
8985,38,3,Supervisor_3,313,11,302
8986,21,3,Supervisor_3,131,5,126
8987,42,2,Supervisor_2,454,7,447
8988,13,1,Supervisor_1,262,5,257
8989,23,1,Supervisor_1,244,16,228
8990,50,1,Supervisor_1,119,8,111
8991,43,1,Supervisor_1,156,9,147
8992,21,2,Supervisor_2,420,22,398
8993,33,2,Supervisor_2,90,5,85
8994,20,3,Supervisor_3,395,9,386
8995,10,1,Supervisor_1,475,25,450
8996,9,2,Supervisor_2,439,21,418
8997,1,1,Supervisor_1,304,15,289
8998,32,2,Supervisor_2,415,3,412
8999,9,3,Supervisor_3,329,15,314
9000,12,3,Supervisor_3,88,2,86
9001,6,3,Supervisor_3,115,4,111
9002,40,3,Supervisor_3,292,4,288
9003,24,2,Supervisor_2,461,31,430
9004,20,2,Supervisor_2,130,3,127
9005,17,3,Supervisor_3,136,8,128
9006,37,3,Supervisor_3,51,0,51
9007,48,2,Supervisor_2,401,13,388
9008,16,3,Supervisor_3,491,17,474
9009,11,3,Supervisor_3,284,21,263
9010,15,2,Supervisor_2,95,1,94
9011,25,1,Supervisor_1,132,3,129
9012,41,3,Supervisor_3,54,3,51
9013,7,1,Supervisor_1,463,6,457
9014,41,2,Supervisor_2,408,1,407
9015,28,1,Supervisor_1,398,0,398
9016,26,2,Supervisor_2,75,1,74
9017,40,2,Supervisor_2,226,17,209
9018,22,3,Supervisor_3,289,5,284
9019,46,2,Supervisor_2,106,1,105
9020,15,2,Supervisor_2,383,0,383
9021,14,1,Supervisor_1,119,1,118
9022,17,1,Supervisor_1,482,38,444
9023,25,2,Supervisor_2,194,10,184
9024,41,1,Supervisor_1,396,16,380
9025,5,2,Supervisor_2,149,4,145
9026,2,2,Supervisor_2,484,15,469
9027,13,2,Supervisor_2,247,1,246
9028,33,2,Supervisor_2,316,0,316
9029,42,1,Supervisor_1,216,9,207
9030,8,3,Supervisor_3,200,14,186
9031,35,2,Supervisor_2,345,10,335
9032,37,2,Supervisor_2,88,4,84
9033,36,3,Supervisor_3,231,7,224
9034,30,2,Supervisor_2,310,19,291
9035,32,2,Supervisor_2,290,6,284
9036,16,3,Supervisor_3,248,9,239
9037,30,1,Supervisor_1,476,34,442
9038,26,3,Supervisor_3,192,9,183
9039,17,3,Supervisor_3,472,21,451
9040,2,3,Supervisor_3,399,21,378
9041,17,1,Supervisor_1,371,12,359
9042,6,1,Supervisor_1,246,19,227
9043,32,3,Supervisor_3,329,19,310
9044,6,3,Supervisor_3,73,2,71
9045,30,1,Supervisor_1,442,29,413
9046,7,2,Supervisor_2,129,2,127
9047,7,3,Supervisor_3,460,9,451
9048,35,2,Supervisor_2,360,28,332
9049,47,3,Supervisor_3,401,30,371
9050,30,3,Supervisor_3,144,2,142
9051,9,1,Supervisor_1,126,6,120
9052,2,2,Supervisor_2,319,4,315
9053,12,2,Supervisor_2,327,25,302
9054,50,3,Supervisor_3,293,12,281
9055,24,2,Supervisor_2,356,24,332
9056,34,1,Supervisor_1,313,1,312
9057,2,2,Supervisor_2,270,12,258
9058,16,1,Supervisor_1,147,7,140
9059,30,1,Supervisor_1,339,5,334
9060,28,2,Supervisor_2,358,25,333
9061,42,1,Supervisor_1,277,6,271
9062,6,1,Supervisor_1,170,1,169
9063,31,1,Supervisor_1,495,36,459
9064,30,3,Supervisor_3,340,6,334
9065,6,1,Supervisor_1,268,8,260
9066,24,1,Supervisor_1,135,5,130
9067,1,2,Supervisor_2,262,11,251
9068,33,1,Supervisor_1,310,5,305
9069,10,2,Supervisor_2,377,20,357
9070,12,3,Supervisor_3,245,17,228
9071,29,3,Supervisor_3,328,10,318
9072,9,2,Supervisor_2,471,1,470
9073,36,3,Supervisor_3,411,30,381
9074,31,1,Supervisor_1,482,15,467
9075,2,2,Supervisor_2,132,8,124
9076,10,1,Supervisor_1,277,15,262
9077,39,3,Supervisor_3,406,11,395
9078,4,2,Supervisor_2,498,28,470
9079,46,3,Supervisor_3,402,1,401
9080,24,3,Supervisor_3,362,9,353
9081,42,2,Supervisor_2,353,25,328
9082,22,3,Supervisor_3,416,2,414
9083,9,3,Supervisor_3,361,6,355
9084,46,3,Supervisor_3,129,5,124
9085,23,3,Supervisor_3,65,4,61
9086,36,1,Supervisor_1,462,26,436
9087,43,2,Supervisor_2,113,5,108
9088,47,2,Supervisor_2,379,3,376
9089,23,1,Supervisor_1,234,9,225
9090,33,3,Supervisor_3,93,6,87
9091,42,3,Supervisor_3,367,7,360
9092,28,2,Supervisor_2,251,12,239
9093,5,2,Supervisor_2,349,18,331
9094,30,2,Supervisor_2,56,0,56
9095,17,1,Supervisor_1,478,23,455
9096,25,1,Supervisor_1,74,4,70
9097,27,2,Supervisor_2,327,22,305
9098,49,2,Supervisor_2,427,19,408
9099,13,1,Supervisor_1,191,14,177
9100,48,1,Supervisor_1,68,2,66
9101,1,3,Supervisor_3,336,19,317
9102,16,3,Supervisor_3,142,4,138
9103,10,3,Supervisor_3,261,6,255
9104,8,1,Supervisor_1,209,15,194
9105,12,1,Supervisor_1,137,5,132
9106,43,2,Supervisor_2,169,8,161
9107,23,1,Supervisor_1,120,8,112
9108,25,2,Supervisor_2,108,1,107
9109,9,3,Supervisor_3,243,11,232
9110,8,2,Supervisor_2,198,3,195
9111,41,1,Supervisor_1,436,31,405
9112,14,2,Supervisor_2,135,8,127
9113,9,3,Supervisor_3,437,32,405
9114,42,2,Supervisor_2,252,19,233
9115,49,2,Supervisor_2,65,0,65
9116,44,2,Supervisor_2,232,17,215
9117,14,2,Supervisor_2,130,8,122
9118,34,2,Supervisor_2,92,7,85
9119,49,1,Supervisor_1,457,17,440
9120,19,3,Supervisor_3,473,30,443
9121,47,1,Supervisor_1,325,1,324
9122,21,3,Supervisor_3,56,3,53
9123,15,2,Supervisor_2,368,5,363
9124,9,1,Supervisor_1,269,9,260
9125,17,1,Supervisor_1,392,19,373
9126,41,3,Supervisor_3,198,7,191
9127,12,2,Supervisor_2,140,1,139
9128,29,2,Supervisor_2,438,7,431
9129,27,2,Supervisor_2,406,0,406
9130,28,1,Supervisor_1,494,33,461
9131,10,2,Supervisor_2,446,5,441
9132,44,1,Supervisor_1,453,35,418
9133,21,2,Supervisor_2,383,10,373
9134,23,3,Supervisor_3,489,38,451
9135,26,3,Supervisor_3,431,2,429
9136,13,2,Supervisor_2,424,13,411
9137,15,2,Supervisor_2,241,12,229
9138,20,3,Supervisor_3,369,22,347
9139,25,2,Supervisor_2,262,14,248
9140,14,3,Supervisor_3,166,8,158
9141,41,1,Supervisor_1,434,24,410
9142,25,2,Supervisor_2,470,23,447
9143,43,2,Supervisor_2,249,2,247
9144,9,3,Supervisor_3,382,0,382
9145,16,3,Supervisor_3,416,21,395
9146,13,2,Supervisor_2,246,18,228
9147,8,3,Supervisor_3,319,10,309
9148,24,3,Supervisor_3,482,36,446
9149,45,1,Supervisor_1,353,16,337
9150,5,3,Supervisor_3,51,2,49
9151,12,2,Supervisor_2,326,25,301
9152,44,2,Supervisor_2,389,7,382
9153,28,3,Supervisor_3,459,20,439
9154,5,1,Supervisor_1,357,16,341
9155,19,2,Supervisor_2,214,7,207
9156,15,1,Supervisor_1,355,2,353
9157,9,3,Supervisor_3,79,5,74
9158,6,3,Supervisor_3,203,9,194
9159,28,1,Supervisor_1,434,15,419
9160,8,3,Supervisor_3,269,2,267
9161,22,1,Supervisor_1,229,9,220
9162,32,3,Supervisor_3,499,2,497
9163,28,3,Supervisor_3,316,16,300
9164,48,1,Supervisor_1,397,13,384
9165,37,3,Supervisor_3,317,17,300
9166,41,2,Supervisor_2,453,2,451
9167,21,2,Supervisor_2,91,3,88
9168,19,3,Supervisor_3,271,1,270
9169,21,1,Supervisor_1,446,18,428
9170,2,3,Supervisor_3,485,32,453
9171,22,3,Supervisor_3,283,18,265
9172,13,1,Supervisor_1,198,5,193
9173,1,3,Supervisor_3,430,14,416
9174,27,2,Supervisor_2,442,9,433
9175,40,2,Supervisor_2,233,11,222
9176,17,3,Supervisor_3,480,23,457
9177,35,2,Supervisor_2,113,4,109
9178,10,3,Supervisor_3,442,20,422
9179,48,1,Supervisor_1,413,18,395
9180,3,1,Supervisor_1,149,5,144
9181,19,2,Supervisor_2,50,0,50
9182,21,1,Supervisor_1,348,7,341
9183,16,1,Supervisor_1,404,0,404
9184,18,2,Supervisor_2,302,10,292
9185,40,2,Supervisor_2,476,2,474
9186,12,3,Supervisor_3,428,15,413
9187,4,2,Supervisor_2,211,6,205
9188,39,3,Supervisor_3,336,21,315
9189,8,1,Supervisor_1,80,1,79
9190,36,3,Supervisor_3,233,4,229
9191,23,2,Supervisor_2,117,8,109
9192,36,1,Supervisor_1,481,13,468
9193,7,3,Supervisor_3,200,13,187
9194,48,3,Supervisor_3,263,1,262
9195,15,2,Supervisor_2,275,11,264
9196,8,3,Supervisor_3,221,10,211
9197,4,2,Supervisor_2,326,1,325
9198,50,1,Supervisor_1,193,7,186
9199,31,2,Supervisor_2,228,16,212
9200,8,2,Supervisor_2,465,1,464
9201,19,2,Supervisor_2,283,13,270
9202,16,1,Supervisor_1,372,18,354
9203,5,1,Supervisor_1,461,23,438
9204,35,2,Supervisor_2,398,16,382
9205,17,2,Supervisor_2,134,3,131
9206,31,3,Supervisor_3,153,3,150
9207,25,2,Supervisor_2,194,8,186
9208,39,2,Supervisor_2,325,14,311
9209,19,1,Supervisor_1,353,9,344
9210,39,2,Supervisor_2,157,6,151
9211,21,2,Supervisor_2,178,5,173
9212,21,2,Supervisor_2,57,2,55
9213,37,1,Supervisor_1,498,30,468
9214,16,2,Supervisor_2,88,1,87
9215,40,1,Supervisor_1,84,4,80
9216,6,1,Supervisor_1,415,11,404
9217,36,1,Supervisor_1,275,0,275
9218,39,1,Supervisor_1,189,8,181
9219,24,2,Supervisor_2,170,6,164
9220,3,1,Supervisor_1,344,3,341
9221,24,3,Supervisor_3,297,14,283
9222,46,3,Supervisor_3,217,0,217
9223,18,2,Supervisor_2,304,8,296
9224,28,1,Supervisor_1,410,12,398
9225,27,3,Supervisor_3,89,5,84
9226,37,2,Supervisor_2,351,22,329
9227,7,1,Supervisor_1,406,2,404
9228,10,3,Supervisor_3,291,2,289
9229,37,1,Supervisor_1,200,3,197
9230,11,3,Supervisor_3,346,19,327
9231,21,1,Supervisor_1,352,21,331
9232,2,1,Supervisor_1,299,19,280
9233,49,2,Supervisor_2,242,3,239
9234,14,2,Supervisor_2,386,8,378
9235,12,3,Supervisor_3,235,18,217
9236,34,2,Supervisor_2,182,11,171
9237,50,3,Supervisor_3,231,2,229
9238,49,2,Supervisor_2,63,1,62
9239,4,1,Supervisor_1,299,5,294
9240,46,2,Supervisor_2,117,6,111
9241,47,3,Supervisor_3,139,3,136
9242,9,1,Supervisor_1,236,8,228
9243,40,2,Supervisor_2,73,2,71
9244,22,1,Supervisor_1,259,6,253
9245,10,3,Supervisor_3,157,12,145
9246,46,1,Supervisor_1,323,22,301
9247,8,1,Supervisor_1,133,2,131
9248,43,1,Supervisor_1,396,5,391
9249,19,2,Supervisor_2,145,3,142
9250,38,3,Supervisor_3,347,20,327
9251,50,2,Supervisor_2,324,13,311
9252,30,3,Supervisor_3,435,25,410
9253,3,2,Supervisor_2,53,4,49
9254,46,3,Supervisor_3,52,4,48
9255,44,3,Supervisor_3,358,11,347
9256,15,1,Supervisor_1,193,4,189
9257,29,1,Supervisor_1,436,14,422
9258,34,1,Supervisor_1,456,10,446
9259,8,1,Supervisor_1,309,1,308
9260,9,1,Supervisor_1,326,25,301
9261,13,3,Supervisor_3,195,4,191
9262,44,1,Supervisor_1,328,21,307
9263,10,3,Supervisor_3,477,37,440
9264,21,1,Supervisor_1,85,1,84
9265,6,3,Supervisor_3,306,24,282
9266,7,3,Supervisor_3,280,17,263
9267,17,1,Supervisor_1,496,12,484
9268,33,2,Supervisor_2,69,1,68
9269,10,1,Supervisor_1,285,3,282
9270,27,3,Supervisor_3,115,2,113
9271,5,3,Supervisor_3,348,10,338
9272,44,1,Supervisor_1,198,10,188
9273,12,2,Supervisor_2,64,4,60
9274,1,1,Supervisor_1,79,3,76
9275,19,3,Supervisor_3,430,23,407
9276,44,1,Supervisor_1,55,0,55
9277,40,3,Supervisor_3,225,16,209
9278,11,1,Supervisor_1,421,21,400
9279,8,3,Supervisor_3,322,11,311
9280,48,3,Supervisor_3,64,1,63
9281,26,3,Supervisor_3,420,22,398
9282,32,3,Supervisor_3,372,17,355
9283,40,2,Supervisor_2,477,15,462
9284,29,3,Supervisor_3,369,20,349
9285,16,1,Supervisor_1,221,0,221
9286,46,1,Supervisor_1,64,4,60
9287,8,1,Supervisor_1,282,17,265
9288,15,3,Supervisor_3,317,15,302
9289,28,1,Supervisor_1,337,0,337
9290,10,1,Supervisor_1,169,9,160
9291,11,2,Supervisor_2,109,4,105
9292,35,3,Supervisor_3,285,16,269
9293,2,2,Supervisor_2,60,0,60
9294,3,3,Supervisor_3,407,0,407
9295,19,1,Supervisor_1,382,7,375
9296,18,3,Supervisor_3,247,19,228
9297,11,3,Supervisor_3,56,1,55
9298,22,3,Supervisor_3,297,10,287
9299,4,1,Supervisor_1,473,6,467
9300,5,3,Supervisor_3,225,13,212
9301,11,3,Supervisor_3,349,21,328
9302,44,2,Supervisor_2,422,5,417
9303,34,1,Supervisor_1,216,12,204
9304,11,1,Supervisor_1,167,6,161
9305,22,1,Supervisor_1,226,10,216
9306,26,1,Supervisor_1,380,29,351
9307,27,2,Supervisor_2,460,34,426
9308,41,3,Supervisor_3,298,7,291
9309,33,3,Supervisor_3,298,4,294
9310,48,2,Supervisor_2,84,2,82
9311,29,3,Supervisor_3,84,0,84
9312,27,2,Supervisor_2,180,11,169
9313,7,1,Supervisor_1,181,6,175
9314,2,2,Supervisor_2,276,12,264
9315,46,3,Supervisor_3,209,10,199
9316,26,1,Supervisor_1,466,10,456
9317,15,1,Supervisor_1,467,33,434
9318,14,2,Supervisor_2,411,24,387
9319,23,1,Supervisor_1,189,1,188
9320,25,2,Supervisor_2,272,15,257
9321,2,3,Supervisor_3,482,15,467
9322,14,3,Supervisor_3,397,10,387
9323,17,3,Supervisor_3,350,22,328
9324,44,1,Supervisor_1,477,32,445
9325,44,1,Supervisor_1,258,12,246
9326,24,2,Supervisor_2,367,13,354
9327,15,2,Supervisor_2,464,33,431
9328,23,1,Supervisor_1,203,15,188
9329,14,2,Supervisor_2,280,10,270
9330,25,1,Supervisor_1,346,1,345
9331,3,1,Supervisor_1,117,8,109
9332,20,2,Supervisor_2,432,26,406
9333,9,3,Supervisor_3,273,5,268
9334,11,2,Supervisor_2,490,28,462
9335,9,1,Supervisor_1,480,31,449
9336,11,1,Supervisor_1,314,9,305
9337,17,2,Supervisor_2,53,1,52
9338,43,1,Supervisor_1,474,14,460
9339,7,3,Supervisor_3,241,4,237
9340,50,3,Supervisor_3,127,8,119
9341,36,3,Supervisor_3,340,25,315
9342,40,1,Supervisor_1,62,2,60
9343,44,3,Supervisor_3,194,3,191
9344,49,1,Supervisor_1,335,14,321
9345,42,2,Supervisor_2,213,9,204
9346,39,3,Supervisor_3,179,3,176
9347,39,1,Supervisor_1,321,5,316
9348,32,3,Supervisor_3,241,18,223
9349,16,1,Supervisor_1,431,3,428
9350,6,1,Supervisor_1,255,13,242
9351,8,3,Supervisor_3,378,9,369
9352,34,3,Supervisor_3,299,11,288
9353,21,1,Supervisor_1,100,3,97
9354,44,1,Supervisor_1,103,2,101
9355,14,2,Supervisor_2,231,7,224
9356,30,1,Supervisor_1,448,5,443
9357,28,3,Supervisor_3,244,16,228
9358,15,3,Supervisor_3,88,3,85
9359,17,2,Supervisor_2,212,14,198
9360,31,2,Supervisor_2,203,7,196
9361,31,1,Supervisor_1,192,9,183
9362,30,2,Supervisor_2,368,2,366
9363,28,2,Supervisor_2,387,23,364
9364,7,3,Supervisor_3,195,2,193
9365,42,3,Supervisor_3,113,4,109
9366,20,1,Supervisor_1,61,1,60
9367,22,1,Supervisor_1,289,12,277
9368,28,3,Supervisor_3,146,9,137
9369,26,3,Supervisor_3,413,2,411
9370,21,1,Supervisor_1,481,7,474
9371,10,2,Supervisor_2,164,11,153
9372,14,3,Supervisor_3,133,6,127
9373,46,1,Supervisor_1,340,18,322
9374,24,2,Supervisor_2,469,21,448
9375,19,2,Supervisor_2,327,13,314
9376,20,1,Supervisor_1,417,24,393
9377,14,2,Supervisor_2,481,17,464
9378,16,2,Supervisor_2,206,5,201
9379,26,2,Supervisor_2,201,2,199
9380,19,1,Supervisor_1,106,3,103
9381,7,1,Supervisor_1,402,25,377
9382,8,3,Supervisor_3,239,10,229
9383,13,1,Supervisor_1,83,2,81
9384,42,3,Supervisor_3,163,9,154
9385,45,3,Supervisor_3,492,20,472
9386,50,3,Supervisor_3,159,9,150
9387,18,2,Supervisor_2,387,21,366
9388,19,2,Supervisor_2,230,6,224
9389,32,2,Supervisor_2,148,0,148
9390,47,3,Supervisor_3,441,27,414
9391,7,1,Supervisor_1,75,5,70
9392,41,1,Supervisor_1,322,11,311
9393,48,2,Supervisor_2,328,19,309
9394,5,2,Supervisor_2,342,8,334
9395,15,3,Supervisor_3,477,31,446
9396,5,2,Supervisor_2,154,0,154
9397,39,2,Supervisor_2,199,14,185
9398,31,1,Supervisor_1,255,9,246
9399,50,3,Supervisor_3,134,4,130
9400,47,3,Supervisor_3,92,3,89
9401,37,1,Supervisor_1,305,8,297
9402,5,2,Supervisor_2,451,34,417
9403,24,1,Supervisor_1,457,17,440
9404,16,2,Supervisor_2,300,3,297
9405,18,3,Supervisor_3,432,18,414
9406,19,1,Supervisor_1,244,18,226
9407,42,3,Supervisor_3,239,18,221
9408,8,2,Supervisor_2,181,10,171
9409,23,2,Supervisor_2,164,6,158
9410,29,3,Supervisor_3,101,0,101
9411,18,2,Supervisor_2,216,15,201
9412,8,3,Supervisor_3,269,3,266
9413,13,3,Supervisor_3,74,1,73
9414,34,3,Supervisor_3,231,3,228
9415,11,1,Supervisor_1,172,13,159
9416,11,2,Supervisor_2,432,29,403
9417,36,3,Supervisor_3,405,28,377
9418,9,3,Supervisor_3,225,15,210
9419,50,1,Supervisor_1,57,4,53
9420,47,3,Supervisor_3,54,1,53
9421,28,2,Supervisor_2,264,13,251
9422,11,1,Supervisor_1,152,6,146
9423,38,3,Supervisor_3,212,6,206
9424,1,3,Supervisor_3,402,28,374
9425,34,2,Supervisor_2,499,37,462
9426,8,2,Supervisor_2,182,8,174
9427,33,1,Supervisor_1,309,14,295
9428,8,3,Supervisor_3,275,8,267
9429,29,2,Supervisor_2,337,9,328
9430,35,1,Supervisor_1,126,6,120
9431,23,2,Supervisor_2,377,1,376
9432,45,3,Supervisor_3,433,2,431
9433,15,3,Supervisor_3,499,35,464
9434,22,3,Supervisor_3,403,19,384
9435,3,3,Supervisor_3,53,1,52
9436,19,2,Supervisor_2,90,0,90
9437,22,1,Supervisor_1,164,5,159
9438,2,2,Supervisor_2,339,16,323
9439,47,1,Supervisor_1,218,6,212
9440,9,1,Supervisor_1,363,11,352
9441,21,2,Supervisor_2,367,15,352
9442,25,3,Supervisor_3,497,22,475
9443,6,1,Supervisor_1,202,12,190
9444,6,2,Supervisor_2,412,13,399
9445,10,3,Supervisor_3,416,24,392
9446,37,1,Supervisor_1,93,0,93
9447,35,2,Supervisor_2,422,8,414
9448,39,1,Supervisor_1,454,30,424
9449,50,2,Supervisor_2,61,0,61
9450,39,1,Supervisor_1,420,4,416
9451,23,2,Supervisor_2,270,7,263
9452,5,3,Supervisor_3,51,0,51
9453,23,2,Supervisor_2,210,9,201
9454,41,1,Supervisor_1,425,7,418
9455,15,2,Supervisor_2,189,8,181
9456,49,2,Supervisor_2,363,28,335
9457,5,2,Supervisor_2,80,0,80
9458,26,3,Supervisor_3,211,8,203
9459,50,2,Supervisor_2,321,19,302
9460,16,2,Supervisor_2,369,28,341
9461,3,2,Supervisor_2,470,32,438
9462,45,2,Supervisor_2,490,13,477
9463,23,2,Supervisor_2,233,5,228
9464,16,2,Supervisor_2,396,4,392
9465,29,1,Supervisor_1,248,0,248
9466,27,3,Supervisor_3,121,6,115
9467,10,2,Supervisor_2,263,5,258
9468,16,2,Supervisor_2,159,3,156
9469,2,3,Supervisor_3,57,4,53
9470,9,3,Supervisor_3,114,2,112
9471,41,2,Supervisor_2,500,14,486
9472,27,1,Supervisor_1,239,3,236
9473,22,1,Supervisor_1,217,0,217
9474,3,1,Supervisor_1,248,14,234
9475,11,2,Supervisor_2,359,13,346
9476,20,1,Supervisor_1,89,3,86
9477,12,3,Supervisor_3,184,4,180
9478,10,3,Supervisor_3,248,13,235
9479,34,2,Supervisor_2,140,7,133
9480,7,1,Supervisor_1,186,4,182
9481,41,3,Supervisor_3,474,4,470
9482,7,2,Supervisor_2,500,28,472
9483,7,2,Supervisor_2,105,2,103
9484,45,1,Supervisor_1,142,5,137
9485,31,1,Supervisor_1,495,33,462
9486,49,2,Supervisor_2,86,4,82
9487,26,2,Supervisor_2,485,8,477
9488,37,1,Supervisor_1,104,8,96
9489,13,2,Supervisor_2,179,13,166
9490,33,1,Supervisor_1,66,4,62
9491,28,3,Supervisor_3,259,0,259
9492,29,2,Supervisor_2,127,6,121
9493,4,2,Supervisor_2,493,8,485
9494,8,1,Supervisor_1,334,24,310
9495,47,3,Supervisor_3,145,5,140
9496,27,3,Supervisor_3,246,12,234
9497,31,1,Supervisor_1,129,10,119
9498,32,2,Supervisor_2,475,34,441
9499,39,1,Supervisor_1,63,1,62
9500,29,1,Supervisor_1,173,4,169
9501,9,2,Supervisor_2,115,3,112
9502,12,2,Supervisor_2,264,15,249
9503,22,2,Supervisor_2,458,4,454
9504,4,1,Supervisor_1,475,6,469
9505,9,1,Supervisor_1,348,19,329
9506,28,2,Supervisor_2,326,24,302
9507,39,2,Supervisor_2,175,13,162
9508,9,2,Supervisor_2,80,5,75
9509,2,3,Supervisor_3,131,7,124
9510,5,1,Supervisor_1,377,18,359
9511,13,2,Supervisor_2,298,13,285
9512,14,2,Supervisor_2,207,3,204
9513,41,1,Supervisor_1,68,2,66
9514,2,2,Supervisor_2,76,0,76
9515,16,1,Supervisor_1,387,30,357
9516,2,3,Supervisor_3,114,0,114
9517,37,3,Supervisor_3,496,1,495
9518,11,2,Supervisor_2,252,8,244
9519,5,2,Supervisor_2,412,17,395
9520,25,3,Supervisor_3,401,6,395
9521,24,1,Supervisor_1,207,5,202
9522,17,2,Supervisor_2,146,9,137
9523,9,3,Supervisor_3,401,22,379
9524,18,2,Supervisor_2,98,4,94
9525,29,3,Supervisor_3,470,11,459
9526,1,1,Supervisor_1,66,1,65
9527,25,2,Supervisor_2,76,0,76
9528,6,3,Supervisor_3,217,16,201
9529,20,1,Supervisor_1,271,6,265
9530,49,1,Supervisor_1,201,4,197
9531,40,3,Supervisor_3,199,7,192
9532,44,1,Supervisor_1,392,18,374
9533,15,3,Supervisor_3,261,8,253
9534,32,1,Supervisor_1,191,0,191
9535,50,1,Supervisor_1,338,24,314
9536,47,3,Supervisor_3,180,6,174
9537,41,2,Supervisor_2,455,30,425
9538,35,2,Supervisor_2,309,12,297
9539,7,1,Supervisor_1,57,4,53
9540,46,1,Supervisor_1,157,0,157
9541,16,1,Supervisor_1,350,12,338
9542,22,2,Supervisor_2,410,9,401
9543,14,1,Supervisor_1,235,1,234
9544,3,1,Supervisor_1,484,8,476
9545,50,3,Supervisor_3,135,2,133
9546,2,3,Supervisor_3,163,10,153
9547,2,1,Supervisor_1,497,30,467
9548,22,1,Supervisor_1,151,11,140
9549,16,3,Supervisor_3,340,1,339
9550,6,3,Supervisor_3,417,14,403
9551,18,3,Supervisor_3,212,7,205
9552,45,2,Supervisor_2,234,2,232
9553,39,3,Supervisor_3,84,4,80
9554,20,3,Supervisor_3,162,5,157
9555,32,3,Supervisor_3,409,29,380
9556,38,3,Supervisor_3,64,1,63
9557,34,3,Supervisor_3,171,4,167
9558,46,2,Supervisor_2,272,12,260
9559,12,3,Supervisor_3,104,0,104
9560,47,3,Supervisor_3,98,3,95
9561,27,2,Supervisor_2,80,2,78
9562,40,3,Supervisor_3,270,8,262
9563,21,2,Supervisor_2,454,32,422
9564,12,2,Supervisor_2,273,13,260
9565,40,1,Supervisor_1,249,4,245
9566,46,1,Supervisor_1,111,7,104
9567,40,2,Supervisor_2,297,11,286
9568,37,2,Supervisor_2,97,1,96
9569,20,2,Supervisor_2,456,18,438
9570,35,3,Supervisor_3,465,7,458
9571,42,2,Supervisor_2,74,5,69
9572,25,3,Supervisor_3,234,11,223
9573,36,2,Supervisor_2,70,1,69
9574,36,1,Supervisor_1,236,8,228
9575,1,3,Supervisor_3,173,5,168
9576,42,1,Supervisor_1,252,2,250
9577,32,2,Supervisor_2,406,13,393
9578,8,1,Supervisor_1,383,16,367
9579,23,1,Supervisor_1,416,21,395
9580,3,3,Supervisor_3,413,30,383
9581,26,2,Supervisor_2,421,15,406
9582,9,3,Supervisor_3,403,10,393
9583,5,2,Supervisor_2,484,16,468
9584,47,1,Supervisor_1,194,8,186
9585,2,1,Supervisor_1,382,10,372
9586,34,3,Supervisor_3,239,10,229
9587,32,3,Supervisor_3,195,4,191
9588,14,2,Supervisor_2,289,3,286
9589,24,1,Supervisor_1,476,3,473
9590,17,2,Supervisor_2,201,10,191
9591,21,1,Supervisor_1,201,11,190
9592,9,2,Supervisor_2,324,20,304
9593,50,1,Supervisor_1,392,9,383
9594,22,1,Supervisor_1,312,5,307
9595,42,1,Supervisor_1,83,5,78
9596,35,3,Supervisor_3,115,3,112
9597,9,2,Supervisor_2,277,12,265
9598,35,1,Supervisor_1,195,13,182
9599,43,3,Supervisor_3,212,2,210
9600,9,2,Supervisor_2,238,2,236
9601,25,3,Supervisor_3,420,9,411
9602,27,1,Supervisor_1,355,24,331
9603,29,3,Supervisor_3,125,0,125
9604,37,2,Supervisor_2,391,10,381
9605,18,1,Supervisor_1,316,5,311
9606,33,3,Supervisor_3,300,7,293
9607,42,3,Supervisor_3,192,4,188
9608,34,2,Supervisor_2,165,7,158
9609,15,1,Supervisor_1,389,20,369
9610,36,3,Supervisor_3,371,12,359
9611,7,2,Supervisor_2,369,18,351
9612,29,1,Supervisor_1,317,23,294
9613,9,2,Supervisor_2,435,34,401
9614,40,3,Supervisor_3,342,24,318
9615,12,2,Supervisor_2,114,7,107
9616,10,3,Supervisor_3,385,21,364
9617,8,1,Supervisor_1,256,13,243
9618,31,2,Supervisor_2,269,19,250
9619,8,1,Supervisor_1,305,4,301
9620,29,2,Supervisor_2,169,7,162
9621,29,1,Supervisor_1,249,8,241
9622,18,3,Supervisor_3,441,22,419
9623,5,2,Supervisor_2,327,6,321
9624,32,3,Supervisor_3,115,0,115
9625,11,2,Supervisor_2,348,25,323
9626,46,2,Supervisor_2,339,12,327
9627,42,2,Supervisor_2,155,7,148
9628,12,3,Supervisor_3,348,10,338
9629,23,1,Supervisor_1,416,11,405
9630,36,3,Supervisor_3,379,21,358
9631,19,1,Supervisor_1,82,2,80
9632,32,2,Supervisor_2,331,6,325
9633,43,2,Supervisor_2,205,6,199
9634,3,3,Supervisor_3,307,20,287
9635,45,2,Supervisor_2,295,4,291
9636,22,2,Supervisor_2,240,12,228
9637,32,2,Supervisor_2,198,1,197
9638,25,3,Supervisor_3,211,0,211
9639,19,2,Supervisor_2,487,13,474
9640,36,1,Supervisor_1,394,26,368
9641,20,1,Supervisor_1,155,11,144
9642,36,2,Supervisor_2,357,2,355
9643,27,2,Supervisor_2,258,2,256
9644,24,3,Supervisor_3,137,9,128
9645,35,3,Supervisor_3,87,1,86
9646,43,3,Supervisor_3,75,5,70
9647,33,1,Supervisor_1,381,18,363
9648,18,2,Supervisor_2,69,1,68
9649,14,1,Supervisor_1,283,22,261
9650,50,1,Supervisor_1,103,0,103
9651,12,2,Supervisor_2,98,6,92
9652,40,1,Supervisor_1,353,16,337
9653,27,3,Supervisor_3,74,3,71
9654,43,1,Supervisor_1,301,7,294
9655,10,3,Supervisor_3,293,19,274
9656,42,1,Supervisor_1,393,12,381
9657,3,1,Supervisor_1,414,24,390
9658,38,3,Supervisor_3,382,26,356
9659,46,2,Supervisor_2,405,4,401
9660,22,2,Supervisor_2,286,13,273
9661,6,1,Supervisor_1,288,6,282
9662,38,3,Supervisor_3,154,8,146
9663,34,2,Supervisor_2,280,4,276
9664,36,1,Supervisor_1,318,23,295
9665,36,3,Supervisor_3,329,7,322
9666,34,3,Supervisor_3,373,10,363
9667,15,1,Supervisor_1,463,4,459
9668,3,1,Supervisor_1,297,19,278
9669,50,1,Supervisor_1,285,5,280
9670,33,2,Supervisor_2,459,5,454
9671,6,2,Supervisor_2,221,5,216
9672,38,1,Supervisor_1,105,6,99
9673,13,3,Supervisor_3,466,11,455
9674,46,3,Supervisor_3,169,1,168
9675,27,3,Supervisor_3,488,11,477
9676,49,1,Supervisor_1,114,3,111
9677,10,2,Supervisor_2,307,5,302
9678,12,1,Supervisor_1,211,6,205
9679,14,1,Supervisor_1,463,16,447
9680,2,2,Supervisor_2,273,8,265
9681,35,2,Supervisor_2,225,4,221
9682,40,3,Supervisor_3,77,3,74
9683,27,1,Supervisor_1,55,2,53
9684,20,1,Supervisor_1,262,15,247
9685,16,3,Supervisor_3,195,14,181
9686,27,2,Supervisor_2,200,3,197
9687,48,2,Supervisor_2,228,8,220
9688,20,2,Supervisor_2,85,3,82
9689,13,2,Supervisor_2,320,13,307
9690,47,2,Supervisor_2,322,18,304
9691,44,1,Supervisor_1,229,0,229
9692,43,2,Supervisor_2,419,17,402
9693,28,3,Supervisor_3,461,0,461
9694,15,1,Supervisor_1,174,8,166
9695,45,1,Supervisor_1,84,4,80
9696,28,2,Supervisor_2,294,11,283
9697,16,3,Supervisor_3,493,36,457
9698,37,1,Supervisor_1,342,11,331
9699,6,2,Supervisor_2,157,7,150
9700,16,3,Supervisor_3,118,2,116
9701,16,3,Supervisor_3,424,0,424
9702,23,2,Supervisor_2,68,2,66
9703,6,3,Supervisor_3,163,5,158
9704,14,3,Supervisor_3,295,15,280
9705,44,1,Supervisor_1,144,7,137
9706,44,3,Supervisor_3,483,37,446
9707,9,2,Supervisor_2,325,22,303
9708,23,1,Supervisor_1,304,4,300
9709,17,3,Supervisor_3,87,5,82
9710,36,3,Supervisor_3,499,25,474
9711,8,3,Supervisor_3,206,12,194
9712,25,3,Supervisor_3,236,16,220
9713,4,3,Supervisor_3,153,2,151
9714,32,1,Supervisor_1,312,20,292
9715,39,2,Supervisor_2,461,9,452
9716,47,1,Supervisor_1,463,3,460
9717,49,2,Supervisor_2,332,16,316
9718,3,2,Supervisor_2,282,15,267
9719,27,3,Supervisor_3,352,23,329
9720,44,1,Supervisor_1,175,9,166
9721,5,2,Supervisor_2,57,2,55
9722,16,1,Supervisor_1,93,5,88
9723,44,3,Supervisor_3,174,3,171
9724,11,2,Supervisor_2,428,2,426
9725,44,1,Supervisor_1,176,1,175
9726,3,2,Supervisor_2,192,15,177
9727,30,2,Supervisor_2,52,1,51
9728,24,3,Supervisor_3,340,19,321
9729,46,3,Supervisor_3,103,1,102
9730,13,2,Supervisor_2,55,3,52
9731,14,2,Supervisor_2,116,2,114
9732,43,1,Supervisor_1,432,14,418
9733,5,1,Supervisor_1,341,15,326
9734,2,2,Supervisor_2,93,6,87
9735,20,3,Supervisor_3,416,19,397
9736,34,3,Supervisor_3,77,4,73
9737,33,2,Supervisor_2,245,16,229
9738,42,1,Supervisor_1,474,23,451
9739,17,2,Supervisor_2,352,8,344
9740,4,3,Supervisor_3,366,27,339
9741,7,3,Supervisor_3,215,12,203
9742,18,2,Supervisor_2,200,0,200
9743,32,2,Supervisor_2,54,2,52
9744,7,2,Supervisor_2,310,0,310
9745,28,1,Supervisor_1,104,1,103
9746,10,3,Supervisor_3,241,18,223
9747,3,3,Supervisor_3,114,8,106
9748,21,2,Supervisor_2,346,16,330
9749,20,2,Supervisor_2,336,1,335
9750,24,1,Supervisor_1,65,1,64
9751,20,3,Supervisor_3,64,0,64
9752,17,3,Supervisor_3,214,11,203
9753,44,1,Supervisor_1,231,8,223
9754,15,3,Supervisor_3,441,20,421
9755,50,2,Supervisor_2,466,4,462
9756,35,2,Supervisor_2,489,34,455
9757,28,1,Supervisor_1,301,13,288
9758,35,2,Supervisor_2,174,5,169
9759,33,2,Supervisor_2,264,7,257
9760,29,1,Supervisor_1,356,15,341
9761,2,1,Supervisor_1,271,16,255
9762,5,3,Supervisor_3,161,0,161
9763,34,1,Supervisor_1,466,23,443
9764,26,3,Supervisor_3,165,1,164
9765,33,2,Supervisor_2,328,14,314
9766,1,3,Supervisor_3,50,0,50
9767,29,2,Supervisor_2,417,27,390
9768,3,2,Supervisor_2,123,5,118
9769,6,2,Supervisor_2,135,1,134
9770,41,2,Supervisor_2,135,10,125
9771,33,3,Supervisor_3,175,4,171
9772,21,3,Supervisor_3,359,12,347
9773,47,3,Supervisor_3,164,6,158
9774,15,3,Supervisor_3,325,20,305
9775,13,1,Supervisor_1,357,6,351
9776,28,2,Supervisor_2,200,3,197
9777,45,2,Supervisor_2,115,0,115
9778,13,1,Supervisor_1,220,5,215
9779,13,2,Supervisor_2,465,23,442
9780,20,2,Supervisor_2,359,2,357
9781,22,3,Supervisor_3,241,15,226
9782,16,2,Supervisor_2,449,24,425
9783,32,2,Supervisor_2,400,1,399
9784,21,1,Supervisor_1,256,7,249
9785,44,2,Supervisor_2,321,9,312
9786,19,3,Supervisor_3,170,2,168
9787,3,1,Supervisor_1,266,5,261
9788,49,3,Supervisor_3,437,26,411
9789,45,1,Supervisor_1,310,23,287
9790,9,3,Supervisor_3,421,8,413
9791,39,3,Supervisor_3,490,4,486
9792,14,3,Supervisor_3,367,26,341
9793,6,1,Supervisor_1,143,5,138
9794,3,3,Supervisor_3,331,11,320
9795,19,2,Supervisor_2,263,17,246
9796,45,1,Supervisor_1,494,17,477
9797,15,3,Supervisor_3,188,3,185
9798,29,2,Supervisor_2,145,4,141
9799,32,3,Supervisor_3,240,2,238
9800,33,3,Supervisor_3,340,1,339
9801,18,1,Supervisor_1,246,8,238
9802,50,1,Supervisor_1,315,10,305
9803,41,1,Supervisor_1,354,11,343
9804,43,3,Supervisor_3,116,0,116
9805,25,2,Supervisor_2,74,4,70
9806,18,3,Supervisor_3,433,8,425
9807,10,3,Supervisor_3,383,25,358
9808,23,2,Supervisor_2,445,26,419
9809,2,3,Supervisor_3,165,6,159
9810,39,3,Supervisor_3,293,11,282
9811,36,2,Supervisor_2,284,3,281
9812,25,2,Supervisor_2,210,15,195
9813,7,3,Supervisor_3,336,17,319
9814,48,1,Supervisor_1,478,23,455
9815,26,2,Supervisor_2,107,7,100
9816,6,3,Supervisor_3,213,11,202
9817,42,2,Supervisor_2,458,16,442
9818,14,2,Supervisor_2,313,9,304
9819,30,2,Supervisor_2,217,14,203
9820,5,2,Supervisor_2,402,6,396
9821,15,1,Supervisor_1,216,4,212
9822,32,3,Supervisor_3,252,15,237
9823,49,2,Supervisor_2,227,16,211
9824,25,1,Supervisor_1,333,25,308
9825,21,2,Supervisor_2,343,25,318
9826,47,2,Supervisor_2,270,12,258
9827,8,1,Supervisor_1,295,0,295
9828,15,1,Supervisor_1,460,30,430
9829,20,1,Supervisor_1,165,5,160
9830,24,3,Supervisor_3,185,7,178
9831,20,3,Supervisor_3,399,5,394
9832,3,1,Supervisor_1,182,10,172
9833,14,3,Supervisor_3,108,2,106
9834,21,3,Supervisor_3,383,20,363
9835,38,3,Supervisor_3,461,18,443
9836,44,2,Supervisor_2,218,4,214
9837,45,2,Supervisor_2,342,6,336
9838,32,3,Supervisor_3,204,7,197
9839,49,1,Supervisor_1,474,26,448
9840,22,1,Supervisor_1,123,6,117
9841,50,2,Supervisor_2,82,3,79
9842,2,2,Supervisor_2,207,5,202
9843,23,1,Supervisor_1,173,8,165
9844,26,3,Supervisor_3,139,7,132
9845,11,3,Supervisor_3,250,16,234
9846,44,2,Supervisor_2,151,4,147
9847,26,3,Supervisor_3,242,14,228
9848,11,3,Supervisor_3,162,12,150
9849,39,1,Supervisor_1,258,7,251
9850,42,3,Supervisor_3,352,9,343
9851,17,3,Supervisor_3,437,6,431
9852,38,2,Supervisor_2,331,15,316
9853,8,2,Supervisor_2,81,0,81
9854,18,3,Supervisor_3,181,5,176
9855,28,2,Supervisor_2,410,29,381
9856,34,2,Supervisor_2,109,6,103
9857,39,3,Supervisor_3,214,4,210
9858,47,1,Supervisor_1,305,7,298
9859,9,2,Supervisor_2,94,4,90
9860,31,1,Supervisor_1,424,31,393
9861,34,2,Supervisor_2,440,9,431
9862,20,2,Supervisor_2,96,2,94
9863,39,1,Supervisor_1,322,22,300
9864,43,3,Supervisor_3,105,4,101
9865,13,1,Supervisor_1,269,6,263
9866,38,3,Supervisor_3,130,5,125
9867,48,3,Supervisor_3,249,7,242
9868,36,2,Supervisor_2,335,8,327
9869,11,2,Supervisor_2,305,0,305
9870,2,3,Supervisor_3,339,15,324
9871,43,2,Supervisor_2,260,8,252
9872,19,3,Supervisor_3,92,4,88
9873,3,2,Supervisor_2,65,1,64
9874,29,2,Supervisor_2,228,4,224
9875,36,3,Supervisor_3,411,21,390
9876,30,3,Supervisor_3,463,2,461
9877,47,1,Supervisor_1,381,11,370
9878,31,2,Supervisor_2,463,0,463
9879,47,2,Supervisor_2,246,8,238
9880,3,2,Supervisor_2,405,16,389
9881,46,2,Supervisor_2,460,1,459
9882,42,3,Supervisor_3,306,24,282
9883,12,3,Supervisor_3,71,0,71
9884,31,2,Supervisor_2,229,5,224
9885,40,1,Supervisor_1,413,26,387
9886,39,2,Supervisor_2,110,8,102
9887,18,1,Supervisor_1,471,32,439
9888,44,3,Supervisor_3,357,21,336
9889,42,2,Supervisor_2,75,1,74
9890,47,3,Supervisor_3,257,3,254
9891,30,2,Supervisor_2,163,7,156
9892,30,3,Supervisor_3,384,10,374
9893,16,2,Supervisor_2,179,12,167
9894,4,3,Supervisor_3,408,27,381
9895,8,2,Supervisor_2,373,0,373
9896,24,2,Supervisor_2,343,3,340
9897,31,2,Supervisor_2,309,21,288
9898,11,2,Supervisor_2,394,26,368
9899,27,3,Supervisor_3,447,8,439
9900,10,1,Supervisor_1,243,5,238
9901,19,2,Supervisor_2,82,3,79
9902,35,3,Supervisor_3,55,4,51
9903,41,1,Supervisor_1,386,4,382
9904,1,1,Supervisor_1,328,25,303
9905,35,3,Supervisor_3,390,30,360
9906,45,1,Supervisor_1,297,3,294
9907,32,2,Supervisor_2,106,3,103
9908,10,3,Supervisor_3,399,22,377
9909,8,1,Supervisor_1,393,17,376
9910,4,1,Supervisor_1,408,7,401
9911,10,2,Supervisor_2,269,2,267
9912,14,2,Supervisor_2,411,9,402
9913,21,2,Supervisor_2,375,14,361
9914,16,2,Supervisor_2,486,4,482
9915,26,1,Supervisor_1,487,9,478
9916,6,1,Supervisor_1,346,7,339
9917,33,2,Supervisor_2,365,7,358
9918,9,1,Supervisor_1,500,28,472
9919,21,2,Supervisor_2,135,4,131
9920,30,2,Supervisor_2,349,14,335
9921,24,1,Supervisor_1,223,3,220
9922,39,1,Supervisor_1,385,17,368
9923,6,3,Supervisor_3,165,3,162
9924,31,3,Supervisor_3,450,11,439
9925,43,1,Supervisor_1,327,10,317
9926,38,1,Supervisor_1,259,14,245
9927,24,1,Supervisor_1,393,21,372
9928,32,3,Supervisor_3,298,7,291
9929,30,3,Supervisor_3,401,26,375
9930,18,2,Supervisor_2,112,0,112
9931,2,1,Supervisor_1,291,7,284
9932,15,2,Supervisor_2,64,4,60
9933,31,2,Supervisor_2,194,3,191
9934,6,2,Supervisor_2,370,13,357
9935,27,3,Supervisor_3,164,7,157
9936,19,1,Supervisor_1,426,20,406
9937,40,3,Supervisor_3,466,3,463
9938,3,1,Supervisor_1,208,12,196
9939,34,2,Supervisor_2,370,15,355
9940,38,2,Supervisor_2,280,16,264
9941,39,2,Supervisor_2,90,2,88
9942,33,1,Supervisor_1,487,2,485
9943,7,3,Supervisor_3,443,14,429
9944,26,1,Supervisor_1,234,18,216
9945,39,1,Supervisor_1,463,28,435
9946,46,2,Supervisor_2,327,3,324
9947,8,3,Supervisor_3,426,22,404
9948,1,1,Supervisor_1,223,2,221
9949,10,2,Supervisor_2,433,0,433
9950,21,3,Supervisor_3,479,27,452
9951,44,2,Supervisor_2,381,26,355
9952,16,2,Supervisor_2,110,5,105
9953,40,2,Supervisor_2,439,29,410
9954,50,1,Supervisor_1,329,24,305
9955,29,1,Supervisor_1,171,4,167
9956,1,2,Supervisor_2,353,24,329
9957,39,1,Supervisor_1,311,4,307
9958,14,3,Supervisor_3,127,2,125
9959,48,3,Supervisor_3,336,9,327
9960,18,3,Supervisor_3,153,5,148
9961,21,1,Supervisor_1,437,19,418
9962,21,1,Supervisor_1,193,6,187
9963,44,3,Supervisor_3,122,3,119
9964,31,2,Supervisor_2,146,2,144
9965,30,2,Supervisor_2,498,22,476
9966,32,2,Supervisor_2,132,2,130
9967,9,2,Supervisor_2,114,4,110
9968,37,2,Supervisor_2,174,1,173
9969,15,1,Supervisor_1,409,12,397
9970,9,3,Supervisor_3,82,3,79
9971,37,2,Supervisor_2,157,5,152
9972,11,2,Supervisor_2,460,9,451
9973,8,2,Supervisor_2,494,19,475
9974,38,2,Supervisor_2,258,15,243
9975,10,3,Supervisor_3,226,4,222
9976,37,3,Supervisor_3,248,3,245
9977,32,3,Supervisor_3,235,12,223
9978,43,1,Supervisor_1,309,5,304
9979,6,1,Supervisor_1,490,23,467
9980,38,2,Supervisor_2,367,8,359
9981,19,2,Supervisor_2,243,8,235
9982,13,3,Supervisor_3,117,7,110
9983,44,2,Supervisor_2,238,13,225
9984,29,2,Supervisor_2,124,0,124
9985,48,2,Supervisor_2,152,10,142
9986,15,1,Supervisor_1,263,9,254
9987,34,1,Supervisor_1,74,1,73
9988,9,3,Supervisor_3,196,2,194
9989,10,1,Supervisor_1,253,13,240
9990,50,2,Supervisor_2,414,21,393
9991,9,2,Supervisor_2,475,9,466
9992,35,3,Supervisor_3,278,3,275
9993,29,1,Supervisor_1,276,20,256
9994,10,3,Supervisor_3,184,2,182
9995,25,2,Supervisor_2,478,18,460
9996,45,3,Supervisor_3,321,24,297
9997,31,2,Supervisor_2,116,5,111
9998,34,3,Supervisor_3,172,9,163
9999,1,1,Supervisor_1,349,8,341
10000,30,3,Supervisor_3,278,19,259
